order_id,order_date,marketplace,warehouse_id,order_status
O000001,2025-04-27,Amazon,W01,Completed
O000002,2025-12-22,Amazon,W01,Completed
O000003,2025-07-15,Walmart,W01,Completed
O000004,2025-11-26,Walmart,W02,Completed
O000005,2025-03-22,Amazon,W03,Completed
O000006,2025-08-27,Walmart,W01,Completed
O000007,2025-10-15,Amazon,W02,Completed
O000008,2025-03-04,Walmart,W01,Completed
O000009,2025-07-12,Walmart,W02,Completed
O000010,2025-01-24,Amazon,W02,Completed
O000011,2025-07-18,Amazon,W02,Completed
O000012,2025-05-28,eBay,W01,Completed
O000013,2025-11-24,Amazon,W01,Completed
O000014,2025-10-20,Walmart,W01,Cancelled
O000015,2025-08-01,Amazon,W01,Completed
O000016,2025-10-21,Walmart,W01,Completed
O000017,2025-11-05,Walmart,W02,Completed
O000018,2025-04-18,Amazon,W01,Completed
O000019,2025-05-27,Amazon,W03,Completed
O000020,2025-06-09,Walmart,W02,Completed
O000021,2025-03-15,Amazon,W02,Completed
O000022,2025-07-27,Amazon,W03,Completed
O000023,2025-04-01,Amazon,W02,Completed
O000024,2025-12-12,Walmart,W01,Completed
O000025,2025-09-08,eBay,W03,Completed
O000026,2025-12-14,Walmart,W01,Completed
O000027,2025-06-07,eBay,W02,Completed
O000028,2025-06-25,Amazon,W02,Completed
O000029,2025-12-21,Walmart,W01,Completed
O000030,2025-11-24,Amazon,W02,Completed
O000031,2025-04-13,eBay,W01,Completed
O000032,2025-09-11,Walmart,W03,Completed
O000033,2025-05-12,Walmart,W03,Completed
O000034,2025-02-14,Amazon,W01,Completed
O000035,2025-10-24,Walmart,W02,Completed
O000036,2025-05-15,Amazon,W02,Completed
O000037,2025-03-23,Amazon,W01,Completed
O000038,2025-06-17,eBay,W01,Completed
O000039,2025-12-02,Amazon,W03,Completed
O000040,2025-02-24,Walmart,W01,Completed
O000041,2025-03-23,Amazon,W02,Completed
O000042,2025-06-07,eBay,W01,Cancelled
O000043,2025-12-17,Amazon,W01,Completed
O000044,2025-05-27,Walmart,W01,Completed
O000045,2025-01-10,Amazon,W02,Completed
O000046,2025-09-25,Walmart,W01,Completed
O000047,2025-11-20,Walmart,W01,Completed
O000048,2025-12-01,Walmart,W01,Completed
O000049,2025-02-21,Amazon,W03,Completed
O000050,2025-02-06,Amazon,W02,Completed
O000051,2025-10-20,Amazon,W01,Completed
O000052,2025-04-09,eBay,W02,Completed
O000053,2025-05-16,Amazon,W03,Completed
O000054,2025-09-18,Amazon,W03,Completed
O000055,2025-04-22,eBay,W03,Cancelled
O000056,2025-08-14,Amazon,W03,Completed
O000057,2025-05-29,Amazon,W03,Completed
O000058,2025-06-14,Walmart,W03,Completed
O000059,2025-04-17,Amazon,W02,Completed
O000060,2025-01-25,Walmart,W01,Completed
O000061,2025-01-02,Walmart,W02,Completed
O000062,2025-11-22,eBay,W01,Completed
O000063,2025-09-24,Walmart,W01,Completed
O000064,2025-10-23,Amazon,W01,Completed
O000065,2025-08-18,Walmart,W01,Completed
O000066,2025-02-25,Amazon,W03,Completed
O000067,2025-02-18,Walmart,W03,Completed
O000068,2025-01-31,Amazon,W01,Completed
O000069,2025-02-21,Amazon,W02,Cancelled
O000070,2025-07-11,Walmart,W01,Completed
O000071,2025-08-31,Walmart,W01,Completed
O000072,2025-05-16,Walmart,W02,Completed
O000073,2025-01-26,Amazon,W01,Completed
O000074,2025-11-16,Amazon,W03,Completed
O000075,2025-03-18,Walmart,W02,Completed
O000076,2025-04-09,Amazon,W01,Completed
O000077,2025-08-11,eBay,W03,Completed
O000078,2025-03-31,Walmart,W02,Cancelled
O000079,2025-10-05,Walmart,W02,Completed
O000080,2025-01-30,eBay,W01,Completed
O000081,2025-06-21,Amazon,W03,Completed
O000082,2025-09-30,eBay,W01,Completed
O000083,2025-12-04,Walmart,W03,Completed
O000084,2025-07-08,eBay,W01,Completed
O000085,2025-12-21,Walmart,W02,Completed
O000086,2025-02-26,Walmart,W01,Cancelled
O000087,2025-10-28,eBay,W02,Completed
O000088,2025-10-09,Amazon,W01,Completed
O000089,2025-01-17,Amazon,W01,Completed
O000090,2025-07-30,Walmart,W02,Completed
O000091,2025-09-05,Walmart,W02,Completed
O000092,2025-06-11,Walmart,W03,Completed
O000093,2025-11-29,Amazon,W03,Completed
O000094,2025-08-31,Amazon,W01,Completed
O000095,2025-10-02,Walmart,W03,Completed
O000096,2025-03-24,eBay,W03,Completed
O000097,2025-11-07,Walmart,W03,Completed
O000098,2025-12-09,eBay,W02,Completed
O000099,2025-01-15,Walmart,W03,Completed
O000100,2025-09-06,eBay,W03,Completed
O000101,2025-06-23,eBay,W02,Completed
O000102,2025-08-16,Walmart,W02,Completed
O000103,2025-01-29,Walmart,W01,Completed
O000104,2025-11-28,eBay,W01,Completed
O000105,2025-08-21,Walmart,W03,Completed
O000106,2025-05-10,Walmart,W01,Completed
O000107,2025-10-04,Walmart,W01,Cancelled
O000108,2025-05-02,Walmart,W01,Completed
O000109,2025-12-12,eBay,W01,Completed
O000110,2025-08-04,Amazon,W01,Completed
O000111,2025-11-28,Amazon,W01,Completed
O000112,2025-04-17,eBay,W03,Completed
O000113,2025-10-27,Walmart,W01,Completed
O000114,2025-03-05,Amazon,W02,Completed
O000115,2025-10-16,Amazon,W01,Completed
O000116,2025-02-28,Amazon,W02,Completed
O000117,2025-02-24,Walmart,W03,Completed
O000118,2025-07-05,Walmart,W03,Completed
O000119,2025-03-18,eBay,W02,Completed
O000120,2025-07-29,Amazon,W01,Completed
O000121,2025-08-13,Walmart,W01,Cancelled
O000122,2025-05-22,eBay,W01,Completed
O000123,2025-02-15,Amazon,W01,Completed
O000124,2025-05-19,Walmart,W03,Completed
O000125,2025-12-26,eBay,W03,Completed
O000126,2025-10-05,Amazon,W02,Completed
O000127,2025-09-21,Walmart,W01,Cancelled
O000128,2025-01-06,Amazon,W01,Completed
O000129,2025-01-30,Amazon,W02,Completed
O000130,2025-01-01,Amazon,W02,Completed
O000131,2025-06-18,Amazon,W03,Completed
O000132,2025-02-19,Amazon,W03,Completed
O000133,2025-02-15,Walmart,W01,Completed
O000134,2025-11-13,Amazon,W02,Completed
O000135,2025-09-11,eBay,W03,Completed
O000136,2025-10-13,Amazon,W03,Completed
O000137,2025-07-04,Amazon,W02,Completed
O000138,2025-04-09,Amazon,W01,Completed
O000139,2025-12-30,Amazon,W03,Completed
O000140,2025-10-17,Amazon,W02,Completed
O000141,2025-08-24,eBay,W03,Completed
O000142,2025-02-09,Amazon,W01,Completed
O000143,2025-02-18,Walmart,W02,Completed
O000144,2025-05-29,Amazon,W02,Completed
O000145,2025-04-22,Amazon,W01,Completed
O000146,2025-01-01,eBay,W01,Completed
O000147,2025-01-01,Walmart,W02,Completed
O000148,2025-05-30,Amazon,W01,Completed
O000149,2025-04-25,Walmart,W01,Completed
O000150,2025-03-27,Walmart,W01,Completed
O000151,2025-07-29,Amazon,W03,Completed
O000152,2025-10-08,Walmart,W01,Completed
O000153,2025-12-03,Amazon,W02,Completed
O000154,2025-06-23,eBay,W02,Completed
O000155,2025-11-23,eBay,W02,Completed
O000156,2025-08-23,eBay,W02,Completed
O000157,2025-10-29,Amazon,W02,Completed
O000158,2025-07-26,Amazon,W01,Cancelled
O000159,2025-12-26,eBay,W03,Completed
O000160,2025-08-10,Walmart,W01,Completed
O000161,2025-11-19,eBay,W01,Completed
O000162,2025-03-28,eBay,W01,Completed
O000163,2025-08-13,Walmart,W02,Cancelled
O000164,2025-08-05,Walmart,W01,Completed
O000165,2025-04-21,Amazon,W02,Completed
O000166,2025-07-11,eBay,W02,Completed
O000167,2025-02-20,Amazon,W02,Completed
O000168,2025-08-10,Amazon,W03,Completed
O000169,2025-01-03,Walmart,W01,Completed
O000170,2025-06-11,Amazon,W03,Completed
O000171,2025-10-02,Walmart,W01,Completed
O000172,2025-01-18,Walmart,W01,Completed
O000173,2025-11-30,Amazon,W01,Completed
O000174,2025-09-29,Amazon,W01,Completed
O000175,2025-12-21,eBay,W01,Completed
O000176,2025-10-09,Amazon,W01,Completed
O000177,2025-01-28,Amazon,W02,Completed
O000178,2025-08-30,Amazon,W01,Completed
O000179,2025-12-08,Amazon,W01,Completed
O000180,2025-06-06,Walmart,W01,Completed
O000181,2025-12-13,Amazon,W01,Completed
O000182,2025-11-30,eBay,W02,Completed
O000183,2025-02-02,Walmart,W03,Completed
O000184,2025-10-10,Amazon,W01,Cancelled
O000185,2025-06-19,Amazon,W03,Completed
O000186,2025-11-30,Walmart,W03,Completed
O000187,2025-03-20,Amazon,W03,Completed
O000188,2025-04-17,Amazon,W02,Completed
O000189,2025-11-28,eBay,W02,Cancelled
O000190,2025-06-15,Walmart,W01,Completed
O000191,2025-10-05,eBay,W03,Completed
O000192,2025-05-31,Amazon,W03,Completed
O000193,2025-07-12,Walmart,W03,Completed
O000194,2025-05-06,Amazon,W02,Completed
O000195,2025-03-21,eBay,W01,Completed
O000196,2025-07-09,Walmart,W01,Completed
O000197,2025-08-26,Amazon,W01,Completed
O000198,2025-05-15,Amazon,W02,Completed
O000199,2025-02-27,eBay,W01,Completed
O000200,2025-01-09,Amazon,W01,Completed
O000201,2025-10-24,eBay,W03,Completed
O000202,2025-01-29,eBay,W02,Completed
O000203,2025-12-18,Amazon,W01,Completed
O000204,2025-11-01,Amazon,W02,Completed
O000205,2025-05-04,Amazon,W02,Completed
O000206,2025-07-27,Walmart,W03,Completed
O000207,2025-02-24,Walmart,W03,Completed
O000208,2025-05-23,Amazon,W02,Completed
O000209,2025-06-14,Walmart,W01,Completed
O000210,2025-05-08,Amazon,W03,Completed
O000211,2025-06-14,Amazon,W02,Completed
O000212,2025-12-18,eBay,W03,Completed
O000213,2025-03-09,eBay,W01,Completed
O000214,2025-11-30,Amazon,W03,Completed
O000215,2025-07-16,Walmart,W01,Cancelled
O000216,2025-04-04,Walmart,W02,Completed
O000217,2025-07-14,Amazon,W01,Completed
O000218,2025-11-05,Amazon,W03,Completed
O000219,2025-01-11,eBay,W01,Completed
O000220,2025-02-07,Amazon,W03,Completed
O000221,2025-10-19,Amazon,W02,Completed
O000222,2025-12-11,Amazon,W02,Completed
O000223,2025-05-05,Walmart,W01,Completed
O000224,2025-10-14,Walmart,W01,Cancelled
O000225,2025-10-02,eBay,W01,Completed
O000226,2025-09-04,Walmart,W02,Completed
O000227,2025-05-10,eBay,W01,Completed
O000228,2025-01-24,eBay,W02,Completed
O000229,2025-12-15,Amazon,W02,Completed
O000230,2025-07-25,eBay,W01,Completed
O000231,2025-12-13,Amazon,W01,Completed
O000232,2025-04-30,Amazon,W02,Completed
O000233,2025-07-07,eBay,W01,Completed
O000234,2025-11-12,Walmart,W02,Completed
O000235,2025-10-06,Walmart,W01,Completed
O000236,2025-02-09,Amazon,W03,Completed
O000237,2025-11-03,Walmart,W02,Completed
O000238,2025-11-20,Walmart,W02,Completed
O000239,2025-05-15,Walmart,W03,Completed
O000240,2025-04-11,Amazon,W01,Completed
O000241,2025-10-09,Walmart,W03,Completed
O000242,2025-08-28,Walmart,W01,Completed
O000243,2025-07-27,eBay,W03,Completed
O000244,2025-06-02,Amazon,W02,Completed
O000245,2025-09-01,Amazon,W02,Completed
O000246,2025-03-07,Amazon,W01,Completed
O000247,2025-09-22,Amazon,W02,Completed
O000248,2025-02-20,eBay,W01,Completed
O000249,2025-02-06,eBay,W02,Completed
O000250,2025-08-10,Amazon,W01,Cancelled
O000251,2025-01-30,Amazon,W03,Completed
O000252,2025-10-25,Amazon,W03,Completed
O000253,2025-11-05,eBay,W01,Completed
O000254,2025-04-11,Walmart,W01,Completed
O000255,2025-07-07,Amazon,W02,Completed
O000256,2025-04-10,Amazon,W03,Completed
O000257,2025-03-24,Amazon,W03,Completed
O000258,2025-07-20,Amazon,W02,Completed
O000259,2025-10-25,Amazon,W01,Completed
O000260,2025-09-20,Amazon,W01,Completed
O000261,2025-04-11,Walmart,W01,Completed
O000262,2025-08-27,Amazon,W02,Cancelled
O000263,2025-02-23,Walmart,W01,Completed
O000264,2025-11-14,Walmart,W02,Completed
O000265,2025-07-22,Walmart,W03,Completed
O000266,2025-03-15,eBay,W01,Completed
O000267,2025-04-20,Walmart,W03,Completed
O000268,2025-10-25,Walmart,W01,Completed
O000269,2025-06-26,Walmart,W03,Cancelled
O000270,2025-06-14,Amazon,W03,Completed
O000271,2025-11-23,Walmart,W02,Completed
O000272,2025-06-05,Amazon,W01,Completed
O000273,2025-04-01,Walmart,W03,Completed
O000274,2025-04-27,eBay,W02,Completed
O000275,2025-07-05,Amazon,W02,Completed
O000276,2025-09-13,Amazon,W03,Completed
O000277,2025-10-11,Amazon,W02,Completed
O000278,2025-04-13,Walmart,W02,Completed
O000279,2025-04-28,Amazon,W01,Completed
O000280,2025-03-11,Amazon,W03,Completed
O000281,2025-02-26,Walmart,W03,Completed
O000282,2025-09-26,Amazon,W01,Completed
O000283,2025-07-09,Walmart,W02,Completed
O000284,2025-03-27,Amazon,W01,Completed
O000285,2025-12-01,Amazon,W02,Completed
O000286,2025-08-14,Walmart,W03,Completed
O000287,2025-12-10,Amazon,W03,Completed
O000288,2025-10-29,eBay,W02,Completed
O000289,2025-05-29,Amazon,W01,Completed
O000290,2025-10-19,Walmart,W01,Completed
O000291,2025-01-01,Amazon,W03,Completed
O000292,2025-05-12,Amazon,W01,Completed
O000293,2025-07-28,eBay,W01,Completed
O000294,2025-10-14,eBay,W03,Completed
O000295,2025-02-14,Amazon,W01,Completed
O000296,2025-11-24,Amazon,W02,Completed
O000297,2025-03-31,Walmart,W02,Completed
O000298,2025-12-05,eBay,W02,Completed
O000299,2025-05-17,Amazon,W01,Completed
O000300,2025-10-13,Walmart,W01,Completed
O000301,2025-03-02,Amazon,W02,Completed
O000302,2025-05-15,Walmart,W01,Completed
O000303,2025-10-09,Amazon,W02,Completed
O000304,2025-10-23,Walmart,W02,Completed
O000305,2025-10-11,eBay,W01,Completed
O000306,2025-12-17,Amazon,W03,Completed
O000307,2025-09-17,Amazon,W02,Completed
O000308,2025-02-03,Amazon,W01,Completed
O000309,2025-08-06,Amazon,W03,Completed
O000310,2025-10-14,eBay,W02,Completed
O000311,2025-03-04,Walmart,W01,Completed
O000312,2025-07-03,Amazon,W02,Completed
O000313,2025-12-15,eBay,W03,Completed
O000314,2025-05-15,eBay,W01,Completed
O000315,2025-09-30,Walmart,W01,Completed
O000316,2025-10-20,Walmart,W02,Cancelled
O000317,2025-11-10,Amazon,W02,Completed
O000318,2025-01-01,eBay,W01,Completed
O000319,2025-11-04,Walmart,W01,Completed
O000320,2025-11-01,Amazon,W01,Completed
O000321,2025-02-22,Walmart,W02,Completed
O000322,2025-12-13,Amazon,W01,Completed
O000323,2025-06-02,Amazon,W01,Completed
O000324,2025-01-12,Amazon,W01,Completed
O000325,2025-02-25,Amazon,W01,Completed
O000326,2025-08-04,Walmart,W02,Completed
O000327,2025-10-18,Walmart,W01,Completed
O000328,2025-07-18,Amazon,W01,Completed
O000329,2025-02-13,Amazon,W03,Completed
O000330,2025-07-09,Amazon,W02,Completed
O000331,2025-09-17,Walmart,W02,Completed
O000332,2025-04-22,eBay,W01,Completed
O000333,2025-01-02,eBay,W01,Completed
O000334,2025-02-18,Amazon,W01,Completed
O000335,2025-02-27,Amazon,W02,Completed
O000336,2025-10-29,eBay,W01,Completed
O000337,2025-10-24,Amazon,W02,Completed
O000338,2025-10-08,Amazon,W01,Cancelled
O000339,2025-10-28,Walmart,W01,Completed
O000340,2025-08-16,Walmart,W01,Completed
O000341,2025-12-08,Amazon,W02,Completed
O000342,2025-10-11,Walmart,W01,Completed
O000343,2025-02-20,eBay,W01,Completed
O000344,2025-03-27,Amazon,W02,Completed
O000345,2025-12-08,Walmart,W01,Completed
O000346,2025-06-26,Amazon,W02,Completed
O000347,2025-11-19,Walmart,W01,Completed
O000348,2025-08-06,eBay,W03,Completed
O000349,2025-06-25,Amazon,W01,Completed
O000350,2025-09-15,Amazon,W02,Completed
O000351,2025-03-03,Amazon,W03,Completed
O000352,2025-11-11,Amazon,W02,Completed
O000353,2025-12-29,Amazon,W01,Completed
O000354,2025-01-26,Amazon,W02,Completed
O000355,2025-09-27,eBay,W02,Completed
O000356,2025-01-02,Amazon,W01,Completed
O000357,2025-10-20,Walmart,W03,Completed
O000358,2025-05-01,Walmart,W03,Completed
O000359,2025-02-07,Amazon,W02,Completed
O000360,2025-10-18,Walmart,W01,Completed
O000361,2025-06-16,Walmart,W01,Completed
O000362,2025-11-26,eBay,W01,Completed
O000363,2025-04-03,Amazon,W03,Completed
O000364,2025-06-20,Amazon,W01,Completed
O000365,2025-07-05,eBay,W02,Completed
O000366,2025-06-29,Walmart,W01,Completed
O000367,2025-01-02,Walmart,W02,Completed
O000368,2025-07-23,eBay,W03,Completed
O000369,2025-04-20,Amazon,W01,Completed
O000370,2025-07-23,Amazon,W01,Completed
O000371,2025-08-04,Walmart,W03,Completed
O000372,2025-06-07,Walmart,W03,Completed
O000373,2025-11-08,Amazon,W03,Completed
O000374,2025-10-02,Amazon,W02,Completed
O000375,2025-12-07,Amazon,W02,Completed
O000376,2025-10-18,Walmart,W01,Completed
O000377,2025-03-31,Amazon,W01,Completed
O000378,2025-04-22,Walmart,W03,Completed
O000379,2025-11-11,eBay,W01,Completed
O000380,2025-10-10,Walmart,W02,Completed
O000381,2025-02-04,Amazon,W02,Completed
O000382,2025-11-15,Amazon,W03,Completed
O000383,2025-12-17,Amazon,W01,Completed
O000384,2025-11-08,eBay,W02,Completed
O000385,2025-10-09,Amazon,W02,Completed
O000386,2025-05-02,Walmart,W02,Completed
O000387,2025-12-10,Amazon,W01,Completed
O000388,2025-01-08,Amazon,W02,Completed
O000389,2025-04-21,Walmart,W02,Completed
O000390,2025-05-27,Amazon,W03,Completed
O000391,2025-12-24,Amazon,W03,Completed
O000392,2025-07-12,Walmart,W01,Completed
O000393,2025-09-04,Walmart,W01,Completed
O000394,2025-02-25,Amazon,W03,Completed
O000395,2025-07-17,Amazon,W01,Completed
O000396,2025-09-16,eBay,W01,Completed
O000397,2025-01-20,eBay,W01,Completed
O000398,2025-08-19,Walmart,W02,Completed
O000399,2025-07-20,Walmart,W03,Completed
O000400,2025-09-15,Amazon,W01,Completed
O000401,2025-09-10,Amazon,W02,Completed
O000402,2025-07-19,Amazon,W01,Completed
O000403,2025-03-02,Walmart,W02,Completed
O000404,2025-06-25,Amazon,W03,Completed
O000405,2025-02-04,eBay,W03,Cancelled
O000406,2025-09-05,eBay,W02,Completed
O000407,2025-07-29,Amazon,W03,Completed
O000408,2025-01-20,Walmart,W02,Completed
O000409,2025-01-02,Walmart,W02,Completed
O000410,2025-11-10,Walmart,W02,Completed
O000411,2025-12-26,Amazon,W02,Completed
O000412,2025-11-24,Amazon,W01,Completed
O000413,2025-05-20,eBay,W03,Completed
O000414,2025-12-02,Walmart,W01,Completed
O000415,2025-02-22,Amazon,W02,Completed
O000416,2025-01-22,Amazon,W03,Completed
O000417,2025-06-29,eBay,W03,Completed
O000418,2025-08-07,Walmart,W01,Completed
O000419,2025-12-03,Walmart,W01,Completed
O000420,2025-05-17,Walmart,W01,Completed
O000421,2025-10-27,eBay,W03,Completed
O000422,2025-01-25,Amazon,W02,Completed
O000423,2025-04-30,Amazon,W01,Completed
O000424,2025-12-31,Amazon,W03,Completed
O000425,2025-02-22,eBay,W03,Completed
O000426,2025-09-09,Walmart,W02,Completed
O000427,2025-07-27,Amazon,W02,Completed
O000428,2025-10-30,eBay,W01,Completed
O000429,2025-11-09,eBay,W03,Completed
O000430,2025-02-16,Amazon,W01,Completed
O000431,2025-02-02,Amazon,W01,Completed
O000432,2025-07-03,Amazon,W02,Completed
O000433,2025-07-30,eBay,W01,Completed
O000434,2025-01-27,Amazon,W01,Completed
O000435,2025-06-12,eBay,W02,Completed
O000436,2025-12-10,eBay,W01,Completed
O000437,2025-11-22,Amazon,W03,Completed
O000438,2025-04-01,Amazon,W03,Completed
O000439,2025-08-07,eBay,W01,Completed
O000440,2025-01-02,Walmart,W01,Completed
O000441,2025-09-21,Walmart,W02,Completed
O000442,2025-06-12,Amazon,W01,Completed
O000443,2025-11-03,Walmart,W01,Completed
O000444,2025-02-23,Walmart,W02,Completed
O000445,2025-11-28,Walmart,W01,Completed
O000446,2025-12-22,Walmart,W02,Cancelled
O000447,2025-09-07,Walmart,W02,Completed
O000448,2025-09-02,Walmart,W03,Completed
O000449,2025-06-05,Amazon,W03,Completed
O000450,2025-07-22,Walmart,W02,Completed
O000451,2025-06-11,Amazon,W01,Completed
O000452,2025-12-20,Amazon,W02,Completed
O000453,2025-09-09,Amazon,W03,Completed
O000454,2025-07-17,eBay,W02,Completed
O000455,2025-01-18,Amazon,W02,Completed
O000456,2025-04-15,eBay,W02,Completed
O000457,2025-02-28,Amazon,W03,Completed
O000458,2025-12-25,Amazon,W02,Completed
O000459,2025-07-23,Walmart,W02,Cancelled
O000460,2025-08-21,Amazon,W02,Completed
O000461,2025-12-21,Walmart,W01,Completed
O000462,2025-04-30,Amazon,W01,Completed
O000463,2025-04-23,eBay,W03,Completed
O000464,2025-10-09,Amazon,W02,Completed
O000465,2025-04-19,eBay,W03,Completed
O000466,2025-12-15,Walmart,W01,Completed
O000467,2025-01-29,Walmart,W03,Completed
O000468,2025-10-02,Walmart,W02,Completed
O000469,2025-09-15,Amazon,W01,Completed
O000470,2025-07-22,Walmart,W03,Completed
O000471,2025-12-16,Walmart,W01,Completed
O000472,2025-02-10,eBay,W03,Completed
O000473,2025-01-02,Amazon,W02,Completed
O000474,2025-07-11,Walmart,W03,Completed
O000475,2025-01-03,Amazon,W01,Completed
O000476,2025-12-04,Amazon,W02,Completed
O000477,2025-06-09,Walmart,W03,Completed
O000478,2025-11-23,Walmart,W02,Completed
O000479,2025-04-09,eBay,W01,Completed
O000480,2025-07-15,Walmart,W01,Completed
O000481,2025-08-19,eBay,W02,Completed
O000482,2025-12-13,Amazon,W02,Completed
O000483,2025-05-12,eBay,W01,Completed
O000484,2025-08-20,Walmart,W02,Completed
O000485,2025-09-14,eBay,W01,Completed
O000486,2025-07-23,Amazon,W01,Completed
O000487,2025-01-09,Amazon,W03,Completed
O000488,2025-01-30,Walmart,W01,Completed
O000489,2025-12-11,Walmart,W02,Completed
O000490,2025-05-19,Amazon,W01,Completed
O000491,2025-05-30,Walmart,W02,Completed
O000492,2025-11-04,Amazon,W03,Completed
O000493,2025-11-23,eBay,W01,Completed
O000494,2025-06-09,eBay,W01,Completed
O000495,2025-04-22,Walmart,W01,Completed
O000496,2025-03-01,Walmart,W02,Completed
O000497,2025-10-04,Walmart,W03,Completed
O000498,2025-09-28,Amazon,W02,Completed
O000499,2025-11-24,eBay,W02,Completed
O000500,2025-04-07,eBay,W02,Completed
O000501,2025-08-13,Walmart,W02,Completed
O000502,2025-11-16,eBay,W01,Completed
O000503,2025-08-03,Walmart,W02,Completed
O000504,2025-04-29,Amazon,W03,Completed
O000505,2025-02-10,Amazon,W02,Completed
O000506,2025-11-03,Amazon,W01,Completed
O000507,2025-06-04,Walmart,W01,Completed
O000508,2025-09-29,eBay,W01,Completed
O000509,2025-05-05,Amazon,W01,Completed
O000510,2025-04-06,eBay,W03,Completed
O000511,2025-09-10,Walmart,W03,Completed
O000512,2025-02-16,Amazon,W02,Completed
O000513,2025-05-17,Walmart,W01,Completed
O000514,2025-11-26,Amazon,W03,Completed
O000515,2025-01-27,Walmart,W01,Completed
O000516,2025-05-26,Amazon,W01,Completed
O000517,2025-05-29,eBay,W01,Completed
O000518,2025-02-17,Amazon,W01,Completed
O000519,2025-12-15,Amazon,W03,Completed
O000520,2025-02-20,Amazon,W03,Completed
O000521,2025-06-06,Amazon,W01,Cancelled
O000522,2025-09-30,Walmart,W02,Completed
O000523,2025-04-08,Amazon,W02,Completed
O000524,2025-05-25,Walmart,W01,Cancelled
O000525,2025-05-17,Walmart,W03,Completed
O000526,2025-08-12,eBay,W03,Cancelled
O000527,2025-11-08,Amazon,W01,Completed
O000528,2025-05-05,Walmart,W02,Completed
O000529,2025-01-28,eBay,W01,Completed
O000530,2025-03-01,Walmart,W01,Completed
O000531,2025-11-09,Amazon,W01,Completed
O000532,2025-05-24,Walmart,W01,Completed
O000533,2025-09-19,Amazon,W01,Completed
O000534,2025-12-04,eBay,W01,Completed
O000535,2025-08-22,Walmart,W01,Completed
O000536,2025-11-04,Walmart,W01,Completed
O000537,2025-09-11,Amazon,W02,Completed
O000538,2025-08-19,Amazon,W01,Completed
O000539,2025-01-10,Walmart,W01,Completed
O000540,2025-11-21,Walmart,W02,Completed
O000541,2025-05-05,eBay,W03,Completed
O000542,2025-02-11,eBay,W01,Completed
O000543,2025-07-23,Amazon,W01,Completed
O000544,2025-11-15,Amazon,W02,Completed
O000545,2025-03-29,eBay,W03,Completed
O000546,2025-12-15,eBay,W01,Completed
O000547,2025-10-02,Amazon,W01,Completed
O000548,2025-01-01,Amazon,W03,Completed
O000549,2025-02-12,eBay,W01,Completed
O000550,2025-05-11,Walmart,W01,Completed
O000551,2025-05-03,Walmart,W03,Completed
O000552,2025-06-16,Amazon,W01,Completed
O000553,2025-03-25,Amazon,W02,Completed
O000554,2025-05-19,Walmart,W02,Completed
O000555,2025-06-08,eBay,W02,Completed
O000556,2025-05-16,Amazon,W02,Completed
O000557,2025-01-19,eBay,W02,Completed
O000558,2025-01-01,Amazon,W02,Completed
O000559,2025-03-14,Walmart,W03,Completed
O000560,2025-01-05,eBay,W02,Completed
O000561,2025-06-08,eBay,W01,Completed
O000562,2025-01-09,Amazon,W01,Completed
O000563,2025-06-27,Amazon,W02,Completed
O000564,2025-02-03,Walmart,W01,Completed
O000565,2025-11-07,Amazon,W02,Completed
O000566,2025-11-08,Walmart,W01,Completed
O000567,2025-07-27,Amazon,W02,Completed
O000568,2025-09-02,Amazon,W02,Completed
O000569,2025-08-30,Walmart,W03,Completed
O000570,2025-11-04,eBay,W01,Completed
O000571,2025-09-05,eBay,W02,Completed
O000572,2025-04-10,Amazon,W01,Completed
O000573,2025-06-07,Amazon,W03,Completed
O000574,2025-09-10,Walmart,W01,Completed
O000575,2025-01-15,eBay,W01,Completed
O000576,2025-09-25,eBay,W02,Completed
O000577,2025-11-01,Amazon,W01,Completed
O000578,2025-04-07,Amazon,W03,Completed
O000579,2025-03-30,eBay,W01,Completed
O000580,2025-06-19,Walmart,W02,Completed
O000581,2025-01-19,eBay,W03,Cancelled
O000582,2025-05-22,Walmart,W02,Completed
O000583,2025-12-14,Amazon,W02,Completed
O000584,2025-12-10,Amazon,W01,Completed
O000585,2025-03-11,Walmart,W01,Completed
O000586,2025-03-02,eBay,W01,Completed
O000587,2025-07-16,Walmart,W03,Cancelled
O000588,2025-01-12,Amazon,W01,Completed
O000589,2025-03-19,Amazon,W01,Completed
O000590,2025-03-07,Amazon,W03,Completed
O000591,2025-12-20,Walmart,W01,Completed
O000592,2025-02-18,eBay,W02,Completed
O000593,2025-12-07,Amazon,W01,Cancelled
O000594,2025-09-21,Amazon,W02,Completed
O000595,2025-12-07,eBay,W01,Completed
O000596,2025-04-19,Walmart,W03,Completed
O000597,2025-09-19,eBay,W01,Completed
O000598,2025-04-07,Amazon,W02,Completed
O000599,2025-01-26,Amazon,W02,Completed
O000600,2025-05-19,eBay,W01,Completed
O000601,2025-11-01,Amazon,W01,Completed
O000602,2025-01-15,Walmart,W01,Completed
O000603,2025-09-06,Amazon,W03,Completed
O000604,2025-05-26,eBay,W01,Completed
O000605,2025-01-09,Walmart,W03,Completed
O000606,2025-04-08,Walmart,W01,Completed
O000607,2025-08-21,Amazon,W03,Completed
O000608,2025-09-03,Amazon,W02,Completed
O000609,2025-02-05,Walmart,W02,Completed
O000610,2025-04-28,Amazon,W01,Completed
O000611,2025-07-05,Amazon,W01,Completed
O000612,2025-10-29,Walmart,W02,Completed
O000613,2025-01-18,Amazon,W02,Completed
O000614,2025-01-05,Amazon,W02,Completed
O000615,2025-01-25,Amazon,W02,Completed
O000616,2025-06-10,Amazon,W02,Completed
O000617,2025-06-11,Amazon,W01,Completed
O000618,2025-10-12,Amazon,W01,Completed
O000619,2025-03-23,Walmart,W01,Completed
O000620,2025-03-13,Walmart,W03,Completed
O000621,2025-06-27,Walmart,W02,Completed
O000622,2025-07-12,Amazon,W01,Completed
O000623,2025-12-23,Walmart,W02,Completed
O000624,2025-07-20,eBay,W01,Completed
O000625,2025-08-16,Amazon,W01,Completed
O000626,2025-11-07,Amazon,W03,Completed
O000627,2025-07-04,Amazon,W01,Completed
O000628,2025-11-10,Amazon,W01,Completed
O000629,2025-10-03,Amazon,W01,Completed
O000630,2025-01-18,Amazon,W03,Completed
O000631,2025-02-13,Amazon,W03,Completed
O000632,2025-09-25,eBay,W02,Completed
O000633,2025-02-08,Walmart,W01,Completed
O000634,2025-10-11,Amazon,W02,Completed
O000635,2025-09-03,Amazon,W01,Completed
O000636,2025-02-11,Amazon,W02,Completed
O000637,2025-03-08,Walmart,W02,Completed
O000638,2025-02-02,eBay,W03,Completed
O000639,2025-08-08,Amazon,W01,Completed
O000640,2025-04-01,Walmart,W01,Completed
O000641,2025-12-28,Amazon,W01,Completed
O000642,2025-01-27,Walmart,W03,Completed
O000643,2025-01-27,Walmart,W01,Completed
O000644,2025-10-11,Amazon,W01,Completed
O000645,2025-03-16,Amazon,W02,Completed
O000646,2025-06-28,Amazon,W01,Completed
O000647,2025-01-13,Amazon,W03,Completed
O000648,2025-03-20,eBay,W02,Completed
O000649,2025-12-17,Walmart,W01,Completed
O000650,2025-07-21,Walmart,W02,Completed
O000651,2025-04-20,eBay,W03,Completed
O000652,2025-04-20,eBay,W03,Cancelled
O000653,2025-01-05,Amazon,W03,Completed
O000654,2025-03-13,Walmart,W02,Completed
O000655,2025-08-23,Amazon,W03,Completed
O000656,2025-05-09,eBay,W02,Completed
O000657,2025-05-21,Walmart,W02,Completed
O000658,2025-07-02,Walmart,W03,Completed
O000659,2025-04-24,Amazon,W03,Completed
O000660,2025-07-01,Walmart,W02,Completed
O000661,2025-01-05,Amazon,W02,Completed
O000662,2025-10-05,Amazon,W01,Completed
O000663,2025-12-11,Amazon,W03,Cancelled
O000664,2025-01-15,Amazon,W03,Completed
O000665,2025-09-27,eBay,W03,Completed
O000666,2025-01-07,Amazon,W01,Completed
O000667,2025-09-18,Walmart,W03,Completed
O000668,2025-12-25,Amazon,W03,Completed
O000669,2025-08-08,Walmart,W01,Completed
O000670,2025-06-20,Amazon,W01,Completed
O000671,2025-12-07,eBay,W01,Cancelled
O000672,2025-06-20,Walmart,W01,Completed
O000673,2025-04-02,Amazon,W01,Completed
O000674,2025-08-21,Walmart,W03,Completed
O000675,2025-02-15,Walmart,W01,Completed
O000676,2025-02-16,Amazon,W01,Completed
O000677,2025-10-24,eBay,W02,Completed
O000678,2025-07-06,Walmart,W01,Completed
O000679,2025-07-11,Walmart,W03,Completed
O000680,2025-12-30,eBay,W01,Completed
O000681,2025-03-01,Walmart,W01,Completed
O000682,2025-04-14,Walmart,W02,Completed
O000683,2025-08-11,Amazon,W02,Completed
O000684,2025-06-15,Amazon,W01,Completed
O000685,2025-03-03,Amazon,W01,Completed
O000686,2025-09-10,Amazon,W03,Completed
O000687,2025-09-29,Walmart,W01,Completed
O000688,2025-11-03,eBay,W01,Completed
O000689,2025-10-30,Walmart,W02,Cancelled
O000690,2025-11-12,eBay,W01,Completed
O000691,2025-12-07,eBay,W01,Completed
O000692,2025-12-12,Amazon,W01,Cancelled
O000693,2025-08-08,Amazon,W01,Completed
O000694,2025-07-23,eBay,W01,Completed
O000695,2025-03-05,Walmart,W01,Completed
O000696,2025-11-24,Amazon,W01,Completed
O000697,2025-03-04,eBay,W02,Completed
O000698,2025-02-14,eBay,W03,Completed
O000699,2025-06-19,Amazon,W01,Completed
O000700,2025-06-10,Amazon,W01,Completed
O000701,2025-05-07,Amazon,W02,Completed
O000702,2025-11-21,eBay,W02,Completed
O000703,2025-12-12,eBay,W01,Completed
O000704,2025-02-02,Walmart,W01,Completed
O000705,2025-04-15,Amazon,W02,Completed
O000706,2025-01-16,Walmart,W02,Completed
O000707,2025-06-03,Walmart,W01,Completed
O000708,2025-01-02,Walmart,W02,Completed
O000709,2025-07-31,eBay,W02,Completed
O000710,2025-01-02,Walmart,W02,Completed
O000711,2025-08-03,Walmart,W03,Completed
O000712,2025-08-29,eBay,W03,Completed
O000713,2025-11-10,eBay,W02,Completed
O000714,2025-06-23,eBay,W02,Completed
O000715,2025-08-31,eBay,W01,Completed
O000716,2025-10-09,Walmart,W01,Completed
O000717,2025-11-26,Walmart,W01,Completed
O000718,2025-01-01,eBay,W01,Completed
O000719,2025-04-08,Amazon,W02,Completed
O000720,2025-03-11,Walmart,W02,Completed
O000721,2025-04-13,eBay,W03,Completed
O000722,2025-05-13,Amazon,W03,Completed
O000723,2025-01-31,Amazon,W02,Completed
O000724,2025-03-11,eBay,W01,Completed
O000725,2025-02-15,Walmart,W01,Completed
O000726,2025-12-29,eBay,W01,Completed
O000727,2025-01-13,Amazon,W01,Completed
O000728,2025-12-30,Amazon,W02,Completed
O000729,2025-05-31,Walmart,W01,Completed
O000730,2025-07-30,Walmart,W02,Completed
O000731,2025-01-07,Amazon,W02,Cancelled
O000732,2025-11-04,Amazon,W03,Completed
O000733,2025-10-13,Amazon,W03,Completed
O000734,2025-01-05,Amazon,W01,Completed
O000735,2025-10-27,Amazon,W02,Completed
O000736,2025-09-13,eBay,W02,Completed
O000737,2025-07-30,eBay,W01,Completed
O000738,2025-07-14,Walmart,W01,Completed
O000739,2025-03-02,eBay,W02,Completed
O000740,2025-03-01,Amazon,W01,Cancelled
O000741,2025-10-19,Amazon,W01,Completed
O000742,2025-12-09,Amazon,W02,Completed
O000743,2025-06-06,Walmart,W02,Completed
O000744,2025-08-13,Amazon,W01,Completed
O000745,2025-11-02,Amazon,W02,Completed
O000746,2025-11-23,Amazon,W02,Completed
O000747,2025-01-28,Walmart,W03,Completed
O000748,2025-02-23,eBay,W01,Completed
O000749,2025-02-18,Amazon,W02,Completed
O000750,2025-07-21,Amazon,W03,Completed
O000751,2025-08-26,Walmart,W01,Completed
O000752,2025-07-23,Amazon,W02,Completed
O000753,2025-03-29,Walmart,W02,Completed
O000754,2025-05-15,Walmart,W02,Completed
O000755,2025-12-30,Walmart,W02,Completed
O000756,2025-04-16,Walmart,W02,Completed
O000757,2025-09-02,Amazon,W02,Completed
O000758,2025-01-16,Walmart,W03,Completed
O000759,2025-08-18,Amazon,W03,Completed
O000760,2025-05-23,Walmart,W02,Completed
O000761,2025-06-04,Walmart,W01,Completed
O000762,2025-01-18,Amazon,W02,Completed
O000763,2025-01-26,Amazon,W01,Completed
O000764,2025-09-22,Amazon,W01,Completed
O000765,2025-02-05,Amazon,W03,Completed
O000766,2025-06-05,Amazon,W01,Completed
O000767,2025-09-19,Walmart,W01,Completed
O000768,2025-12-21,Amazon,W03,Completed
O000769,2025-02-05,Walmart,W02,Completed
O000770,2025-10-24,Amazon,W02,Completed
O000771,2025-04-06,Amazon,W02,Completed
O000772,2025-01-26,Walmart,W03,Completed
O000773,2025-09-07,Amazon,W03,Completed
O000774,2025-02-23,Amazon,W01,Completed
O000775,2025-11-21,eBay,W01,Completed
O000776,2025-08-18,Amazon,W03,Completed
O000777,2025-01-11,Amazon,W02,Completed
O000778,2025-11-03,eBay,W03,Completed
O000779,2025-06-24,Walmart,W02,Completed
O000780,2025-06-28,Amazon,W03,Completed
O000781,2025-10-27,Amazon,W02,Cancelled
O000782,2025-08-04,Walmart,W01,Completed
O000783,2025-05-24,Walmart,W01,Completed
O000784,2025-11-27,Walmart,W02,Completed
O000785,2025-11-06,Amazon,W03,Completed
O000786,2025-12-31,Amazon,W01,Completed
O000787,2025-12-05,Walmart,W01,Completed
O000788,2025-11-13,Amazon,W03,Completed
O000789,2025-11-12,Amazon,W01,Completed
O000790,2025-07-12,eBay,W01,Completed
O000791,2025-04-05,eBay,W03,Completed
O000792,2025-06-07,Amazon,W02,Completed
O000793,2025-05-31,Walmart,W02,Completed
O000794,2025-09-19,eBay,W01,Completed
O000795,2025-06-18,Amazon,W03,Completed
O000796,2025-04-21,Walmart,W02,Completed
O000797,2025-07-21,Walmart,W01,Completed
O000798,2025-12-15,Amazon,W01,Completed
O000799,2025-12-20,eBay,W03,Completed
O000800,2025-03-31,Amazon,W03,Completed
O000801,2025-07-09,Amazon,W03,Completed
O000802,2025-07-01,eBay,W01,Completed
O000803,2025-12-23,Amazon,W03,Completed
O000804,2025-02-25,Walmart,W01,Completed
O000805,2025-07-16,Walmart,W01,Completed
O000806,2025-09-22,eBay,W03,Completed
O000807,2025-07-10,Amazon,W03,Completed
O000808,2025-09-03,Amazon,W02,Completed
O000809,2025-04-25,Amazon,W01,Completed
O000810,2025-10-14,Amazon,W03,Completed
O000811,2025-01-04,Walmart,W02,Completed
O000812,2025-01-08,eBay,W01,Completed
O000813,2025-04-01,eBay,W01,Completed
O000814,2025-12-13,Amazon,W03,Completed
O000815,2025-09-13,eBay,W02,Completed
O000816,2025-10-11,Amazon,W02,Completed
O000817,2025-11-26,Amazon,W01,Completed
O000818,2025-12-23,Amazon,W01,Completed
O000819,2025-02-21,Amazon,W01,Completed
O000820,2025-12-21,Amazon,W03,Completed
O000821,2025-12-13,Walmart,W01,Completed
O000822,2025-08-23,eBay,W03,Completed
O000823,2025-06-04,eBay,W01,Completed
O000824,2025-01-17,Amazon,W03,Completed
O000825,2025-12-10,Amazon,W01,Completed
O000826,2025-06-13,eBay,W02,Completed
O000827,2025-05-03,Walmart,W01,Completed
O000828,2025-07-28,Amazon,W03,Cancelled
O000829,2025-04-22,Walmart,W02,Completed
O000830,2025-07-02,eBay,W03,Completed
O000831,2025-03-11,eBay,W02,Completed
O000832,2025-02-03,Amazon,W02,Completed
O000833,2025-12-18,Walmart,W02,Completed
O000834,2025-03-30,Amazon,W01,Completed
O000835,2025-10-09,Amazon,W01,Completed
O000836,2025-08-03,Amazon,W02,Completed
O000837,2025-11-12,Walmart,W01,Completed
O000838,2025-04-27,Amazon,W03,Completed
O000839,2025-09-03,Amazon,W02,Completed
O000840,2025-03-18,eBay,W01,Completed
O000841,2025-12-15,eBay,W03,Completed
O000842,2025-10-01,Walmart,W03,Completed
O000843,2025-07-16,Amazon,W03,Completed
O000844,2025-07-19,eBay,W03,Completed
O000845,2025-08-27,Walmart,W01,Cancelled
O000846,2025-07-19,Walmart,W02,Completed
O000847,2025-04-12,eBay,W01,Completed
O000848,2025-10-02,Walmart,W01,Completed
O000849,2025-07-29,Walmart,W01,Cancelled
O000850,2025-11-28,Walmart,W02,Completed
O000851,2025-02-05,Amazon,W01,Completed
O000852,2025-01-28,eBay,W03,Completed
O000853,2025-05-16,Walmart,W02,Completed
O000854,2025-08-18,Walmart,W01,Completed
O000855,2025-06-15,Walmart,W02,Completed
O000856,2025-02-13,Walmart,W01,Completed
O000857,2025-05-20,Amazon,W01,Completed
O000858,2025-11-19,Amazon,W03,Completed
O000859,2025-11-23,eBay,W02,Completed
O000860,2025-01-11,eBay,W02,Completed
O000861,2025-05-08,Walmart,W01,Completed
O000862,2025-12-16,eBay,W02,Completed
O000863,2025-09-02,Amazon,W01,Completed
O000864,2025-06-15,Amazon,W01,Completed
O000865,2025-09-02,eBay,W02,Completed
O000866,2025-12-12,eBay,W01,Completed
O000867,2025-09-16,Amazon,W01,Completed
O000868,2025-03-19,Walmart,W01,Completed
O000869,2025-08-26,eBay,W01,Completed
O000870,2025-11-03,Walmart,W01,Completed
O000871,2025-01-14,Amazon,W03,Completed
O000872,2025-12-02,Amazon,W01,Completed
O000873,2025-11-09,Amazon,W03,Completed
O000874,2025-09-09,eBay,W01,Completed
O000875,2025-11-21,Amazon,W03,Completed
O000876,2025-08-15,Amazon,W01,Completed
O000877,2025-11-08,Amazon,W01,Completed
O000878,2025-10-12,Walmart,W02,Completed
O000879,2025-02-06,Amazon,W03,Completed
O000880,2025-03-12,Walmart,W03,Completed
O000881,2025-08-21,Amazon,W03,Completed
O000882,2025-05-26,Amazon,W02,Completed
O000883,2025-05-29,Walmart,W01,Completed
O000884,2025-09-15,Walmart,W01,Completed
O000885,2025-04-13,Walmart,W01,Completed
O000886,2025-07-20,Walmart,W01,Completed
O000887,2025-09-03,Walmart,W01,Completed
O000888,2025-04-24,Amazon,W02,Cancelled
O000889,2025-01-06,Walmart,W01,Completed
O000890,2025-06-27,Walmart,W01,Completed
O000891,2025-04-14,Amazon,W01,Cancelled
O000892,2025-10-25,Amazon,W01,Completed
O000893,2025-11-21,eBay,W01,Completed
O000894,2025-03-26,Amazon,W01,Completed
O000895,2025-01-30,eBay,W02,Completed
O000896,2025-09-04,eBay,W03,Completed
O000897,2025-04-12,Amazon,W02,Completed
O000898,2025-01-02,Amazon,W03,Completed
O000899,2025-04-27,Amazon,W01,Completed
O000900,2025-04-08,Amazon,W02,Completed
O000901,2025-01-06,Amazon,W01,Completed
O000902,2025-03-03,Walmart,W01,Completed
O000903,2025-01-27,Amazon,W02,Completed
O000904,2025-08-20,Amazon,W01,Completed
O000905,2025-10-14,Walmart,W02,Completed
O000906,2025-08-13,eBay,W02,Completed
O000907,2025-09-26,Amazon,W01,Completed
O000908,2025-09-10,Amazon,W03,Completed
O000909,2025-10-01,eBay,W02,Completed
O000910,2025-11-17,eBay,W02,Completed
O000911,2025-09-19,eBay,W02,Completed
O000912,2025-01-01,Walmart,W02,Completed
O000913,2025-04-16,eBay,W02,Completed
O000914,2025-01-05,eBay,W01,Completed
O000915,2025-01-04,eBay,W02,Completed
O000916,2025-09-14,Amazon,W01,Completed
O000917,2025-05-14,Walmart,W03,Completed
O000918,2025-08-13,eBay,W01,Completed
O000919,2025-01-20,Amazon,W02,Completed
O000920,2025-08-18,Walmart,W01,Completed
O000921,2025-08-07,eBay,W03,Cancelled
O000922,2025-05-11,Amazon,W01,Completed
O000923,2025-04-30,Walmart,W01,Completed
O000924,2025-05-16,Walmart,W02,Completed
O000925,2025-04-11,Walmart,W01,Completed
O000926,2025-03-31,Amazon,W01,Cancelled
O000927,2025-03-10,Walmart,W03,Completed
O000928,2025-09-13,Walmart,W02,Completed
O000929,2025-09-21,Amazon,W01,Completed
O000930,2025-01-30,Amazon,W03,Completed
O000931,2025-11-09,Amazon,W02,Completed
O000932,2025-03-25,eBay,W02,Cancelled
O000933,2025-08-12,Walmart,W03,Completed
O000934,2025-01-15,Amazon,W02,Completed
O000935,2025-11-06,Walmart,W02,Completed
O000936,2025-06-26,Amazon,W02,Completed
O000937,2025-12-06,Walmart,W01,Completed
O000938,2025-05-19,Amazon,W02,Completed
O000939,2025-01-07,Amazon,W02,Completed
O000940,2025-09-10,eBay,W03,Completed
O000941,2025-04-19,Amazon,W02,Completed
O000942,2025-08-14,eBay,W01,Completed
O000943,2025-12-03,Walmart,W02,Completed
O000944,2025-03-27,eBay,W03,Completed
O000945,2025-05-31,Amazon,W02,Completed
O000946,2025-11-14,eBay,W03,Cancelled
O000947,2025-10-13,Amazon,W01,Cancelled
O000948,2025-02-26,eBay,W02,Completed
O000949,2025-12-23,Amazon,W03,Completed
O000950,2025-11-17,Amazon,W02,Cancelled
O000951,2025-01-11,Walmart,W03,Completed
O000952,2025-05-05,Walmart,W02,Completed
O000953,2025-08-26,Walmart,W01,Completed
O000954,2025-05-10,Walmart,W01,Completed
O000955,2025-12-13,Walmart,W03,Completed
O000956,2025-11-08,eBay,W03,Completed
O000957,2025-10-26,Amazon,W03,Completed
O000958,2025-09-01,Walmart,W02,Completed
O000959,2025-08-31,Amazon,W01,Completed
O000960,2025-10-16,Amazon,W01,Completed
O000961,2025-11-09,Amazon,W03,Completed
O000962,2025-05-30,Amazon,W01,Completed
O000963,2025-04-02,Amazon,W03,Completed
O000964,2025-07-08,eBay,W01,Completed
O000965,2025-11-15,Amazon,W01,Completed
O000966,2025-09-04,eBay,W02,Completed
O000967,2025-07-09,Amazon,W03,Completed
O000968,2025-05-18,Amazon,W01,Completed
O000969,2025-09-11,Amazon,W02,Completed
O000970,2025-04-18,Walmart,W03,Completed
O000971,2025-07-05,Amazon,W02,Completed
O000972,2025-01-10,Walmart,W03,Completed
O000973,2025-03-08,Walmart,W02,Completed
O000974,2025-09-26,Amazon,W02,Completed
O000975,2025-04-28,eBay,W01,Completed
O000976,2025-11-18,Amazon,W02,Completed
O000977,2025-02-16,Walmart,W01,Completed
O000978,2025-12-06,Amazon,W03,Cancelled
O000979,2025-06-16,eBay,W02,Completed
O000980,2025-02-27,Amazon,W03,Completed
O000981,2025-10-31,Walmart,W03,Completed
O000982,2025-05-07,Walmart,W01,Completed
O000983,2025-03-08,Amazon,W03,Completed
O000984,2025-10-31,Walmart,W01,Completed
O000985,2025-06-03,eBay,W01,Completed
O000986,2025-08-21,Amazon,W03,Completed
O000987,2025-08-07,Amazon,W01,Completed
O000988,2025-11-01,Amazon,W01,Completed
O000989,2025-07-23,Amazon,W01,Completed
O000990,2025-09-17,Walmart,W01,Completed
O000991,2025-05-17,Amazon,W03,Completed
O000992,2025-09-15,Walmart,W02,Completed
O000993,2025-01-05,Walmart,W01,Completed
O000994,2025-02-10,Walmart,W02,Completed
O000995,2025-07-26,Walmart,W03,Completed
O000996,2025-02-01,Walmart,W01,Cancelled
O000997,2025-09-17,eBay,W01,Completed
O000998,2025-04-21,Walmart,W02,Completed
O000999,2025-06-30,Amazon,W03,Completed
O001000,2025-01-17,Amazon,W01,Completed
O001001,2025-04-19,eBay,W03,Completed
O001002,2025-08-01,eBay,W01,Cancelled
O001003,2025-04-11,eBay,W02,Completed
O001004,2025-04-06,Walmart,W02,Completed
O001005,2025-06-10,Walmart,W01,Completed
O001006,2025-12-08,Walmart,W02,Completed
O001007,2025-11-17,eBay,W01,Completed
O001008,2025-11-21,Amazon,W03,Completed
O001009,2025-05-07,Amazon,W02,Completed
O001010,2025-06-11,Amazon,W02,Completed
O001011,2025-01-12,Amazon,W03,Completed
O001012,2025-12-04,Amazon,W01,Completed
O001013,2025-03-18,Walmart,W02,Completed
O001014,2025-08-28,Amazon,W01,Completed
O001015,2025-10-12,Amazon,W03,Completed
O001016,2025-10-21,eBay,W01,Completed
O001017,2025-08-21,Walmart,W01,Completed
O001018,2025-04-14,Amazon,W01,Completed
O001019,2025-02-20,Walmart,W02,Completed
O001020,2025-01-16,Amazon,W02,Completed
O001021,2025-06-21,Amazon,W03,Completed
O001022,2025-02-21,Amazon,W01,Completed
O001023,2025-11-18,Amazon,W01,Completed
O001024,2025-10-07,Amazon,W01,Completed
O001025,2025-08-18,Amazon,W01,Completed
O001026,2025-11-08,eBay,W02,Completed
O001027,2025-04-18,eBay,W03,Completed
O001028,2025-02-21,Walmart,W01,Completed
O001029,2025-11-04,Amazon,W03,Completed
O001030,2025-06-21,Amazon,W01,Completed
O001031,2025-08-09,Walmart,W01,Completed
O001032,2025-07-02,Walmart,W01,Completed
O001033,2025-03-11,eBay,W02,Completed
O001034,2025-04-05,Walmart,W01,Completed
O001035,2025-05-12,Amazon,W02,Completed
O001036,2025-07-02,Amazon,W01,Completed
O001037,2025-11-03,Amazon,W01,Completed
O001038,2025-08-17,eBay,W02,Completed
O001039,2025-07-06,Amazon,W02,Completed
O001040,2025-06-02,Amazon,W01,Completed
O001041,2025-04-19,Walmart,W03,Completed
O001042,2025-04-24,Walmart,W02,Completed
O001043,2025-04-24,eBay,W03,Completed
O001044,2025-11-08,Walmart,W01,Completed
O001045,2025-01-22,Walmart,W01,Completed
O001046,2025-09-27,eBay,W02,Completed
O001047,2025-01-25,eBay,W02,Completed
O001048,2025-12-27,Walmart,W03,Completed
O001049,2025-04-30,Amazon,W02,Cancelled
O001050,2025-08-13,Amazon,W01,Completed
O001051,2025-06-05,Amazon,W01,Completed
O001052,2025-10-03,Amazon,W03,Completed
O001053,2025-04-05,Amazon,W01,Completed
O001054,2025-02-06,Amazon,W02,Completed
O001055,2025-09-20,Amazon,W01,Completed
O001056,2025-04-08,Walmart,W02,Cancelled
O001057,2025-01-07,Amazon,W02,Completed
O001058,2025-09-18,Amazon,W02,Completed
O001059,2025-01-03,Amazon,W02,Completed
O001060,2025-02-28,Amazon,W02,Completed
O001061,2025-03-31,Amazon,W03,Completed
O001062,2025-04-23,Walmart,W02,Completed
O001063,2025-06-14,eBay,W02,Completed
O001064,2025-01-29,eBay,W02,Completed
O001065,2025-07-01,eBay,W03,Completed
O001066,2025-08-04,eBay,W02,Completed
O001067,2025-10-14,Amazon,W02,Completed
O001068,2025-06-05,Walmart,W02,Completed
O001069,2025-11-30,Walmart,W01,Completed
O001070,2025-05-10,Walmart,W01,Completed
O001071,2025-01-01,Amazon,W01,Completed
O001072,2025-06-01,Amazon,W02,Completed
O001073,2025-01-01,Walmart,W02,Completed
O001074,2025-10-03,Amazon,W03,Completed
O001075,2025-02-25,Amazon,W01,Completed
O001076,2025-09-14,Amazon,W02,Completed
O001077,2025-03-08,Amazon,W01,Completed
O001078,2025-11-12,Amazon,W01,Completed
O001079,2025-12-24,Amazon,W03,Completed
O001080,2025-10-15,Amazon,W01,Completed
O001081,2025-12-30,eBay,W03,Completed
O001082,2025-04-05,eBay,W02,Completed
O001083,2025-12-28,eBay,W02,Completed
O001084,2025-11-01,Amazon,W02,Completed
O001085,2025-10-30,Amazon,W01,Completed
O001086,2025-06-19,Amazon,W03,Completed
O001087,2025-05-18,Walmart,W01,Completed
O001088,2025-01-07,Amazon,W01,Completed
O001089,2025-07-12,eBay,W02,Cancelled
O001090,2025-04-29,Amazon,W01,Completed
O001091,2025-06-26,Walmart,W02,Completed
O001092,2025-03-04,Amazon,W02,Completed
O001093,2025-06-24,Walmart,W01,Completed
O001094,2025-01-08,Walmart,W01,Completed
O001095,2025-12-18,Amazon,W01,Cancelled
O001096,2025-04-17,Walmart,W01,Completed
O001097,2025-11-19,Walmart,W02,Completed
O001098,2025-11-23,Walmart,W03,Completed
O001099,2025-12-17,eBay,W02,Completed
O001100,2025-03-04,Walmart,W01,Completed
O001101,2025-03-12,Walmart,W02,Completed
O001102,2025-06-15,Amazon,W03,Completed
O001103,2025-02-05,Amazon,W01,Completed
O001104,2025-04-28,Walmart,W02,Completed
O001105,2025-10-19,Amazon,W01,Completed
O001106,2025-12-31,eBay,W01,Completed
O001107,2025-12-21,Amazon,W01,Completed
O001108,2025-11-04,Amazon,W03,Completed
O001109,2025-03-05,eBay,W01,Completed
O001110,2025-06-28,Amazon,W02,Completed
O001111,2025-11-02,Amazon,W01,Completed
O001112,2025-09-22,Amazon,W03,Completed
O001113,2025-05-02,eBay,W01,Completed
O001114,2025-02-28,Amazon,W02,Cancelled
O001115,2025-06-02,Walmart,W03,Completed
O001116,2025-07-29,eBay,W02,Completed
O001117,2025-09-24,Amazon,W01,Completed
O001118,2025-11-25,Walmart,W03,Completed
O001119,2025-10-20,Walmart,W01,Completed
O001120,2025-09-13,Walmart,W01,Completed
O001121,2025-12-09,Amazon,W02,Completed
O001122,2025-10-12,Amazon,W01,Completed
O001123,2025-05-03,Walmart,W03,Completed
O001124,2025-11-18,Walmart,W02,Completed
O001125,2025-02-06,Walmart,W02,Completed
O001126,2025-10-31,Walmart,W02,Completed
O001127,2025-03-14,eBay,W02,Completed
O001128,2025-02-22,Walmart,W01,Completed
O001129,2025-11-21,Walmart,W03,Completed
O001130,2025-01-21,eBay,W01,Completed
O001131,2025-08-29,eBay,W02,Completed
O001132,2025-10-08,Walmart,W01,Completed
O001133,2025-05-03,Walmart,W01,Completed
O001134,2025-08-15,Amazon,W02,Completed
O001135,2025-09-13,eBay,W01,Completed
O001136,2025-05-07,eBay,W03,Completed
O001137,2025-08-28,Walmart,W02,Completed
O001138,2025-11-21,eBay,W03,Completed
O001139,2025-01-28,Walmart,W01,Completed
O001140,2025-09-27,Amazon,W02,Completed
O001141,2025-09-18,Amazon,W02,Completed
O001142,2025-10-02,Amazon,W01,Completed
O001143,2025-10-15,Walmart,W03,Completed
O001144,2025-12-08,eBay,W02,Completed
O001145,2025-12-20,Walmart,W03,Completed
O001146,2025-01-13,eBay,W02,Completed
O001147,2025-12-23,Walmart,W02,Completed
O001148,2025-02-03,Walmart,W02,Completed
O001149,2025-05-29,Amazon,W03,Completed
O001150,2025-11-16,Amazon,W03,Completed
O001151,2025-12-02,Amazon,W02,Completed
O001152,2025-01-02,Amazon,W02,Cancelled
O001153,2025-04-03,Amazon,W01,Completed
O001154,2025-08-24,eBay,W01,Completed
O001155,2025-06-04,Walmart,W02,Completed
O001156,2025-04-22,Amazon,W03,Completed
O001157,2025-09-30,Walmart,W01,Completed
O001158,2025-01-01,Walmart,W03,Completed
O001159,2025-07-19,Walmart,W01,Completed
O001160,2025-12-12,eBay,W02,Completed
O001161,2025-12-20,Amazon,W01,Completed
O001162,2025-07-29,Walmart,W02,Completed
O001163,2025-09-27,Amazon,W02,Completed
O001164,2025-04-14,Amazon,W01,Completed
O001165,2025-08-14,Amazon,W02,Completed
O001166,2025-11-10,eBay,W01,Completed
O001167,2025-02-12,Amazon,W01,Completed
O001168,2025-06-12,Amazon,W01,Completed
O001169,2025-03-29,eBay,W02,Completed
O001170,2025-03-11,Walmart,W02,Completed
O001171,2025-08-10,Walmart,W01,Completed
O001172,2025-06-27,Walmart,W02,Completed
O001173,2025-11-01,Walmart,W01,Completed
O001174,2025-12-22,Amazon,W02,Completed
O001175,2025-08-05,Amazon,W01,Completed
O001176,2025-07-12,Walmart,W02,Completed
O001177,2025-10-08,Amazon,W01,Completed
O001178,2025-01-09,Amazon,W02,Completed
O001179,2025-11-27,eBay,W01,Completed
O001180,2025-01-02,Amazon,W01,Completed
O001181,2025-01-23,Amazon,W01,Completed
O001182,2025-05-30,Amazon,W02,Completed
O001183,2025-12-09,Walmart,W03,Completed
O001184,2025-08-21,eBay,W02,Completed
O001185,2025-02-28,Walmart,W03,Completed
O001186,2025-10-06,Amazon,W03,Completed
O001187,2025-09-03,Walmart,W03,Completed
O001188,2025-02-14,eBay,W02,Completed
O001189,2025-08-03,Walmart,W03,Completed
O001190,2025-03-31,eBay,W03,Completed
O001191,2025-08-11,Walmart,W01,Completed
O001192,2025-08-05,Walmart,W03,Completed
O001193,2025-07-22,Walmart,W02,Completed
O001194,2025-02-12,eBay,W03,Completed
O001195,2025-11-07,Walmart,W02,Completed
O001196,2025-12-25,Amazon,W01,Completed
O001197,2025-09-21,eBay,W01,Completed
O001198,2025-09-11,Walmart,W03,Completed
O001199,2025-08-14,Amazon,W01,Completed
O001200,2025-02-06,eBay,W02,Cancelled
O001201,2025-10-16,eBay,W02,Completed
O001202,2025-09-11,Walmart,W03,Completed
O001203,2025-03-29,Walmart,W02,Completed
O001204,2025-06-25,Walmart,W03,Completed
O001205,2025-07-11,Amazon,W02,Completed
O001206,2025-12-30,eBay,W01,Completed
O001207,2025-01-11,Amazon,W01,Completed
O001208,2025-07-07,Amazon,W02,Completed
O001209,2025-11-24,Amazon,W03,Completed
O001210,2025-07-24,Amazon,W03,Completed
O001211,2025-10-24,Walmart,W01,Completed
O001212,2025-07-08,Amazon,W01,Completed
O001213,2025-03-09,eBay,W01,Completed
O001214,2025-02-01,Walmart,W02,Completed
O001215,2025-09-05,Walmart,W01,Completed
O001216,2025-07-22,Amazon,W02,Completed
O001217,2025-05-23,Walmart,W01,Completed
O001218,2025-03-30,Walmart,W01,Completed
O001219,2025-10-31,Walmart,W03,Completed
O001220,2025-09-17,Amazon,W01,Completed
O001221,2025-03-06,Walmart,W02,Completed
O001222,2025-08-28,Walmart,W01,Completed
O001223,2025-10-11,eBay,W02,Completed
O001224,2025-01-16,Amazon,W03,Completed
O001225,2025-04-25,eBay,W02,Completed
O001226,2025-04-18,Amazon,W02,Completed
O001227,2025-09-11,eBay,W01,Completed
O001228,2025-08-16,Walmart,W01,Completed
O001229,2025-05-25,Walmart,W02,Completed
O001230,2025-03-27,Walmart,W02,Completed
O001231,2025-10-18,Amazon,W01,Completed
O001232,2025-12-03,Amazon,W02,Completed
O001233,2025-03-26,Walmart,W03,Completed
O001234,2025-07-18,Amazon,W02,Completed
O001235,2025-03-24,Amazon,W02,Completed
O001236,2025-08-29,Walmart,W03,Completed
O001237,2025-01-16,Walmart,W03,Completed
O001238,2025-11-06,Amazon,W02,Completed
O001239,2025-03-31,Amazon,W01,Completed
O001240,2025-03-23,Amazon,W01,Completed
O001241,2025-05-06,Walmart,W02,Completed
O001242,2025-05-24,Walmart,W02,Completed
O001243,2025-10-09,Walmart,W03,Completed
O001244,2025-11-23,Amazon,W01,Completed
O001245,2025-03-26,Walmart,W01,Completed
O001246,2025-02-25,Walmart,W02,Completed
O001247,2025-09-14,Amazon,W03,Cancelled
O001248,2025-09-22,eBay,W03,Completed
O001249,2025-02-06,Walmart,W03,Completed
O001250,2025-09-07,Walmart,W01,Completed
O001251,2025-07-21,Walmart,W01,Completed
O001252,2025-12-24,Amazon,W03,Completed
O001253,2025-12-18,Amazon,W01,Completed
O001254,2025-07-25,Walmart,W01,Completed
O001255,2025-12-10,Walmart,W01,Completed
O001256,2025-06-21,eBay,W02,Completed
O001257,2025-04-14,Amazon,W01,Completed
O001258,2025-12-20,eBay,W01,Completed
O001259,2025-12-14,eBay,W03,Completed
O001260,2025-12-31,Walmart,W03,Completed
O001261,2025-02-12,Walmart,W02,Cancelled
O001262,2025-11-07,Amazon,W01,Completed
O001263,2025-09-24,Walmart,W02,Completed
O001264,2025-03-05,Amazon,W01,Completed
O001265,2025-09-24,Walmart,W03,Completed
O001266,2025-07-12,Walmart,W02,Completed
O001267,2025-04-09,Amazon,W01,Completed
O001268,2025-06-19,Walmart,W03,Completed
O001269,2025-08-06,Amazon,W01,Completed
O001270,2025-05-08,Amazon,W03,Completed
O001271,2025-08-06,eBay,W03,Completed
O001272,2025-11-02,Walmart,W01,Completed
O001273,2025-10-22,Amazon,W01,Completed
O001274,2025-08-28,Walmart,W02,Completed
O001275,2025-04-02,Amazon,W02,Completed
O001276,2025-08-31,Amazon,W01,Completed
O001277,2025-05-18,Amazon,W03,Completed
O001278,2025-04-06,eBay,W02,Completed
O001279,2025-05-18,Amazon,W01,Completed
O001280,2025-04-20,Amazon,W03,Completed
O001281,2025-01-28,eBay,W03,Cancelled
O001282,2025-08-25,eBay,W02,Completed
O001283,2025-09-23,eBay,W02,Completed
O001284,2025-08-01,Amazon,W03,Completed
O001285,2025-10-26,Walmart,W03,Completed
O001286,2025-03-28,Walmart,W01,Completed
O001287,2025-02-20,Amazon,W02,Completed
O001288,2025-11-25,Amazon,W01,Completed
O001289,2025-06-10,Amazon,W01,Completed
O001290,2025-06-13,Amazon,W01,Completed
O001291,2025-05-11,eBay,W01,Completed
O001292,2025-02-09,Amazon,W01,Completed
O001293,2025-05-02,eBay,W02,Completed
O001294,2025-11-23,eBay,W01,Completed
O001295,2025-10-25,eBay,W02,Completed
O001296,2025-06-18,Amazon,W03,Completed
O001297,2025-10-07,Amazon,W03,Completed
O001298,2025-10-11,Amazon,W01,Completed
O001299,2025-02-04,Amazon,W01,Completed
O001300,2025-03-22,Amazon,W02,Completed
O001301,2025-01-16,Amazon,W01,Completed
O001302,2025-06-01,Walmart,W01,Completed
O001303,2025-06-19,Walmart,W01,Completed
O001304,2025-08-14,Amazon,W01,Completed
O001305,2025-05-18,Walmart,W03,Completed
O001306,2025-05-23,Walmart,W02,Completed
O001307,2025-02-03,Amazon,W02,Cancelled
O001308,2025-07-26,Amazon,W01,Completed
O001309,2025-03-22,Walmart,W01,Completed
O001310,2025-08-09,Amazon,W01,Completed
O001311,2025-09-21,eBay,W01,Completed
O001312,2025-08-28,Walmart,W01,Completed
O001313,2025-02-17,eBay,W02,Completed
O001314,2025-02-22,Amazon,W03,Completed
O001315,2025-11-12,Amazon,W03,Completed
O001316,2025-08-03,Amazon,W02,Completed
O001317,2025-02-15,Amazon,W02,Completed
O001318,2025-05-24,Walmart,W01,Completed
O001319,2025-09-16,eBay,W02,Completed
O001320,2025-01-08,Amazon,W03,Completed
O001321,2025-04-11,eBay,W02,Completed
O001322,2025-10-28,eBay,W01,Completed
O001323,2025-09-24,eBay,W01,Completed
O001324,2025-07-23,Amazon,W03,Completed
O001325,2025-11-07,eBay,W02,Completed
O001326,2025-08-13,Amazon,W03,Completed
O001327,2025-01-02,Amazon,W01,Completed
O001328,2025-01-31,Amazon,W03,Completed
O001329,2025-05-02,eBay,W02,Completed
O001330,2025-11-05,Walmart,W01,Completed
O001331,2025-02-01,Amazon,W02,Completed
O001332,2025-06-10,Amazon,W01,Completed
O001333,2025-10-22,Walmart,W01,Completed
O001334,2025-10-16,Amazon,W02,Completed
O001335,2025-04-13,eBay,W01,Completed
O001336,2025-03-13,Walmart,W02,Completed
O001337,2025-06-28,Walmart,W01,Completed
O001338,2025-10-07,eBay,W01,Completed
O001339,2025-11-20,eBay,W01,Completed
O001340,2025-07-21,eBay,W01,Completed
O001341,2025-02-12,Amazon,W02,Completed
O001342,2025-06-21,Walmart,W01,Completed
O001343,2025-07-05,Walmart,W02,Completed
O001344,2025-07-09,Walmart,W02,Completed
O001345,2025-02-02,eBay,W02,Completed
O001346,2025-03-08,Amazon,W02,Completed
O001347,2025-10-06,Walmart,W03,Completed
O001348,2025-04-10,Amazon,W01,Completed
O001349,2025-06-30,Amazon,W01,Completed
O001350,2025-04-08,Walmart,W02,Cancelled
O001351,2025-04-13,Walmart,W01,Completed
O001352,2025-08-24,Amazon,W01,Completed
O001353,2025-10-05,Amazon,W01,Completed
O001354,2025-04-28,Amazon,W02,Completed
O001355,2025-04-09,Amazon,W02,Completed
O001356,2025-09-12,eBay,W02,Completed
O001357,2025-12-10,Amazon,W03,Completed
O001358,2025-03-10,eBay,W03,Completed
O001359,2025-06-05,Amazon,W02,Completed
O001360,2025-09-26,Amazon,W02,Completed
O001361,2025-07-25,Walmart,W02,Completed
O001362,2025-10-19,eBay,W01,Cancelled
O001363,2025-09-13,Walmart,W02,Completed
O001364,2025-08-12,Amazon,W02,Completed
O001365,2025-03-02,Walmart,W03,Completed
O001366,2025-10-13,Walmart,W01,Completed
O001367,2025-07-05,Walmart,W01,Completed
O001368,2025-06-29,Amazon,W02,Completed
O001369,2025-11-07,Amazon,W02,Completed
O001370,2025-12-05,eBay,W02,Completed
O001371,2025-01-09,eBay,W02,Completed
O001372,2025-04-11,Walmart,W02,Completed
O001373,2025-11-25,Walmart,W03,Completed
O001374,2025-02-08,eBay,W02,Completed
O001375,2025-05-17,Walmart,W01,Completed
O001376,2025-05-09,Amazon,W01,Completed
O001377,2025-08-05,Walmart,W02,Completed
O001378,2025-08-07,Walmart,W03,Completed
O001379,2025-11-28,eBay,W02,Completed
O001380,2025-07-26,Amazon,W01,Completed
O001381,2025-11-18,Walmart,W01,Completed
O001382,2025-08-24,Walmart,W03,Completed
O001383,2025-12-09,Amazon,W01,Completed
O001384,2025-10-19,Amazon,W01,Completed
O001385,2025-01-20,Walmart,W02,Completed
O001386,2025-07-08,Amazon,W03,Completed
O001387,2025-03-10,Walmart,W01,Completed
O001388,2025-08-20,eBay,W03,Completed
O001389,2025-02-16,Walmart,W03,Completed
O001390,2025-01-30,Amazon,W01,Completed
O001391,2025-11-29,Walmart,W01,Completed
O001392,2025-05-06,Amazon,W02,Completed
O001393,2025-09-15,Amazon,W01,Completed
O001394,2025-02-18,Amazon,W01,Completed
O001395,2025-06-05,Amazon,W02,Completed
O001396,2025-07-04,Walmart,W02,Completed
O001397,2025-09-17,eBay,W01,Completed
O001398,2025-08-20,Walmart,W02,Completed
O001399,2025-08-29,eBay,W01,Completed
O001400,2025-06-22,Walmart,W03,Completed
O001401,2025-03-17,Amazon,W01,Completed
O001402,2025-08-25,eBay,W02,Completed
O001403,2025-10-28,Amazon,W01,Completed
O001404,2025-05-18,Amazon,W02,Completed
O001405,2025-11-09,Amazon,W01,Completed
O001406,2025-08-31,Amazon,W01,Completed
O001407,2025-10-19,eBay,W02,Completed
O001408,2025-06-13,Walmart,W01,Completed
O001409,2025-07-09,eBay,W03,Completed
O001410,2025-03-02,Walmart,W01,Completed
O001411,2025-04-30,Amazon,W02,Completed
O001412,2025-01-19,eBay,W02,Completed
O001413,2025-03-04,eBay,W01,Completed
O001414,2025-11-21,Amazon,W03,Completed
O001415,2025-03-08,Amazon,W02,Completed
O001416,2025-07-03,eBay,W01,Completed
O001417,2025-09-19,Amazon,W03,Completed
O001418,2025-10-14,Amazon,W03,Completed
O001419,2025-11-20,eBay,W01,Completed
O001420,2025-03-29,Walmart,W03,Completed
O001421,2025-11-21,Walmart,W01,Completed
O001422,2025-07-04,Walmart,W02,Completed
O001423,2025-02-25,Walmart,W01,Completed
O001424,2025-12-29,Amazon,W03,Completed
O001425,2025-06-08,Amazon,W01,Completed
O001426,2025-03-18,eBay,W02,Completed
O001427,2025-09-10,eBay,W02,Completed
O001428,2025-05-22,Amazon,W01,Completed
O001429,2025-12-05,Amazon,W02,Completed
O001430,2025-09-06,Walmart,W02,Completed
O001431,2025-06-17,eBay,W02,Completed
O001432,2025-08-13,Walmart,W02,Completed
O001433,2025-10-23,Amazon,W02,Cancelled
O001434,2025-08-25,Walmart,W01,Completed
O001435,2025-12-28,Walmart,W02,Completed
O001436,2025-12-27,Amazon,W02,Completed
O001437,2025-10-18,Amazon,W03,Completed
O001438,2025-01-18,Walmart,W02,Completed
O001439,2025-12-04,eBay,W03,Completed
O001440,2025-01-27,Amazon,W01,Completed
O001441,2025-10-26,eBay,W01,Completed
O001442,2025-08-17,eBay,W03,Completed
O001443,2025-01-14,Walmart,W01,Completed
O001444,2025-08-02,eBay,W02,Completed
O001445,2025-04-15,eBay,W02,Completed
O001446,2025-05-24,eBay,W01,Completed
O001447,2025-02-15,Walmart,W01,Completed
O001448,2025-03-14,Walmart,W01,Completed
O001449,2025-10-14,Amazon,W03,Completed
O001450,2025-08-26,Walmart,W01,Completed
O001451,2025-02-15,Amazon,W01,Completed
O001452,2025-08-25,Amazon,W03,Completed
O001453,2025-11-21,Amazon,W01,Completed
O001454,2025-06-27,Amazon,W01,Completed
O001455,2025-04-30,Amazon,W03,Completed
O001456,2025-12-25,Walmart,W03,Completed
O001457,2025-10-19,Walmart,W01,Completed
O001458,2025-01-04,Walmart,W01,Completed
O001459,2025-12-04,Walmart,W03,Completed
O001460,2025-01-27,Amazon,W02,Completed
O001461,2025-09-27,Amazon,W01,Completed
O001462,2025-03-07,Amazon,W02,Completed
O001463,2025-11-18,Walmart,W03,Completed
O001464,2025-02-21,Amazon,W01,Completed
O001465,2025-11-09,eBay,W01,Completed
O001466,2025-06-16,Amazon,W01,Completed
O001467,2025-12-11,Walmart,W01,Cancelled
O001468,2025-08-27,Walmart,W02,Completed
O001469,2025-02-16,Amazon,W03,Completed
O001470,2025-04-25,Amazon,W02,Completed
O001471,2025-12-17,eBay,W01,Completed
O001472,2025-11-28,Amazon,W02,Completed
O001473,2025-06-14,Amazon,W02,Completed
O001474,2025-11-18,eBay,W03,Cancelled
O001475,2025-05-20,Walmart,W02,Completed
O001476,2025-12-10,Amazon,W02,Completed
O001477,2025-06-23,Walmart,W02,Completed
O001478,2025-07-26,eBay,W03,Completed
O001479,2025-03-24,Amazon,W02,Completed
O001480,2025-12-30,Walmart,W01,Completed
O001481,2025-03-20,Walmart,W03,Completed
O001482,2025-02-16,Walmart,W02,Completed
O001483,2025-12-14,Walmart,W02,Completed
O001484,2025-12-21,eBay,W01,Completed
O001485,2025-07-01,Walmart,W01,Completed
O001486,2025-12-21,eBay,W03,Completed
O001487,2025-07-15,Walmart,W03,Completed
O001488,2025-12-12,Amazon,W02,Completed
O001489,2025-05-09,Amazon,W02,Completed
O001490,2025-09-14,Walmart,W03,Completed
O001491,2025-05-12,Walmart,W03,Completed
O001492,2025-12-30,Walmart,W02,Completed
O001493,2025-05-11,Amazon,W03,Completed
O001494,2025-10-07,Amazon,W01,Completed
O001495,2025-12-08,Amazon,W02,Completed
O001496,2025-09-19,eBay,W01,Completed
O001497,2025-06-25,eBay,W01,Completed
O001498,2025-04-05,Walmart,W03,Completed
O001499,2025-02-19,Amazon,W02,Completed
O001500,2025-10-13,Walmart,W02,Completed
O001501,2025-10-29,Amazon,W02,Completed
O001502,2025-05-08,Amazon,W02,Completed
O001503,2025-05-20,Walmart,W01,Completed
O001504,2025-04-02,Walmart,W02,Completed
O001505,2025-11-25,Amazon,W02,Completed
O001506,2025-06-22,Walmart,W01,Completed
O001507,2025-04-26,Amazon,W01,Completed
O001508,2025-07-25,Amazon,W02,Completed
O001509,2025-05-22,Amazon,W01,Completed
O001510,2025-02-07,eBay,W01,Completed
O001511,2025-01-16,eBay,W02,Completed
O001512,2025-03-21,Walmart,W02,Cancelled
O001513,2025-08-14,Walmart,W03,Completed
O001514,2025-11-12,Amazon,W02,Completed
O001515,2025-05-13,eBay,W01,Completed
O001516,2025-07-15,Walmart,W03,Completed
O001517,2025-06-25,Amazon,W02,Cancelled
O001518,2025-12-10,eBay,W01,Completed
O001519,2025-09-02,Amazon,W02,Completed
O001520,2025-09-02,Walmart,W01,Completed
O001521,2025-03-21,Walmart,W03,Completed
O001522,2025-09-26,eBay,W03,Completed
O001523,2025-08-20,Amazon,W02,Completed
O001524,2025-08-21,Walmart,W03,Completed
O001525,2025-10-30,Amazon,W01,Completed
O001526,2025-03-09,Walmart,W01,Completed
O001527,2025-01-26,Walmart,W02,Completed
O001528,2025-08-04,Amazon,W02,Completed
O001529,2025-02-21,Amazon,W02,Completed
O001530,2025-12-17,Amazon,W01,Completed
O001531,2025-03-10,eBay,W01,Completed
O001532,2025-04-11,Amazon,W03,Completed
O001533,2025-11-14,Walmart,W02,Completed
O001534,2025-08-22,Amazon,W02,Completed
O001535,2025-12-13,Walmart,W01,Completed
O001536,2025-09-19,eBay,W02,Completed
O001537,2025-09-25,eBay,W01,Completed
O001538,2025-01-10,Walmart,W01,Completed
O001539,2025-08-25,Walmart,W02,Completed
O001540,2025-11-26,Walmart,W02,Completed
O001541,2025-03-13,Amazon,W02,Completed
O001542,2025-02-23,Amazon,W01,Completed
O001543,2025-06-30,Walmart,W01,Completed
O001544,2025-01-03,Amazon,W01,Completed
O001545,2025-01-29,Walmart,W02,Completed
O001546,2025-11-23,Walmart,W02,Completed
O001547,2025-10-27,Walmart,W03,Completed
O001548,2025-05-06,Amazon,W02,Completed
O001549,2025-11-01,eBay,W03,Completed
O001550,2025-03-06,Amazon,W02,Completed
O001551,2025-03-19,Amazon,W01,Completed
O001552,2025-03-20,Amazon,W01,Completed
O001553,2025-04-23,Amazon,W03,Completed
O001554,2025-04-22,eBay,W02,Completed
O001555,2025-10-21,eBay,W03,Completed
O001556,2025-01-30,Walmart,W02,Completed
O001557,2025-06-11,Amazon,W02,Completed
O001558,2025-12-02,Amazon,W01,Cancelled
O001559,2025-06-28,Amazon,W01,Completed
O001560,2025-12-22,Amazon,W01,Completed
O001561,2025-06-16,Amazon,W01,Completed
O001562,2025-07-06,Walmart,W03,Completed
O001563,2025-03-06,Walmart,W03,Completed
O001564,2025-12-14,eBay,W02,Completed
O001565,2025-09-15,Walmart,W03,Cancelled
O001566,2025-01-22,Walmart,W03,Completed
O001567,2025-03-30,eBay,W02,Completed
O001568,2025-07-12,Amazon,W01,Completed
O001569,2025-09-11,Amazon,W03,Completed
O001570,2025-10-14,Amazon,W01,Completed
O001571,2025-06-27,Walmart,W02,Completed
O001572,2025-06-18,Amazon,W02,Completed
O001573,2025-05-03,Walmart,W01,Completed
O001574,2025-12-01,eBay,W01,Completed
O001575,2025-03-14,Amazon,W02,Completed
O001576,2025-03-17,Walmart,W01,Completed
O001577,2025-04-11,Amazon,W02,Completed
O001578,2025-02-20,eBay,W01,Completed
O001579,2025-07-29,Walmart,W03,Completed
O001580,2025-07-08,Walmart,W01,Completed
O001581,2025-03-27,Walmart,W01,Completed
O001582,2025-03-16,Walmart,W02,Cancelled
O001583,2025-04-03,Walmart,W02,Completed
O001584,2025-07-21,Amazon,W01,Completed
O001585,2025-08-16,Walmart,W03,Completed
O001586,2025-02-07,Walmart,W01,Completed
O001587,2025-04-09,eBay,W03,Completed
O001588,2025-12-28,Walmart,W01,Completed
O001589,2025-02-25,eBay,W03,Completed
O001590,2025-03-04,eBay,W01,Completed
O001591,2025-07-04,Amazon,W02,Completed
O001592,2025-08-02,eBay,W03,Completed
O001593,2025-03-21,Walmart,W01,Completed
O001594,2025-09-30,Walmart,W01,Completed
O001595,2025-10-12,Amazon,W01,Completed
O001596,2025-06-08,Amazon,W03,Completed
O001597,2025-02-15,Walmart,W03,Completed
O001598,2025-02-09,Walmart,W03,Completed
O001599,2025-03-30,eBay,W03,Completed
O001600,2025-10-03,Amazon,W01,Completed
O001601,2025-02-01,Amazon,W03,Completed
O001602,2025-12-04,Amazon,W03,Completed
O001603,2025-03-12,Walmart,W02,Completed
O001604,2025-03-15,Walmart,W01,Completed
O001605,2025-05-12,eBay,W02,Completed
O001606,2025-12-09,Amazon,W02,Completed
O001607,2025-09-08,Walmart,W01,Completed
O001608,2025-10-16,Amazon,W02,Completed
O001609,2025-11-12,Walmart,W02,Completed
O001610,2025-03-12,eBay,W01,Cancelled
O001611,2025-04-15,Amazon,W01,Completed
O001612,2025-02-15,Walmart,W03,Completed
O001613,2025-06-12,Amazon,W02,Completed
O001614,2025-01-15,Amazon,W02,Cancelled
O001615,2025-09-13,eBay,W02,Cancelled
O001616,2025-02-08,Amazon,W01,Completed
O001617,2025-10-17,eBay,W02,Completed
O001618,2025-04-04,Amazon,W01,Completed
O001619,2025-02-23,eBay,W02,Completed
O001620,2025-11-13,Walmart,W02,Completed
O001621,2025-01-01,Walmart,W01,Completed
O001622,2025-08-17,Amazon,W02,Completed
O001623,2025-02-14,Walmart,W01,Cancelled
O001624,2025-08-09,Walmart,W03,Completed
O001625,2025-02-04,Amazon,W03,Completed
O001626,2025-05-03,Walmart,W02,Completed
O001627,2025-10-29,Walmart,W02,Completed
O001628,2025-07-16,eBay,W02,Completed
O001629,2025-05-26,eBay,W01,Completed
O001630,2025-10-13,Amazon,W02,Completed
O001631,2025-09-23,Amazon,W01,Completed
O001632,2025-07-09,eBay,W02,Completed
O001633,2025-07-15,Walmart,W01,Completed
O001634,2025-05-05,Amazon,W01,Completed
O001635,2025-06-01,Amazon,W01,Completed
O001636,2025-08-31,Amazon,W02,Completed
O001637,2025-09-10,Walmart,W01,Completed
O001638,2025-05-03,Walmart,W01,Completed
O001639,2025-09-24,eBay,W02,Completed
O001640,2025-05-06,eBay,W02,Completed
O001641,2025-01-06,Walmart,W01,Completed
O001642,2025-10-27,Walmart,W01,Completed
O001643,2025-08-23,eBay,W02,Completed
O001644,2025-09-02,Walmart,W01,Completed
O001645,2025-01-30,Walmart,W01,Completed
O001646,2025-03-22,Amazon,W01,Completed
O001647,2025-09-10,Amazon,W01,Completed
O001648,2025-07-14,eBay,W02,Completed
O001649,2025-08-01,Walmart,W02,Completed
O001650,2025-06-28,Amazon,W01,Completed
O001651,2025-01-26,eBay,W02,Completed
O001652,2025-09-25,Amazon,W02,Completed
O001653,2025-12-29,Walmart,W01,Completed
O001654,2025-11-20,Amazon,W02,Completed
O001655,2025-09-28,Walmart,W03,Completed
O001656,2025-07-22,Amazon,W03,Completed
O001657,2025-01-22,Amazon,W01,Completed
O001658,2025-08-05,Amazon,W03,Completed
O001659,2025-11-01,Walmart,W01,Completed
O001660,2025-06-09,Amazon,W03,Completed
O001661,2025-06-08,Amazon,W03,Completed
O001662,2025-12-19,eBay,W02,Completed
O001663,2025-03-18,eBay,W01,Completed
O001664,2025-08-21,Walmart,W03,Completed
O001665,2025-07-16,Amazon,W01,Completed
O001666,2025-07-06,Amazon,W01,Completed
O001667,2025-04-21,Walmart,W02,Completed
O001668,2025-04-01,Amazon,W02,Completed
O001669,2025-07-11,Amazon,W03,Completed
O001670,2025-05-24,Walmart,W01,Cancelled
O001671,2025-02-18,Amazon,W03,Completed
O001672,2025-11-15,Walmart,W03,Completed
O001673,2025-09-08,Amazon,W03,Completed
O001674,2025-09-10,Amazon,W02,Completed
O001675,2025-01-24,Walmart,W03,Completed
O001676,2025-08-02,Walmart,W01,Completed
O001677,2025-05-23,Walmart,W03,Completed
O001678,2025-01-10,Amazon,W02,Completed
O001679,2025-08-10,Walmart,W03,Completed
O001680,2025-01-12,Amazon,W01,Completed
O001681,2025-01-17,Walmart,W03,Completed
O001682,2025-12-25,Amazon,W02,Completed
O001683,2025-04-01,Amazon,W02,Completed
O001684,2025-11-17,Walmart,W03,Cancelled
O001685,2025-08-15,eBay,W01,Completed
O001686,2025-03-17,Walmart,W01,Completed
O001687,2025-12-05,Walmart,W02,Completed
O001688,2025-09-01,Walmart,W03,Completed
O001689,2025-06-15,Walmart,W01,Completed
O001690,2025-06-16,Amazon,W02,Completed
O001691,2025-03-18,Walmart,W02,Completed
O001692,2025-06-08,Walmart,W02,Completed
O001693,2025-09-08,eBay,W01,Completed
O001694,2025-02-01,Amazon,W01,Completed
O001695,2025-10-20,Amazon,W02,Completed
O001696,2025-08-17,Amazon,W02,Completed
O001697,2025-10-11,Amazon,W03,Completed
O001698,2025-06-26,Walmart,W01,Completed
O001699,2025-10-04,Amazon,W02,Completed
O001700,2025-11-17,eBay,W01,Completed
O001701,2025-03-16,eBay,W01,Completed
O001702,2025-02-16,Amazon,W03,Completed
O001703,2025-07-14,Amazon,W02,Completed
O001704,2025-01-24,Walmart,W02,Completed
O001705,2025-03-26,Walmart,W01,Completed
O001706,2025-01-02,Amazon,W02,Completed
O001707,2025-02-27,Amazon,W01,Completed
O001708,2025-09-05,Walmart,W01,Completed
O001709,2025-04-16,Amazon,W02,Completed
O001710,2025-09-03,Amazon,W03,Completed
O001711,2025-07-13,Walmart,W02,Completed
O001712,2025-07-05,Amazon,W01,Completed
O001713,2025-04-28,Walmart,W01,Completed
O001714,2025-12-22,eBay,W02,Completed
O001715,2025-08-02,Walmart,W03,Completed
O001716,2025-02-01,Amazon,W02,Completed
O001717,2025-08-28,Walmart,W02,Completed
O001718,2025-06-30,eBay,W03,Completed
O001719,2025-11-24,Walmart,W02,Completed
O001720,2025-01-08,eBay,W02,Cancelled
O001721,2025-04-06,Walmart,W01,Completed
O001722,2025-12-22,eBay,W01,Completed
O001723,2025-09-29,Amazon,W03,Completed
O001724,2025-02-26,eBay,W02,Completed
O001725,2025-08-25,Walmart,W01,Completed
O001726,2025-09-28,Amazon,W03,Completed
O001727,2025-08-24,Walmart,W02,Completed
O001728,2025-10-29,Amazon,W01,Completed
O001729,2025-01-15,Walmart,W02,Completed
O001730,2025-06-05,Walmart,W01,Completed
O001731,2025-06-20,Walmart,W02,Completed
O001732,2025-10-12,eBay,W02,Completed
O001733,2025-11-26,Walmart,W01,Completed
O001734,2025-05-18,eBay,W03,Completed
O001735,2025-02-23,Amazon,W02,Completed
O001736,2025-03-29,Amazon,W01,Completed
O001737,2025-06-24,Walmart,W03,Cancelled
O001738,2025-08-24,Amazon,W02,Completed
O001739,2025-11-16,Walmart,W02,Completed
O001740,2025-10-06,Amazon,W02,Completed
O001741,2025-01-30,Walmart,W01,Completed
O001742,2025-05-08,Walmart,W01,Completed
O001743,2025-05-19,Amazon,W01,Completed
O001744,2025-11-09,eBay,W02,Completed
O001745,2025-01-12,Amazon,W01,Completed
O001746,2025-03-30,Walmart,W02,Completed
O001747,2025-10-30,Amazon,W01,Completed
O001748,2025-02-23,Amazon,W01,Completed
O001749,2025-10-11,Amazon,W03,Completed
O001750,2025-05-07,Walmart,W03,Completed
O001751,2025-10-02,eBay,W01,Cancelled
O001752,2025-03-21,eBay,W01,Cancelled
O001753,2025-03-01,Walmart,W02,Completed
O001754,2025-07-17,Amazon,W03,Completed
O001755,2025-05-19,eBay,W01,Completed
O001756,2025-05-17,eBay,W03,Completed
O001757,2025-12-17,eBay,W02,Completed
O001758,2025-03-21,Walmart,W02,Completed
O001759,2025-04-20,Amazon,W01,Completed
O001760,2025-03-10,Amazon,W02,Completed
O001761,2025-01-29,eBay,W01,Completed
O001762,2025-12-09,Walmart,W01,Completed
O001763,2025-06-24,Amazon,W02,Completed
O001764,2025-10-13,Amazon,W01,Completed
O001765,2025-12-25,Amazon,W02,Completed
O001766,2025-10-09,Amazon,W01,Completed
O001767,2025-11-21,eBay,W03,Completed
O001768,2025-08-04,Walmart,W01,Completed
O001769,2025-07-23,eBay,W02,Completed
O001770,2025-09-18,eBay,W03,Completed
O001771,2025-03-01,eBay,W01,Completed
O001772,2025-12-24,Amazon,W03,Cancelled
O001773,2025-03-16,Amazon,W03,Completed
O001774,2025-10-10,Amazon,W02,Completed
O001775,2025-11-10,Amazon,W01,Completed
O001776,2025-09-14,Walmart,W01,Completed
O001777,2025-02-11,eBay,W02,Completed
O001778,2025-07-31,Amazon,W01,Completed
O001779,2025-05-02,eBay,W03,Completed
O001780,2025-02-23,Walmart,W02,Completed
O001781,2025-11-07,eBay,W01,Completed
O001782,2025-07-31,Amazon,W03,Completed
O001783,2025-08-14,Walmart,W02,Completed
O001784,2025-07-21,eBay,W02,Completed
O001785,2025-01-21,Amazon,W01,Completed
O001786,2025-08-30,Walmart,W01,Completed
O001787,2025-07-30,Walmart,W01,Cancelled
O001788,2025-02-25,eBay,W03,Completed
O001789,2025-08-04,Walmart,W01,Completed
O001790,2025-11-01,Amazon,W03,Completed
O001791,2025-06-22,Amazon,W01,Completed
O001792,2025-01-15,Amazon,W01,Completed
O001793,2025-07-26,Walmart,W01,Completed
O001794,2025-12-04,Amazon,W03,Completed
O001795,2025-02-03,Walmart,W01,Completed
O001796,2025-05-24,Walmart,W03,Completed
O001797,2025-03-21,eBay,W01,Completed
O001798,2025-05-29,Amazon,W01,Completed
O001799,2025-05-19,eBay,W03,Completed
O001800,2025-06-18,eBay,W01,Completed
O001801,2025-05-23,eBay,W01,Completed
O001802,2025-03-20,Walmart,W03,Completed
O001803,2025-07-24,Amazon,W03,Completed
O001804,2025-01-11,Amazon,W03,Completed
O001805,2025-05-10,Walmart,W03,Completed
O001806,2025-04-25,Amazon,W02,Completed
O001807,2025-12-30,Walmart,W02,Completed
O001808,2025-05-10,Amazon,W01,Completed
O001809,2025-06-22,eBay,W02,Cancelled
O001810,2025-07-10,Walmart,W01,Completed
O001811,2025-01-01,Walmart,W01,Completed
O001812,2025-09-06,eBay,W01,Completed
O001813,2025-06-26,Amazon,W01,Completed
O001814,2025-03-27,Amazon,W01,Completed
O001815,2025-08-07,Amazon,W02,Completed
O001816,2025-07-16,Walmart,W01,Completed
O001817,2025-05-27,Amazon,W03,Completed
O001818,2025-07-27,eBay,W03,Completed
O001819,2025-03-30,Walmart,W03,Completed
O001820,2025-01-02,Walmart,W02,Completed
O001821,2025-01-31,Walmart,W03,Completed
O001822,2025-03-19,Walmart,W01,Cancelled
O001823,2025-06-07,Amazon,W01,Completed
O001824,2025-06-03,Walmart,W02,Completed
O001825,2025-01-30,eBay,W02,Completed
O001826,2025-09-27,Walmart,W03,Completed
O001827,2025-08-03,eBay,W01,Completed
O001828,2025-04-20,Amazon,W03,Completed
O001829,2025-08-22,eBay,W03,Completed
O001830,2025-01-14,Walmart,W01,Completed
O001831,2025-09-15,Amazon,W01,Completed
O001832,2025-02-25,eBay,W02,Completed
O001833,2025-03-22,eBay,W02,Completed
O001834,2025-12-27,Amazon,W02,Cancelled
O001835,2025-11-16,eBay,W02,Completed
O001836,2025-12-07,Amazon,W01,Completed
O001837,2025-09-02,Walmart,W01,Completed
O001838,2025-05-23,eBay,W03,Completed
O001839,2025-01-18,Walmart,W02,Completed
O001840,2025-05-01,Amazon,W02,Completed
O001841,2025-11-29,Walmart,W01,Completed
O001842,2025-08-16,Walmart,W03,Completed
O001843,2025-11-12,Amazon,W01,Completed
O001844,2025-11-16,eBay,W02,Completed
O001845,2025-10-30,eBay,W02,Completed
O001846,2025-08-25,Amazon,W03,Completed
O001847,2025-02-17,Amazon,W01,Completed
O001848,2025-07-15,eBay,W02,Completed
O001849,2025-11-11,eBay,W02,Completed
O001850,2025-09-14,Amazon,W01,Completed
O001851,2025-05-11,Walmart,W03,Completed
O001852,2025-01-20,Walmart,W02,Cancelled
O001853,2025-02-04,eBay,W02,Completed
O001854,2025-12-31,eBay,W03,Completed
O001855,2025-12-16,Amazon,W03,Completed
O001856,2025-09-21,Amazon,W02,Completed
O001857,2025-09-04,Amazon,W01,Completed
O001858,2025-06-14,Amazon,W02,Completed
O001859,2025-01-08,Walmart,W02,Completed
O001860,2025-01-19,Amazon,W01,Completed
O001861,2025-01-20,Amazon,W02,Completed
O001862,2025-04-12,Walmart,W01,Completed
O001863,2025-01-11,Amazon,W03,Completed
O001864,2025-10-23,Amazon,W03,Completed
O001865,2025-04-29,Walmart,W03,Completed
O001866,2025-10-03,Walmart,W02,Completed
O001867,2025-12-19,Amazon,W03,Completed
O001868,2025-02-19,Amazon,W03,Completed
O001869,2025-04-23,Amazon,W02,Completed
O001870,2025-06-27,Amazon,W02,Completed
O001871,2025-01-06,Amazon,W01,Completed
O001872,2025-01-11,Amazon,W01,Completed
O001873,2025-09-30,Amazon,W01,Completed
O001874,2025-06-27,Amazon,W03,Completed
O001875,2025-07-14,eBay,W03,Completed
O001876,2025-08-19,Amazon,W03,Completed
O001877,2025-05-12,Walmart,W02,Cancelled
O001878,2025-03-28,Amazon,W01,Completed
O001879,2025-04-01,Walmart,W03,Completed
O001880,2025-01-10,Walmart,W03,Completed
O001881,2025-05-02,eBay,W02,Completed
O001882,2025-10-06,Amazon,W02,Completed
O001883,2025-03-29,Amazon,W03,Completed
O001884,2025-01-02,Amazon,W01,Completed
O001885,2025-04-30,Walmart,W02,Completed
O001886,2025-11-25,eBay,W01,Cancelled
O001887,2025-10-23,Walmart,W01,Completed
O001888,2025-04-01,Amazon,W03,Completed
O001889,2025-02-19,Walmart,W01,Completed
O001890,2025-11-20,Amazon,W01,Completed
O001891,2025-08-30,eBay,W03,Completed
O001892,2025-06-05,Walmart,W02,Completed
O001893,2025-06-30,Walmart,W02,Completed
O001894,2025-09-15,Walmart,W02,Completed
O001895,2025-02-05,Amazon,W02,Completed
O001896,2025-06-01,Amazon,W02,Completed
O001897,2025-10-25,Walmart,W01,Completed
O001898,2025-06-10,Amazon,W02,Completed
O001899,2025-03-29,Walmart,W03,Completed
O001900,2025-10-04,Amazon,W01,Completed
O001901,2025-05-24,eBay,W01,Completed
O001902,2025-09-27,eBay,W03,Completed
O001903,2025-03-06,Amazon,W01,Completed
O001904,2025-02-01,eBay,W02,Completed
O001905,2025-07-05,eBay,W01,Completed
O001906,2025-02-05,Amazon,W02,Completed
O001907,2025-01-24,Walmart,W01,Cancelled
O001908,2025-03-17,Walmart,W03,Completed
O001909,2025-06-03,Amazon,W02,Completed
O001910,2025-05-05,Walmart,W02,Completed
O001911,2025-01-17,eBay,W02,Completed
O001912,2025-04-24,Amazon,W01,Completed
O001913,2025-02-02,Amazon,W01,Completed
O001914,2025-06-23,Amazon,W03,Completed
O001915,2025-03-22,Amazon,W03,Completed
O001916,2025-09-20,eBay,W01,Completed
O001917,2025-11-24,Amazon,W02,Completed
O001918,2025-07-22,eBay,W03,Completed
O001919,2025-01-02,Amazon,W02,Completed
O001920,2025-05-30,Walmart,W02,Completed
O001921,2025-05-18,Walmart,W01,Completed
O001922,2025-05-17,Walmart,W03,Completed
O001923,2025-12-21,Walmart,W01,Completed
O001924,2025-06-12,Amazon,W01,Completed
O001925,2025-12-16,Amazon,W03,Completed
O001926,2025-11-05,Walmart,W03,Completed
O001927,2025-09-09,eBay,W02,Completed
O001928,2025-06-28,Amazon,W03,Completed
O001929,2025-11-11,eBay,W02,Completed
O001930,2025-03-27,eBay,W03,Completed
O001931,2025-02-02,Amazon,W03,Completed
O001932,2025-03-08,Walmart,W01,Completed
O001933,2025-04-13,Walmart,W01,Completed
O001934,2025-02-28,eBay,W02,Completed
O001935,2025-04-03,Amazon,W02,Completed
O001936,2025-12-20,Amazon,W02,Completed
O001937,2025-03-19,Walmart,W01,Completed
O001938,2025-12-04,Amazon,W01,Completed
O001939,2025-12-14,Amazon,W03,Completed
O001940,2025-06-27,eBay,W01,Completed
O001941,2025-11-18,Walmart,W01,Completed
O001942,2025-03-27,Walmart,W02,Completed
O001943,2025-08-18,eBay,W02,Cancelled
O001944,2025-11-29,eBay,W02,Completed
O001945,2025-02-25,Amazon,W01,Completed
O001946,2025-05-06,Amazon,W02,Completed
O001947,2025-08-08,Amazon,W02,Completed
O001948,2025-03-09,Amazon,W01,Completed
O001949,2025-07-04,Walmart,W03,Completed
O001950,2025-09-18,Amazon,W01,Completed
O001951,2025-02-06,Amazon,W01,Completed
O001952,2025-02-16,Walmart,W03,Completed
O001953,2025-10-09,Walmart,W03,Completed
O001954,2025-06-02,Amazon,W03,Completed
O001955,2025-06-02,eBay,W03,Completed
O001956,2025-09-29,Walmart,W01,Completed
O001957,2025-10-13,Amazon,W03,Completed
O001958,2025-01-19,eBay,W02,Completed
O001959,2025-04-29,Walmart,W01,Completed
O001960,2025-12-21,Amazon,W01,Completed
O001961,2025-03-27,eBay,W01,Completed
O001962,2025-01-02,Walmart,W03,Completed
O001963,2025-08-15,Walmart,W03,Completed
O001964,2025-01-17,Amazon,W02,Completed
O001965,2025-11-07,Walmart,W01,Completed
O001966,2025-02-06,Walmart,W02,Completed
O001967,2025-07-28,Amazon,W01,Completed
O001968,2025-02-13,Walmart,W02,Completed
O001969,2025-02-14,Amazon,W01,Completed
O001970,2025-06-21,Walmart,W02,Completed
O001971,2025-03-30,eBay,W01,Completed
O001972,2025-06-28,Amazon,W01,Completed
O001973,2025-05-27,Walmart,W01,Completed
O001974,2025-04-20,eBay,W01,Completed
O001975,2025-10-19,Amazon,W02,Completed
O001976,2025-10-30,eBay,W01,Completed
O001977,2025-11-22,Walmart,W01,Completed
O001978,2025-09-01,Walmart,W03,Completed
O001979,2025-08-27,eBay,W03,Completed
O001980,2025-09-25,eBay,W01,Completed
O001981,2025-06-11,Walmart,W02,Completed
O001982,2025-11-06,eBay,W01,Completed
O001983,2025-09-15,Walmart,W01,Completed
O001984,2025-05-17,eBay,W02,Completed
O001985,2025-02-18,Walmart,W01,Completed
O001986,2025-01-12,eBay,W03,Completed
O001987,2025-04-09,Walmart,W03,Completed
O001988,2025-06-29,Amazon,W02,Completed
O001989,2025-11-26,Amazon,W01,Completed
O001990,2025-04-16,Amazon,W01,Completed
O001991,2025-05-29,eBay,W03,Cancelled
O001992,2025-03-29,Walmart,W03,Completed
O001993,2025-11-12,Amazon,W01,Completed
O001994,2025-12-01,Amazon,W03,Completed
O001995,2025-04-13,Amazon,W03,Completed
O001996,2025-12-09,eBay,W03,Completed
O001997,2025-02-05,Walmart,W01,Completed
O001998,2025-07-26,eBay,W01,Completed
O001999,2025-09-12,Amazon,W02,Completed
O002000,2025-12-17,Walmart,W02,Completed
O002001,2025-06-02,eBay,W01,Completed
O002002,2025-10-15,Amazon,W02,Completed
O002003,2025-09-08,Amazon,W02,Completed
O002004,2025-05-01,Walmart,W01,Completed
O002005,2025-12-13,Amazon,W01,Completed
O002006,2025-08-22,Amazon,W03,Completed
O002007,2025-03-23,Walmart,W01,Completed
O002008,2025-09-02,Amazon,W01,Completed
O002009,2025-02-16,eBay,W01,Completed
O002010,2025-02-14,Walmart,W03,Completed
O002011,2025-03-30,Walmart,W01,Completed
O002012,2025-10-17,Walmart,W03,Completed
O002013,2025-11-12,Walmart,W01,Completed
O002014,2025-05-02,eBay,W03,Completed
O002015,2025-12-18,Walmart,W02,Completed
O002016,2025-11-02,Walmart,W01,Completed
O002017,2025-09-23,Amazon,W02,Completed
O002018,2025-03-18,eBay,W01,Completed
O002019,2025-02-28,eBay,W03,Completed
O002020,2025-06-22,Walmart,W01,Completed
O002021,2025-03-16,Walmart,W01,Completed
O002022,2025-03-20,Amazon,W02,Completed
O002023,2025-05-12,Amazon,W02,Completed
O002024,2025-08-01,Amazon,W03,Completed
O002025,2025-06-30,Amazon,W01,Completed
O002026,2025-11-05,eBay,W01,Completed
O002027,2025-12-05,Walmart,W01,Completed
O002028,2025-09-14,Walmart,W02,Completed
O002029,2025-03-31,Amazon,W02,Completed
O002030,2025-09-21,eBay,W01,Completed
O002031,2025-11-29,Amazon,W03,Completed
O002032,2025-02-10,Amazon,W02,Completed
O002033,2025-06-20,Walmart,W02,Completed
O002034,2025-11-16,Amazon,W03,Completed
O002035,2025-11-28,Walmart,W01,Completed
O002036,2025-03-03,eBay,W02,Completed
O002037,2025-12-10,eBay,W03,Completed
O002038,2025-03-03,Walmart,W01,Completed
O002039,2025-04-10,Amazon,W01,Completed
O002040,2025-09-13,Amazon,W01,Completed
O002041,2025-07-03,eBay,W01,Completed
O002042,2025-03-16,Walmart,W03,Completed
O002043,2025-11-13,Amazon,W02,Completed
O002044,2025-05-24,Walmart,W02,Completed
O002045,2025-11-29,Walmart,W01,Completed
O002046,2025-05-14,Walmart,W03,Completed
O002047,2025-01-18,Walmart,W03,Completed
O002048,2025-05-06,Amazon,W01,Completed
O002049,2025-03-18,Amazon,W03,Completed
O002050,2025-05-13,Walmart,W02,Completed
O002051,2025-07-19,Amazon,W01,Completed
O002052,2025-05-23,Amazon,W02,Completed
O002053,2025-01-03,Walmart,W03,Completed
O002054,2025-05-10,Amazon,W03,Completed
O002055,2025-12-18,eBay,W01,Completed
O002056,2025-03-10,Amazon,W01,Completed
O002057,2025-04-01,Walmart,W01,Completed
O002058,2025-02-18,Amazon,W01,Completed
O002059,2025-01-24,eBay,W02,Cancelled
O002060,2025-09-09,eBay,W02,Completed
O002061,2025-08-07,Amazon,W03,Completed
O002062,2025-09-09,Amazon,W01,Completed
O002063,2025-01-09,Walmart,W01,Completed
O002064,2025-03-06,Amazon,W03,Completed
O002065,2025-06-28,Amazon,W01,Completed
O002066,2025-05-04,Walmart,W03,Completed
O002067,2025-05-31,eBay,W02,Completed
O002068,2025-07-10,Walmart,W01,Completed
O002069,2025-06-30,Amazon,W01,Completed
O002070,2025-08-18,Walmart,W01,Completed
O002071,2025-07-08,Walmart,W02,Completed
O002072,2025-11-17,Amazon,W02,Completed
O002073,2025-09-09,Walmart,W01,Completed
O002074,2025-06-10,Amazon,W03,Completed
O002075,2025-11-08,Walmart,W03,Cancelled
O002076,2025-08-21,Walmart,W01,Completed
O002077,2025-05-26,Amazon,W01,Completed
O002078,2025-01-14,eBay,W01,Completed
O002079,2025-07-01,Walmart,W01,Completed
O002080,2025-04-01,Amazon,W01,Completed
O002081,2025-11-01,Amazon,W02,Completed
O002082,2025-05-02,Walmart,W03,Completed
O002083,2025-10-15,eBay,W01,Completed
O002084,2025-01-17,Amazon,W01,Completed
O002085,2025-10-20,Walmart,W01,Completed
O002086,2025-12-21,Amazon,W01,Completed
O002087,2025-10-31,eBay,W01,Completed
O002088,2025-02-24,Walmart,W02,Completed
O002089,2025-08-25,eBay,W01,Completed
O002090,2025-02-20,Walmart,W02,Completed
O002091,2025-04-20,Amazon,W01,Completed
O002092,2025-04-19,eBay,W03,Completed
O002093,2025-04-03,Amazon,W01,Completed
O002094,2025-06-16,eBay,W01,Completed
O002095,2025-10-19,eBay,W01,Completed
O002096,2025-05-25,Walmart,W02,Completed
O002097,2025-05-24,Amazon,W02,Completed
O002098,2025-12-30,Walmart,W01,Completed
O002099,2025-03-14,Walmart,W01,Completed
O002100,2025-05-03,Walmart,W01,Cancelled
O002101,2025-09-06,Amazon,W01,Completed
O002102,2025-11-08,Amazon,W02,Completed
O002103,2025-02-24,Amazon,W01,Completed
O002104,2025-12-27,Amazon,W01,Completed
O002105,2025-05-12,Amazon,W01,Completed
O002106,2025-05-03,eBay,W03,Completed
O002107,2025-01-09,eBay,W03,Completed
O002108,2025-04-15,Amazon,W01,Completed
O002109,2025-12-18,Amazon,W02,Completed
O002110,2025-10-11,Walmart,W03,Completed
O002111,2025-08-28,eBay,W01,Completed
O002112,2025-01-07,Walmart,W01,Completed
O002113,2025-09-27,Walmart,W03,Completed
O002114,2025-09-03,Walmart,W03,Completed
O002115,2025-03-21,Amazon,W03,Completed
O002116,2025-11-14,eBay,W01,Completed
O002117,2025-07-19,Walmart,W03,Completed
O002118,2025-05-15,Walmart,W02,Completed
O002119,2025-06-12,Walmart,W03,Completed
O002120,2025-05-22,Amazon,W01,Completed
O002121,2025-04-30,Walmart,W03,Completed
O002122,2025-08-12,eBay,W01,Completed
O002123,2025-09-11,Amazon,W01,Completed
O002124,2025-04-25,Amazon,W01,Completed
O002125,2025-10-03,Amazon,W03,Completed
O002126,2025-05-21,Walmart,W03,Cancelled
O002127,2025-11-10,Walmart,W01,Completed
O002128,2025-01-29,eBay,W01,Completed
O002129,2025-01-25,Walmart,W01,Completed
O002130,2025-07-19,Walmart,W01,Completed
O002131,2025-08-05,Amazon,W03,Completed
O002132,2025-10-02,Walmart,W01,Completed
O002133,2025-04-25,Walmart,W02,Completed
O002134,2025-05-04,Walmart,W01,Completed
O002135,2025-07-10,Amazon,W01,Completed
O002136,2025-08-11,eBay,W01,Completed
O002137,2025-10-08,Amazon,W01,Cancelled
O002138,2025-10-29,Amazon,W02,Completed
O002139,2025-11-19,eBay,W02,Completed
O002140,2025-08-21,Walmart,W03,Completed
O002141,2025-11-24,Amazon,W02,Completed
O002142,2025-10-07,eBay,W01,Completed
O002143,2025-05-28,Walmart,W02,Cancelled
O002144,2025-01-09,Amazon,W02,Cancelled
O002145,2025-10-27,Walmart,W03,Completed
O002146,2025-08-11,Amazon,W02,Completed
O002147,2025-12-14,eBay,W02,Completed
O002148,2025-01-03,Amazon,W02,Completed
O002149,2025-08-05,Walmart,W02,Completed
O002150,2025-03-31,Amazon,W02,Completed
O002151,2025-12-28,Walmart,W02,Completed
O002152,2025-12-31,Amazon,W01,Completed
O002153,2025-10-18,Walmart,W03,Completed
O002154,2025-12-29,Walmart,W02,Completed
O002155,2025-10-01,Amazon,W01,Completed
O002156,2025-02-21,eBay,W03,Completed
O002157,2025-08-23,eBay,W01,Completed
O002158,2025-10-24,Amazon,W01,Completed
O002159,2025-05-12,Walmart,W02,Completed
O002160,2025-03-12,Amazon,W03,Completed
O002161,2025-05-31,Walmart,W02,Completed
O002162,2025-04-06,Walmart,W01,Completed
O002163,2025-03-02,eBay,W02,Completed
O002164,2025-10-16,eBay,W02,Completed
O002165,2025-12-31,Amazon,W02,Completed
O002166,2025-06-08,Walmart,W01,Completed
O002167,2025-01-29,Amazon,W03,Completed
O002168,2025-10-18,Amazon,W01,Completed
O002169,2025-07-18,Amazon,W03,Cancelled
O002170,2025-06-15,Amazon,W03,Completed
O002171,2025-12-27,Walmart,W02,Completed
O002172,2025-01-23,Walmart,W02,Completed
O002173,2025-05-12,Walmart,W03,Completed
O002174,2025-07-29,Amazon,W02,Completed
O002175,2025-09-29,Walmart,W01,Completed
O002176,2025-02-23,Walmart,W01,Completed
O002177,2025-02-18,Walmart,W01,Completed
O002178,2025-01-28,Walmart,W01,Completed
O002179,2025-06-12,Walmart,W02,Cancelled
O002180,2025-03-14,eBay,W02,Completed
O002181,2025-03-07,Amazon,W03,Completed
O002182,2025-01-20,eBay,W03,Completed
O002183,2025-06-15,Walmart,W03,Completed
O002184,2025-12-04,Walmart,W01,Completed
O002185,2025-10-03,eBay,W02,Completed
O002186,2025-06-03,Amazon,W01,Cancelled
O002187,2025-05-03,Amazon,W02,Completed
O002188,2025-10-04,Walmart,W02,Completed
O002189,2025-08-16,Amazon,W01,Completed
O002190,2025-07-28,Amazon,W02,Completed
O002191,2025-11-08,Walmart,W02,Completed
O002192,2025-12-20,Amazon,W03,Completed
O002193,2025-01-18,eBay,W01,Completed
O002194,2025-10-07,Walmart,W01,Completed
O002195,2025-05-13,Amazon,W02,Completed
O002196,2025-12-09,Amazon,W02,Completed
O002197,2025-09-25,Amazon,W01,Completed
O002198,2025-07-04,eBay,W01,Completed
O002199,2025-07-14,Amazon,W01,Completed
O002200,2025-09-05,Amazon,W02,Completed
O002201,2025-08-30,Amazon,W02,Completed
O002202,2025-03-31,Amazon,W03,Completed
O002203,2025-12-08,Walmart,W01,Completed
O002204,2025-04-28,Amazon,W03,Completed
O002205,2025-01-28,Walmart,W01,Completed
O002206,2025-11-04,Walmart,W02,Completed
O002207,2025-02-10,Amazon,W01,Completed
O002208,2025-07-24,eBay,W01,Completed
O002209,2025-11-05,Walmart,W01,Completed
O002210,2025-03-31,Amazon,W02,Cancelled
O002211,2025-02-24,Walmart,W02,Completed
O002212,2025-10-17,Amazon,W01,Completed
O002213,2025-01-02,Amazon,W02,Completed
O002214,2025-04-23,Amazon,W02,Completed
O002215,2025-08-17,eBay,W01,Cancelled
O002216,2025-04-15,Amazon,W02,Completed
O002217,2025-01-11,Amazon,W01,Completed
O002218,2025-04-18,Walmart,W01,Completed
O002219,2025-05-01,eBay,W01,Completed
O002220,2025-12-11,eBay,W03,Cancelled
O002221,2025-09-16,Walmart,W03,Completed
O002222,2025-05-19,Amazon,W01,Completed
O002223,2025-08-03,Amazon,W02,Completed
O002224,2025-06-12,Walmart,W01,Completed
O002225,2025-01-10,Amazon,W01,Completed
O002226,2025-01-13,Walmart,W03,Completed
O002227,2025-05-12,Walmart,W02,Completed
O002228,2025-08-22,Amazon,W02,Completed
O002229,2025-04-24,Amazon,W03,Completed
O002230,2025-03-01,Amazon,W01,Completed
O002231,2025-04-22,Walmart,W03,Completed
O002232,2025-09-11,Amazon,W02,Completed
O002233,2025-12-02,Walmart,W02,Completed
O002234,2025-06-04,Walmart,W01,Completed
O002235,2025-08-18,Amazon,W01,Completed
O002236,2025-08-20,Walmart,W02,Completed
O002237,2025-10-25,Amazon,W03,Completed
O002238,2025-07-18,eBay,W01,Completed
O002239,2025-02-13,Amazon,W02,Completed
O002240,2025-05-12,eBay,W02,Completed
O002241,2025-08-31,Walmart,W01,Completed
O002242,2025-04-21,eBay,W01,Completed
O002243,2025-10-05,Amazon,W01,Completed
O002244,2025-03-19,Walmart,W01,Completed
O002245,2025-02-18,eBay,W01,Completed
O002246,2025-06-19,eBay,W01,Completed
O002247,2025-09-18,Walmart,W03,Completed
O002248,2025-07-19,eBay,W03,Completed
O002249,2025-07-27,Amazon,W01,Completed
O002250,2025-03-08,Amazon,W01,Completed
O002251,2025-07-28,Walmart,W01,Completed
O002252,2025-10-16,eBay,W02,Completed
O002253,2025-09-18,Walmart,W01,Completed
O002254,2025-06-18,Walmart,W01,Completed
O002255,2025-01-21,Amazon,W02,Completed
O002256,2025-03-19,eBay,W01,Completed
O002257,2025-12-31,Walmart,W02,Completed
O002258,2025-08-02,Walmart,W01,Completed
O002259,2025-04-30,eBay,W01,Completed
O002260,2025-07-17,Walmart,W03,Cancelled
O002261,2025-06-09,Walmart,W01,Completed
O002262,2025-04-29,Amazon,W03,Completed
O002263,2025-03-02,eBay,W01,Completed
O002264,2025-03-08,Amazon,W01,Completed
O002265,2025-03-07,Amazon,W02,Completed
O002266,2025-05-28,Amazon,W02,Completed
O002267,2025-11-20,eBay,W02,Completed
O002268,2025-04-06,Amazon,W02,Completed
O002269,2025-12-11,eBay,W02,Completed
O002270,2025-11-30,eBay,W03,Completed
O002271,2025-09-28,Amazon,W01,Completed
O002272,2025-01-08,Walmart,W02,Completed
O002273,2025-07-02,Amazon,W02,Completed
O002274,2025-12-24,Amazon,W03,Completed
O002275,2025-07-29,Amazon,W03,Completed
O002276,2025-03-26,Amazon,W03,Completed
O002277,2025-04-03,Amazon,W01,Completed
O002278,2025-09-10,eBay,W02,Completed
O002279,2025-12-13,Amazon,W01,Completed
O002280,2025-10-16,Amazon,W01,Completed
O002281,2025-09-18,eBay,W02,Completed
O002282,2025-12-16,Walmart,W01,Completed
O002283,2025-05-02,Walmart,W03,Completed
O002284,2025-07-01,Walmart,W03,Completed
O002285,2025-11-26,Walmart,W01,Completed
O002286,2025-02-10,Amazon,W03,Completed
O002287,2025-03-18,Amazon,W03,Completed
O002288,2025-11-07,Amazon,W01,Completed
O002289,2025-10-30,Walmart,W03,Completed
O002290,2025-03-04,Walmart,W02,Completed
O002291,2025-06-14,eBay,W01,Completed
O002292,2025-07-05,Amazon,W01,Completed
O002293,2025-02-21,Amazon,W02,Cancelled
O002294,2025-09-13,Amazon,W01,Completed
O002295,2025-06-17,eBay,W01,Completed
O002296,2025-03-19,Amazon,W01,Completed
O002297,2025-10-04,Amazon,W01,Completed
O002298,2025-09-19,Amazon,W01,Completed
O002299,2025-10-26,eBay,W02,Cancelled
O002300,2025-12-20,Amazon,W01,Completed
O002301,2025-10-12,Walmart,W02,Completed
O002302,2025-10-12,eBay,W02,Completed
O002303,2025-06-02,Amazon,W02,Completed
O002304,2025-12-15,Amazon,W01,Completed
O002305,2025-06-04,Amazon,W03,Completed
O002306,2025-08-11,Amazon,W01,Completed
O002307,2025-11-11,Amazon,W02,Completed
O002308,2025-06-22,Walmart,W01,Completed
O002309,2025-12-10,Walmart,W03,Completed
O002310,2025-12-14,Walmart,W03,Completed
O002311,2025-02-21,eBay,W03,Completed
O002312,2025-03-14,Amazon,W01,Completed
O002313,2025-01-08,Walmart,W01,Completed
O002314,2025-06-19,Amazon,W01,Cancelled
O002315,2025-09-29,Amazon,W02,Completed
O002316,2025-04-22,Amazon,W02,Completed
O002317,2025-08-08,eBay,W01,Completed
O002318,2025-08-19,Amazon,W01,Completed
O002319,2025-07-23,Amazon,W03,Completed
O002320,2025-01-30,eBay,W01,Completed
O002321,2025-11-11,Walmart,W02,Cancelled
O002322,2025-01-28,eBay,W02,Completed
O002323,2025-09-28,Amazon,W02,Completed
O002324,2025-04-01,Amazon,W02,Completed
O002325,2025-01-05,eBay,W03,Completed
O002326,2025-01-15,Amazon,W02,Completed
O002327,2025-03-25,Amazon,W02,Completed
O002328,2025-08-03,Amazon,W03,Completed
O002329,2025-09-10,Amazon,W01,Completed
O002330,2025-09-14,Walmart,W02,Completed
O002331,2025-12-19,Amazon,W02,Completed
O002332,2025-06-10,eBay,W01,Completed
O002333,2025-03-14,eBay,W01,Completed
O002334,2025-04-25,Walmart,W01,Completed
O002335,2025-10-20,Amazon,W01,Completed
O002336,2025-08-11,Walmart,W01,Completed
O002337,2025-04-16,Amazon,W03,Completed
O002338,2025-07-06,Amazon,W02,Completed
O002339,2025-07-31,Walmart,W03,Completed
O002340,2025-10-15,Walmart,W02,Completed
O002341,2025-01-02,Walmart,W01,Completed
O002342,2025-07-01,Walmart,W01,Completed
O002343,2025-12-14,eBay,W03,Completed
O002344,2025-09-17,eBay,W02,Completed
O002345,2025-02-05,Amazon,W03,Completed
O002346,2025-08-29,eBay,W02,Cancelled
O002347,2025-12-13,Amazon,W01,Completed
O002348,2025-07-13,eBay,W02,Completed
O002349,2025-04-13,Amazon,W02,Completed
O002350,2025-03-01,Walmart,W02,Completed
O002351,2025-12-06,eBay,W02,Completed
O002352,2025-04-17,Walmart,W01,Completed
O002353,2025-04-04,Walmart,W01,Completed
O002354,2025-05-20,Amazon,W02,Completed
O002355,2025-01-18,Amazon,W03,Completed
O002356,2025-02-03,eBay,W02,Completed
O002357,2025-05-01,Amazon,W03,Completed
O002358,2025-05-25,eBay,W03,Completed
O002359,2025-04-14,Amazon,W02,Completed
O002360,2025-01-19,eBay,W03,Completed
O002361,2025-08-27,Walmart,W01,Completed
O002362,2025-11-01,eBay,W01,Completed
O002363,2025-06-24,Walmart,W01,Completed
O002364,2025-06-12,Walmart,W01,Completed
O002365,2025-06-19,Amazon,W01,Completed
O002366,2025-03-13,eBay,W01,Completed
O002367,2025-06-22,Walmart,W03,Completed
O002368,2025-08-23,Amazon,W03,Completed
O002369,2025-01-12,Walmart,W03,Completed
O002370,2025-06-12,Walmart,W01,Completed
O002371,2025-05-20,Amazon,W01,Completed
O002372,2025-11-07,Amazon,W02,Completed
O002373,2025-05-12,Walmart,W02,Cancelled
O002374,2025-07-11,eBay,W02,Completed
O002375,2025-10-01,Amazon,W02,Completed
O002376,2025-04-13,eBay,W02,Completed
O002377,2025-06-23,Amazon,W01,Completed
O002378,2025-02-16,Amazon,W02,Cancelled
O002379,2025-04-06,eBay,W01,Completed
O002380,2025-06-01,Amazon,W01,Completed
O002381,2025-01-19,Walmart,W03,Completed
O002382,2025-03-18,Amazon,W02,Completed
O002383,2025-01-05,eBay,W02,Completed
O002384,2025-07-15,eBay,W03,Completed
O002385,2025-09-22,Walmart,W01,Completed
O002386,2025-10-24,Walmart,W01,Completed
O002387,2025-01-01,Amazon,W02,Completed
O002388,2025-08-19,Amazon,W02,Completed
O002389,2025-08-08,Amazon,W02,Completed
O002390,2025-02-04,Amazon,W02,Completed
O002391,2025-06-15,Amazon,W01,Completed
O002392,2025-12-12,Amazon,W03,Completed
O002393,2025-09-18,eBay,W03,Completed
O002394,2025-05-14,eBay,W01,Completed
O002395,2025-02-01,Walmart,W02,Completed
O002396,2025-05-23,Amazon,W02,Completed
O002397,2025-12-10,Amazon,W03,Completed
O002398,2025-12-18,Walmart,W03,Completed
O002399,2025-05-21,Amazon,W02,Completed
O002400,2025-08-09,Amazon,W01,Completed
O002401,2025-09-23,Walmart,W01,Completed
O002402,2025-06-14,eBay,W02,Completed
O002403,2025-06-14,Walmart,W03,Completed
O002404,2025-12-22,Walmart,W02,Cancelled
O002405,2025-02-10,eBay,W01,Completed
O002406,2025-05-31,Amazon,W01,Completed
O002407,2025-10-17,eBay,W02,Completed
O002408,2025-07-02,eBay,W01,Completed
O002409,2025-09-24,eBay,W02,Completed
O002410,2025-04-10,Amazon,W01,Completed
O002411,2025-12-03,Walmart,W02,Completed
O002412,2025-12-04,Walmart,W01,Cancelled
O002413,2025-05-02,Amazon,W01,Completed
O002414,2025-10-04,eBay,W02,Completed
O002415,2025-10-13,Amazon,W02,Completed
O002416,2025-06-21,Walmart,W02,Completed
O002417,2025-06-08,Walmart,W01,Completed
O002418,2025-07-25,Walmart,W01,Completed
O002419,2025-10-07,Amazon,W03,Completed
O002420,2025-06-25,Amazon,W02,Completed
O002421,2025-10-02,eBay,W02,Completed
O002422,2025-06-14,eBay,W01,Completed
O002423,2025-12-07,Amazon,W02,Completed
O002424,2025-06-18,Amazon,W01,Completed
O002425,2025-10-22,Amazon,W03,Completed
O002426,2025-07-12,Amazon,W03,Completed
O002427,2025-07-05,eBay,W02,Completed
O002428,2025-11-25,eBay,W01,Completed
O002429,2025-08-09,eBay,W01,Completed
O002430,2025-06-04,eBay,W01,Completed
O002431,2025-05-03,Amazon,W02,Completed
O002432,2025-08-12,eBay,W02,Completed
O002433,2025-07-06,eBay,W01,Completed
O002434,2025-03-30,Walmart,W03,Completed
O002435,2025-07-21,Walmart,W01,Completed
O002436,2025-06-15,Walmart,W01,Completed
O002437,2025-10-22,Amazon,W01,Completed
O002438,2025-12-23,eBay,W01,Completed
O002439,2025-06-01,Walmart,W02,Completed
O002440,2025-10-28,eBay,W01,Completed
O002441,2025-11-10,Amazon,W03,Completed
O002442,2025-04-15,Walmart,W02,Completed
O002443,2025-02-07,Walmart,W01,Completed
O002444,2025-04-14,Amazon,W03,Completed
O002445,2025-12-17,Walmart,W02,Completed
O002446,2025-04-07,Walmart,W01,Completed
O002447,2025-10-12,Amazon,W01,Completed
O002448,2025-09-02,Walmart,W01,Completed
O002449,2025-06-28,eBay,W01,Completed
O002450,2025-11-06,Amazon,W03,Completed
O002451,2025-11-19,Walmart,W03,Completed
O002452,2025-11-23,Walmart,W02,Completed
O002453,2025-03-05,eBay,W01,Completed
O002454,2025-03-01,Amazon,W03,Completed
O002455,2025-05-12,Walmart,W01,Completed
O002456,2025-07-18,Walmart,W03,Completed
O002457,2025-10-18,Walmart,W02,Cancelled
O002458,2025-06-30,Walmart,W01,Completed
O002459,2025-12-19,Amazon,W02,Completed
O002460,2025-03-01,Amazon,W02,Completed
O002461,2025-03-19,eBay,W02,Completed
O002462,2025-12-14,Amazon,W02,Completed
O002463,2025-10-06,Amazon,W01,Completed
O002464,2025-12-03,eBay,W03,Cancelled
O002465,2025-04-09,Walmart,W02,Completed
O002466,2025-07-27,eBay,W02,Cancelled
O002467,2025-03-28,Amazon,W02,Completed
O002468,2025-08-06,Walmart,W01,Cancelled
O002469,2025-06-01,Walmart,W01,Completed
O002470,2025-06-16,Walmart,W01,Cancelled
O002471,2025-07-17,eBay,W01,Completed
O002472,2025-04-15,Walmart,W01,Completed
O002473,2025-07-07,eBay,W01,Completed
O002474,2025-11-08,Amazon,W01,Completed
O002475,2025-04-10,eBay,W03,Completed
O002476,2025-07-24,eBay,W02,Cancelled
O002477,2025-08-20,eBay,W02,Completed
O002478,2025-07-01,eBay,W02,Completed
O002479,2025-12-15,Amazon,W03,Completed
O002480,2025-09-13,eBay,W02,Completed
O002481,2025-12-05,Walmart,W01,Completed
O002482,2025-05-07,Amazon,W02,Completed
O002483,2025-05-05,Amazon,W01,Completed
O002484,2025-02-01,eBay,W01,Completed
O002485,2025-06-30,Walmart,W02,Completed
O002486,2025-02-16,Walmart,W03,Completed
O002487,2025-11-29,Walmart,W02,Completed
O002488,2025-09-02,Walmart,W03,Completed
O002489,2025-06-01,eBay,W02,Completed
O002490,2025-06-19,Walmart,W01,Completed
O002491,2025-12-11,Walmart,W01,Completed
O002492,2025-02-18,Amazon,W02,Completed
O002493,2025-05-26,eBay,W03,Completed
O002494,2025-02-08,Amazon,W01,Completed
O002495,2025-06-02,Amazon,W01,Completed
O002496,2025-12-13,eBay,W02,Completed
O002497,2025-05-16,Walmart,W01,Completed
O002498,2025-10-18,Amazon,W01,Completed
O002499,2025-01-22,Walmart,W02,Completed
O002500,2025-10-27,eBay,W02,Completed
O002501,2025-06-09,eBay,W02,Completed
O002502,2025-09-30,eBay,W01,Completed
O002503,2025-02-09,Amazon,W01,Completed
O002504,2025-04-15,eBay,W01,Completed
O002505,2025-12-21,eBay,W03,Completed
O002506,2025-09-22,Walmart,W02,Completed
O002507,2025-10-19,Walmart,W02,Completed
O002508,2025-11-07,eBay,W01,Completed
O002509,2025-06-17,Amazon,W01,Completed
O002510,2025-09-06,Walmart,W03,Completed
O002511,2025-09-07,Amazon,W02,Completed
O002512,2025-06-14,Amazon,W01,Completed
O002513,2025-01-01,Amazon,W01,Completed
O002514,2025-09-13,Amazon,W01,Completed
O002515,2025-08-02,Amazon,W03,Completed
O002516,2025-08-21,Walmart,W02,Completed
O002517,2025-01-19,Amazon,W01,Completed
O002518,2025-09-09,Amazon,W02,Completed
O002519,2025-09-26,Amazon,W01,Completed
O002520,2025-02-16,eBay,W02,Completed
O002521,2025-04-04,eBay,W02,Completed
O002522,2025-05-14,Amazon,W01,Cancelled
O002523,2025-01-12,eBay,W03,Cancelled
O002524,2025-06-15,Amazon,W01,Completed
O002525,2025-08-27,Walmart,W01,Completed
O002526,2025-07-04,eBay,W03,Completed
O002527,2025-12-25,eBay,W01,Completed
O002528,2025-07-13,Walmart,W02,Completed
O002529,2025-05-25,Walmart,W01,Completed
O002530,2025-05-07,Walmart,W03,Completed
O002531,2025-03-08,eBay,W02,Completed
O002532,2025-01-30,Amazon,W02,Completed
O002533,2025-06-21,Amazon,W03,Completed
O002534,2025-10-15,Amazon,W02,Completed
O002535,2025-10-15,eBay,W01,Completed
O002536,2025-06-25,Amazon,W01,Completed
O002537,2025-09-25,eBay,W01,Completed
O002538,2025-08-05,Amazon,W02,Completed
O002539,2025-04-02,Amazon,W01,Completed
O002540,2025-10-01,eBay,W01,Completed
O002541,2025-01-22,Amazon,W02,Completed
O002542,2025-10-06,eBay,W03,Cancelled
O002543,2025-06-03,Amazon,W02,Completed
O002544,2025-07-31,Amazon,W02,Cancelled
O002545,2025-01-06,Walmart,W02,Completed
O002546,2025-12-16,Amazon,W01,Completed
O002547,2025-12-03,eBay,W02,Cancelled
O002548,2025-04-02,Walmart,W01,Completed
O002549,2025-01-15,eBay,W03,Completed
O002550,2025-11-01,Amazon,W02,Completed
O002551,2025-12-10,Amazon,W01,Completed
O002552,2025-03-01,Amazon,W03,Completed
O002553,2025-04-06,Amazon,W02,Completed
O002554,2025-07-13,Walmart,W02,Completed
O002555,2025-10-13,Walmart,W02,Completed
O002556,2025-08-07,Walmart,W02,Completed
O002557,2025-11-20,Walmart,W01,Completed
O002558,2025-12-01,Amazon,W01,Completed
O002559,2025-09-24,Walmart,W01,Completed
O002560,2025-12-25,Amazon,W03,Completed
O002561,2025-01-23,eBay,W02,Completed
O002562,2025-02-05,eBay,W02,Completed
O002563,2025-06-05,Amazon,W03,Completed
O002564,2025-09-02,Walmart,W01,Completed
O002565,2025-02-22,eBay,W03,Completed
O002566,2025-02-10,Amazon,W01,Completed
O002567,2025-02-13,eBay,W01,Completed
O002568,2025-12-25,Amazon,W03,Completed
O002569,2025-09-19,eBay,W01,Completed
O002570,2025-05-12,Walmart,W01,Completed
O002571,2025-07-31,eBay,W01,Completed
O002572,2025-09-11,Amazon,W03,Completed
O002573,2025-11-13,Amazon,W01,Completed
O002574,2025-11-02,Walmart,W03,Completed
O002575,2025-04-16,Walmart,W02,Completed
O002576,2025-05-09,eBay,W01,Completed
O002577,2025-06-24,Walmart,W02,Completed
O002578,2025-10-29,Amazon,W02,Completed
O002579,2025-08-25,Walmart,W01,Completed
O002580,2025-11-26,Amazon,W01,Completed
O002581,2025-03-21,eBay,W02,Completed
O002582,2025-08-25,Amazon,W03,Completed
O002583,2025-05-02,eBay,W01,Completed
O002584,2025-09-11,Amazon,W02,Completed
O002585,2025-07-03,Amazon,W02,Completed
O002586,2025-03-12,Walmart,W01,Completed
O002587,2025-07-24,Amazon,W03,Completed
O002588,2025-11-08,eBay,W02,Completed
O002589,2025-08-31,Walmart,W03,Completed
O002590,2025-08-08,Walmart,W02,Completed
O002591,2025-02-13,Walmart,W01,Completed
O002592,2025-01-17,Amazon,W01,Completed
O002593,2025-02-02,Amazon,W02,Completed
O002594,2025-01-16,Amazon,W02,Completed
O002595,2025-06-26,Walmart,W03,Completed
O002596,2025-08-01,eBay,W01,Completed
O002597,2025-10-03,Amazon,W03,Completed
O002598,2025-11-27,Walmart,W03,Completed
O002599,2025-05-10,eBay,W01,Cancelled
O002600,2025-02-28,eBay,W02,Completed
O002601,2025-11-16,Amazon,W02,Completed
O002602,2025-06-27,Amazon,W01,Completed
O002603,2025-04-09,eBay,W03,Cancelled
O002604,2025-10-18,eBay,W03,Completed
O002605,2025-09-02,Amazon,W01,Completed
O002606,2025-06-05,Amazon,W02,Completed
O002607,2025-02-27,Walmart,W03,Completed
O002608,2025-01-12,Amazon,W01,Completed
O002609,2025-01-25,Walmart,W03,Completed
O002610,2025-04-03,eBay,W01,Completed
O002611,2025-12-10,eBay,W01,Completed
O002612,2025-06-06,Walmart,W01,Completed
O002613,2025-12-28,Walmart,W01,Completed
O002614,2025-03-03,Amazon,W02,Completed
O002615,2025-08-05,Amazon,W01,Completed
O002616,2025-10-30,Amazon,W01,Completed
O002617,2025-05-22,eBay,W03,Completed
O002618,2025-12-18,eBay,W02,Completed
O002619,2025-06-24,Amazon,W02,Cancelled
O002620,2025-11-14,Walmart,W01,Completed
O002621,2025-09-02,Walmart,W03,Completed
O002622,2025-02-04,eBay,W01,Completed
O002623,2025-07-25,eBay,W01,Cancelled
O002624,2025-05-15,Amazon,W03,Completed
O002625,2025-04-06,Walmart,W03,Completed
O002626,2025-05-13,Walmart,W03,Completed
O002627,2025-07-21,Amazon,W02,Cancelled
O002628,2025-12-09,Walmart,W01,Cancelled
O002629,2025-07-17,Amazon,W02,Cancelled
O002630,2025-09-20,Amazon,W01,Completed
O002631,2025-03-25,Amazon,W01,Completed
O002632,2025-10-09,Amazon,W01,Completed
O002633,2025-12-14,Amazon,W02,Cancelled
O002634,2025-10-29,Amazon,W01,Completed
O002635,2025-11-17,eBay,W01,Completed
O002636,2025-10-22,Amazon,W03,Completed
O002637,2025-12-15,Amazon,W02,Completed
O002638,2025-05-28,Walmart,W02,Cancelled
O002639,2025-03-17,eBay,W01,Completed
O002640,2025-12-20,Amazon,W02,Completed
O002641,2025-05-31,eBay,W03,Completed
O002642,2025-06-24,eBay,W02,Completed
O002643,2025-07-30,Walmart,W03,Completed
O002644,2025-02-05,eBay,W01,Completed
O002645,2025-03-15,Walmart,W03,Completed
O002646,2025-04-18,Amazon,W01,Completed
O002647,2025-04-19,Amazon,W01,Completed
O002648,2025-10-23,Walmart,W03,Completed
O002649,2025-05-19,Amazon,W02,Completed
O002650,2025-05-01,Walmart,W01,Completed
O002651,2025-04-18,Walmart,W01,Completed
O002652,2025-10-21,Walmart,W01,Completed
O002653,2025-04-04,Amazon,W01,Completed
O002654,2025-05-26,Walmart,W03,Completed
O002655,2025-01-15,Amazon,W01,Completed
O002656,2025-04-26,eBay,W01,Completed
O002657,2025-05-22,Walmart,W01,Completed
O002658,2025-04-10,eBay,W03,Cancelled
O002659,2025-12-04,eBay,W03,Completed
O002660,2025-06-22,Amazon,W03,Completed
O002661,2025-09-07,Walmart,W01,Completed
O002662,2025-03-20,eBay,W02,Completed
O002663,2025-12-31,Amazon,W01,Completed
O002664,2025-10-13,Amazon,W01,Completed
O002665,2025-04-29,Walmart,W02,Completed
O002666,2025-02-22,Walmart,W02,Completed
O002667,2025-01-26,Amazon,W01,Completed
O002668,2025-11-06,eBay,W03,Completed
O002669,2025-09-28,Amazon,W02,Completed
O002670,2025-03-18,Amazon,W03,Completed
O002671,2025-09-06,Walmart,W03,Completed
O002672,2025-04-23,Amazon,W02,Completed
O002673,2025-06-25,eBay,W03,Completed
O002674,2025-12-14,Walmart,W01,Completed
O002675,2025-02-21,Walmart,W02,Completed
O002676,2025-11-22,Amazon,W02,Completed
O002677,2025-08-20,eBay,W02,Completed
O002678,2025-10-10,Walmart,W03,Completed
O002679,2025-01-30,Amazon,W02,Completed
O002680,2025-06-17,eBay,W01,Completed
O002681,2025-01-10,eBay,W02,Completed
O002682,2025-03-09,Amazon,W01,Completed
O002683,2025-09-27,Amazon,W01,Completed
O002684,2025-08-11,Amazon,W03,Completed
O002685,2025-08-12,Amazon,W01,Completed
O002686,2025-10-31,Walmart,W01,Completed
O002687,2025-07-26,Amazon,W01,Completed
O002688,2025-09-29,Amazon,W03,Completed
O002689,2025-12-11,Walmart,W03,Completed
O002690,2025-04-23,Amazon,W01,Completed
O002691,2025-03-21,eBay,W01,Completed
O002692,2025-12-26,Amazon,W03,Completed
O002693,2025-05-24,eBay,W01,Cancelled
O002694,2025-04-29,eBay,W02,Completed
O002695,2025-12-02,Amazon,W01,Completed
O002696,2025-03-20,eBay,W02,Completed
O002697,2025-05-15,Amazon,W02,Completed
O002698,2025-10-28,Walmart,W03,Completed
O002699,2025-12-11,Walmart,W01,Cancelled
O002700,2025-07-12,eBay,W02,Completed
O002701,2025-11-14,Amazon,W03,Completed
O002702,2025-04-26,Amazon,W02,Completed
O002703,2025-04-22,Walmart,W01,Completed
O002704,2025-12-05,Amazon,W02,Completed
O002705,2025-07-10,Walmart,W03,Completed
O002706,2025-08-27,Walmart,W03,Completed
O002707,2025-01-22,Amazon,W02,Completed
O002708,2025-06-30,Walmart,W01,Completed
O002709,2025-01-05,eBay,W01,Completed
O002710,2025-06-15,Amazon,W01,Completed
O002711,2025-02-04,Walmart,W03,Completed
O002712,2025-06-27,eBay,W01,Completed
O002713,2025-12-07,eBay,W01,Completed
O002714,2025-01-10,Walmart,W03,Completed
O002715,2025-07-31,Walmart,W03,Completed
O002716,2025-07-30,Walmart,W02,Completed
O002717,2025-04-28,Walmart,W01,Completed
O002718,2025-07-16,Walmart,W02,Completed
O002719,2025-10-14,Amazon,W01,Completed
O002720,2025-12-10,Walmart,W03,Completed
O002721,2025-02-21,Amazon,W01,Completed
O002722,2025-02-14,Amazon,W02,Completed
O002723,2025-03-31,Amazon,W02,Completed
O002724,2025-05-30,eBay,W01,Completed
O002725,2025-04-14,Walmart,W02,Completed
O002726,2025-06-17,Walmart,W01,Completed
O002727,2025-12-17,eBay,W03,Completed
O002728,2025-07-28,Amazon,W02,Completed
O002729,2025-10-28,Walmart,W01,Completed
O002730,2025-02-08,Amazon,W02,Completed
O002731,2025-06-17,Amazon,W02,Completed
O002732,2025-09-24,Amazon,W03,Completed
O002733,2025-11-28,Amazon,W01,Completed
O002734,2025-03-10,Walmart,W03,Completed
O002735,2025-07-11,Amazon,W01,Completed
O002736,2025-07-20,eBay,W03,Completed
O002737,2025-03-24,eBay,W03,Cancelled
O002738,2025-09-13,eBay,W01,Completed
O002739,2025-01-22,Amazon,W02,Completed
O002740,2025-11-28,Amazon,W01,Completed
O002741,2025-01-18,eBay,W01,Completed
O002742,2025-01-28,eBay,W01,Completed
O002743,2025-03-20,Walmart,W03,Completed
O002744,2025-08-16,Amazon,W01,Completed
O002745,2025-05-05,Amazon,W01,Completed
O002746,2025-10-24,Amazon,W02,Completed
O002747,2025-03-04,Amazon,W03,Completed
O002748,2025-11-08,Walmart,W01,Completed
O002749,2025-09-20,Walmart,W03,Completed
O002750,2025-06-14,Walmart,W02,Completed
O002751,2025-06-11,eBay,W02,Completed
O002752,2025-05-10,eBay,W03,Completed
O002753,2025-11-10,eBay,W02,Completed
O002754,2025-07-29,Walmart,W03,Completed
O002755,2025-07-16,Amazon,W01,Completed
O002756,2025-03-16,eBay,W03,Completed
O002757,2025-10-09,Amazon,W03,Completed
O002758,2025-05-04,Amazon,W02,Completed
O002759,2025-06-11,Amazon,W03,Completed
O002760,2025-07-07,Amazon,W03,Completed
O002761,2025-01-23,Amazon,W01,Completed
O002762,2025-08-12,Amazon,W01,Completed
O002763,2025-10-25,Amazon,W03,Completed
O002764,2025-01-31,eBay,W01,Completed
O002765,2025-12-01,Walmart,W01,Completed
O002766,2025-12-14,Amazon,W01,Completed
O002767,2025-04-18,Amazon,W02,Completed
O002768,2025-04-08,eBay,W02,Completed
O002769,2025-03-22,eBay,W02,Cancelled
O002770,2025-01-16,Walmart,W03,Completed
O002771,2025-03-23,Amazon,W03,Completed
O002772,2025-10-22,Amazon,W01,Completed
O002773,2025-01-11,eBay,W01,Completed
O002774,2025-12-31,Walmart,W02,Completed
O002775,2025-01-08,Walmart,W02,Cancelled
O002776,2025-01-10,Amazon,W03,Completed
O002777,2025-07-14,Amazon,W03,Completed
O002778,2025-02-05,Amazon,W01,Completed
O002779,2025-08-18,Walmart,W01,Completed
O002780,2025-11-15,Amazon,W01,Completed
O002781,2025-05-07,Amazon,W01,Completed
O002782,2025-01-07,Amazon,W01,Completed
O002783,2025-03-21,Walmart,W01,Completed
O002784,2025-10-26,Amazon,W01,Completed
O002785,2025-08-04,Walmart,W03,Completed
O002786,2025-06-09,Amazon,W01,Completed
O002787,2025-06-15,Walmart,W02,Completed
O002788,2025-05-09,eBay,W02,Completed
O002789,2025-05-11,Walmart,W03,Completed
O002790,2025-10-17,Amazon,W01,Completed
O002791,2025-08-28,Walmart,W01,Completed
O002792,2025-06-23,Amazon,W01,Completed
O002793,2025-12-28,Amazon,W01,Completed
O002794,2025-03-25,Amazon,W02,Completed
O002795,2025-07-07,Amazon,W01,Completed
O002796,2025-03-26,Amazon,W03,Completed
O002797,2025-09-07,eBay,W03,Completed
O002798,2025-07-16,Walmart,W01,Completed
O002799,2025-01-21,Amazon,W01,Cancelled
O002800,2025-03-09,Amazon,W02,Completed
O002801,2025-10-20,Walmart,W01,Completed
O002802,2025-12-09,Walmart,W03,Completed
O002803,2025-06-13,eBay,W03,Completed
O002804,2025-11-05,Amazon,W01,Completed
O002805,2025-03-03,Amazon,W02,Completed
O002806,2025-04-18,eBay,W03,Completed
O002807,2025-01-30,Walmart,W01,Completed
O002808,2025-09-05,Walmart,W02,Completed
O002809,2025-03-03,Amazon,W02,Completed
O002810,2025-05-07,Walmart,W01,Completed
O002811,2025-08-20,Walmart,W02,Completed
O002812,2025-08-13,eBay,W01,Completed
O002813,2025-02-17,Amazon,W03,Completed
O002814,2025-07-22,Amazon,W02,Completed
O002815,2025-02-03,Amazon,W03,Completed
O002816,2025-12-29,Amazon,W03,Completed
O002817,2025-06-14,Walmart,W02,Completed
O002818,2025-11-17,eBay,W01,Completed
O002819,2025-04-19,Amazon,W03,Completed
O002820,2025-01-06,Walmart,W01,Completed
O002821,2025-11-25,Amazon,W03,Completed
O002822,2025-03-20,Amazon,W01,Completed
O002823,2025-07-13,Walmart,W01,Completed
O002824,2025-09-12,Walmart,W01,Completed
O002825,2025-04-18,Walmart,W03,Completed
O002826,2025-07-26,eBay,W01,Completed
O002827,2025-07-05,eBay,W03,Completed
O002828,2025-07-24,Amazon,W01,Completed
O002829,2025-12-29,Amazon,W01,Completed
O002830,2025-08-12,Amazon,W03,Completed
O002831,2025-09-16,eBay,W02,Cancelled
O002832,2025-01-10,Walmart,W02,Completed
O002833,2025-04-13,Walmart,W02,Completed
O002834,2025-06-20,Walmart,W02,Completed
O002835,2025-10-31,Walmart,W03,Completed
O002836,2025-09-04,Amazon,W01,Completed
O002837,2025-12-29,Walmart,W01,Completed
O002838,2025-06-24,Walmart,W02,Completed
O002839,2025-05-30,Walmart,W01,Completed
O002840,2025-07-21,eBay,W01,Completed
O002841,2025-01-23,eBay,W01,Completed
O002842,2025-05-24,eBay,W01,Completed
O002843,2025-11-19,Amazon,W02,Completed
O002844,2025-06-24,eBay,W01,Completed
O002845,2025-07-15,eBay,W01,Completed
O002846,2025-12-20,Amazon,W01,Completed
O002847,2025-06-09,Amazon,W02,Completed
O002848,2025-06-14,Amazon,W03,Completed
O002849,2025-09-25,Walmart,W03,Completed
O002850,2025-01-22,Walmart,W03,Completed
O002851,2025-12-01,Amazon,W02,Completed
O002852,2025-11-23,Walmart,W02,Completed
O002853,2025-02-07,Walmart,W03,Completed
O002854,2025-11-25,Walmart,W03,Cancelled
O002855,2025-06-25,Amazon,W03,Completed
O002856,2025-04-14,Walmart,W01,Completed
O002857,2025-07-02,eBay,W01,Completed
O002858,2025-04-17,Walmart,W01,Completed
O002859,2025-03-12,eBay,W03,Completed
O002860,2025-02-05,Amazon,W03,Completed
O002861,2025-05-16,Amazon,W02,Cancelled
O002862,2025-10-14,Walmart,W02,Completed
O002863,2025-11-16,Walmart,W01,Completed
O002864,2025-08-16,Walmart,W03,Completed
O002865,2025-06-21,Walmart,W02,Completed
O002866,2025-08-03,Walmart,W01,Completed
O002867,2025-07-04,Walmart,W01,Completed
O002868,2025-10-06,Amazon,W01,Completed
O002869,2025-07-29,eBay,W01,Completed
O002870,2025-05-16,Walmart,W01,Completed
O002871,2025-02-16,Walmart,W02,Completed
O002872,2025-10-29,Walmart,W03,Cancelled
O002873,2025-05-28,Amazon,W01,Completed
O002874,2025-05-15,Amazon,W02,Completed
O002875,2025-12-22,eBay,W03,Completed
O002876,2025-10-08,eBay,W03,Completed
O002877,2025-04-04,eBay,W03,Completed
O002878,2025-04-15,Amazon,W02,Completed
O002879,2025-06-17,Amazon,W01,Completed
O002880,2025-02-12,Amazon,W03,Completed
O002881,2025-01-08,Amazon,W03,Completed
O002882,2025-02-01,Walmart,W01,Completed
O002883,2025-07-14,Amazon,W02,Completed
O002884,2025-05-24,Amazon,W02,Completed
O002885,2025-08-21,eBay,W02,Completed
O002886,2025-11-15,eBay,W03,Completed
O002887,2025-05-20,Walmart,W02,Completed
O002888,2025-02-09,Walmart,W01,Completed
O002889,2025-09-07,Amazon,W01,Completed
O002890,2025-06-02,Amazon,W02,Completed
O002891,2025-02-14,Amazon,W01,Completed
O002892,2025-09-10,Walmart,W01,Completed
O002893,2025-07-29,Amazon,W02,Completed
O002894,2025-02-16,Amazon,W01,Completed
O002895,2025-10-13,eBay,W02,Completed
O002896,2025-07-14,Amazon,W01,Completed
O002897,2025-10-06,Walmart,W03,Completed
O002898,2025-10-31,eBay,W03,Completed
O002899,2025-11-02,Amazon,W03,Completed
O002900,2025-08-14,Amazon,W03,Completed
O002901,2025-05-10,Amazon,W01,Completed
O002902,2025-04-04,Walmart,W03,Completed
O002903,2025-10-28,Amazon,W03,Completed
O002904,2025-01-28,eBay,W02,Cancelled
O002905,2025-01-26,Walmart,W01,Completed
O002906,2025-05-27,Amazon,W03,Completed
O002907,2025-04-20,eBay,W01,Completed
O002908,2025-11-14,Walmart,W02,Completed
O002909,2025-05-26,Walmart,W03,Completed
O002910,2025-03-01,eBay,W01,Completed
O002911,2025-02-23,Walmart,W03,Completed
O002912,2025-01-10,Walmart,W01,Completed
O002913,2025-12-25,Amazon,W03,Completed
O002914,2025-08-13,Amazon,W02,Completed
O002915,2025-08-11,eBay,W02,Completed
O002916,2025-01-21,Walmart,W01,Completed
O002917,2025-01-25,Walmart,W03,Completed
O002918,2025-10-05,eBay,W03,Completed
O002919,2025-03-05,Walmart,W03,Completed
O002920,2025-09-30,Walmart,W01,Completed
O002921,2025-08-21,Walmart,W01,Completed
O002922,2025-10-19,Amazon,W03,Completed
O002923,2025-10-04,eBay,W02,Completed
O002924,2025-05-03,Walmart,W02,Completed
O002925,2025-06-15,eBay,W02,Cancelled
O002926,2025-06-09,Walmart,W02,Completed
O002927,2025-07-31,Walmart,W02,Completed
O002928,2025-05-05,eBay,W01,Completed
O002929,2025-05-08,Walmart,W02,Completed
O002930,2025-03-13,Walmart,W03,Completed
O002931,2025-12-19,Walmart,W01,Completed
O002932,2025-03-27,Amazon,W01,Completed
O002933,2025-05-06,Amazon,W02,Completed
O002934,2025-05-20,Walmart,W02,Completed
O002935,2025-11-22,Walmart,W02,Completed
O002936,2025-12-10,Walmart,W01,Completed
O002937,2025-02-10,Amazon,W02,Completed
O002938,2025-03-03,Walmart,W03,Completed
O002939,2025-12-25,eBay,W01,Completed
O002940,2025-04-27,Walmart,W02,Completed
O002941,2025-10-19,Walmart,W01,Completed
O002942,2025-02-11,Amazon,W01,Completed
O002943,2025-02-15,eBay,W02,Completed
O002944,2025-08-24,Walmart,W01,Completed
O002945,2025-12-03,eBay,W01,Completed
O002946,2025-01-23,Walmart,W02,Completed
O002947,2025-04-27,Walmart,W03,Completed
O002948,2025-02-25,Amazon,W02,Completed
O002949,2025-11-05,Amazon,W01,Completed
O002950,2025-06-06,eBay,W02,Completed
O002951,2025-11-24,eBay,W03,Completed
O002952,2025-08-04,eBay,W03,Completed
O002953,2025-09-23,Walmart,W03,Completed
O002954,2025-08-09,Amazon,W01,Completed
O002955,2025-11-10,eBay,W01,Completed
O002956,2025-04-19,Walmart,W01,Completed
O002957,2025-10-17,eBay,W03,Completed
O002958,2025-02-22,eBay,W02,Completed
O002959,2025-11-10,Walmart,W02,Completed
O002960,2025-05-26,Walmart,W03,Completed
O002961,2025-11-19,Walmart,W02,Completed
O002962,2025-05-06,Walmart,W03,Completed
O002963,2025-09-17,Amazon,W01,Completed
O002964,2025-06-09,Walmart,W01,Completed
O002965,2025-03-24,Amazon,W03,Completed
O002966,2025-08-09,Walmart,W02,Completed
O002967,2025-03-04,Walmart,W01,Completed
O002968,2025-06-26,eBay,W01,Completed
O002969,2025-08-27,eBay,W02,Completed
O002970,2025-12-23,eBay,W03,Cancelled
O002971,2025-05-25,eBay,W03,Cancelled
O002972,2025-11-12,Walmart,W01,Completed
O002973,2025-03-25,eBay,W02,Completed
O002974,2025-05-03,Walmart,W03,Cancelled
O002975,2025-09-27,eBay,W03,Completed
O002976,2025-09-27,Walmart,W02,Completed
O002977,2025-05-03,Walmart,W03,Completed
O002978,2025-07-22,eBay,W02,Completed
O002979,2025-10-25,eBay,W01,Completed
O002980,2025-12-06,eBay,W01,Completed
O002981,2025-12-20,Amazon,W01,Completed
O002982,2025-05-13,Walmart,W02,Completed
O002983,2025-03-31,Amazon,W02,Completed
O002984,2025-03-22,eBay,W01,Completed
O002985,2025-03-26,eBay,W01,Cancelled
O002986,2025-02-10,Amazon,W02,Completed
O002987,2025-02-14,eBay,W03,Completed
O002988,2025-11-23,Walmart,W01,Completed
O002989,2025-05-08,eBay,W01,Cancelled
O002990,2025-03-14,Walmart,W01,Completed
O002991,2025-07-28,Walmart,W01,Completed
O002992,2025-11-28,Amazon,W02,Completed
O002993,2025-11-20,Amazon,W02,Completed
O002994,2025-06-27,eBay,W02,Completed
O002995,2025-10-19,eBay,W01,Completed
O002996,2025-10-07,Amazon,W03,Completed
O002997,2025-12-31,Walmart,W01,Completed
O002998,2025-12-09,Amazon,W01,Completed
O002999,2025-01-12,eBay,W02,Cancelled
O003000,2025-06-11,Amazon,W01,Completed
O003001,2025-07-26,Amazon,W02,Completed
O003002,2025-04-04,Walmart,W02,Completed
O003003,2025-11-19,Walmart,W03,Completed
O003004,2025-02-17,Walmart,W01,Completed
O003005,2025-12-26,Walmart,W01,Completed
O003006,2025-07-29,Walmart,W01,Completed
O003007,2025-10-28,eBay,W01,Completed
O003008,2025-05-19,Walmart,W01,Completed
O003009,2025-07-12,Walmart,W01,Completed
O003010,2025-11-12,Walmart,W01,Completed
O003011,2025-08-22,Amazon,W03,Completed
O003012,2025-02-04,Amazon,W03,Completed
O003013,2025-01-16,eBay,W01,Completed
O003014,2025-09-10,Amazon,W02,Completed
O003015,2025-07-24,Walmart,W02,Completed
O003016,2025-04-21,Walmart,W01,Completed
O003017,2025-03-06,Amazon,W02,Completed
O003018,2025-09-05,Amazon,W01,Completed
O003019,2025-12-03,Walmart,W02,Completed
O003020,2025-12-19,Amazon,W01,Completed
O003021,2025-09-24,eBay,W02,Cancelled
O003022,2025-02-05,Walmart,W02,Completed
O003023,2025-07-02,eBay,W02,Completed
O003024,2025-05-23,eBay,W01,Completed
O003025,2025-11-09,eBay,W01,Completed
O003026,2025-04-08,eBay,W01,Completed
O003027,2025-12-31,eBay,W01,Completed
O003028,2025-03-01,eBay,W01,Completed
O003029,2025-08-20,Walmart,W01,Completed
O003030,2025-01-30,Walmart,W02,Completed
O003031,2025-04-23,Walmart,W03,Completed
O003032,2025-10-06,Walmart,W01,Completed
O003033,2025-12-07,eBay,W02,Completed
O003034,2025-02-03,Walmart,W03,Completed
O003035,2025-09-17,Amazon,W03,Completed
O003036,2025-02-10,Amazon,W02,Completed
O003037,2025-10-28,Walmart,W03,Completed
O003038,2025-12-05,Amazon,W02,Completed
O003039,2025-04-20,Amazon,W03,Completed
O003040,2025-09-23,Walmart,W01,Completed
O003041,2025-05-17,Amazon,W01,Completed
O003042,2025-05-28,Walmart,W03,Completed
O003043,2025-03-17,eBay,W01,Completed
O003044,2025-01-28,Amazon,W01,Completed
O003045,2025-10-22,Amazon,W02,Completed
O003046,2025-06-16,eBay,W02,Completed
O003047,2025-08-16,eBay,W01,Completed
O003048,2025-07-06,Walmart,W01,Completed
O003049,2025-05-11,Amazon,W02,Completed
O003050,2025-08-06,Amazon,W03,Completed
O003051,2025-02-15,Amazon,W01,Completed
O003052,2025-12-19,Amazon,W01,Completed
O003053,2025-10-06,Walmart,W02,Completed
O003054,2025-05-13,Amazon,W02,Completed
O003055,2025-08-13,eBay,W02,Completed
O003056,2025-06-21,Walmart,W01,Completed
O003057,2025-01-21,Amazon,W03,Completed
O003058,2025-04-07,Amazon,W02,Cancelled
O003059,2025-08-12,Walmart,W02,Completed
O003060,2025-10-02,Amazon,W02,Completed
O003061,2025-06-26,Amazon,W03,Completed
O003062,2025-10-08,Walmart,W01,Completed
O003063,2025-08-04,Walmart,W01,Completed
O003064,2025-10-18,Walmart,W02,Completed
O003065,2025-12-27,Amazon,W02,Completed
O003066,2025-12-12,Walmart,W02,Completed
O003067,2025-01-19,Amazon,W01,Completed
O003068,2025-07-06,Amazon,W02,Completed
O003069,2025-06-23,Walmart,W02,Completed
O003070,2025-03-07,Amazon,W02,Completed
O003071,2025-10-09,Amazon,W03,Completed
O003072,2025-04-23,Walmart,W02,Completed
O003073,2025-12-13,eBay,W03,Completed
O003074,2025-05-07,Walmart,W01,Completed
O003075,2025-08-28,eBay,W02,Completed
O003076,2025-01-15,Amazon,W01,Completed
O003077,2025-10-26,eBay,W01,Completed
O003078,2025-09-01,Amazon,W01,Completed
O003079,2025-07-06,eBay,W01,Completed
O003080,2025-07-16,Walmart,W01,Completed
O003081,2025-01-21,eBay,W03,Completed
O003082,2025-09-10,Walmart,W01,Completed
O003083,2025-05-12,Amazon,W01,Completed
O003084,2025-07-05,Walmart,W02,Completed
O003085,2025-06-19,Amazon,W01,Completed
O003086,2025-03-31,Walmart,W01,Completed
O003087,2025-09-12,Amazon,W01,Completed
O003088,2025-05-10,Amazon,W01,Completed
O003089,2025-05-19,Walmart,W02,Completed
O003090,2025-02-18,Amazon,W02,Completed
O003091,2025-09-01,Amazon,W01,Completed
O003092,2025-04-07,Amazon,W01,Completed
O003093,2025-12-05,Walmart,W01,Completed
O003094,2025-06-23,Amazon,W01,Completed
O003095,2025-11-18,eBay,W02,Completed
O003096,2025-12-29,Amazon,W01,Completed
O003097,2025-09-19,Walmart,W02,Completed
O003098,2025-01-25,Walmart,W02,Completed
O003099,2025-07-14,Walmart,W02,Completed
O003100,2025-03-16,Amazon,W03,Completed
O003101,2025-03-16,Walmart,W02,Completed
O003102,2025-03-11,eBay,W01,Completed
O003103,2025-08-22,Amazon,W03,Completed
O003104,2025-06-30,eBay,W01,Completed
O003105,2025-11-29,Amazon,W03,Completed
O003106,2025-08-12,Walmart,W01,Completed
O003107,2025-01-25,Walmart,W03,Completed
O003108,2025-12-25,Amazon,W01,Completed
O003109,2025-03-13,Amazon,W02,Completed
O003110,2025-03-12,Walmart,W01,Completed
O003111,2025-11-15,eBay,W01,Completed
O003112,2025-03-05,eBay,W02,Completed
O003113,2025-09-17,eBay,W01,Completed
O003114,2025-10-04,Walmart,W03,Completed
O003115,2025-07-03,eBay,W01,Completed
O003116,2025-06-17,Amazon,W02,Completed
O003117,2025-06-23,Walmart,W01,Completed
O003118,2025-10-30,Walmart,W02,Completed
O003119,2025-02-12,Amazon,W03,Completed
O003120,2025-04-23,eBay,W02,Completed
O003121,2025-02-08,eBay,W02,Completed
O003122,2025-03-23,Walmart,W01,Completed
O003123,2025-08-27,Walmart,W01,Completed
O003124,2025-11-18,Amazon,W01,Completed
O003125,2025-07-12,Amazon,W03,Completed
O003126,2025-05-06,Amazon,W02,Completed
O003127,2025-08-16,Amazon,W03,Completed
O003128,2025-07-17,Walmart,W03,Completed
O003129,2025-10-25,Walmart,W03,Completed
O003130,2025-04-02,Amazon,W03,Completed
O003131,2025-04-30,Amazon,W01,Completed
O003132,2025-08-06,Walmart,W01,Completed
O003133,2025-03-25,Amazon,W02,Completed
O003134,2025-07-06,eBay,W03,Completed
O003135,2025-04-27,Amazon,W01,Completed
O003136,2025-12-03,Walmart,W03,Completed
O003137,2025-04-30,Walmart,W03,Completed
O003138,2025-02-20,eBay,W01,Completed
O003139,2025-04-05,Walmart,W01,Completed
O003140,2025-08-16,eBay,W01,Completed
O003141,2025-11-01,Walmart,W03,Completed
O003142,2025-12-11,Amazon,W01,Completed
O003143,2025-10-08,Walmart,W01,Completed
O003144,2025-11-06,Amazon,W03,Cancelled
O003145,2025-01-16,Amazon,W02,Completed
O003146,2025-02-02,eBay,W01,Completed
O003147,2025-07-01,Walmart,W02,Completed
O003148,2025-07-23,Walmart,W03,Completed
O003149,2025-04-14,Amazon,W01,Completed
O003150,2025-04-10,Walmart,W02,Completed
O003151,2025-12-19,Amazon,W01,Completed
O003152,2025-10-17,eBay,W02,Completed
O003153,2025-10-18,eBay,W02,Completed
O003154,2025-10-03,Amazon,W01,Completed
O003155,2025-11-19,Amazon,W03,Cancelled
O003156,2025-09-26,Amazon,W03,Completed
O003157,2025-12-19,eBay,W02,Completed
O003158,2025-09-20,Walmart,W03,Completed
O003159,2025-01-16,eBay,W03,Cancelled
O003160,2025-02-16,Amazon,W03,Completed
O003161,2025-12-29,Amazon,W03,Completed
O003162,2025-10-13,eBay,W03,Completed
O003163,2025-05-24,eBay,W01,Completed
O003164,2025-05-15,Walmart,W02,Completed
O003165,2025-01-20,Amazon,W01,Completed
O003166,2025-10-06,Amazon,W03,Completed
O003167,2025-01-04,eBay,W02,Completed
O003168,2025-11-01,eBay,W01,Completed
O003169,2025-01-06,Amazon,W02,Completed
O003170,2025-06-09,Walmart,W01,Completed
O003171,2025-08-12,Amazon,W01,Completed
O003172,2025-07-06,Walmart,W01,Completed
O003173,2025-07-29,eBay,W03,Completed
O003174,2025-04-26,Amazon,W03,Completed
O003175,2025-03-01,Amazon,W01,Completed
O003176,2025-01-08,Amazon,W01,Completed
O003177,2025-09-12,Amazon,W02,Completed
O003178,2025-07-11,eBay,W02,Completed
O003179,2025-05-07,eBay,W01,Completed
O003180,2025-08-19,Amazon,W01,Completed
O003181,2025-11-17,eBay,W03,Completed
O003182,2025-08-12,Walmart,W01,Completed
O003183,2025-05-11,Amazon,W03,Completed
O003184,2025-03-12,eBay,W01,Completed
O003185,2025-03-26,Walmart,W03,Completed
O003186,2025-07-04,Walmart,W02,Completed
O003187,2025-01-04,eBay,W02,Completed
O003188,2025-09-07,Amazon,W01,Completed
O003189,2025-07-31,Walmart,W01,Completed
O003190,2025-07-23,Walmart,W02,Completed
O003191,2025-04-07,Amazon,W01,Completed
O003192,2025-07-24,Amazon,W03,Completed
O003193,2025-10-15,Amazon,W02,Completed
O003194,2025-11-24,Amazon,W01,Cancelled
O003195,2025-08-26,Walmart,W01,Completed
O003196,2025-09-11,Amazon,W03,Completed
O003197,2025-04-20,Amazon,W03,Completed
O003198,2025-08-23,Walmart,W03,Completed
O003199,2025-03-26,Walmart,W01,Completed
O003200,2025-05-30,Walmart,W01,Completed
O003201,2025-05-14,Amazon,W01,Completed
O003202,2025-05-01,Amazon,W03,Completed
O003203,2025-01-12,Walmart,W02,Completed
O003204,2025-12-05,eBay,W02,Cancelled
O003205,2025-05-31,Amazon,W02,Completed
O003206,2025-10-24,eBay,W02,Completed
O003207,2025-05-28,Amazon,W02,Completed
O003208,2025-09-07,eBay,W03,Completed
O003209,2025-01-17,eBay,W01,Completed
O003210,2025-04-24,Amazon,W01,Completed
O003211,2025-12-25,Amazon,W01,Completed
O003212,2025-09-30,eBay,W01,Completed
O003213,2025-07-16,Walmart,W03,Completed
O003214,2025-08-06,Walmart,W01,Completed
O003215,2025-02-26,Walmart,W01,Completed
O003216,2025-02-05,Amazon,W03,Completed
O003217,2025-12-21,eBay,W02,Completed
O003218,2025-12-08,Walmart,W03,Completed
O003219,2025-07-07,Walmart,W01,Completed
O003220,2025-02-15,eBay,W02,Completed
O003221,2025-12-14,Walmart,W01,Completed
O003222,2025-02-05,Amazon,W01,Completed
O003223,2025-10-14,Amazon,W03,Completed
O003224,2025-04-12,Amazon,W03,Completed
O003225,2025-08-26,eBay,W02,Completed
O003226,2025-05-05,eBay,W02,Completed
O003227,2025-08-13,eBay,W01,Completed
O003228,2025-08-01,eBay,W03,Completed
O003229,2025-12-22,eBay,W01,Completed
O003230,2025-06-03,Amazon,W02,Completed
O003231,2025-01-18,eBay,W02,Completed
O003232,2025-04-10,Amazon,W02,Completed
O003233,2025-12-29,Amazon,W01,Completed
O003234,2025-01-25,Amazon,W01,Completed
O003235,2025-10-21,Amazon,W02,Completed
O003236,2025-01-09,Walmart,W01,Completed
O003237,2025-03-04,Walmart,W01,Completed
O003238,2025-01-14,Walmart,W01,Completed
O003239,2025-01-22,Amazon,W01,Completed
O003240,2025-07-30,Walmart,W03,Completed
O003241,2025-11-21,Amazon,W03,Completed
O003242,2025-03-29,Amazon,W03,Completed
O003243,2025-03-02,Amazon,W01,Completed
O003244,2025-12-21,eBay,W02,Completed
O003245,2025-01-20,Amazon,W01,Completed
O003246,2025-10-02,Walmart,W02,Completed
O003247,2025-04-14,Amazon,W03,Completed
O003248,2025-03-27,Amazon,W02,Cancelled
O003249,2025-09-23,eBay,W01,Completed
O003250,2025-11-27,Amazon,W01,Completed
O003251,2025-06-28,Walmart,W02,Cancelled
O003252,2025-06-19,Amazon,W02,Completed
O003253,2025-05-18,eBay,W02,Completed
O003254,2025-04-30,Walmart,W03,Completed
O003255,2025-07-21,Walmart,W01,Completed
O003256,2025-09-18,eBay,W01,Completed
O003257,2025-06-01,Walmart,W02,Completed
O003258,2025-08-25,eBay,W01,Completed
O003259,2025-07-21,eBay,W02,Completed
O003260,2025-09-11,Amazon,W02,Completed
O003261,2025-03-26,Amazon,W01,Completed
O003262,2025-12-15,Amazon,W03,Completed
O003263,2025-07-04,Amazon,W01,Completed
O003264,2025-06-20,Amazon,W02,Completed
O003265,2025-08-04,Walmart,W02,Cancelled
O003266,2025-09-12,Amazon,W01,Completed
O003267,2025-06-21,eBay,W03,Completed
O003268,2025-06-27,eBay,W02,Completed
O003269,2025-07-19,Walmart,W02,Completed
O003270,2025-07-06,Walmart,W02,Completed
O003271,2025-10-13,eBay,W02,Completed
O003272,2025-09-10,eBay,W02,Completed
O003273,2025-12-08,Walmart,W03,Cancelled
O003274,2025-05-04,Amazon,W03,Completed
O003275,2025-06-18,Walmart,W02,Completed
O003276,2025-01-15,Walmart,W01,Completed
O003277,2025-06-23,eBay,W02,Completed
O003278,2025-03-27,eBay,W03,Completed
O003279,2025-10-17,Amazon,W02,Completed
O003280,2025-12-13,eBay,W01,Cancelled
O003281,2025-12-26,eBay,W01,Completed
O003282,2025-02-19,Walmart,W02,Completed
O003283,2025-12-09,Walmart,W01,Completed
O003284,2025-05-25,Walmart,W03,Completed
O003285,2025-05-17,Amazon,W01,Completed
O003286,2025-04-11,eBay,W01,Completed
O003287,2025-03-19,Amazon,W03,Completed
O003288,2025-02-22,Walmart,W01,Completed
O003289,2025-08-12,eBay,W01,Completed
O003290,2025-05-08,Amazon,W01,Completed
O003291,2025-04-08,eBay,W01,Completed
O003292,2025-05-24,Amazon,W02,Completed
O003293,2025-09-08,Walmart,W03,Completed
O003294,2025-08-14,Amazon,W01,Completed
O003295,2025-10-21,eBay,W02,Completed
O003296,2025-11-16,Walmart,W02,Completed
O003297,2025-10-20,Walmart,W03,Completed
O003298,2025-04-16,Amazon,W01,Completed
O003299,2025-11-18,eBay,W02,Completed
O003300,2025-06-28,Walmart,W02,Completed
O003301,2025-12-02,eBay,W01,Completed
O003302,2025-07-05,Walmart,W02,Completed
O003303,2025-09-01,Amazon,W02,Completed
O003304,2025-07-17,Amazon,W03,Completed
O003305,2025-01-04,Walmart,W01,Completed
O003306,2025-06-23,Walmart,W01,Completed
O003307,2025-12-24,eBay,W01,Cancelled
O003308,2025-11-16,Amazon,W03,Completed
O003309,2025-06-29,Walmart,W03,Completed
O003310,2025-02-22,Amazon,W02,Completed
O003311,2025-02-15,Amazon,W03,Completed
O003312,2025-03-29,Walmart,W02,Completed
O003313,2025-07-08,eBay,W03,Completed
O003314,2025-05-13,eBay,W02,Completed
O003315,2025-06-06,Walmart,W03,Completed
O003316,2025-10-01,Amazon,W01,Completed
O003317,2025-03-30,Walmart,W02,Completed
O003318,2025-05-26,Amazon,W01,Completed
O003319,2025-08-18,Amazon,W01,Completed
O003320,2025-05-25,Walmart,W01,Completed
O003321,2025-10-03,Amazon,W03,Completed
O003322,2025-04-09,Walmart,W02,Completed
O003323,2025-12-25,eBay,W02,Completed
O003324,2025-02-27,eBay,W02,Completed
O003325,2025-04-19,eBay,W03,Completed
O003326,2025-12-30,Amazon,W01,Completed
O003327,2025-09-27,eBay,W02,Completed
O003328,2025-03-11,Amazon,W02,Completed
O003329,2025-02-04,eBay,W03,Completed
O003330,2025-04-18,Amazon,W02,Completed
O003331,2025-04-26,Amazon,W02,Completed
O003332,2025-06-23,Walmart,W03,Completed
O003333,2025-04-30,eBay,W01,Completed
O003334,2025-05-09,Amazon,W03,Completed
O003335,2025-12-25,Walmart,W01,Completed
O003336,2025-04-13,eBay,W03,Completed
O003337,2025-07-28,Walmart,W02,Completed
O003338,2025-07-13,Amazon,W02,Completed
O003339,2025-02-05,Amazon,W01,Completed
O003340,2025-10-03,eBay,W01,Completed
O003341,2025-08-02,Amazon,W03,Completed
O003342,2025-06-20,Amazon,W02,Completed
O003343,2025-11-18,eBay,W01,Completed
O003344,2025-10-05,Amazon,W01,Completed
O003345,2025-03-18,Amazon,W02,Completed
O003346,2025-12-29,eBay,W03,Completed
O003347,2025-06-12,Amazon,W03,Completed
O003348,2025-04-08,Walmart,W03,Completed
O003349,2025-12-16,Amazon,W01,Completed
O003350,2025-08-22,Walmart,W03,Completed
O003351,2025-03-13,Amazon,W01,Completed
O003352,2025-02-24,Walmart,W02,Completed
O003353,2025-06-03,Amazon,W01,Completed
O003354,2025-05-11,Amazon,W02,Completed
O003355,2025-12-10,Walmart,W01,Completed
O003356,2025-07-02,Amazon,W01,Completed
O003357,2025-04-11,Walmart,W01,Completed
O003358,2025-04-30,Amazon,W01,Completed
O003359,2025-10-24,Amazon,W01,Completed
O003360,2025-04-02,Walmart,W01,Completed
O003361,2025-07-31,Amazon,W02,Completed
O003362,2025-01-02,Walmart,W01,Completed
O003363,2025-08-14,Walmart,W01,Completed
O003364,2025-04-27,Amazon,W02,Completed
O003365,2025-12-14,Amazon,W02,Completed
O003366,2025-07-29,eBay,W01,Completed
O003367,2025-09-13,Amazon,W03,Cancelled
O003368,2025-08-01,eBay,W01,Completed
O003369,2025-10-12,Amazon,W01,Completed
O003370,2025-04-03,Walmart,W03,Completed
O003371,2025-05-06,eBay,W01,Completed
O003372,2025-01-06,Amazon,W01,Completed
O003373,2025-07-24,eBay,W02,Completed
O003374,2025-12-19,Amazon,W02,Completed
O003375,2025-02-21,Amazon,W02,Completed
O003376,2025-12-16,Walmart,W02,Completed
O003377,2025-06-20,Walmart,W03,Completed
O003378,2025-01-25,Walmart,W02,Completed
O003379,2025-10-30,Amazon,W03,Completed
O003380,2025-07-28,Amazon,W03,Cancelled
O003381,2025-11-26,Walmart,W03,Completed
O003382,2025-02-18,Walmart,W03,Completed
O003383,2025-05-09,Amazon,W01,Completed
O003384,2025-08-31,Amazon,W02,Completed
O003385,2025-08-05,Amazon,W03,Completed
O003386,2025-03-14,Amazon,W01,Completed
O003387,2025-11-08,eBay,W03,Completed
O003388,2025-11-22,Amazon,W01,Completed
O003389,2025-06-28,Amazon,W01,Completed
O003390,2025-11-11,Amazon,W01,Completed
O003391,2025-01-30,Walmart,W03,Completed
O003392,2025-11-10,Amazon,W01,Completed
O003393,2025-08-21,Amazon,W01,Completed
O003394,2025-11-12,Walmart,W01,Completed
O003395,2025-07-10,Amazon,W03,Completed
O003396,2025-01-01,Walmart,W03,Cancelled
O003397,2025-08-25,Amazon,W01,Completed
O003398,2025-03-06,Walmart,W01,Completed
O003399,2025-02-14,Amazon,W02,Completed
O003400,2025-08-23,Amazon,W03,Completed
O003401,2025-10-17,Amazon,W03,Completed
O003402,2025-07-26,eBay,W01,Completed
O003403,2025-06-17,Walmart,W03,Completed
O003404,2025-05-03,Walmart,W01,Completed
O003405,2025-09-07,Amazon,W01,Completed
O003406,2025-02-28,eBay,W02,Completed
O003407,2025-08-25,Amazon,W02,Completed
O003408,2025-03-01,Amazon,W01,Completed
O003409,2025-02-22,Amazon,W01,Completed
O003410,2025-06-24,eBay,W03,Completed
O003411,2025-01-12,eBay,W02,Completed
O003412,2025-06-11,eBay,W02,Completed
O003413,2025-01-23,Walmart,W03,Completed
O003414,2025-01-28,eBay,W01,Completed
O003415,2025-10-01,eBay,W02,Completed
O003416,2025-05-26,Amazon,W02,Completed
O003417,2025-08-28,Walmart,W01,Completed
O003418,2025-06-29,Amazon,W01,Completed
O003419,2025-03-17,eBay,W01,Completed
O003420,2025-07-29,Amazon,W01,Cancelled
O003421,2025-04-19,Walmart,W01,Completed
O003422,2025-08-06,eBay,W03,Completed
O003423,2025-09-08,Walmart,W01,Completed
O003424,2025-03-13,Amazon,W02,Completed
O003425,2025-04-23,Walmart,W01,Completed
O003426,2025-08-03,eBay,W01,Completed
O003427,2025-03-16,Amazon,W01,Completed
O003428,2025-01-14,Amazon,W02,Completed
O003429,2025-03-17,eBay,W01,Completed
O003430,2025-07-31,Walmart,W02,Completed
O003431,2025-03-06,Walmart,W03,Completed
O003432,2025-02-27,Amazon,W01,Completed
O003433,2025-02-02,Walmart,W02,Completed
O003434,2025-03-01,Amazon,W03,Completed
O003435,2025-09-05,eBay,W01,Completed
O003436,2025-03-23,Amazon,W03,Completed
O003437,2025-05-18,Amazon,W03,Completed
O003438,2025-12-24,Walmart,W01,Completed
O003439,2025-12-05,Amazon,W03,Completed
O003440,2025-10-02,eBay,W01,Completed
O003441,2025-08-25,Walmart,W03,Completed
O003442,2025-08-30,eBay,W02,Completed
O003443,2025-01-01,Walmart,W03,Completed
O003444,2025-01-24,eBay,W01,Completed
O003445,2025-11-06,Amazon,W02,Completed
O003446,2025-07-02,Walmart,W01,Completed
O003447,2025-06-28,Amazon,W01,Completed
O003448,2025-10-16,Walmart,W02,Completed
O003449,2025-06-24,eBay,W03,Completed
O003450,2025-01-19,Amazon,W03,Completed
O003451,2025-02-08,Walmart,W02,Completed
O003452,2025-06-03,Amazon,W01,Completed
O003453,2025-12-31,Walmart,W03,Completed
O003454,2025-01-13,Amazon,W02,Completed
O003455,2025-12-03,Amazon,W03,Completed
O003456,2025-03-26,Amazon,W01,Completed
O003457,2025-01-13,Amazon,W02,Completed
O003458,2025-12-04,Walmart,W01,Completed
O003459,2025-06-05,Walmart,W01,Completed
O003460,2025-05-27,Walmart,W01,Completed
O003461,2025-10-26,eBay,W01,Completed
O003462,2025-03-15,Walmart,W03,Completed
O003463,2025-04-27,Amazon,W03,Completed
O003464,2025-06-25,Walmart,W01,Completed
O003465,2025-10-30,Amazon,W03,Completed
O003466,2025-05-26,Walmart,W02,Completed
O003467,2025-05-14,Amazon,W03,Completed
O003468,2025-06-29,Walmart,W03,Completed
O003469,2025-01-18,Amazon,W03,Completed
O003470,2025-06-05,eBay,W02,Completed
O003471,2025-02-09,eBay,W01,Completed
O003472,2025-08-22,Walmart,W01,Completed
O003473,2025-01-26,eBay,W03,Completed
O003474,2025-03-16,eBay,W03,Completed
O003475,2025-05-13,Amazon,W02,Completed
O003476,2025-08-03,Walmart,W01,Completed
O003477,2025-05-17,Walmart,W02,Completed
O003478,2025-01-01,Walmart,W01,Completed
O003479,2025-06-18,Walmart,W01,Completed
O003480,2025-09-30,Walmart,W01,Completed
O003481,2025-10-11,Amazon,W02,Completed
O003482,2025-01-28,Walmart,W01,Completed
O003483,2025-10-06,Amazon,W03,Completed
O003484,2025-11-03,Amazon,W01,Completed
O003485,2025-11-26,Amazon,W02,Completed
O003486,2025-03-27,Amazon,W03,Completed
O003487,2025-06-09,Amazon,W01,Completed
O003488,2025-02-08,Walmart,W01,Completed
O003489,2025-10-22,Walmart,W02,Completed
O003490,2025-02-18,Walmart,W02,Completed
O003491,2025-01-22,Walmart,W02,Completed
O003492,2025-02-25,Amazon,W03,Completed
O003493,2025-08-17,Amazon,W01,Completed
O003494,2025-06-20,Amazon,W01,Completed
O003495,2025-06-28,eBay,W01,Completed
O003496,2025-02-10,Walmart,W01,Completed
O003497,2025-09-29,Amazon,W01,Completed
O003498,2025-04-20,Walmart,W02,Completed
O003499,2025-05-08,Walmart,W02,Completed
O003500,2025-03-28,Amazon,W01,Completed
O003501,2025-02-07,Amazon,W03,Completed
O003502,2025-06-22,Walmart,W01,Completed
O003503,2025-01-16,Amazon,W02,Completed
O003504,2025-10-13,Amazon,W01,Completed
O003505,2025-06-28,eBay,W01,Completed
O003506,2025-02-07,eBay,W01,Completed
O003507,2025-08-26,Walmart,W02,Completed
O003508,2025-01-05,eBay,W01,Cancelled
O003509,2025-07-21,Amazon,W02,Completed
O003510,2025-09-25,Amazon,W02,Completed
O003511,2025-07-15,eBay,W02,Completed
O003512,2025-09-29,Amazon,W01,Completed
O003513,2025-02-15,Amazon,W02,Completed
O003514,2025-08-11,eBay,W01,Cancelled
O003515,2025-12-28,Amazon,W01,Completed
O003516,2025-02-23,Amazon,W01,Completed
O003517,2025-08-02,eBay,W01,Completed
O003518,2025-04-14,Amazon,W01,Completed
O003519,2025-04-19,eBay,W03,Completed
O003520,2025-02-18,eBay,W01,Completed
O003521,2025-04-20,eBay,W01,Completed
O003522,2025-05-19,eBay,W01,Completed
O003523,2025-02-01,Walmart,W03,Completed
O003524,2025-06-11,Amazon,W01,Completed
O003525,2025-04-23,Walmart,W02,Completed
O003526,2025-08-25,Amazon,W01,Completed
O003527,2025-09-17,Amazon,W02,Completed
O003528,2025-02-26,Walmart,W01,Completed
O003529,2025-12-09,Walmart,W03,Completed
O003530,2025-03-26,Amazon,W03,Completed
O003531,2025-02-01,Walmart,W02,Completed
O003532,2025-07-27,Walmart,W01,Completed
O003533,2025-09-12,Walmart,W02,Completed
O003534,2025-05-24,Amazon,W02,Completed
O003535,2025-12-18,Amazon,W03,Completed
O003536,2025-06-17,Amazon,W01,Completed
O003537,2025-08-25,eBay,W01,Completed
O003538,2025-12-14,eBay,W03,Completed
O003539,2025-11-02,Walmart,W01,Completed
O003540,2025-05-02,Walmart,W01,Completed
O003541,2025-06-29,Amazon,W03,Completed
O003542,2025-02-17,eBay,W01,Cancelled
O003543,2025-02-03,Walmart,W02,Completed
O003544,2025-05-24,Walmart,W01,Completed
O003545,2025-09-18,Amazon,W03,Completed
O003546,2025-01-25,Amazon,W01,Completed
O003547,2025-04-02,Amazon,W01,Completed
O003548,2025-11-21,eBay,W03,Completed
O003549,2025-03-27,eBay,W03,Completed
O003550,2025-12-08,eBay,W01,Completed
O003551,2025-04-28,Amazon,W01,Completed
O003552,2025-06-07,Walmart,W02,Completed
O003553,2025-12-19,Walmart,W01,Completed
O003554,2025-08-16,eBay,W02,Completed
O003555,2025-06-22,eBay,W02,Completed
O003556,2025-06-02,eBay,W01,Completed
O003557,2025-09-26,Amazon,W01,Completed
O003558,2025-04-11,Amazon,W03,Completed
O003559,2025-02-08,Amazon,W03,Completed
O003560,2025-12-30,Amazon,W03,Completed
O003561,2025-08-12,eBay,W02,Completed
O003562,2025-12-31,Walmart,W01,Completed
O003563,2025-10-02,eBay,W01,Completed
O003564,2025-11-14,Walmart,W01,Completed
O003565,2025-05-11,eBay,W03,Completed
O003566,2025-02-04,Amazon,W01,Completed
O003567,2025-12-20,Walmart,W01,Completed
O003568,2025-10-21,eBay,W03,Completed
O003569,2025-06-18,Amazon,W03,Completed
O003570,2025-04-23,eBay,W03,Completed
O003571,2025-11-11,eBay,W01,Completed
O003572,2025-11-29,Walmart,W01,Completed
O003573,2025-04-16,eBay,W02,Completed
O003574,2025-03-29,Walmart,W01,Completed
O003575,2025-02-23,Amazon,W03,Completed
O003576,2025-04-08,Amazon,W01,Completed
O003577,2025-07-06,eBay,W01,Completed
O003578,2025-02-23,Amazon,W01,Completed
O003579,2025-01-14,Walmart,W03,Completed
O003580,2025-02-09,Amazon,W03,Completed
O003581,2025-06-20,Amazon,W02,Completed
O003582,2025-10-28,Amazon,W03,Completed
O003583,2025-06-01,Amazon,W01,Completed
O003584,2025-07-12,Walmart,W01,Completed
O003585,2025-12-22,eBay,W03,Completed
O003586,2025-01-01,Walmart,W03,Completed
O003587,2025-11-26,Amazon,W03,Completed
O003588,2025-04-24,Walmart,W01,Completed
O003589,2025-07-03,Amazon,W03,Completed
O003590,2025-10-12,eBay,W01,Completed
O003591,2025-05-31,eBay,W01,Completed
O003592,2025-10-04,eBay,W03,Completed
O003593,2025-06-18,Walmart,W03,Completed
O003594,2025-10-10,Walmart,W02,Cancelled
O003595,2025-10-08,Walmart,W02,Completed
O003596,2025-09-22,Amazon,W03,Completed
O003597,2025-12-26,Walmart,W03,Completed
O003598,2025-03-31,Walmart,W02,Completed
O003599,2025-04-21,Amazon,W03,Completed
O003600,2025-01-21,Walmart,W02,Cancelled
O003601,2025-10-19,eBay,W02,Completed
O003602,2025-03-04,Amazon,W02,Completed
O003603,2025-10-29,eBay,W01,Completed
O003604,2025-12-14,Amazon,W01,Completed
O003605,2025-02-13,Walmart,W03,Completed
O003606,2025-05-11,eBay,W03,Completed
O003607,2025-03-01,Amazon,W02,Cancelled
O003608,2025-01-21,eBay,W02,Completed
O003609,2025-07-29,Amazon,W01,Completed
O003610,2025-07-30,Amazon,W03,Completed
O003611,2025-04-26,Amazon,W01,Completed
O003612,2025-05-12,Amazon,W02,Completed
O003613,2025-07-12,Amazon,W01,Completed
O003614,2025-03-26,eBay,W03,Completed
O003615,2025-04-28,Walmart,W02,Completed
O003616,2025-03-01,Amazon,W01,Completed
O003617,2025-04-11,eBay,W01,Cancelled
O003618,2025-02-24,Amazon,W01,Completed
O003619,2025-07-27,Amazon,W02,Completed
O003620,2025-08-30,Amazon,W01,Completed
O003621,2025-11-15,Walmart,W02,Completed
O003622,2025-09-15,eBay,W01,Completed
O003623,2025-03-29,Amazon,W01,Completed
O003624,2025-11-29,Amazon,W01,Completed
O003625,2025-09-17,Amazon,W01,Completed
O003626,2025-04-28,eBay,W01,Completed
O003627,2025-10-02,Amazon,W01,Completed
O003628,2025-04-04,Amazon,W02,Completed
O003629,2025-02-01,Walmart,W01,Completed
O003630,2025-05-13,Amazon,W02,Completed
O003631,2025-12-17,eBay,W02,Completed
O003632,2025-04-18,eBay,W02,Completed
O003633,2025-05-01,Amazon,W02,Cancelled
O003634,2025-09-26,Walmart,W01,Completed
O003635,2025-07-09,Walmart,W03,Completed
O003636,2025-05-07,Walmart,W01,Completed
O003637,2025-09-10,Walmart,W02,Completed
O003638,2025-01-25,Walmart,W03,Completed
O003639,2025-10-30,Amazon,W01,Completed
O003640,2025-08-07,Amazon,W03,Completed
O003641,2025-04-13,Amazon,W01,Completed
O003642,2025-10-08,Amazon,W02,Completed
O003643,2025-03-04,Walmart,W01,Completed
O003644,2025-02-13,Amazon,W01,Completed
O003645,2025-07-23,Amazon,W02,Completed
O003646,2025-02-01,Amazon,W03,Cancelled
O003647,2025-09-28,Walmart,W03,Completed
O003648,2025-10-22,Amazon,W01,Completed
O003649,2025-06-10,Amazon,W03,Completed
O003650,2025-01-27,eBay,W01,Completed
O003651,2025-12-09,Walmart,W03,Completed
O003652,2025-01-04,eBay,W02,Cancelled
O003653,2025-06-27,Amazon,W01,Completed
O003654,2025-02-24,Amazon,W02,Cancelled
O003655,2025-10-26,Walmart,W01,Completed
O003656,2025-01-07,Walmart,W03,Cancelled
O003657,2025-03-27,Amazon,W03,Completed
O003658,2025-10-25,Amazon,W02,Completed
O003659,2025-05-13,Amazon,W02,Completed
O003660,2025-07-19,Walmart,W01,Completed
O003661,2025-09-22,Walmart,W03,Completed
O003662,2025-05-28,Amazon,W03,Completed
O003663,2025-03-10,Amazon,W01,Completed
O003664,2025-08-15,eBay,W03,Completed
O003665,2025-03-30,eBay,W01,Completed
O003666,2025-06-15,Walmart,W02,Completed
O003667,2025-06-17,Amazon,W01,Completed
O003668,2025-09-18,eBay,W02,Completed
O003669,2025-11-12,Amazon,W02,Completed
O003670,2025-01-02,eBay,W02,Cancelled
O003671,2025-07-16,Walmart,W01,Completed
O003672,2025-10-07,Walmart,W01,Completed
O003673,2025-09-22,Walmart,W01,Completed
O003674,2025-12-07,Amazon,W03,Completed
O003675,2025-03-08,Amazon,W02,Completed
O003676,2025-06-17,Amazon,W02,Completed
O003677,2025-05-23,Amazon,W02,Completed
O003678,2025-03-23,Amazon,W02,Completed
O003679,2025-04-01,eBay,W01,Completed
O003680,2025-07-09,eBay,W01,Completed
O003681,2025-08-14,Amazon,W01,Completed
O003682,2025-09-06,eBay,W01,Cancelled
O003683,2025-05-10,eBay,W01,Completed
O003684,2025-10-04,Walmart,W02,Completed
O003685,2025-02-16,Walmart,W02,Completed
O003686,2025-09-22,Walmart,W02,Completed
O003687,2025-05-18,Amazon,W01,Completed
O003688,2025-03-02,Walmart,W02,Completed
O003689,2025-09-08,eBay,W01,Completed
O003690,2025-06-27,Amazon,W02,Cancelled
O003691,2025-01-08,eBay,W01,Completed
O003692,2025-12-18,eBay,W01,Completed
O003693,2025-09-15,Amazon,W02,Completed
O003694,2025-10-09,Amazon,W03,Completed
O003695,2025-03-11,Amazon,W02,Completed
O003696,2025-01-16,Walmart,W01,Completed
O003697,2025-08-08,eBay,W01,Completed
O003698,2025-02-14,eBay,W01,Completed
O003699,2025-07-27,Walmart,W01,Completed
O003700,2025-03-21,Amazon,W01,Completed
O003701,2025-06-03,eBay,W01,Completed
O003702,2025-01-09,Amazon,W03,Completed
O003703,2025-01-10,Walmart,W01,Completed
O003704,2025-10-26,Walmart,W02,Completed
O003705,2025-03-15,Walmart,W02,Completed
O003706,2025-03-19,Amazon,W01,Completed
O003707,2025-05-30,eBay,W01,Completed
O003708,2025-01-20,Walmart,W02,Completed
O003709,2025-02-19,Amazon,W03,Completed
O003710,2025-02-20,Amazon,W01,Completed
O003711,2025-11-04,Amazon,W03,Completed
O003712,2025-06-22,Walmart,W01,Completed
O003713,2025-04-01,Amazon,W01,Completed
O003714,2025-08-25,eBay,W01,Completed
O003715,2025-03-01,Walmart,W01,Completed
O003716,2025-06-08,Amazon,W01,Completed
O003717,2025-08-19,Walmart,W01,Completed
O003718,2025-03-06,Amazon,W01,Completed
O003719,2025-07-12,Amazon,W03,Completed
O003720,2025-01-19,Amazon,W01,Cancelled
O003721,2025-06-15,eBay,W02,Completed
O003722,2025-05-21,Amazon,W01,Completed
O003723,2025-12-27,Amazon,W03,Completed
O003724,2025-03-28,eBay,W01,Cancelled
O003725,2025-04-10,eBay,W03,Completed
O003726,2025-10-01,Amazon,W01,Completed
O003727,2025-05-27,Walmart,W01,Completed
O003728,2025-05-17,Walmart,W01,Completed
O003729,2025-03-15,Amazon,W02,Completed
O003730,2025-04-26,Walmart,W01,Completed
O003731,2025-08-19,Amazon,W03,Completed
O003732,2025-06-15,Amazon,W03,Completed
O003733,2025-01-19,Walmart,W03,Completed
O003734,2025-09-04,Walmart,W01,Completed
O003735,2025-05-24,Amazon,W01,Completed
O003736,2025-12-02,Amazon,W01,Completed
O003737,2025-10-18,Amazon,W03,Cancelled
O003738,2025-01-02,Amazon,W03,Completed
O003739,2025-05-21,Walmart,W01,Completed
O003740,2025-08-03,eBay,W02,Completed
O003741,2025-09-21,Amazon,W03,Completed
O003742,2025-12-26,Amazon,W01,Completed
O003743,2025-10-25,Walmart,W01,Completed
O003744,2025-07-08,eBay,W01,Completed
O003745,2025-07-05,Amazon,W01,Completed
O003746,2025-10-10,Amazon,W02,Completed
O003747,2025-09-05,Amazon,W02,Completed
O003748,2025-04-06,Amazon,W03,Completed
O003749,2025-09-16,eBay,W01,Completed
O003750,2025-06-14,Amazon,W03,Completed
O003751,2025-08-04,Walmart,W01,Completed
O003752,2025-09-02,eBay,W02,Completed
O003753,2025-08-31,Amazon,W03,Completed
O003754,2025-12-23,Walmart,W02,Completed
O003755,2025-08-03,eBay,W01,Completed
O003756,2025-05-03,Amazon,W01,Completed
O003757,2025-07-30,Amazon,W02,Completed
O003758,2025-05-02,Walmart,W02,Completed
O003759,2025-12-13,Walmart,W02,Completed
O003760,2025-07-16,Walmart,W01,Completed
O003761,2025-10-19,Amazon,W02,Completed
O003762,2025-10-10,Walmart,W02,Completed
O003763,2025-12-23,Walmart,W02,Completed
O003764,2025-11-04,eBay,W01,Completed
O003765,2025-12-21,eBay,W01,Completed
O003766,2025-01-23,Walmart,W02,Completed
O003767,2025-09-16,Walmart,W03,Completed
O003768,2025-05-03,Amazon,W03,Completed
O003769,2025-08-02,Walmart,W03,Completed
O003770,2025-09-09,Amazon,W03,Completed
O003771,2025-06-19,Amazon,W03,Completed
O003772,2025-12-24,Walmart,W01,Completed
O003773,2025-07-19,eBay,W03,Completed
O003774,2025-01-08,Walmart,W01,Completed
O003775,2025-08-23,Amazon,W01,Completed
O003776,2025-04-25,eBay,W01,Completed
O003777,2025-07-23,Amazon,W03,Completed
O003778,2025-08-19,Walmart,W02,Completed
O003779,2025-12-12,Walmart,W01,Completed
O003780,2025-12-07,Amazon,W01,Completed
O003781,2025-11-05,Amazon,W01,Cancelled
O003782,2025-11-25,Amazon,W02,Completed
O003783,2025-08-26,eBay,W03,Completed
O003784,2025-12-08,Amazon,W03,Completed
O003785,2025-09-20,Walmart,W03,Completed
O003786,2025-11-01,eBay,W02,Completed
O003787,2025-06-01,Amazon,W03,Completed
O003788,2025-03-06,eBay,W01,Completed
O003789,2025-06-13,Amazon,W01,Completed
O003790,2025-04-22,eBay,W01,Completed
O003791,2025-09-12,Amazon,W01,Completed
O003792,2025-05-25,Walmart,W01,Completed
O003793,2025-06-27,eBay,W03,Completed
O003794,2025-06-04,eBay,W03,Completed
O003795,2025-01-28,eBay,W01,Completed
O003796,2025-01-08,Walmart,W01,Completed
O003797,2025-11-29,Amazon,W01,Completed
O003798,2025-04-23,Amazon,W01,Completed
O003799,2025-11-18,Amazon,W03,Completed
O003800,2025-06-03,Amazon,W03,Completed
O003801,2025-05-08,Amazon,W01,Completed
O003802,2025-12-27,Walmart,W02,Completed
O003803,2025-07-17,Amazon,W03,Completed
O003804,2025-02-07,Amazon,W03,Completed
O003805,2025-09-10,Walmart,W03,Completed
O003806,2025-08-22,Amazon,W01,Cancelled
O003807,2025-11-08,Amazon,W01,Completed
O003808,2025-03-26,Walmart,W01,Completed
O003809,2025-03-27,Walmart,W02,Completed
O003810,2025-02-18,Amazon,W01,Completed
O003811,2025-02-22,Amazon,W01,Completed
O003812,2025-04-28,Walmart,W02,Completed
O003813,2025-04-03,Amazon,W02,Completed
O003814,2025-06-17,Walmart,W02,Completed
O003815,2025-06-07,Amazon,W01,Completed
O003816,2025-02-18,Amazon,W03,Completed
O003817,2025-05-13,Amazon,W03,Completed
O003818,2025-12-01,Amazon,W03,Completed
O003819,2025-07-13,Walmart,W02,Completed
O003820,2025-01-09,Amazon,W03,Completed
O003821,2025-01-14,Walmart,W03,Completed
O003822,2025-11-18,Walmart,W02,Completed
O003823,2025-09-23,Amazon,W02,Completed
O003824,2025-02-06,eBay,W01,Completed
O003825,2025-10-03,Walmart,W01,Completed
O003826,2025-07-15,Walmart,W01,Completed
O003827,2025-07-18,Amazon,W02,Completed
O003828,2025-07-16,eBay,W03,Completed
O003829,2025-07-13,eBay,W02,Completed
O003830,2025-12-29,eBay,W01,Completed
O003831,2025-03-21,Amazon,W01,Completed
O003832,2025-10-02,Amazon,W02,Completed
O003833,2025-09-23,Amazon,W02,Completed
O003834,2025-12-06,Walmart,W02,Completed
O003835,2025-07-14,Amazon,W01,Completed
O003836,2025-06-26,Walmart,W02,Completed
O003837,2025-05-11,Amazon,W02,Completed
O003838,2025-08-19,eBay,W01,Completed
O003839,2025-01-25,eBay,W02,Completed
O003840,2025-07-09,eBay,W03,Completed
O003841,2025-09-07,Walmart,W01,Completed
O003842,2025-01-06,Walmart,W01,Completed
O003843,2025-08-06,Amazon,W03,Completed
O003844,2025-02-28,Walmart,W01,Completed
O003845,2025-03-02,Amazon,W01,Completed
O003846,2025-05-14,eBay,W01,Completed
O003847,2025-08-01,Amazon,W01,Completed
O003848,2025-07-29,Walmart,W03,Completed
O003849,2025-06-04,Amazon,W01,Completed
O003850,2025-03-16,Amazon,W03,Completed
O003851,2025-04-21,Walmart,W03,Completed
O003852,2025-11-22,Walmart,W02,Completed
O003853,2025-04-11,Amazon,W03,Completed
O003854,2025-12-02,eBay,W01,Completed
O003855,2025-08-04,eBay,W03,Completed
O003856,2025-10-21,Walmart,W02,Completed
O003857,2025-02-05,Walmart,W01,Completed
O003858,2025-01-16,Amazon,W01,Completed
O003859,2025-08-21,Walmart,W02,Completed
O003860,2025-08-24,eBay,W02,Completed
O003861,2025-11-23,Walmart,W01,Completed
O003862,2025-01-18,Walmart,W02,Completed
O003863,2025-12-18,Amazon,W01,Completed
O003864,2025-08-12,Walmart,W03,Completed
O003865,2025-06-24,Walmart,W03,Completed
O003866,2025-03-15,Amazon,W01,Completed
O003867,2025-06-01,Amazon,W02,Completed
O003868,2025-10-14,Amazon,W03,Completed
O003869,2025-10-05,Amazon,W02,Completed
O003870,2025-08-08,Amazon,W02,Completed
O003871,2025-03-24,Amazon,W03,Completed
O003872,2025-05-08,Amazon,W01,Completed
O003873,2025-04-02,Walmart,W01,Completed
O003874,2025-07-19,Amazon,W02,Cancelled
O003875,2025-11-28,Walmart,W02,Completed
O003876,2025-12-26,Amazon,W01,Completed
O003877,2025-11-05,Amazon,W01,Completed
O003878,2025-03-15,Walmart,W02,Completed
O003879,2025-07-04,Walmart,W01,Completed
O003880,2025-06-08,Amazon,W03,Completed
O003881,2025-05-03,Amazon,W01,Completed
O003882,2025-04-28,eBay,W02,Cancelled
O003883,2025-05-08,Amazon,W02,Completed
O003884,2025-12-21,Amazon,W02,Completed
O003885,2025-06-05,Amazon,W03,Completed
O003886,2025-02-16,Walmart,W01,Completed
O003887,2025-02-15,Amazon,W01,Completed
O003888,2025-12-20,Amazon,W02,Completed
O003889,2025-06-21,Walmart,W01,Completed
O003890,2025-07-21,Amazon,W03,Completed
O003891,2025-05-10,Walmart,W02,Completed
O003892,2025-11-06,Amazon,W02,Completed
O003893,2025-01-25,Walmart,W02,Completed
O003894,2025-08-22,Amazon,W01,Cancelled
O003895,2025-06-13,Amazon,W02,Completed
O003896,2025-10-21,Walmart,W01,Completed
O003897,2025-11-30,Walmart,W02,Completed
O003898,2025-09-29,Amazon,W03,Completed
O003899,2025-06-14,eBay,W01,Completed
O003900,2025-09-08,Walmart,W02,Completed
O003901,2025-09-20,Walmart,W03,Completed
O003902,2025-06-19,Walmart,W01,Completed
O003903,2025-04-26,Amazon,W03,Completed
O003904,2025-09-13,Amazon,W01,Completed
O003905,2025-07-06,Amazon,W02,Completed
O003906,2025-08-07,Amazon,W01,Completed
O003907,2025-12-23,Walmart,W01,Completed
O003908,2025-10-15,Amazon,W03,Completed
O003909,2025-05-12,Walmart,W03,Completed
O003910,2025-10-20,Amazon,W03,Completed
O003911,2025-01-19,Walmart,W02,Completed
O003912,2025-07-10,Amazon,W01,Completed
O003913,2025-07-31,eBay,W01,Completed
O003914,2025-03-10,eBay,W02,Cancelled
O003915,2025-09-01,Walmart,W01,Completed
O003916,2025-09-04,Walmart,W01,Completed
O003917,2025-08-10,Walmart,W03,Completed
O003918,2025-01-16,eBay,W01,Completed
O003919,2025-10-12,Walmart,W02,Completed
O003920,2025-01-18,Walmart,W02,Completed
O003921,2025-04-12,Walmart,W01,Completed
O003922,2025-06-14,Amazon,W02,Completed
O003923,2025-09-26,Amazon,W01,Completed
O003924,2025-09-29,eBay,W02,Completed
O003925,2025-04-01,eBay,W03,Completed
O003926,2025-07-06,Amazon,W02,Completed
O003927,2025-03-30,Amazon,W02,Completed
O003928,2025-12-16,Walmart,W02,Completed
O003929,2025-03-09,Walmart,W01,Completed
O003930,2025-03-11,Amazon,W03,Completed
O003931,2025-03-06,Amazon,W02,Completed
O003932,2025-03-19,Amazon,W01,Completed
O003933,2025-08-07,Walmart,W03,Completed
O003934,2025-01-10,Amazon,W02,Completed
O003935,2025-05-23,Amazon,W01,Completed
O003936,2025-12-25,Walmart,W01,Completed
O003937,2025-06-29,Amazon,W02,Completed
O003938,2025-05-05,Amazon,W01,Completed
O003939,2025-11-25,Walmart,W03,Completed
O003940,2025-11-07,Amazon,W02,Completed
O003941,2025-07-28,Amazon,W01,Completed
O003942,2025-11-03,Amazon,W01,Completed
O003943,2025-02-13,Walmart,W02,Completed
O003944,2025-07-06,eBay,W03,Completed
O003945,2025-10-21,Amazon,W01,Completed
O003946,2025-12-01,Walmart,W01,Completed
O003947,2025-03-31,Walmart,W03,Completed
O003948,2025-11-20,Walmart,W03,Completed
O003949,2025-03-09,Amazon,W01,Completed
O003950,2025-01-16,Walmart,W03,Completed
O003951,2025-05-14,Amazon,W01,Completed
O003952,2025-02-05,Walmart,W03,Completed
O003953,2025-05-23,eBay,W02,Completed
O003954,2025-12-07,Amazon,W01,Completed
O003955,2025-07-13,Amazon,W03,Completed
O003956,2025-09-23,Walmart,W01,Completed
O003957,2025-03-18,Amazon,W01,Completed
O003958,2025-10-09,Amazon,W01,Completed
O003959,2025-10-26,Walmart,W01,Completed
O003960,2025-11-09,eBay,W01,Completed
O003961,2025-07-31,Amazon,W03,Completed
O003962,2025-06-27,Walmart,W01,Completed
O003963,2025-01-17,Amazon,W01,Completed
O003964,2025-06-15,Walmart,W02,Completed
O003965,2025-12-06,Amazon,W01,Completed
O003966,2025-01-09,Walmart,W01,Completed
O003967,2025-12-15,Walmart,W01,Cancelled
O003968,2025-07-09,Walmart,W03,Completed
O003969,2025-04-05,Amazon,W01,Completed
O003970,2025-07-08,Amazon,W02,Completed
O003971,2025-07-08,Amazon,W01,Completed
O003972,2025-05-28,eBay,W01,Completed
O003973,2025-01-05,eBay,W01,Cancelled
O003974,2025-03-05,Walmart,W03,Completed
O003975,2025-04-25,Amazon,W01,Completed
O003976,2025-01-10,Walmart,W03,Completed
O003977,2025-10-15,eBay,W01,Completed
O003978,2025-01-19,Amazon,W03,Completed
O003979,2025-03-23,Amazon,W01,Completed
O003980,2025-11-23,Amazon,W01,Completed
O003981,2025-03-22,Amazon,W01,Completed
O003982,2025-10-03,Amazon,W02,Completed
O003983,2025-09-09,Walmart,W02,Completed
O003984,2025-04-16,Amazon,W02,Completed
O003985,2025-01-29,Walmart,W02,Completed
O003986,2025-03-17,eBay,W01,Completed
O003987,2025-01-05,eBay,W01,Completed
O003988,2025-11-21,Amazon,W02,Completed
O003989,2025-10-23,eBay,W02,Completed
O003990,2025-06-12,Amazon,W02,Completed
O003991,2025-06-06,eBay,W01,Completed
O003992,2025-07-24,Amazon,W02,Completed
O003993,2025-07-17,Amazon,W02,Completed
O003994,2025-11-12,Walmart,W01,Completed
O003995,2025-02-09,Amazon,W03,Completed
O003996,2025-08-23,eBay,W01,Completed
O003997,2025-12-20,Amazon,W02,Completed
O003998,2025-03-17,Amazon,W02,Completed
O003999,2025-04-21,Walmart,W02,Completed
O004000,2025-01-24,Amazon,W03,Completed
O004001,2025-11-18,eBay,W02,Cancelled
O004002,2025-12-30,Walmart,W02,Completed
O004003,2025-09-28,Amazon,W02,Completed
O004004,2025-07-02,Walmart,W02,Completed
O004005,2025-10-25,Amazon,W01,Completed
O004006,2025-12-01,Amazon,W02,Completed
O004007,2025-08-25,eBay,W02,Completed
O004008,2025-08-30,Amazon,W03,Completed
O004009,2025-06-02,Amazon,W01,Completed
O004010,2025-04-16,Amazon,W02,Completed
O004011,2025-12-11,Walmart,W01,Completed
O004012,2025-11-02,Amazon,W03,Completed
O004013,2025-11-18,Walmart,W01,Completed
O004014,2025-02-09,Amazon,W01,Completed
O004015,2025-05-07,eBay,W01,Completed
O004016,2025-02-15,Amazon,W01,Completed
O004017,2025-03-31,eBay,W01,Completed
O004018,2025-07-22,Walmart,W02,Completed
O004019,2025-10-25,eBay,W03,Cancelled
O004020,2025-07-12,Amazon,W01,Completed
O004021,2025-07-10,Amazon,W02,Completed
O004022,2025-07-30,Amazon,W01,Completed
O004023,2025-08-23,Amazon,W03,Completed
O004024,2025-12-10,Amazon,W03,Completed
O004025,2025-12-15,Walmart,W02,Completed
O004026,2025-02-25,Amazon,W03,Completed
O004027,2025-05-09,Amazon,W03,Completed
O004028,2025-12-27,Amazon,W01,Completed
O004029,2025-05-30,Walmart,W02,Completed
O004030,2025-09-30,Amazon,W03,Completed
O004031,2025-05-02,Amazon,W01,Completed
O004032,2025-05-25,eBay,W03,Completed
O004033,2025-09-10,Walmart,W02,Completed
O004034,2025-11-25,eBay,W01,Completed
O004035,2025-07-28,Amazon,W02,Completed
O004036,2025-01-14,Walmart,W01,Completed
O004037,2025-12-02,Amazon,W02,Completed
O004038,2025-08-10,eBay,W01,Completed
O004039,2025-06-15,Walmart,W01,Completed
O004040,2025-02-19,Amazon,W01,Completed
O004041,2025-09-17,Walmart,W02,Completed
O004042,2025-04-27,Amazon,W01,Completed
O004043,2025-03-28,eBay,W02,Completed
O004044,2025-12-06,Walmart,W01,Completed
O004045,2025-12-26,Amazon,W02,Completed
O004046,2025-08-26,eBay,W01,Completed
O004047,2025-04-17,Amazon,W01,Completed
O004048,2025-04-21,eBay,W02,Completed
O004049,2025-06-28,Amazon,W03,Completed
O004050,2025-10-15,Walmart,W02,Completed
O004051,2025-08-09,Walmart,W01,Completed
O004052,2025-05-02,eBay,W02,Completed
O004053,2025-10-31,eBay,W02,Completed
O004054,2025-12-08,Walmart,W01,Completed
O004055,2025-03-05,Walmart,W01,Completed
O004056,2025-03-30,Walmart,W03,Completed
O004057,2025-12-06,eBay,W03,Completed
O004058,2025-03-12,eBay,W03,Completed
O004059,2025-08-02,Amazon,W02,Completed
O004060,2025-04-09,Amazon,W02,Completed
O004061,2025-05-14,eBay,W03,Cancelled
O004062,2025-03-10,Walmart,W02,Completed
O004063,2025-09-20,Walmart,W02,Completed
O004064,2025-06-29,eBay,W02,Completed
O004065,2025-11-06,Walmart,W01,Cancelled
O004066,2025-12-08,eBay,W02,Cancelled
O004067,2025-10-17,Walmart,W01,Completed
O004068,2025-11-21,Walmart,W03,Completed
O004069,2025-04-03,Amazon,W01,Completed
O004070,2025-03-15,Walmart,W02,Completed
O004071,2025-07-21,Amazon,W03,Completed
O004072,2025-02-14,Amazon,W03,Completed
O004073,2025-11-01,Walmart,W01,Completed
O004074,2025-07-09,Amazon,W01,Completed
O004075,2025-01-17,Amazon,W03,Completed
O004076,2025-12-01,eBay,W01,Completed
O004077,2025-04-17,Amazon,W03,Completed
O004078,2025-12-13,Amazon,W03,Completed
O004079,2025-11-12,Walmart,W03,Completed
O004080,2025-11-12,Walmart,W01,Completed
O004081,2025-10-28,eBay,W03,Completed
O004082,2025-01-04,eBay,W02,Completed
O004083,2025-06-03,eBay,W03,Completed
O004084,2025-01-27,eBay,W03,Completed
O004085,2025-05-27,eBay,W02,Completed
O004086,2025-09-28,Amazon,W01,Completed
O004087,2025-05-30,Amazon,W01,Completed
O004088,2025-01-14,eBay,W03,Completed
O004089,2025-04-08,eBay,W01,Completed
O004090,2025-11-17,Amazon,W02,Completed
O004091,2025-06-04,Amazon,W02,Completed
O004092,2025-08-31,eBay,W01,Completed
O004093,2025-04-12,Amazon,W03,Completed
O004094,2025-11-29,Walmart,W03,Completed
O004095,2025-10-14,Amazon,W02,Completed
O004096,2025-06-14,eBay,W02,Completed
O004097,2025-04-06,Amazon,W01,Completed
O004098,2025-05-07,Walmart,W03,Completed
O004099,2025-09-25,Walmart,W03,Completed
O004100,2025-12-24,eBay,W03,Completed
O004101,2025-03-02,Amazon,W01,Completed
O004102,2025-03-07,Amazon,W02,Completed
O004103,2025-02-27,eBay,W01,Completed
O004104,2025-08-19,Amazon,W02,Completed
O004105,2025-12-08,Amazon,W03,Completed
O004106,2025-10-15,Walmart,W02,Completed
O004107,2025-03-30,Walmart,W01,Completed
O004108,2025-09-13,Amazon,W01,Completed
O004109,2025-01-23,eBay,W03,Completed
O004110,2025-02-19,eBay,W02,Completed
O004111,2025-03-18,Walmart,W03,Completed
O004112,2025-10-04,Walmart,W02,Completed
O004113,2025-12-17,Walmart,W01,Completed
O004114,2025-08-10,Amazon,W02,Completed
O004115,2025-05-26,Walmart,W03,Completed
O004116,2025-06-24,eBay,W01,Completed
O004117,2025-08-01,eBay,W02,Completed
O004118,2025-02-07,Walmart,W02,Completed
O004119,2025-09-16,Amazon,W02,Completed
O004120,2025-03-13,Amazon,W03,Completed
O004121,2025-05-20,Walmart,W01,Completed
O004122,2025-11-28,Walmart,W03,Completed
O004123,2025-01-16,Amazon,W02,Completed
O004124,2025-10-06,eBay,W02,Completed
O004125,2025-05-12,Walmart,W01,Completed
O004126,2025-06-20,Walmart,W01,Completed
O004127,2025-08-14,eBay,W03,Completed
O004128,2025-10-30,Walmart,W02,Completed
O004129,2025-09-07,Walmart,W02,Completed
O004130,2025-12-17,Amazon,W02,Cancelled
O004131,2025-02-26,Walmart,W03,Completed
O004132,2025-06-05,Walmart,W01,Completed
O004133,2025-02-21,eBay,W03,Cancelled
O004134,2025-11-03,Walmart,W01,Cancelled
O004135,2025-05-06,Walmart,W03,Completed
O004136,2025-08-07,eBay,W03,Completed
O004137,2025-05-15,Amazon,W02,Completed
O004138,2025-12-19,Amazon,W02,Completed
O004139,2025-09-06,Amazon,W01,Completed
O004140,2025-03-23,Amazon,W02,Completed
O004141,2025-01-08,Amazon,W02,Completed
O004142,2025-07-28,Amazon,W03,Completed
O004143,2025-09-23,Amazon,W01,Completed
O004144,2025-02-10,eBay,W02,Completed
O004145,2025-07-07,Amazon,W01,Completed
O004146,2025-08-11,Amazon,W01,Completed
O004147,2025-03-13,Walmart,W02,Completed
O004148,2025-01-03,Amazon,W01,Completed
O004149,2025-11-23,Amazon,W01,Completed
O004150,2025-05-18,Amazon,W01,Completed
O004151,2025-04-14,eBay,W01,Completed
O004152,2025-01-22,Amazon,W01,Completed
O004153,2025-10-08,Walmart,W02,Completed
O004154,2025-05-22,Walmart,W01,Completed
O004155,2025-05-07,Amazon,W01,Completed
O004156,2025-07-11,Walmart,W03,Completed
O004157,2025-09-12,Amazon,W02,Completed
O004158,2025-08-10,eBay,W01,Completed
O004159,2025-05-17,Walmart,W01,Completed
O004160,2025-05-15,Walmart,W02,Completed
O004161,2025-10-15,Walmart,W03,Completed
O004162,2025-12-18,eBay,W01,Completed
O004163,2025-12-06,eBay,W01,Completed
O004164,2025-11-22,Amazon,W02,Completed
O004165,2025-02-18,eBay,W03,Completed
O004166,2025-09-18,Amazon,W01,Completed
O004167,2025-08-17,Amazon,W01,Completed
O004168,2025-03-12,Amazon,W03,Completed
O004169,2025-05-13,eBay,W01,Completed
O004170,2025-11-17,Walmart,W01,Completed
O004171,2025-12-12,Amazon,W02,Completed
O004172,2025-03-23,Amazon,W01,Completed
O004173,2025-08-07,eBay,W01,Completed
O004174,2025-04-13,Amazon,W01,Completed
O004175,2025-03-13,Amazon,W03,Completed
O004176,2025-01-14,Amazon,W01,Completed
O004177,2025-09-11,Amazon,W03,Completed
O004178,2025-10-22,eBay,W03,Completed
O004179,2025-09-01,Walmart,W03,Completed
O004180,2025-03-13,eBay,W01,Completed
O004181,2025-04-22,Walmart,W02,Completed
O004182,2025-04-18,Amazon,W01,Completed
O004183,2025-01-23,eBay,W02,Completed
O004184,2025-08-20,eBay,W03,Completed
O004185,2025-04-23,eBay,W01,Completed
O004186,2025-03-20,Walmart,W03,Cancelled
O004187,2025-01-27,Amazon,W03,Completed
O004188,2025-05-02,Amazon,W01,Completed
O004189,2025-08-13,eBay,W03,Cancelled
O004190,2025-08-28,Amazon,W02,Completed
O004191,2025-02-08,Amazon,W01,Completed
O004192,2025-04-09,Walmart,W01,Completed
O004193,2025-11-06,Walmart,W02,Completed
O004194,2025-06-01,Amazon,W01,Completed
O004195,2025-07-08,Amazon,W03,Completed
O004196,2025-01-27,Amazon,W02,Completed
O004197,2025-09-12,Amazon,W01,Completed
O004198,2025-01-03,Amazon,W03,Completed
O004199,2025-09-14,Amazon,W03,Completed
O004200,2025-05-31,Amazon,W03,Completed
O004201,2025-11-16,Walmart,W01,Completed
O004202,2025-03-03,Walmart,W01,Completed
O004203,2025-06-10,Amazon,W02,Completed
O004204,2025-04-10,Walmart,W01,Completed
O004205,2025-08-15,eBay,W02,Completed
O004206,2025-10-27,Amazon,W01,Completed
O004207,2025-01-17,Amazon,W02,Completed
O004208,2025-12-16,eBay,W02,Completed
O004209,2025-04-25,Walmart,W01,Completed
O004210,2025-11-17,Amazon,W01,Completed
O004211,2025-01-06,Amazon,W01,Completed
O004212,2025-04-27,Walmart,W03,Completed
O004213,2025-08-21,Walmart,W03,Completed
O004214,2025-10-11,Walmart,W03,Completed
O004215,2025-05-23,Amazon,W02,Completed
O004216,2025-03-01,Walmart,W02,Completed
O004217,2025-02-16,eBay,W01,Completed
O004218,2025-05-16,Amazon,W01,Completed
O004219,2025-03-03,Walmart,W03,Completed
O004220,2025-06-08,Walmart,W03,Completed
O004221,2025-04-09,Amazon,W03,Completed
O004222,2025-02-12,eBay,W02,Completed
O004223,2025-09-06,Walmart,W03,Completed
O004224,2025-05-11,Walmart,W03,Completed
O004225,2025-08-09,eBay,W03,Completed
O004226,2025-02-11,Amazon,W02,Completed
O004227,2025-12-21,Amazon,W03,Completed
O004228,2025-01-29,Amazon,W01,Completed
O004229,2025-10-24,Walmart,W01,Completed
O004230,2025-12-19,eBay,W02,Completed
O004231,2025-06-25,Amazon,W01,Completed
O004232,2025-03-22,eBay,W02,Completed
O004233,2025-03-13,eBay,W03,Completed
O004234,2025-05-02,eBay,W01,Completed
O004235,2025-11-29,Amazon,W01,Completed
O004236,2025-09-03,Amazon,W01,Completed
O004237,2025-07-04,Amazon,W02,Completed
O004238,2025-03-26,Amazon,W03,Completed
O004239,2025-08-12,Amazon,W03,Completed
O004240,2025-12-31,Amazon,W02,Completed
O004241,2025-10-07,eBay,W01,Completed
O004242,2025-09-18,Amazon,W01,Completed
O004243,2025-07-07,eBay,W02,Completed
O004244,2025-12-13,eBay,W01,Completed
O004245,2025-02-13,Walmart,W02,Completed
O004246,2025-06-12,Amazon,W03,Completed
O004247,2025-07-08,Walmart,W01,Completed
O004248,2025-07-28,Walmart,W01,Completed
O004249,2025-03-13,Amazon,W01,Completed
O004250,2025-05-06,Amazon,W01,Completed
O004251,2025-01-17,eBay,W03,Completed
O004252,2025-08-10,eBay,W02,Completed
O004253,2025-12-28,Amazon,W01,Completed
O004254,2025-06-06,Amazon,W01,Completed
O004255,2025-08-09,Amazon,W01,Completed
O004256,2025-05-16,eBay,W03,Completed
O004257,2025-06-03,Walmart,W01,Completed
O004258,2025-06-16,Amazon,W03,Completed
O004259,2025-07-22,Amazon,W01,Completed
O004260,2025-05-29,eBay,W01,Completed
O004261,2025-07-23,eBay,W03,Completed
O004262,2025-10-21,Amazon,W03,Completed
O004263,2025-08-06,eBay,W03,Completed
O004264,2025-05-15,Amazon,W02,Completed
O004265,2025-08-19,Walmart,W03,Completed
O004266,2025-05-10,Walmart,W02,Completed
O004267,2025-04-07,Amazon,W01,Completed
O004268,2025-04-16,Walmart,W03,Completed
O004269,2025-03-04,eBay,W01,Completed
O004270,2025-05-22,eBay,W03,Completed
O004271,2025-07-09,Amazon,W01,Completed
O004272,2025-07-06,Amazon,W01,Completed
O004273,2025-06-27,Amazon,W02,Completed
O004274,2025-07-31,Walmart,W02,Completed
O004275,2025-01-22,Walmart,W02,Completed
O004276,2025-08-02,Amazon,W03,Completed
O004277,2025-09-27,Walmart,W03,Completed
O004278,2025-09-19,eBay,W01,Completed
O004279,2025-12-07,Walmart,W01,Completed
O004280,2025-11-24,Amazon,W03,Completed
O004281,2025-12-26,Walmart,W02,Completed
O004282,2025-02-01,eBay,W01,Completed
O004283,2025-04-21,eBay,W01,Completed
O004284,2025-05-19,Walmart,W01,Completed
O004285,2025-01-09,eBay,W01,Completed
O004286,2025-02-18,Amazon,W02,Completed
O004287,2025-04-13,Amazon,W03,Completed
O004288,2025-03-02,Amazon,W03,Completed
O004289,2025-10-22,Amazon,W03,Completed
O004290,2025-12-08,Amazon,W01,Completed
O004291,2025-02-28,Amazon,W01,Completed
O004292,2025-10-05,Walmart,W02,Completed
O004293,2025-03-11,Amazon,W01,Completed
O004294,2025-10-08,Walmart,W03,Completed
O004295,2025-03-15,Amazon,W02,Completed
O004296,2025-03-05,Amazon,W01,Completed
O004297,2025-04-20,Amazon,W03,Completed
O004298,2025-09-04,Walmart,W02,Completed
O004299,2025-06-13,Amazon,W02,Completed
O004300,2025-11-19,Amazon,W03,Completed
O004301,2025-05-19,Amazon,W03,Completed
O004302,2025-12-08,Amazon,W02,Completed
O004303,2025-10-30,Amazon,W02,Completed
O004304,2025-07-07,eBay,W01,Completed
O004305,2025-09-26,Walmart,W03,Completed
O004306,2025-01-22,Amazon,W03,Completed
O004307,2025-05-28,eBay,W02,Completed
O004308,2025-03-14,Amazon,W01,Completed
O004309,2025-12-23,Walmart,W01,Completed
O004310,2025-03-01,Walmart,W01,Completed
O004311,2025-05-26,Amazon,W01,Completed
O004312,2025-11-27,Walmart,W03,Completed
O004313,2025-06-02,eBay,W01,Completed
O004314,2025-09-06,Amazon,W01,Completed
O004315,2025-07-07,Walmart,W03,Completed
O004316,2025-06-17,Amazon,W03,Completed
O004317,2025-05-02,Amazon,W02,Completed
O004318,2025-05-19,Walmart,W02,Completed
O004319,2025-10-12,Walmart,W01,Completed
O004320,2025-12-06,Walmart,W02,Completed
O004321,2025-05-05,Amazon,W03,Completed
O004322,2025-08-18,Walmart,W03,Completed
O004323,2025-10-29,Walmart,W01,Completed
O004324,2025-02-12,eBay,W01,Completed
O004325,2025-05-03,Amazon,W03,Completed
O004326,2025-02-27,Walmart,W01,Completed
O004327,2025-02-25,Walmart,W01,Completed
O004328,2025-09-30,Amazon,W03,Completed
O004329,2025-04-20,eBay,W02,Completed
O004330,2025-05-05,Amazon,W03,Completed
O004331,2025-10-04,Amazon,W01,Completed
O004332,2025-09-30,Amazon,W02,Completed
O004333,2025-06-01,Walmart,W02,Completed
O004334,2025-08-29,Amazon,W01,Completed
O004335,2025-03-14,Amazon,W01,Completed
O004336,2025-09-05,Amazon,W01,Completed
O004337,2025-01-23,eBay,W03,Completed
O004338,2025-07-21,Amazon,W02,Completed
O004339,2025-12-26,Walmart,W01,Completed
O004340,2025-01-11,eBay,W03,Completed
O004341,2025-07-28,Amazon,W02,Completed
O004342,2025-12-31,Amazon,W03,Completed
O004343,2025-12-26,Amazon,W01,Completed
O004344,2025-10-13,Amazon,W03,Completed
O004345,2025-07-10,eBay,W01,Completed
O004346,2025-03-31,Amazon,W01,Completed
O004347,2025-10-07,Amazon,W01,Completed
O004348,2025-02-19,Amazon,W02,Completed
O004349,2025-06-10,Walmart,W02,Completed
O004350,2025-11-18,eBay,W01,Completed
O004351,2025-08-14,Walmart,W01,Completed
O004352,2025-07-28,Amazon,W01,Completed
O004353,2025-07-14,Amazon,W03,Completed
O004354,2025-06-28,Amazon,W03,Completed
O004355,2025-02-04,Amazon,W02,Completed
O004356,2025-10-23,Walmart,W01,Completed
O004357,2025-02-05,Amazon,W02,Completed
O004358,2025-12-28,Walmart,W01,Completed
O004359,2025-11-22,Walmart,W03,Completed
O004360,2025-04-17,eBay,W03,Completed
O004361,2025-02-13,Walmart,W03,Completed
O004362,2025-05-08,eBay,W01,Completed
O004363,2025-10-30,Amazon,W01,Completed
O004364,2025-05-08,Walmart,W01,Completed
O004365,2025-10-27,Amazon,W01,Completed
O004366,2025-01-24,Walmart,W03,Completed
O004367,2025-04-02,Walmart,W01,Completed
O004368,2025-02-10,Amazon,W03,Completed
O004369,2025-08-10,eBay,W01,Completed
O004370,2025-06-07,Walmart,W01,Completed
O004371,2025-01-12,Amazon,W02,Completed
O004372,2025-10-22,Amazon,W02,Cancelled
O004373,2025-09-05,Walmart,W01,Completed
O004374,2025-02-07,Amazon,W03,Completed
O004375,2025-01-28,eBay,W02,Completed
O004376,2025-02-22,eBay,W01,Completed
O004377,2025-01-05,Walmart,W03,Completed
O004378,2025-07-31,Walmart,W03,Completed
O004379,2025-11-04,Amazon,W01,Completed
O004380,2025-10-16,Walmart,W03,Completed
O004381,2025-03-16,Amazon,W02,Completed
O004382,2025-09-03,Amazon,W02,Completed
O004383,2025-01-26,Amazon,W03,Completed
O004384,2025-10-21,eBay,W01,Completed
O004385,2025-12-24,eBay,W02,Completed
O004386,2025-03-10,Walmart,W01,Completed
O004387,2025-06-05,Walmart,W02,Completed
O004388,2025-02-02,Amazon,W02,Completed
O004389,2025-06-01,Walmart,W01,Completed
O004390,2025-07-13,Walmart,W01,Cancelled
O004391,2025-06-19,Walmart,W01,Completed
O004392,2025-06-07,eBay,W02,Completed
O004393,2025-05-24,Walmart,W02,Completed
O004394,2025-05-25,Walmart,W01,Completed
O004395,2025-02-16,Amazon,W03,Completed
O004396,2025-03-01,eBay,W01,Completed
O004397,2025-10-17,Walmart,W03,Completed
O004398,2025-08-06,Walmart,W01,Completed
O004399,2025-04-04,Walmart,W03,Completed
O004400,2025-05-06,Amazon,W03,Completed
O004401,2025-08-06,Amazon,W01,Completed
O004402,2025-08-23,eBay,W01,Completed
O004403,2025-10-17,Amazon,W03,Completed
O004404,2025-02-11,Amazon,W02,Completed
O004405,2025-09-27,Amazon,W02,Completed
O004406,2025-02-16,Amazon,W02,Completed
O004407,2025-05-08,eBay,W03,Completed
O004408,2025-06-17,eBay,W02,Completed
O004409,2025-06-15,Amazon,W02,Completed
O004410,2025-06-25,Walmart,W02,Completed
O004411,2025-09-05,Walmart,W03,Completed
O004412,2025-03-10,eBay,W03,Completed
O004413,2025-04-22,Walmart,W02,Completed
O004414,2025-08-22,eBay,W01,Completed
O004415,2025-07-22,Walmart,W02,Completed
O004416,2025-01-13,Walmart,W02,Completed
O004417,2025-05-22,Walmart,W01,Completed
O004418,2025-01-26,Walmart,W03,Completed
O004419,2025-05-07,eBay,W01,Completed
O004420,2025-11-13,Walmart,W01,Completed
O004421,2025-01-14,Amazon,W01,Completed
O004422,2025-03-12,Walmart,W01,Completed
O004423,2025-01-02,Amazon,W03,Completed
O004424,2025-06-01,eBay,W02,Completed
O004425,2025-11-01,Amazon,W03,Completed
O004426,2025-03-20,Amazon,W01,Completed
O004427,2025-02-06,eBay,W01,Completed
O004428,2025-12-31,Walmart,W01,Completed
O004429,2025-08-12,Walmart,W01,Completed
O004430,2025-05-28,Amazon,W02,Completed
O004431,2025-08-03,Walmart,W01,Completed
O004432,2025-10-05,eBay,W03,Completed
O004433,2025-04-04,Walmart,W02,Completed
O004434,2025-03-08,Amazon,W02,Completed
O004435,2025-05-13,Amazon,W01,Completed
O004436,2025-09-17,Amazon,W03,Completed
O004437,2025-10-15,Walmart,W02,Completed
O004438,2025-01-24,eBay,W02,Completed
O004439,2025-04-03,eBay,W02,Completed
O004440,2025-10-21,Walmart,W02,Completed
O004441,2025-09-12,eBay,W02,Completed
O004442,2025-05-23,Amazon,W02,Completed
O004443,2025-07-31,Amazon,W02,Completed
O004444,2025-12-02,Amazon,W02,Completed
O004445,2025-04-08,Amazon,W01,Completed
O004446,2025-01-21,Walmart,W02,Completed
O004447,2025-12-01,Amazon,W03,Completed
O004448,2025-10-22,Amazon,W01,Completed
O004449,2025-10-23,Amazon,W02,Completed
O004450,2025-08-27,Walmart,W02,Completed
O004451,2025-08-13,eBay,W03,Completed
O004452,2025-07-27,Amazon,W01,Completed
O004453,2025-08-07,Amazon,W01,Completed
O004454,2025-11-10,Walmart,W03,Completed
O004455,2025-06-04,eBay,W03,Completed
O004456,2025-02-23,eBay,W02,Completed
O004457,2025-02-11,eBay,W02,Completed
O004458,2025-04-17,eBay,W03,Completed
O004459,2025-11-18,Amazon,W03,Completed
O004460,2025-10-26,Walmart,W02,Completed
O004461,2025-09-18,Amazon,W03,Completed
O004462,2025-01-23,Walmart,W01,Completed
O004463,2025-09-27,Walmart,W02,Completed
O004464,2025-08-22,Walmart,W01,Completed
O004465,2025-05-18,eBay,W01,Completed
O004466,2025-10-06,Walmart,W01,Completed
O004467,2025-01-26,eBay,W01,Completed
O004468,2025-07-06,Amazon,W01,Completed
O004469,2025-04-17,eBay,W01,Completed
O004470,2025-10-27,eBay,W03,Completed
O004471,2025-06-14,Amazon,W02,Completed
O004472,2025-08-07,Amazon,W01,Completed
O004473,2025-11-19,Walmart,W01,Completed
O004474,2025-04-29,eBay,W01,Completed
O004475,2025-12-13,Walmart,W01,Completed
O004476,2025-07-25,Amazon,W03,Completed
O004477,2025-05-20,Amazon,W03,Completed
O004478,2025-07-10,Walmart,W03,Completed
O004479,2025-07-22,Amazon,W02,Completed
O004480,2025-05-17,Amazon,W02,Completed
O004481,2025-03-30,Walmart,W02,Cancelled
O004482,2025-10-12,Amazon,W03,Completed
O004483,2025-09-12,eBay,W02,Completed
O004484,2025-07-31,Walmart,W02,Completed
O004485,2025-03-07,Walmart,W01,Completed
O004486,2025-09-20,Amazon,W03,Completed
O004487,2025-03-02,Walmart,W02,Completed
O004488,2025-11-03,Walmart,W02,Completed
O004489,2025-05-18,eBay,W02,Completed
O004490,2025-05-29,Amazon,W01,Completed
O004491,2025-04-03,Amazon,W02,Completed
O004492,2025-04-14,Amazon,W01,Completed
O004493,2025-05-10,Amazon,W02,Completed
O004494,2025-09-01,Walmart,W02,Completed
O004495,2025-04-03,eBay,W03,Completed
O004496,2025-11-08,eBay,W01,Completed
O004497,2025-01-05,Walmart,W02,Completed
O004498,2025-01-27,Walmart,W01,Completed
O004499,2025-08-04,Walmart,W02,Completed
O004500,2025-03-17,Walmart,W01,Completed
O004501,2025-05-24,Amazon,W01,Completed
O004502,2025-01-14,Amazon,W02,Completed
O004503,2025-04-03,Amazon,W02,Completed
O004504,2025-06-18,eBay,W02,Completed
O004505,2025-08-19,eBay,W02,Completed
O004506,2025-08-02,eBay,W01,Completed
O004507,2025-04-24,Walmart,W03,Completed
O004508,2025-10-25,Walmart,W02,Completed
O004509,2025-05-22,eBay,W03,Completed
O004510,2025-09-22,Amazon,W02,Completed
O004511,2025-01-05,eBay,W01,Completed
O004512,2025-04-07,Amazon,W01,Completed
O004513,2025-03-29,Amazon,W03,Completed
O004514,2025-04-29,Walmart,W01,Completed
O004515,2025-10-16,Walmart,W02,Completed
O004516,2025-09-04,Amazon,W01,Completed
O004517,2025-04-04,Walmart,W01,Completed
O004518,2025-03-21,Walmart,W02,Completed
O004519,2025-06-24,Amazon,W02,Cancelled
O004520,2025-06-06,Amazon,W02,Completed
O004521,2025-04-24,Amazon,W02,Completed
O004522,2025-08-07,Walmart,W03,Completed
O004523,2025-03-28,eBay,W01,Completed
O004524,2025-10-04,Walmart,W01,Completed
O004525,2025-03-08,Walmart,W01,Completed
O004526,2025-07-21,Walmart,W03,Completed
O004527,2025-08-12,Walmart,W03,Completed
O004528,2025-03-02,Walmart,W03,Completed
O004529,2025-06-08,Walmart,W01,Completed
O004530,2025-07-01,Amazon,W01,Completed
O004531,2025-11-15,Walmart,W02,Completed
O004532,2025-03-21,eBay,W01,Completed
O004533,2025-04-12,Amazon,W01,Completed
O004534,2025-10-09,Walmart,W03,Completed
O004535,2025-08-09,Amazon,W01,Completed
O004536,2025-05-30,Walmart,W02,Completed
O004537,2025-01-21,Amazon,W01,Completed
O004538,2025-02-09,Walmart,W02,Completed
O004539,2025-06-20,eBay,W03,Completed
O004540,2025-10-03,Walmart,W02,Completed
O004541,2025-03-09,Amazon,W01,Completed
O004542,2025-12-19,Amazon,W01,Completed
O004543,2025-02-28,Amazon,W01,Completed
O004544,2025-02-05,Walmart,W01,Completed
O004545,2025-01-22,Walmart,W03,Completed
O004546,2025-08-17,Amazon,W02,Completed
O004547,2025-02-16,eBay,W03,Completed
O004548,2025-11-29,Walmart,W01,Completed
O004549,2025-02-06,eBay,W01,Completed
O004550,2025-09-16,Amazon,W03,Completed
O004551,2025-09-09,eBay,W03,Completed
O004552,2025-07-24,Amazon,W02,Completed
O004553,2025-06-28,Amazon,W02,Completed
O004554,2025-07-29,eBay,W01,Cancelled
O004555,2025-07-13,Amazon,W01,Completed
O004556,2025-06-16,Walmart,W03,Completed
O004557,2025-07-26,Amazon,W01,Completed
O004558,2025-10-18,Amazon,W02,Completed
O004559,2025-09-11,Walmart,W02,Completed
O004560,2025-01-17,Amazon,W01,Completed
O004561,2025-01-14,Amazon,W02,Completed
O004562,2025-12-07,Amazon,W02,Completed
O004563,2025-05-22,Walmart,W02,Completed
O004564,2025-07-27,eBay,W02,Completed
O004565,2025-09-03,eBay,W03,Cancelled
O004566,2025-01-21,Amazon,W02,Completed
O004567,2025-01-30,Amazon,W03,Completed
O004568,2025-12-22,Amazon,W02,Completed
O004569,2025-04-21,Walmart,W03,Completed
O004570,2025-06-18,Amazon,W02,Completed
O004571,2025-04-07,Amazon,W01,Completed
O004572,2025-06-29,Amazon,W01,Completed
O004573,2025-04-05,Walmart,W01,Cancelled
O004574,2025-12-04,Walmart,W01,Completed
O004575,2025-04-13,Amazon,W01,Completed
O004576,2025-02-15,Walmart,W03,Completed
O004577,2025-04-24,eBay,W03,Completed
O004578,2025-06-29,Amazon,W03,Completed
O004579,2025-08-28,Walmart,W01,Completed
O004580,2025-10-11,Walmart,W02,Completed
O004581,2025-05-26,eBay,W01,Completed
O004582,2025-05-04,Amazon,W03,Completed
O004583,2025-10-27,Amazon,W02,Completed
O004584,2025-02-26,Walmart,W01,Completed
O004585,2025-02-18,Amazon,W01,Completed
O004586,2025-04-01,eBay,W01,Completed
O004587,2025-10-27,Amazon,W01,Cancelled
O004588,2025-04-17,Walmart,W01,Completed
O004589,2025-04-05,Amazon,W03,Completed
O004590,2025-10-26,Amazon,W03,Completed
O004591,2025-07-14,Amazon,W02,Completed
O004592,2025-10-28,Amazon,W02,Completed
O004593,2025-02-11,eBay,W03,Completed
O004594,2025-11-22,Walmart,W01,Completed
O004595,2025-08-24,eBay,W03,Completed
O004596,2025-02-12,Amazon,W01,Completed
O004597,2025-07-03,Walmart,W01,Completed
O004598,2025-02-21,Amazon,W01,Completed
O004599,2025-07-19,eBay,W01,Completed
O004600,2025-05-18,Walmart,W01,Completed
O004601,2025-09-30,eBay,W01,Completed
O004602,2025-02-05,Walmart,W01,Completed
O004603,2025-07-21,Amazon,W01,Completed
O004604,2025-08-25,Walmart,W03,Completed
O004605,2025-12-26,eBay,W01,Completed
O004606,2025-01-08,eBay,W02,Completed
O004607,2025-02-16,Walmart,W01,Completed
O004608,2025-07-22,Walmart,W01,Completed
O004609,2025-04-03,Walmart,W02,Completed
O004610,2025-05-18,Walmart,W01,Completed
O004611,2025-04-20,eBay,W01,Completed
O004612,2025-12-12,Amazon,W02,Completed
O004613,2025-09-03,Amazon,W01,Completed
O004614,2025-05-23,eBay,W01,Cancelled
O004615,2025-04-24,eBay,W03,Completed
O004616,2025-10-11,Amazon,W01,Completed
O004617,2025-09-18,Amazon,W01,Completed
O004618,2025-04-04,Walmart,W01,Completed
O004619,2025-01-12,Walmart,W01,Completed
O004620,2025-07-17,Amazon,W03,Completed
O004621,2025-02-18,eBay,W01,Completed
O004622,2025-10-09,Amazon,W01,Completed
O004623,2025-10-24,Walmart,W01,Completed
O004624,2025-03-11,Walmart,W02,Completed
O004625,2025-08-30,Walmart,W01,Completed
O004626,2025-03-23,Walmart,W01,Completed
O004627,2025-10-10,eBay,W03,Cancelled
O004628,2025-06-28,Amazon,W02,Completed
O004629,2025-09-21,Walmart,W03,Completed
O004630,2025-06-10,Walmart,W01,Cancelled
O004631,2025-01-21,Walmart,W03,Completed
O004632,2025-10-08,Walmart,W02,Completed
O004633,2025-02-18,eBay,W01,Completed
O004634,2025-08-27,eBay,W01,Completed
O004635,2025-05-08,Walmart,W02,Completed
O004636,2025-06-29,Amazon,W03,Completed
O004637,2025-07-08,eBay,W01,Completed
O004638,2025-01-19,eBay,W01,Completed
O004639,2025-04-23,eBay,W02,Cancelled
O004640,2025-05-25,Walmart,W03,Completed
O004641,2025-05-19,Walmart,W01,Completed
O004642,2025-03-29,Amazon,W01,Completed
O004643,2025-03-06,Walmart,W03,Completed
O004644,2025-09-29,Walmart,W03,Completed
O004645,2025-11-09,Amazon,W02,Completed
O004646,2025-10-03,Amazon,W01,Completed
O004647,2025-11-06,Amazon,W02,Completed
O004648,2025-12-18,Walmart,W02,Completed
O004649,2025-06-23,Amazon,W01,Completed
O004650,2025-03-13,Amazon,W03,Completed
O004651,2025-12-22,Walmart,W02,Completed
O004652,2025-07-16,Walmart,W02,Completed
O004653,2025-07-17,Amazon,W01,Completed
O004654,2025-12-10,Amazon,W02,Completed
O004655,2025-03-08,Amazon,W03,Completed
O004656,2025-12-03,Amazon,W03,Completed
O004657,2025-02-17,eBay,W01,Cancelled
O004658,2025-11-02,Walmart,W01,Completed
O004659,2025-03-31,Walmart,W01,Completed
O004660,2025-07-31,eBay,W03,Completed
O004661,2025-07-13,eBay,W01,Completed
O004662,2025-10-22,Amazon,W02,Completed
O004663,2025-11-15,Walmart,W01,Completed
O004664,2025-12-04,Walmart,W01,Completed
O004665,2025-08-29,Walmart,W02,Completed
O004666,2025-01-31,Walmart,W01,Completed
O004667,2025-06-05,Walmart,W01,Completed
O004668,2025-08-14,Walmart,W02,Cancelled
O004669,2025-03-13,eBay,W02,Completed
O004670,2025-09-01,Amazon,W01,Completed
O004671,2025-12-18,eBay,W03,Completed
O004672,2025-09-30,Walmart,W02,Completed
O004673,2025-03-26,Amazon,W01,Completed
O004674,2025-11-23,Walmart,W02,Completed
O004675,2025-08-05,eBay,W03,Completed
O004676,2025-12-15,Amazon,W01,Completed
O004677,2025-02-08,Walmart,W02,Completed
O004678,2025-09-25,Amazon,W02,Completed
O004679,2025-08-22,Amazon,W02,Completed
O004680,2025-04-12,Amazon,W03,Completed
O004681,2025-07-12,Walmart,W02,Completed
O004682,2025-12-18,Walmart,W01,Completed
O004683,2025-06-21,eBay,W01,Completed
O004684,2025-06-13,Amazon,W03,Completed
O004685,2025-12-01,Walmart,W02,Completed
O004686,2025-06-23,Amazon,W01,Completed
O004687,2025-02-26,Walmart,W01,Completed
O004688,2025-11-08,Amazon,W02,Completed
O004689,2025-05-29,Amazon,W02,Completed
O004690,2025-09-03,Amazon,W02,Completed
O004691,2025-02-19,Amazon,W02,Completed
O004692,2025-11-06,Walmart,W03,Completed
O004693,2025-01-27,Walmart,W01,Completed
O004694,2025-04-05,eBay,W02,Completed
O004695,2025-04-10,eBay,W03,Completed
O004696,2025-03-16,Walmart,W02,Cancelled
O004697,2025-03-30,Walmart,W02,Completed
O004698,2025-10-22,Amazon,W02,Completed
O004699,2025-12-17,eBay,W03,Completed
O004700,2025-07-01,Amazon,W02,Completed
O004701,2025-05-22,Amazon,W01,Completed
O004702,2025-11-07,Amazon,W03,Completed
O004703,2025-09-20,Walmart,W01,Completed
O004704,2025-08-03,eBay,W03,Completed
O004705,2025-10-01,Amazon,W01,Completed
O004706,2025-08-29,eBay,W02,Completed
O004707,2025-07-12,Amazon,W01,Completed
O004708,2025-02-03,Walmart,W02,Completed
O004709,2025-02-18,Amazon,W01,Completed
O004710,2025-07-03,Walmart,W01,Completed
O004711,2025-05-21,eBay,W02,Completed
O004712,2025-10-23,Walmart,W01,Cancelled
O004713,2025-09-10,Amazon,W02,Completed
O004714,2025-07-07,Amazon,W01,Completed
O004715,2025-02-04,Walmart,W03,Completed
O004716,2025-12-03,eBay,W01,Completed
O004717,2025-10-11,Walmart,W03,Completed
O004718,2025-04-02,eBay,W01,Completed
O004719,2025-11-10,Amazon,W02,Completed
O004720,2025-09-27,eBay,W03,Completed
O004721,2025-11-18,Amazon,W01,Completed
O004722,2025-06-26,eBay,W02,Completed
O004723,2025-05-27,Walmart,W02,Completed
O004724,2025-11-26,Walmart,W03,Completed
O004725,2025-02-14,Walmart,W02,Completed
O004726,2025-12-24,eBay,W01,Cancelled
O004727,2025-03-10,eBay,W01,Completed
O004728,2025-07-09,Walmart,W03,Completed
O004729,2025-02-18,eBay,W03,Completed
O004730,2025-10-31,Amazon,W01,Completed
O004731,2025-06-28,Amazon,W01,Completed
O004732,2025-04-15,eBay,W01,Completed
O004733,2025-05-08,Amazon,W02,Completed
O004734,2025-12-12,Walmart,W03,Completed
O004735,2025-10-10,eBay,W01,Completed
O004736,2025-10-08,Amazon,W02,Completed
O004737,2025-04-26,Amazon,W02,Completed
O004738,2025-06-23,Walmart,W01,Completed
O004739,2025-12-11,eBay,W03,Completed
O004740,2025-06-28,Walmart,W01,Completed
O004741,2025-07-10,Walmart,W02,Completed
O004742,2025-10-05,Walmart,W02,Completed
O004743,2025-07-22,eBay,W03,Completed
O004744,2025-10-25,Amazon,W02,Completed
O004745,2025-05-09,Walmart,W01,Completed
O004746,2025-09-30,Amazon,W03,Completed
O004747,2025-03-21,Amazon,W02,Completed
O004748,2025-09-30,eBay,W02,Completed
O004749,2025-06-06,Walmart,W02,Completed
O004750,2025-11-11,eBay,W01,Completed
O004751,2025-06-04,eBay,W02,Completed
O004752,2025-06-15,Walmart,W02,Completed
O004753,2025-10-16,Walmart,W02,Completed
O004754,2025-01-18,Amazon,W02,Completed
O004755,2025-08-28,Amazon,W01,Completed
O004756,2025-10-21,eBay,W02,Completed
O004757,2025-01-30,eBay,W02,Completed
O004758,2025-04-30,Walmart,W01,Completed
O004759,2025-09-25,Amazon,W01,Completed
O004760,2025-10-15,Walmart,W01,Completed
O004761,2025-11-12,Amazon,W01,Completed
O004762,2025-01-15,Walmart,W01,Completed
O004763,2025-01-19,Amazon,W03,Completed
O004764,2025-02-24,Amazon,W01,Completed
O004765,2025-04-11,eBay,W03,Completed
O004766,2025-11-05,Walmart,W02,Completed
O004767,2025-04-17,Walmart,W02,Completed
O004768,2025-05-05,Amazon,W03,Completed
O004769,2025-06-18,Walmart,W01,Completed
O004770,2025-07-01,Amazon,W03,Completed
O004771,2025-02-22,Amazon,W02,Completed
O004772,2025-12-03,eBay,W01,Completed
O004773,2025-03-01,Amazon,W01,Completed
O004774,2025-02-12,Amazon,W02,Completed
O004775,2025-04-05,Walmart,W01,Completed
O004776,2025-09-12,Walmart,W03,Completed
O004777,2025-07-29,Walmart,W02,Completed
O004778,2025-09-14,eBay,W03,Completed
O004779,2025-11-07,Amazon,W01,Completed
O004780,2025-07-17,Walmart,W02,Cancelled
O004781,2025-12-03,Amazon,W02,Completed
O004782,2025-08-06,Walmart,W01,Completed
O004783,2025-03-27,Amazon,W02,Completed
O004784,2025-11-15,Amazon,W01,Completed
O004785,2025-01-03,eBay,W02,Completed
O004786,2025-08-28,eBay,W01,Completed
O004787,2025-04-03,Amazon,W03,Completed
O004788,2025-04-01,Amazon,W01,Completed
O004789,2025-03-22,Amazon,W01,Completed
O004790,2025-04-04,Amazon,W03,Completed
O004791,2025-02-19,Walmart,W02,Completed
O004792,2025-09-18,Amazon,W02,Completed
O004793,2025-02-27,Walmart,W01,Completed
O004794,2025-04-30,Amazon,W03,Completed
O004795,2025-06-04,Amazon,W02,Completed
O004796,2025-08-06,Walmart,W01,Completed
O004797,2025-07-04,Walmart,W03,Cancelled
O004798,2025-08-09,Amazon,W02,Completed
O004799,2025-02-25,eBay,W03,Completed
O004800,2025-04-11,Amazon,W03,Completed
O004801,2025-02-04,Amazon,W01,Completed
O004802,2025-07-14,Walmart,W03,Completed
O004803,2025-11-01,Amazon,W01,Completed
O004804,2025-11-11,eBay,W02,Completed
O004805,2025-04-14,Amazon,W03,Cancelled
O004806,2025-04-10,Walmart,W01,Completed
O004807,2025-05-10,Amazon,W02,Completed
O004808,2025-11-06,Amazon,W01,Completed
O004809,2025-08-04,Amazon,W03,Completed
O004810,2025-10-09,eBay,W01,Completed
O004811,2025-05-03,Amazon,W03,Completed
O004812,2025-04-12,Amazon,W03,Completed
O004813,2025-01-08,Walmart,W01,Completed
O004814,2025-09-15,Walmart,W01,Completed
O004815,2025-04-30,eBay,W03,Completed
O004816,2025-02-23,Amazon,W02,Completed
O004817,2025-05-01,Walmart,W03,Completed
O004818,2025-04-13,Walmart,W02,Completed
O004819,2025-09-03,Walmart,W02,Completed
O004820,2025-06-16,eBay,W03,Completed
O004821,2025-02-17,Amazon,W01,Completed
O004822,2025-10-07,Amazon,W02,Completed
O004823,2025-08-06,Walmart,W03,Completed
O004824,2025-07-13,eBay,W01,Completed
O004825,2025-03-07,Walmart,W02,Completed
O004826,2025-12-05,eBay,W01,Completed
O004827,2025-03-08,Walmart,W02,Completed
O004828,2025-07-18,Amazon,W02,Cancelled
O004829,2025-08-11,eBay,W03,Completed
O004830,2025-08-10,Amazon,W02,Completed
O004831,2025-12-24,eBay,W02,Completed
O004832,2025-10-03,Walmart,W03,Completed
O004833,2025-12-22,Walmart,W01,Completed
O004834,2025-03-23,Amazon,W01,Completed
O004835,2025-11-13,Amazon,W01,Completed
O004836,2025-10-13,Walmart,W02,Completed
O004837,2025-03-24,eBay,W01,Cancelled
O004838,2025-10-27,Amazon,W02,Completed
O004839,2025-11-29,eBay,W01,Completed
O004840,2025-02-20,eBay,W02,Completed
O004841,2025-05-17,eBay,W01,Completed
O004842,2025-02-27,Walmart,W03,Completed
O004843,2025-06-15,eBay,W03,Completed
O004844,2025-07-08,Amazon,W01,Completed
O004845,2025-10-24,Walmart,W01,Completed
O004846,2025-06-16,Amazon,W02,Completed
O004847,2025-03-12,Amazon,W01,Completed
O004848,2025-08-09,Walmart,W03,Completed
O004849,2025-09-04,eBay,W01,Completed
O004850,2025-05-20,Amazon,W02,Completed
O004851,2025-01-23,Walmart,W03,Completed
O004852,2025-06-21,eBay,W01,Completed
O004853,2025-12-07,Walmart,W03,Completed
O004854,2025-11-02,Walmart,W03,Completed
O004855,2025-09-08,eBay,W01,Completed
O004856,2025-02-07,Amazon,W03,Completed
O004857,2025-12-10,Amazon,W01,Completed
O004858,2025-10-07,eBay,W03,Completed
O004859,2025-03-25,Walmart,W01,Completed
O004860,2025-09-22,Walmart,W01,Completed
O004861,2025-05-10,Amazon,W01,Completed
O004862,2025-01-23,eBay,W01,Cancelled
O004863,2025-10-03,Amazon,W01,Completed
O004864,2025-02-22,Amazon,W02,Completed
O004865,2025-07-28,eBay,W02,Completed
O004866,2025-02-06,Amazon,W01,Completed
O004867,2025-02-07,eBay,W02,Completed
O004868,2025-09-29,eBay,W01,Completed
O004869,2025-02-25,Amazon,W01,Completed
O004870,2025-07-12,Amazon,W02,Completed
O004871,2025-06-28,Amazon,W01,Completed
O004872,2025-04-17,Amazon,W02,Completed
O004873,2025-03-23,Walmart,W02,Completed
O004874,2025-05-02,Walmart,W03,Completed
O004875,2025-08-31,Walmart,W01,Completed
O004876,2025-06-15,Amazon,W03,Completed
O004877,2025-03-21,Amazon,W01,Completed
O004878,2025-03-15,Amazon,W01,Completed
O004879,2025-08-06,Amazon,W03,Completed
O004880,2025-05-18,eBay,W01,Completed
O004881,2025-04-09,Walmart,W02,Completed
O004882,2025-10-12,Amazon,W01,Completed
O004883,2025-02-12,Walmart,W02,Completed
O004884,2025-08-30,Amazon,W03,Completed
O004885,2025-06-18,Amazon,W02,Completed
O004886,2025-08-17,eBay,W01,Completed
O004887,2025-01-22,Amazon,W02,Completed
O004888,2025-11-29,Amazon,W01,Completed
O004889,2025-01-13,eBay,W03,Completed
O004890,2025-10-18,Walmart,W01,Completed
O004891,2025-09-23,Amazon,W02,Completed
O004892,2025-02-11,eBay,W01,Completed
O004893,2025-04-06,Walmart,W02,Completed
O004894,2025-05-04,Amazon,W01,Completed
O004895,2025-08-04,Amazon,W01,Completed
O004896,2025-07-22,Amazon,W02,Completed
O004897,2025-12-04,Amazon,W03,Completed
O004898,2025-12-26,Amazon,W02,Completed
O004899,2025-06-26,Walmart,W02,Completed
O004900,2025-03-31,Amazon,W03,Completed
O004901,2025-11-24,eBay,W01,Completed
O004902,2025-02-25,Amazon,W02,Completed
O004903,2025-01-30,eBay,W03,Completed
O004904,2025-11-19,Amazon,W01,Completed
O004905,2025-10-13,Walmart,W01,Completed
O004906,2025-01-31,eBay,W03,Completed
O004907,2025-03-05,Walmart,W02,Completed
O004908,2025-09-24,Walmart,W01,Completed
O004909,2025-04-15,Amazon,W02,Completed
O004910,2025-06-09,Amazon,W01,Completed
O004911,2025-12-12,eBay,W02,Completed
O004912,2025-06-01,Walmart,W01,Completed
O004913,2025-10-26,eBay,W01,Completed
O004914,2025-05-14,Walmart,W02,Completed
O004915,2025-08-07,eBay,W03,Completed
O004916,2025-02-28,eBay,W01,Completed
O004917,2025-09-29,Walmart,W01,Completed
O004918,2025-03-30,Amazon,W03,Completed
O004919,2025-05-31,eBay,W01,Completed
O004920,2025-09-03,Amazon,W03,Completed
O004921,2025-05-04,eBay,W01,Completed
O004922,2025-05-22,Amazon,W02,Completed
O004923,2025-01-10,Amazon,W02,Completed
O004924,2025-07-07,Amazon,W03,Completed
O004925,2025-05-26,Amazon,W01,Completed
O004926,2025-12-29,Walmart,W03,Completed
O004927,2025-12-29,eBay,W02,Completed
O004928,2025-11-04,Walmart,W02,Completed
O004929,2025-02-18,eBay,W02,Completed
O004930,2025-10-05,Walmart,W03,Completed
O004931,2025-07-13,Amazon,W01,Completed
O004932,2025-06-19,Amazon,W02,Completed
O004933,2025-02-25,Amazon,W01,Completed
O004934,2025-03-27,Walmart,W02,Completed
O004935,2025-03-06,eBay,W01,Completed
O004936,2025-03-02,Amazon,W03,Completed
O004937,2025-05-14,Walmart,W02,Completed
O004938,2025-12-08,Walmart,W03,Completed
O004939,2025-04-14,Walmart,W01,Completed
O004940,2025-01-31,Walmart,W01,Completed
O004941,2025-01-16,Amazon,W02,Completed
O004942,2025-07-30,Amazon,W01,Completed
O004943,2025-05-31,eBay,W02,Completed
O004944,2025-09-13,Walmart,W03,Completed
O004945,2025-02-09,Walmart,W02,Completed
O004946,2025-05-27,Amazon,W02,Completed
O004947,2025-04-11,Walmart,W02,Completed
O004948,2025-04-11,Amazon,W01,Completed
O004949,2025-07-09,Amazon,W01,Completed
O004950,2025-08-17,Amazon,W02,Completed
O004951,2025-08-06,Walmart,W02,Completed
O004952,2025-04-08,Walmart,W01,Completed
O004953,2025-09-19,Walmart,W02,Completed
O004954,2025-09-05,Amazon,W01,Completed
O004955,2025-09-03,eBay,W02,Cancelled
O004956,2025-04-30,Amazon,W02,Completed
O004957,2025-08-10,Amazon,W01,Completed
O004958,2025-03-26,eBay,W03,Completed
O004959,2025-04-07,Walmart,W02,Completed
O004960,2025-02-02,Amazon,W03,Completed
O004961,2025-06-01,Amazon,W03,Completed
O004962,2025-09-25,Walmart,W01,Completed
O004963,2025-05-29,Amazon,W02,Completed
O004964,2025-12-08,Amazon,W02,Completed
O004965,2025-03-29,Amazon,W02,Completed
O004966,2025-11-06,Amazon,W01,Completed
O004967,2025-03-20,Walmart,W01,Completed
O004968,2025-08-22,Amazon,W02,Completed
O004969,2025-01-08,Amazon,W02,Cancelled
O004970,2025-10-24,Amazon,W03,Completed
O004971,2025-09-19,Amazon,W02,Completed
O004972,2025-10-29,Amazon,W02,Completed
O004973,2025-09-15,Walmart,W02,Completed
O004974,2025-06-04,Walmart,W02,Completed
O004975,2025-02-12,eBay,W02,Completed
O004976,2025-07-11,Amazon,W02,Completed
O004977,2025-06-22,Walmart,W02,Cancelled
O004978,2025-06-22,eBay,W02,Cancelled
O004979,2025-09-27,eBay,W01,Completed
O004980,2025-04-28,Amazon,W03,Completed
O004981,2025-03-15,eBay,W03,Completed
O004982,2025-09-05,eBay,W01,Completed
O004983,2025-12-14,eBay,W03,Completed
O004984,2025-12-10,Walmart,W03,Completed
O004985,2025-04-15,eBay,W02,Completed
O004986,2025-02-28,eBay,W01,Completed
O004987,2025-05-22,Amazon,W01,Completed
O004988,2025-01-05,Amazon,W02,Completed
O004989,2025-06-17,Amazon,W03,Completed
O004990,2025-07-24,Amazon,W02,Completed
O004991,2025-06-18,eBay,W03,Completed
O004992,2025-10-18,Amazon,W03,Completed
O004993,2025-03-08,eBay,W03,Cancelled
O004994,2025-02-11,eBay,W01,Completed
O004995,2025-05-11,eBay,W02,Completed
O004996,2025-05-04,Walmart,W01,Completed
O004997,2025-08-14,eBay,W02,Completed
O004998,2025-01-25,Walmart,W03,Completed
O004999,2025-01-07,Amazon,W01,Completed
O005000,2025-02-01,Amazon,W02,Completed
O005001,2025-01-25,Amazon,W02,Completed
O005002,2025-06-11,eBay,W01,Cancelled
O005003,2025-09-12,Amazon,W03,Completed
O005004,2025-01-27,Walmart,W01,Completed
O005005,2025-09-23,eBay,W01,Completed
O005006,2025-06-23,Amazon,W03,Completed
O005007,2025-07-08,Amazon,W01,Completed
O005008,2025-06-19,eBay,W02,Completed
O005009,2025-12-02,Amazon,W02,Completed
O005010,2025-06-13,Amazon,W01,Completed
O005011,2025-05-25,Amazon,W02,Completed
O005012,2025-01-30,Amazon,W01,Completed
O005013,2025-08-26,Walmart,W02,Completed
O005014,2025-10-21,Amazon,W01,Completed
O005015,2025-03-22,Amazon,W03,Completed
O005016,2025-11-16,Amazon,W03,Completed
O005017,2025-04-24,Walmart,W02,Completed
O005018,2025-05-11,Walmart,W01,Completed
O005019,2025-09-05,Walmart,W03,Completed
O005020,2025-02-02,eBay,W01,Completed
O005021,2025-11-23,eBay,W02,Completed
O005022,2025-07-28,Amazon,W02,Completed
O005023,2025-04-27,Walmart,W01,Completed
O005024,2025-05-31,Amazon,W03,Completed
O005025,2025-12-12,eBay,W01,Completed
O005026,2025-02-14,Walmart,W03,Completed
O005027,2025-04-04,Amazon,W03,Cancelled
O005028,2025-01-23,Amazon,W01,Completed
O005029,2025-01-16,Amazon,W01,Completed
O005030,2025-05-07,Walmart,W01,Completed
O005031,2025-02-27,eBay,W03,Completed
O005032,2025-03-02,eBay,W02,Completed
O005033,2025-07-11,Amazon,W01,Completed
O005034,2025-08-29,Walmart,W01,Completed
O005035,2025-09-22,eBay,W02,Completed
O005036,2025-10-03,Walmart,W01,Completed
O005037,2025-11-07,Amazon,W02,Completed
O005038,2025-12-20,Amazon,W03,Completed
O005039,2025-02-28,Amazon,W01,Completed
O005040,2025-06-28,Walmart,W03,Completed
O005041,2025-09-06,Amazon,W02,Cancelled
O005042,2025-06-17,Walmart,W01,Completed
O005043,2025-01-18,eBay,W02,Completed
O005044,2025-07-03,eBay,W01,Completed
O005045,2025-05-08,Amazon,W01,Completed
O005046,2025-10-18,Amazon,W03,Completed
O005047,2025-10-17,Walmart,W03,Completed
O005048,2025-09-09,eBay,W01,Completed
O005049,2025-06-16,eBay,W03,Completed
O005050,2025-07-03,Walmart,W01,Completed
O005051,2025-08-06,Walmart,W02,Completed
O005052,2025-03-23,Walmart,W02,Completed
O005053,2025-10-07,eBay,W01,Completed
O005054,2025-05-18,Amazon,W02,Completed
O005055,2025-01-19,Walmart,W01,Completed
O005056,2025-05-29,eBay,W01,Completed
O005057,2025-05-26,Amazon,W01,Completed
O005058,2025-09-03,Walmart,W03,Completed
O005059,2025-03-08,eBay,W02,Completed
O005060,2025-11-24,Walmart,W03,Completed
O005061,2025-05-24,Amazon,W01,Completed
O005062,2025-08-06,Walmart,W02,Completed
O005063,2025-11-23,eBay,W01,Completed
O005064,2025-02-05,Amazon,W01,Completed
O005065,2025-09-10,Amazon,W02,Completed
O005066,2025-09-11,Amazon,W01,Completed
O005067,2025-08-16,Walmart,W01,Completed
O005068,2025-10-04,Amazon,W02,Completed
O005069,2025-07-26,Amazon,W01,Completed
O005070,2025-01-11,Walmart,W03,Completed
O005071,2025-05-28,Amazon,W02,Completed
O005072,2025-12-12,eBay,W02,Completed
O005073,2025-10-16,Amazon,W02,Completed
O005074,2025-06-01,Amazon,W01,Completed
O005075,2025-10-19,Amazon,W01,Cancelled
O005076,2025-12-04,Walmart,W02,Completed
O005077,2025-02-14,eBay,W02,Completed
O005078,2025-12-12,eBay,W03,Completed
O005079,2025-08-21,Amazon,W03,Completed
O005080,2025-04-28,Amazon,W02,Completed
O005081,2025-08-27,Walmart,W01,Completed
O005082,2025-12-24,eBay,W03,Completed
O005083,2025-02-20,Walmart,W02,Completed
O005084,2025-02-25,Amazon,W02,Completed
O005085,2025-03-05,eBay,W01,Completed
O005086,2025-11-21,Walmart,W01,Completed
O005087,2025-11-01,eBay,W02,Completed
O005088,2025-12-14,Amazon,W02,Completed
O005089,2025-08-24,eBay,W01,Completed
O005090,2025-08-11,Amazon,W01,Cancelled
O005091,2025-07-11,Walmart,W01,Completed
O005092,2025-07-11,eBay,W01,Completed
O005093,2025-09-26,Amazon,W03,Completed
O005094,2025-12-16,eBay,W02,Completed
O005095,2025-01-21,eBay,W01,Completed
O005096,2025-04-30,Amazon,W03,Cancelled
O005097,2025-01-16,Amazon,W01,Completed
O005098,2025-07-28,Walmart,W01,Completed
O005099,2025-11-07,eBay,W01,Completed
O005100,2025-03-24,eBay,W03,Completed
O005101,2025-08-10,Walmart,W02,Completed
O005102,2025-01-10,Amazon,W01,Completed
O005103,2025-11-10,eBay,W03,Cancelled
O005104,2025-11-16,Amazon,W02,Completed
O005105,2025-05-17,Amazon,W01,Completed
O005106,2025-03-19,Walmart,W01,Completed
O005107,2025-08-18,Amazon,W01,Completed
O005108,2025-09-09,Walmart,W03,Completed
O005109,2025-10-31,Amazon,W01,Completed
O005110,2025-09-28,eBay,W02,Completed
O005111,2025-04-01,Walmart,W01,Completed
O005112,2025-06-10,Walmart,W03,Completed
O005113,2025-11-01,Walmart,W02,Completed
O005114,2025-02-09,Walmart,W02,Completed
O005115,2025-03-22,Amazon,W01,Completed
O005116,2025-02-09,eBay,W01,Completed
O005117,2025-02-16,Walmart,W02,Completed
O005118,2025-02-05,Amazon,W03,Completed
O005119,2025-07-30,Amazon,W01,Completed
O005120,2025-10-03,Walmart,W02,Completed
O005121,2025-04-04,Walmart,W02,Completed
O005122,2025-06-10,Walmart,W01,Completed
O005123,2025-08-28,Amazon,W02,Completed
O005124,2025-07-16,Walmart,W03,Cancelled
O005125,2025-01-16,Walmart,W02,Completed
O005126,2025-09-13,Walmart,W01,Cancelled
O005127,2025-04-29,Walmart,W01,Cancelled
O005128,2025-08-23,eBay,W02,Completed
O005129,2025-11-02,Walmart,W01,Completed
O005130,2025-07-19,Walmart,W02,Completed
O005131,2025-02-13,eBay,W01,Completed
O005132,2025-10-27,Walmart,W03,Completed
O005133,2025-07-18,Amazon,W01,Completed
O005134,2025-03-17,Amazon,W01,Completed
O005135,2025-02-02,Walmart,W03,Completed
O005136,2025-11-21,eBay,W02,Completed
O005137,2025-06-25,Amazon,W01,Completed
O005138,2025-12-13,Walmart,W02,Completed
O005139,2025-08-30,eBay,W02,Completed
O005140,2025-09-28,Walmart,W02,Completed
O005141,2025-05-08,Walmart,W03,Completed
O005142,2025-08-07,Amazon,W01,Completed
O005143,2025-08-12,Amazon,W01,Completed
O005144,2025-05-09,Amazon,W02,Completed
O005145,2025-04-29,eBay,W02,Completed
O005146,2025-08-06,Amazon,W02,Completed
O005147,2025-12-15,Walmart,W02,Completed
O005148,2025-09-22,Walmart,W01,Completed
O005149,2025-09-17,Walmart,W02,Completed
O005150,2025-10-22,Walmart,W03,Completed
O005151,2025-08-22,Walmart,W02,Completed
O005152,2025-08-07,eBay,W03,Completed
O005153,2025-06-03,Amazon,W03,Completed
O005154,2025-06-24,Amazon,W02,Completed
O005155,2025-05-08,Walmart,W01,Completed
O005156,2025-07-13,eBay,W03,Cancelled
O005157,2025-02-06,eBay,W01,Completed
O005158,2025-01-28,Walmart,W02,Completed
O005159,2025-08-30,Walmart,W01,Completed
O005160,2025-04-19,eBay,W03,Completed
O005161,2025-10-11,eBay,W03,Completed
O005162,2025-11-10,Walmart,W01,Completed
O005163,2025-12-26,Walmart,W01,Completed
O005164,2025-04-18,Amazon,W01,Completed
O005165,2025-09-23,Amazon,W03,Completed
O005166,2025-07-17,eBay,W02,Completed
O005167,2025-06-16,Walmart,W03,Completed
O005168,2025-02-05,eBay,W01,Completed
O005169,2025-04-05,Amazon,W02,Completed
O005170,2025-01-03,Amazon,W03,Completed
O005171,2025-05-05,Amazon,W01,Completed
O005172,2025-08-08,Amazon,W02,Completed
O005173,2025-01-09,Walmart,W02,Completed
O005174,2025-07-30,eBay,W02,Completed
O005175,2025-07-29,Walmart,W01,Completed
O005176,2025-04-09,Amazon,W03,Completed
O005177,2025-02-08,Amazon,W03,Completed
O005178,2025-09-12,Amazon,W02,Completed
O005179,2025-10-19,eBay,W03,Completed
O005180,2025-11-24,Walmart,W03,Completed
O005181,2025-01-13,Walmart,W03,Completed
O005182,2025-05-22,eBay,W01,Cancelled
O005183,2025-04-06,Walmart,W02,Completed
O005184,2025-04-21,Amazon,W02,Completed
O005185,2025-03-12,Walmart,W02,Completed
O005186,2025-08-13,eBay,W03,Completed
O005187,2025-05-12,eBay,W01,Completed
O005188,2025-12-29,Walmart,W01,Completed
O005189,2025-09-18,Amazon,W01,Completed
O005190,2025-09-01,Amazon,W02,Completed
O005191,2025-08-20,Amazon,W03,Completed
O005192,2025-08-19,Amazon,W01,Completed
O005193,2025-04-28,Walmart,W03,Completed
O005194,2025-10-11,Amazon,W01,Completed
O005195,2025-08-20,eBay,W03,Completed
O005196,2025-06-21,Amazon,W01,Completed
O005197,2025-04-17,Amazon,W03,Completed
O005198,2025-09-08,Amazon,W03,Completed
O005199,2025-12-23,eBay,W01,Completed
O005200,2025-04-30,Walmart,W02,Completed
O005201,2025-05-04,Amazon,W01,Completed
O005202,2025-03-15,eBay,W01,Completed
O005203,2025-03-24,Walmart,W01,Completed
O005204,2025-09-01,eBay,W01,Completed
O005205,2025-02-18,Amazon,W02,Completed
O005206,2025-11-24,Walmart,W01,Completed
O005207,2025-04-26,Walmart,W01,Cancelled
O005208,2025-12-25,Amazon,W01,Completed
O005209,2025-07-05,Walmart,W02,Completed
O005210,2025-10-01,Walmart,W01,Completed
O005211,2025-09-26,Walmart,W03,Completed
O005212,2025-12-30,eBay,W02,Completed
O005213,2025-07-24,Walmart,W02,Completed
O005214,2025-06-30,Amazon,W01,Completed
O005215,2025-09-01,eBay,W02,Cancelled
O005216,2025-03-04,Walmart,W03,Completed
O005217,2025-01-07,Walmart,W01,Completed
O005218,2025-09-06,Amazon,W01,Completed
O005219,2025-02-27,Amazon,W01,Completed
O005220,2025-02-05,Amazon,W01,Completed
O005221,2025-09-01,Amazon,W01,Completed
O005222,2025-08-24,Amazon,W01,Completed
O005223,2025-04-06,Walmart,W01,Completed
O005224,2025-11-26,Walmart,W03,Cancelled
O005225,2025-07-21,Walmart,W01,Cancelled
O005226,2025-09-01,Walmart,W02,Completed
O005227,2025-08-02,eBay,W02,Completed
O005228,2025-09-24,Amazon,W01,Completed
O005229,2025-03-23,eBay,W01,Completed
O005230,2025-10-15,Walmart,W02,Completed
O005231,2025-04-01,Walmart,W03,Completed
O005232,2025-03-08,Walmart,W03,Cancelled
O005233,2025-08-01,eBay,W01,Completed
O005234,2025-03-16,Walmart,W01,Completed
O005235,2025-07-22,eBay,W02,Completed
O005236,2025-02-13,eBay,W03,Completed
O005237,2025-08-21,Walmart,W03,Completed
O005238,2025-01-24,Amazon,W01,Completed
O005239,2025-02-15,Amazon,W03,Completed
O005240,2025-07-21,eBay,W03,Completed
O005241,2025-05-30,Amazon,W02,Completed
O005242,2025-02-12,eBay,W01,Completed
O005243,2025-11-14,Walmart,W02,Completed
O005244,2025-05-01,Amazon,W02,Completed
O005245,2025-11-17,Amazon,W01,Completed
O005246,2025-06-17,Amazon,W03,Completed
O005247,2025-10-11,eBay,W02,Completed
O005248,2025-07-11,Amazon,W01,Completed
O005249,2025-02-25,Walmart,W01,Completed
O005250,2025-10-05,Amazon,W02,Completed
O005251,2025-03-01,eBay,W03,Completed
O005252,2025-07-06,Walmart,W01,Completed
O005253,2025-04-05,Amazon,W01,Completed
O005254,2025-05-16,Amazon,W02,Completed
O005255,2025-04-02,Amazon,W01,Completed
O005256,2025-12-21,eBay,W03,Completed
O005257,2025-01-13,eBay,W02,Completed
O005258,2025-11-14,eBay,W03,Completed
O005259,2025-11-03,Amazon,W02,Completed
O005260,2025-06-12,Amazon,W01,Completed
O005261,2025-08-24,Walmart,W01,Completed
O005262,2025-12-21,Amazon,W01,Completed
O005263,2025-03-26,Amazon,W01,Completed
O005264,2025-06-17,eBay,W01,Completed
O005265,2025-07-10,Walmart,W01,Completed
O005266,2025-09-01,Walmart,W01,Completed
O005267,2025-06-07,Amazon,W01,Completed
O005268,2025-07-27,eBay,W03,Completed
O005269,2025-10-06,Walmart,W03,Completed
O005270,2025-04-11,eBay,W01,Completed
O005271,2025-07-04,Walmart,W01,Completed
O005272,2025-01-05,Amazon,W03,Completed
O005273,2025-10-26,Amazon,W02,Completed
O005274,2025-08-11,Amazon,W01,Completed
O005275,2025-07-12,Amazon,W01,Completed
O005276,2025-01-09,Amazon,W01,Completed
O005277,2025-11-06,eBay,W03,Completed
O005278,2025-02-23,Amazon,W03,Completed
O005279,2025-11-30,Amazon,W01,Completed
O005280,2025-09-11,Walmart,W03,Completed
O005281,2025-02-07,Amazon,W01,Completed
O005282,2025-03-03,Amazon,W02,Completed
O005283,2025-11-09,Amazon,W02,Completed
O005284,2025-12-31,eBay,W03,Completed
O005285,2025-08-27,eBay,W02,Completed
O005286,2025-11-24,Amazon,W01,Completed
O005287,2025-11-07,Walmart,W03,Completed
O005288,2025-08-21,Walmart,W02,Completed
O005289,2025-10-07,Walmart,W02,Completed
O005290,2025-08-05,Walmart,W02,Completed
O005291,2025-04-06,Walmart,W02,Completed
O005292,2025-06-05,Amazon,W01,Completed
O005293,2025-12-01,Amazon,W01,Completed
O005294,2025-04-19,eBay,W01,Completed
O005295,2025-05-01,Walmart,W02,Completed
O005296,2025-10-27,Amazon,W01,Completed
O005297,2025-05-03,Walmart,W01,Completed
O005298,2025-11-28,Amazon,W03,Completed
O005299,2025-06-29,Amazon,W02,Completed
O005300,2025-12-21,eBay,W02,Cancelled
O005301,2025-05-23,Walmart,W02,Completed
O005302,2025-02-18,eBay,W03,Completed
O005303,2025-11-28,Walmart,W01,Completed
O005304,2025-11-13,Amazon,W02,Completed
O005305,2025-03-01,Walmart,W03,Cancelled
O005306,2025-10-26,eBay,W02,Completed
O005307,2025-10-28,Walmart,W02,Completed
O005308,2025-03-30,Walmart,W02,Completed
O005309,2025-07-20,Amazon,W02,Completed
O005310,2025-04-01,Amazon,W02,Completed
O005311,2025-02-28,Amazon,W02,Completed
O005312,2025-11-19,eBay,W01,Completed
O005313,2025-06-11,Amazon,W01,Completed
O005314,2025-01-18,Amazon,W02,Completed
O005315,2025-07-16,Amazon,W01,Completed
O005316,2025-10-23,Amazon,W01,Completed
O005317,2025-07-10,Walmart,W02,Completed
O005318,2025-02-08,Amazon,W03,Completed
O005319,2025-06-01,Amazon,W02,Completed
O005320,2025-06-12,Walmart,W01,Completed
O005321,2025-01-21,eBay,W01,Cancelled
O005322,2025-01-30,Walmart,W02,Completed
O005323,2025-05-15,Walmart,W01,Completed
O005324,2025-05-21,eBay,W03,Completed
O005325,2025-01-19,Amazon,W01,Completed
O005326,2025-02-19,Amazon,W02,Completed
O005327,2025-06-11,Amazon,W03,Completed
O005328,2025-01-26,Amazon,W03,Completed
O005329,2025-07-01,Amazon,W02,Completed
O005330,2025-01-27,Walmart,W02,Completed
O005331,2025-02-12,Amazon,W02,Completed
O005332,2025-11-16,eBay,W03,Completed
O005333,2025-09-19,Amazon,W02,Completed
O005334,2025-09-10,Amazon,W01,Completed
O005335,2025-02-15,Amazon,W01,Completed
O005336,2025-08-06,Amazon,W02,Completed
O005337,2025-09-12,Amazon,W02,Completed
O005338,2025-05-10,Walmart,W03,Completed
O005339,2025-12-25,eBay,W03,Completed
O005340,2025-08-17,Amazon,W01,Completed
O005341,2025-08-26,Walmart,W02,Completed
O005342,2025-09-24,eBay,W02,Completed
O005343,2025-11-02,eBay,W03,Completed
O005344,2025-04-27,Walmart,W01,Completed
O005345,2025-12-17,Walmart,W01,Completed
O005346,2025-12-08,Walmart,W02,Completed
O005347,2025-09-26,Walmart,W03,Completed
O005348,2025-06-04,Walmart,W02,Completed
O005349,2025-04-25,Amazon,W01,Cancelled
O005350,2025-07-06,Amazon,W01,Completed
O005351,2025-08-16,eBay,W02,Cancelled
O005352,2025-01-16,Amazon,W01,Completed
O005353,2025-08-16,Walmart,W01,Completed
O005354,2025-07-04,Amazon,W03,Completed
O005355,2025-04-29,Amazon,W02,Completed
O005356,2025-02-28,Walmart,W03,Completed
O005357,2025-07-20,Amazon,W03,Completed
O005358,2025-05-29,eBay,W03,Cancelled
O005359,2025-10-10,Walmart,W01,Completed
O005360,2025-04-02,Amazon,W02,Completed
O005361,2025-09-12,Amazon,W01,Completed
O005362,2025-07-19,Walmart,W01,Completed
O005363,2025-08-19,Amazon,W01,Completed
O005364,2025-02-07,Amazon,W01,Completed
O005365,2025-09-18,eBay,W03,Completed
O005366,2025-04-21,Amazon,W02,Completed
O005367,2025-06-07,Walmart,W02,Completed
O005368,2025-12-17,Walmart,W01,Completed
O005369,2025-09-11,Walmart,W01,Completed
O005370,2025-01-06,eBay,W03,Completed
O005371,2025-08-08,Walmart,W01,Cancelled
O005372,2025-04-09,Walmart,W03,Completed
O005373,2025-09-01,Amazon,W01,Completed
O005374,2025-12-04,Amazon,W03,Completed
O005375,2025-02-04,Amazon,W02,Completed
O005376,2025-12-22,Amazon,W02,Completed
O005377,2025-07-12,Amazon,W02,Completed
O005378,2025-09-17,Amazon,W03,Completed
O005379,2025-05-27,Amazon,W01,Completed
O005380,2025-12-11,Walmart,W03,Completed
O005381,2025-12-10,Walmart,W02,Completed
O005382,2025-03-21,eBay,W02,Completed
O005383,2025-08-05,Amazon,W03,Completed
O005384,2025-12-18,Amazon,W01,Completed
O005385,2025-09-28,Amazon,W01,Completed
O005386,2025-12-29,Walmart,W02,Completed
O005387,2025-06-08,Walmart,W02,Cancelled
O005388,2025-04-22,Amazon,W01,Completed
O005389,2025-10-28,Walmart,W02,Completed
O005390,2025-02-10,eBay,W01,Completed
O005391,2025-08-09,eBay,W03,Completed
O005392,2025-06-30,Walmart,W01,Completed
O005393,2025-07-30,Amazon,W02,Completed
O005394,2025-03-30,Amazon,W03,Completed
O005395,2025-12-05,Walmart,W02,Completed
O005396,2025-06-06,Walmart,W03,Completed
O005397,2025-07-25,Amazon,W01,Completed
O005398,2025-09-24,eBay,W02,Completed
O005399,2025-11-13,Amazon,W01,Completed
O005400,2025-12-04,eBay,W02,Completed
O005401,2025-02-17,eBay,W01,Completed
O005402,2025-09-29,eBay,W03,Completed
O005403,2025-10-24,Walmart,W01,Completed
O005404,2025-07-08,Amazon,W01,Completed
O005405,2025-12-27,Walmart,W02,Completed
O005406,2025-03-12,Amazon,W01,Completed
O005407,2025-08-16,eBay,W01,Completed
O005408,2025-08-31,eBay,W02,Completed
O005409,2025-11-01,Walmart,W01,Completed
O005410,2025-05-16,Walmart,W03,Completed
O005411,2025-05-30,Walmart,W01,Completed
O005412,2025-09-21,Amazon,W01,Completed
O005413,2025-01-17,Walmart,W01,Completed
O005414,2025-06-09,Walmart,W02,Completed
O005415,2025-10-09,Amazon,W01,Completed
O005416,2025-06-18,Amazon,W02,Completed
O005417,2025-12-23,Walmart,W03,Completed
O005418,2025-04-15,eBay,W03,Completed
O005419,2025-10-24,eBay,W01,Completed
O005420,2025-03-24,eBay,W03,Completed
O005421,2025-01-17,Amazon,W02,Completed
O005422,2025-09-02,Walmart,W01,Completed
O005423,2025-12-17,Amazon,W02,Completed
O005424,2025-07-21,Amazon,W02,Completed
O005425,2025-05-24,Amazon,W02,Completed
O005426,2025-06-27,Amazon,W02,Completed
O005427,2025-12-30,Walmart,W03,Completed
O005428,2025-05-02,eBay,W02,Completed
O005429,2025-12-28,eBay,W03,Completed
O005430,2025-07-11,Amazon,W01,Completed
O005431,2025-09-04,Walmart,W01,Completed
O005432,2025-07-20,Amazon,W02,Completed
O005433,2025-08-01,Amazon,W03,Completed
O005434,2025-12-29,Amazon,W02,Completed
O005435,2025-06-25,eBay,W01,Cancelled
O005436,2025-07-02,eBay,W01,Completed
O005437,2025-03-04,Amazon,W01,Completed
O005438,2025-02-19,Amazon,W03,Completed
O005439,2025-01-22,Walmart,W02,Completed
O005440,2025-12-24,Amazon,W02,Completed
O005441,2025-10-21,eBay,W01,Completed
O005442,2025-01-08,Amazon,W01,Completed
O005443,2025-05-16,Amazon,W02,Completed
O005444,2025-06-02,eBay,W02,Completed
O005445,2025-12-11,eBay,W01,Completed
O005446,2025-05-31,Amazon,W01,Completed
O005447,2025-04-17,Amazon,W03,Completed
O005448,2025-09-09,eBay,W03,Completed
O005449,2025-07-21,Amazon,W02,Completed
O005450,2025-04-28,Amazon,W01,Completed
O005451,2025-11-15,eBay,W02,Completed
O005452,2025-12-30,Amazon,W03,Completed
O005453,2025-10-15,eBay,W01,Completed
O005454,2025-05-06,Amazon,W01,Completed
O005455,2025-01-10,Amazon,W03,Completed
O005456,2025-09-01,Walmart,W01,Completed
O005457,2025-07-26,Walmart,W01,Completed
O005458,2025-09-24,Amazon,W01,Completed
O005459,2025-11-24,eBay,W01,Completed
O005460,2025-12-22,Walmart,W02,Completed
O005461,2025-06-21,eBay,W02,Completed
O005462,2025-06-24,eBay,W03,Completed
O005463,2025-07-27,eBay,W01,Completed
O005464,2025-11-07,eBay,W01,Completed
O005465,2025-04-27,Walmart,W01,Completed
O005466,2025-02-07,Amazon,W01,Completed
O005467,2025-02-26,Amazon,W02,Completed
O005468,2025-05-13,Amazon,W01,Completed
O005469,2025-04-02,Walmart,W01,Completed
O005470,2025-01-13,Walmart,W03,Completed
O005471,2025-10-27,Amazon,W02,Completed
O005472,2025-02-22,Amazon,W02,Completed
O005473,2025-10-17,Amazon,W01,Completed
O005474,2025-04-21,eBay,W01,Completed
O005475,2025-04-26,Amazon,W01,Completed
O005476,2025-10-08,eBay,W01,Completed
O005477,2025-06-23,Amazon,W02,Completed
O005478,2025-04-18,Walmart,W02,Completed
O005479,2025-03-09,Walmart,W01,Completed
O005480,2025-08-03,Walmart,W03,Completed
O005481,2025-08-22,Walmart,W02,Completed
O005482,2025-08-13,eBay,W03,Completed
O005483,2025-08-20,eBay,W03,Completed
O005484,2025-08-20,eBay,W02,Completed
O005485,2025-05-16,Amazon,W02,Completed
O005486,2025-02-03,eBay,W02,Completed
O005487,2025-02-23,Amazon,W02,Completed
O005488,2025-07-02,Walmart,W01,Completed
O005489,2025-12-01,Amazon,W01,Completed
O005490,2025-05-17,eBay,W03,Cancelled
O005491,2025-10-25,Walmart,W01,Completed
O005492,2025-05-12,Amazon,W02,Completed
O005493,2025-11-05,Walmart,W01,Completed
O005494,2025-08-18,eBay,W01,Completed
O005495,2025-05-23,eBay,W03,Completed
O005496,2025-04-15,Amazon,W01,Completed
O005497,2025-10-21,Walmart,W02,Completed
O005498,2025-03-28,Amazon,W02,Completed
O005499,2025-10-28,Walmart,W01,Completed
O005500,2025-06-04,Amazon,W03,Completed
O005501,2025-05-03,Amazon,W03,Completed
O005502,2025-12-29,Amazon,W01,Cancelled
O005503,2025-10-05,Amazon,W02,Completed
O005504,2025-12-17,Walmart,W01,Completed
O005505,2025-02-12,eBay,W02,Completed
O005506,2025-09-11,Walmart,W03,Completed
O005507,2025-04-06,Amazon,W02,Completed
O005508,2025-07-09,Amazon,W02,Completed
O005509,2025-12-27,Walmart,W01,Completed
O005510,2025-09-24,eBay,W01,Cancelled
O005511,2025-01-18,eBay,W01,Completed
O005512,2025-12-11,Amazon,W01,Completed
O005513,2025-11-22,Amazon,W02,Completed
O005514,2025-08-04,Walmart,W01,Completed
O005515,2025-04-29,eBay,W02,Completed
O005516,2025-04-22,Walmart,W03,Completed
O005517,2025-10-12,Walmart,W03,Completed
O005518,2025-05-22,Walmart,W03,Completed
O005519,2025-09-12,Amazon,W01,Completed
O005520,2025-02-24,eBay,W02,Cancelled
O005521,2025-07-10,Walmart,W01,Completed
O005522,2025-12-31,eBay,W02,Completed
O005523,2025-04-28,Walmart,W02,Completed
O005524,2025-06-13,Amazon,W03,Completed
O005525,2025-09-13,Amazon,W02,Completed
O005526,2025-04-24,Walmart,W03,Completed
O005527,2025-09-03,Amazon,W03,Completed
O005528,2025-04-24,Walmart,W03,Completed
O005529,2025-01-22,Walmart,W03,Completed
O005530,2025-12-25,eBay,W01,Completed
O005531,2025-03-13,Amazon,W02,Completed
O005532,2025-06-18,eBay,W03,Completed
O005533,2025-06-03,Walmart,W02,Completed
O005534,2025-01-18,eBay,W01,Completed
O005535,2025-03-07,eBay,W02,Completed
O005536,2025-09-18,eBay,W01,Completed
O005537,2025-04-12,Amazon,W03,Completed
O005538,2025-12-15,Walmart,W01,Completed
O005539,2025-06-11,eBay,W01,Completed
O005540,2025-05-05,Amazon,W03,Completed
O005541,2025-04-20,Walmart,W01,Completed
O005542,2025-01-18,eBay,W01,Completed
O005543,2025-10-20,Walmart,W02,Completed
O005544,2025-07-09,Walmart,W03,Completed
O005545,2025-06-02,Amazon,W01,Completed
O005546,2025-06-11,eBay,W02,Completed
O005547,2025-05-04,Amazon,W01,Completed
O005548,2025-06-10,Walmart,W03,Cancelled
O005549,2025-02-01,Amazon,W02,Completed
O005550,2025-08-07,Amazon,W03,Completed
O005551,2025-09-06,Amazon,W01,Completed
O005552,2025-11-27,Amazon,W03,Completed
O005553,2025-03-30,Amazon,W03,Completed
O005554,2025-04-27,Walmart,W02,Cancelled
O005555,2025-03-10,Amazon,W02,Completed
O005556,2025-01-04,Walmart,W03,Completed
O005557,2025-04-03,Walmart,W01,Completed
O005558,2025-12-25,Amazon,W03,Completed
O005559,2025-02-10,Walmart,W03,Completed
O005560,2025-06-21,Amazon,W02,Completed
O005561,2025-05-04,Walmart,W02,Completed
O005562,2025-03-19,Walmart,W01,Completed
O005563,2025-03-17,eBay,W03,Completed
O005564,2025-04-06,Walmart,W02,Completed
O005565,2025-02-13,Walmart,W02,Completed
O005566,2025-11-17,Walmart,W02,Completed
O005567,2025-03-28,Walmart,W02,Completed
O005568,2025-10-07,Amazon,W03,Completed
O005569,2025-10-22,eBay,W02,Completed
O005570,2025-01-09,Amazon,W03,Completed
O005571,2025-09-18,Walmart,W02,Completed
O005572,2025-08-19,Amazon,W02,Completed
O005573,2025-02-16,Amazon,W02,Completed
O005574,2025-04-13,Amazon,W03,Cancelled
O005575,2025-09-21,Walmart,W01,Completed
O005576,2025-09-06,Walmart,W03,Completed
O005577,2025-09-01,eBay,W01,Completed
O005578,2025-03-27,Amazon,W02,Completed
O005579,2025-01-11,Walmart,W01,Completed
O005580,2025-04-03,Walmart,W01,Completed
O005581,2025-05-21,eBay,W01,Completed
O005582,2025-09-29,Amazon,W02,Completed
O005583,2025-10-02,Walmart,W01,Completed
O005584,2025-10-28,eBay,W03,Completed
O005585,2025-05-07,Amazon,W01,Completed
O005586,2025-04-29,eBay,W01,Completed
O005587,2025-03-31,Amazon,W01,Completed
O005588,2025-04-12,Walmart,W03,Completed
O005589,2025-08-31,Amazon,W02,Completed
O005590,2025-01-25,Walmart,W02,Completed
O005591,2025-09-05,eBay,W02,Completed
O005592,2025-09-12,eBay,W02,Completed
O005593,2025-08-27,Amazon,W01,Completed
O005594,2025-01-22,eBay,W01,Completed
O005595,2025-05-21,Amazon,W02,Completed
O005596,2025-06-23,Walmart,W01,Completed
O005597,2025-03-28,eBay,W02,Completed
O005598,2025-08-16,Walmart,W03,Completed
O005599,2025-06-06,Amazon,W02,Completed
O005600,2025-10-07,Amazon,W02,Completed
O005601,2025-12-01,Amazon,W01,Completed
O005602,2025-01-21,Walmart,W02,Completed
O005603,2025-03-19,eBay,W03,Completed
O005604,2025-06-12,eBay,W03,Completed
O005605,2025-09-14,Amazon,W02,Completed
O005606,2025-10-30,Amazon,W01,Completed
O005607,2025-07-02,Walmart,W02,Completed
O005608,2025-04-10,eBay,W03,Completed
O005609,2025-07-10,Amazon,W03,Completed
O005610,2025-11-05,eBay,W01,Completed
O005611,2025-01-31,Amazon,W02,Completed
O005612,2025-06-13,Amazon,W02,Completed
O005613,2025-08-25,Walmart,W02,Completed
O005614,2025-04-27,Amazon,W01,Completed
O005615,2025-03-18,eBay,W02,Completed
O005616,2025-10-09,Amazon,W01,Completed
O005617,2025-07-22,eBay,W01,Completed
O005618,2025-10-09,Amazon,W02,Completed
O005619,2025-10-09,Amazon,W03,Completed
O005620,2025-07-18,Amazon,W01,Completed
O005621,2025-10-24,Amazon,W01,Completed
O005622,2025-06-11,eBay,W01,Completed
O005623,2025-05-06,eBay,W03,Completed
O005624,2025-11-18,Walmart,W01,Cancelled
O005625,2025-03-01,eBay,W02,Completed
O005626,2025-10-31,Amazon,W01,Completed
O005627,2025-07-18,Amazon,W02,Completed
O005628,2025-02-05,Walmart,W03,Completed
O005629,2025-01-07,Walmart,W03,Completed
O005630,2025-10-17,Amazon,W02,Completed
O005631,2025-02-02,eBay,W03,Completed
O005632,2025-08-31,Walmart,W03,Completed
O005633,2025-06-22,Amazon,W03,Completed
O005634,2025-02-23,Walmart,W02,Completed
O005635,2025-03-19,Amazon,W02,Completed
O005636,2025-08-24,eBay,W02,Completed
O005637,2025-11-03,eBay,W02,Completed
O005638,2025-10-12,Amazon,W03,Completed
O005639,2025-08-19,Walmart,W02,Completed
O005640,2025-10-05,Amazon,W02,Completed
O005641,2025-07-03,Walmart,W01,Completed
O005642,2025-11-02,Walmart,W03,Completed
O005643,2025-10-30,eBay,W01,Completed
O005644,2025-08-24,Amazon,W01,Completed
O005645,2025-10-17,Walmart,W02,Completed
O005646,2025-12-29,Walmart,W01,Completed
O005647,2025-06-05,eBay,W03,Completed
O005648,2025-11-22,Amazon,W02,Completed
O005649,2025-05-21,eBay,W02,Completed
O005650,2025-01-07,Amazon,W02,Completed
O005651,2025-01-07,Walmart,W01,Completed
O005652,2025-05-01,Amazon,W01,Completed
O005653,2025-08-12,Walmart,W02,Completed
O005654,2025-05-23,Walmart,W02,Completed
O005655,2025-06-23,Amazon,W01,Completed
O005656,2025-04-19,eBay,W01,Completed
O005657,2025-11-13,Amazon,W01,Completed
O005658,2025-05-09,Amazon,W01,Completed
O005659,2025-04-09,Amazon,W03,Completed
O005660,2025-04-16,Walmart,W02,Completed
O005661,2025-08-08,Walmart,W03,Completed
O005662,2025-06-14,Amazon,W01,Completed
O005663,2025-06-03,Amazon,W02,Completed
O005664,2025-04-12,Amazon,W01,Completed
O005665,2025-11-21,eBay,W03,Completed
O005666,2025-01-15,eBay,W02,Completed
O005667,2025-04-05,Walmart,W03,Completed
O005668,2025-03-31,eBay,W02,Completed
O005669,2025-06-07,Walmart,W02,Completed
O005670,2025-10-05,Amazon,W03,Completed
O005671,2025-01-09,Walmart,W01,Completed
O005672,2025-01-13,Amazon,W01,Completed
O005673,2025-03-07,Amazon,W01,Completed
O005674,2025-10-12,Walmart,W03,Completed
O005675,2025-02-12,eBay,W01,Completed
O005676,2025-10-21,eBay,W03,Completed
O005677,2025-11-30,Amazon,W01,Completed
O005678,2025-10-31,Amazon,W01,Completed
O005679,2025-03-03,Amazon,W01,Completed
O005680,2025-04-06,eBay,W02,Completed
O005681,2025-07-07,Amazon,W02,Completed
O005682,2025-02-17,Amazon,W01,Completed
O005683,2025-10-22,Walmart,W01,Completed
O005684,2025-08-02,Amazon,W01,Completed
O005685,2025-05-26,Walmart,W01,Completed
O005686,2025-03-30,Amazon,W03,Completed
O005687,2025-10-16,Amazon,W01,Completed
O005688,2025-01-12,Amazon,W01,Completed
O005689,2025-10-04,Amazon,W02,Completed
O005690,2025-06-15,Walmart,W03,Completed
O005691,2025-07-15,eBay,W03,Completed
O005692,2025-09-08,Walmart,W03,Completed
O005693,2025-07-10,Walmart,W01,Completed
O005694,2025-12-25,eBay,W02,Completed
O005695,2025-11-04,Walmart,W01,Completed
O005696,2025-06-06,Amazon,W01,Completed
O005697,2025-12-30,eBay,W02,Completed
O005698,2025-11-06,Walmart,W02,Completed
O005699,2025-12-02,Walmart,W01,Completed
O005700,2025-10-29,Amazon,W01,Completed
O005701,2025-03-30,Walmart,W03,Completed
O005702,2025-04-27,Amazon,W02,Completed
O005703,2025-02-09,Amazon,W02,Completed
O005704,2025-07-26,Amazon,W03,Completed
O005705,2025-01-19,Amazon,W02,Completed
O005706,2025-09-29,Amazon,W02,Completed
O005707,2025-11-27,Amazon,W03,Completed
O005708,2025-06-19,Walmart,W01,Completed
O005709,2025-01-16,Walmart,W03,Completed
O005710,2025-06-19,Amazon,W01,Completed
O005711,2025-09-20,Walmart,W02,Completed
O005712,2025-02-13,Amazon,W01,Completed
O005713,2025-06-29,Walmart,W01,Completed
O005714,2025-09-28,Amazon,W01,Completed
O005715,2025-09-13,eBay,W01,Completed
O005716,2025-12-13,Amazon,W03,Completed
O005717,2025-12-18,Walmart,W02,Completed
O005718,2025-07-23,eBay,W02,Completed
O005719,2025-12-30,Amazon,W03,Completed
O005720,2025-06-18,Walmart,W01,Completed
O005721,2025-07-21,Walmart,W02,Completed
O005722,2025-09-08,Walmart,W03,Completed
O005723,2025-12-23,eBay,W02,Completed
O005724,2025-03-31,Walmart,W01,Completed
O005725,2025-02-16,Amazon,W01,Completed
O005726,2025-05-25,Amazon,W02,Completed
O005727,2025-07-11,eBay,W01,Completed
O005728,2025-03-21,Walmart,W02,Completed
O005729,2025-10-28,Amazon,W02,Completed
O005730,2025-10-18,Amazon,W01,Completed
O005731,2025-11-28,Walmart,W01,Completed
O005732,2025-08-18,Amazon,W02,Completed
O005733,2025-11-24,eBay,W03,Completed
O005734,2025-09-09,Walmart,W01,Completed
O005735,2025-08-05,eBay,W01,Completed
O005736,2025-12-02,Amazon,W02,Completed
O005737,2025-03-30,Amazon,W01,Completed
O005738,2025-09-29,Amazon,W01,Completed
O005739,2025-09-10,Walmart,W03,Completed
O005740,2025-01-18,eBay,W01,Completed
O005741,2025-04-01,Walmart,W01,Completed
O005742,2025-11-14,Walmart,W01,Completed
O005743,2025-02-08,eBay,W02,Completed
O005744,2025-10-22,Amazon,W01,Completed
O005745,2025-01-18,Amazon,W01,Completed
O005746,2025-08-06,eBay,W01,Completed
O005747,2025-05-16,Walmart,W01,Cancelled
O005748,2025-07-31,Walmart,W03,Completed
O005749,2025-12-20,Amazon,W01,Completed
O005750,2025-06-25,Amazon,W01,Completed
O005751,2025-06-09,Amazon,W01,Completed
O005752,2025-01-13,Amazon,W03,Completed
O005753,2025-03-23,Amazon,W02,Completed
O005754,2025-09-08,Amazon,W01,Completed
O005755,2025-11-14,Amazon,W02,Completed
O005756,2025-07-11,Amazon,W02,Completed
O005757,2025-11-20,Walmart,W02,Completed
O005758,2025-04-01,eBay,W03,Completed
O005759,2025-02-19,Amazon,W01,Completed
O005760,2025-11-15,Walmart,W03,Completed
O005761,2025-12-08,Walmart,W01,Completed
O005762,2025-07-15,Amazon,W03,Completed
O005763,2025-06-18,Walmart,W02,Completed
O005764,2025-09-08,eBay,W02,Completed
O005765,2025-04-30,Amazon,W01,Completed
O005766,2025-08-13,eBay,W02,Completed
O005767,2025-12-23,Walmart,W03,Completed
O005768,2025-12-02,Amazon,W02,Completed
O005769,2025-12-12,Amazon,W02,Completed
O005770,2025-01-29,Walmart,W01,Completed
O005771,2025-02-02,Walmart,W01,Completed
O005772,2025-04-30,Amazon,W01,Completed
O005773,2025-10-23,Amazon,W01,Completed
O005774,2025-05-04,Amazon,W02,Completed
O005775,2025-08-07,Amazon,W01,Cancelled
O005776,2025-12-21,Amazon,W03,Completed
O005777,2025-04-05,Amazon,W03,Completed
O005778,2025-11-01,Amazon,W02,Completed
O005779,2025-07-08,eBay,W01,Completed
O005780,2025-12-25,Amazon,W02,Completed
O005781,2025-06-06,eBay,W01,Completed
O005782,2025-10-13,eBay,W01,Completed
O005783,2025-12-15,Amazon,W03,Completed
O005784,2025-09-26,Amazon,W02,Completed
O005785,2025-04-13,Walmart,W01,Completed
O005786,2025-10-13,Walmart,W01,Completed
O005787,2025-08-18,Amazon,W01,Completed
O005788,2025-12-15,Walmart,W02,Completed
O005789,2025-01-09,Amazon,W01,Completed
O005790,2025-10-29,Amazon,W02,Completed
O005791,2025-08-27,eBay,W03,Completed
O005792,2025-12-26,Amazon,W02,Completed
O005793,2025-12-24,eBay,W01,Completed
O005794,2025-02-25,Amazon,W03,Completed
O005795,2025-04-18,Amazon,W01,Completed
O005796,2025-09-01,Amazon,W02,Completed
O005797,2025-01-17,Amazon,W02,Completed
O005798,2025-02-17,Amazon,W03,Completed
O005799,2025-01-18,Walmart,W03,Completed
O005800,2025-06-30,Walmart,W03,Completed
O005801,2025-10-07,eBay,W02,Completed
O005802,2025-02-11,Amazon,W03,Completed
O005803,2025-05-13,Walmart,W01,Completed
O005804,2025-05-04,Amazon,W02,Completed
O005805,2025-09-13,Walmart,W02,Completed
O005806,2025-07-26,Walmart,W02,Completed
O005807,2025-08-20,Amazon,W02,Completed
O005808,2025-07-30,Walmart,W03,Completed
O005809,2025-01-19,Amazon,W03,Completed
O005810,2025-05-14,Walmart,W03,Completed
O005811,2025-03-26,Walmart,W01,Completed
O005812,2025-03-22,Walmart,W03,Completed
O005813,2025-10-01,Walmart,W02,Completed
O005814,2025-10-08,Amazon,W03,Completed
O005815,2025-05-18,Walmart,W02,Completed
O005816,2025-04-30,Walmart,W02,Completed
O005817,2025-07-17,Amazon,W03,Completed
O005818,2025-01-04,Amazon,W02,Completed
O005819,2025-05-15,Amazon,W02,Completed
O005820,2025-02-11,Amazon,W03,Completed
O005821,2025-10-25,eBay,W02,Completed
O005822,2025-01-22,Amazon,W02,Completed
O005823,2025-09-15,Amazon,W02,Completed
O005824,2025-06-16,eBay,W01,Cancelled
O005825,2025-06-16,Walmart,W01,Completed
O005826,2025-06-28,Amazon,W01,Completed
O005827,2025-10-10,eBay,W01,Completed
O005828,2025-03-26,Amazon,W02,Completed
O005829,2025-09-25,Amazon,W01,Completed
O005830,2025-03-23,Amazon,W03,Completed
O005831,2025-03-13,eBay,W01,Completed
O005832,2025-03-02,eBay,W02,Completed
O005833,2025-06-05,eBay,W02,Completed
O005834,2025-08-07,Walmart,W03,Completed
O005835,2025-12-17,Walmart,W03,Completed
O005836,2025-10-26,Walmart,W03,Completed
O005837,2025-11-20,Amazon,W01,Completed
O005838,2025-11-29,Amazon,W01,Completed
O005839,2025-05-06,eBay,W02,Completed
O005840,2025-05-15,Amazon,W01,Completed
O005841,2025-08-02,Amazon,W02,Completed
O005842,2025-06-08,eBay,W03,Completed
O005843,2025-01-17,Walmart,W02,Completed
O005844,2025-11-30,Walmart,W02,Completed
O005845,2025-10-07,eBay,W02,Completed
O005846,2025-10-15,Amazon,W03,Completed
O005847,2025-03-13,Amazon,W01,Completed
O005848,2025-12-06,Amazon,W03,Cancelled
O005849,2025-05-14,Amazon,W01,Completed
O005850,2025-03-17,Amazon,W01,Completed
O005851,2025-09-18,Walmart,W03,Completed
O005852,2025-04-26,Walmart,W01,Completed
O005853,2025-03-26,Walmart,W03,Completed
O005854,2025-02-18,Amazon,W02,Completed
O005855,2025-01-03,eBay,W02,Completed
O005856,2025-06-28,Amazon,W03,Completed
O005857,2025-01-21,Amazon,W01,Completed
O005858,2025-09-25,Walmart,W03,Completed
O005859,2025-01-08,eBay,W01,Cancelled
O005860,2025-05-13,Walmart,W01,Completed
O005861,2025-08-11,Amazon,W03,Completed
O005862,2025-08-27,Amazon,W01,Completed
O005863,2025-12-09,eBay,W02,Completed
O005864,2025-10-02,Walmart,W03,Completed
O005865,2025-06-02,Amazon,W01,Completed
O005866,2025-07-16,Amazon,W01,Completed
O005867,2025-03-22,eBay,W03,Completed
O005868,2025-10-08,eBay,W02,Completed
O005869,2025-06-29,Amazon,W02,Completed
O005870,2025-04-07,Walmart,W03,Completed
O005871,2025-05-27,Amazon,W02,Completed
O005872,2025-02-15,Walmart,W02,Completed
O005873,2025-08-23,Amazon,W03,Completed
O005874,2025-09-11,Amazon,W01,Completed
O005875,2025-11-08,Amazon,W01,Completed
O005876,2025-02-04,Amazon,W01,Completed
O005877,2025-10-20,eBay,W02,Completed
O005878,2025-07-01,Amazon,W03,Completed
O005879,2025-05-15,Amazon,W02,Completed
O005880,2025-09-08,Walmart,W01,Completed
O005881,2025-06-23,Amazon,W01,Completed
O005882,2025-03-08,Walmart,W03,Completed
O005883,2025-02-20,Walmart,W03,Completed
O005884,2025-12-29,Amazon,W01,Completed
O005885,2025-09-05,eBay,W02,Completed
O005886,2025-11-13,Walmart,W02,Completed
O005887,2025-07-19,Amazon,W02,Completed
O005888,2025-12-30,eBay,W02,Completed
O005889,2025-03-25,eBay,W01,Completed
O005890,2025-06-21,eBay,W02,Completed
O005891,2025-07-24,Amazon,W03,Completed
O005892,2025-04-30,Walmart,W01,Completed
O005893,2025-02-21,Walmart,W03,Completed
O005894,2025-02-14,Walmart,W02,Completed
O005895,2025-02-24,Amazon,W02,Completed
O005896,2025-09-23,Amazon,W02,Completed
O005897,2025-02-21,Walmart,W01,Completed
O005898,2025-05-10,Amazon,W02,Completed
O005899,2025-08-12,Walmart,W01,Completed
O005900,2025-09-21,Amazon,W01,Completed
O005901,2025-04-27,Amazon,W01,Completed
O005902,2025-09-24,Amazon,W02,Completed
O005903,2025-11-14,Walmart,W01,Cancelled
O005904,2025-09-24,eBay,W01,Completed
O005905,2025-06-12,eBay,W03,Cancelled
O005906,2025-07-06,Amazon,W02,Completed
O005907,2025-07-07,Amazon,W01,Completed
O005908,2025-11-24,Amazon,W03,Completed
O005909,2025-03-13,eBay,W03,Completed
O005910,2025-07-09,Amazon,W01,Completed
O005911,2025-06-17,Amazon,W01,Completed
O005912,2025-06-16,Walmart,W01,Completed
O005913,2025-06-02,Amazon,W03,Completed
O005914,2025-12-04,Walmart,W01,Completed
O005915,2025-10-20,Amazon,W01,Completed
O005916,2025-04-09,eBay,W03,Completed
O005917,2025-09-13,Amazon,W01,Completed
O005918,2025-10-08,eBay,W02,Completed
O005919,2025-08-22,Amazon,W01,Completed
O005920,2025-08-27,Walmart,W02,Completed
O005921,2025-03-30,eBay,W03,Completed
O005922,2025-04-13,eBay,W01,Completed
O005923,2025-02-21,Walmart,W01,Completed
O005924,2025-06-24,Walmart,W02,Completed
O005925,2025-02-25,Amazon,W02,Completed
O005926,2025-05-07,Walmart,W01,Completed
O005927,2025-01-29,Amazon,W03,Completed
O005928,2025-12-04,Amazon,W03,Completed
O005929,2025-09-22,Amazon,W01,Completed
O005930,2025-03-10,Amazon,W01,Completed
O005931,2025-05-08,Walmart,W02,Completed
O005932,2025-12-08,Amazon,W03,Completed
O005933,2025-03-27,eBay,W02,Cancelled
O005934,2025-03-28,eBay,W01,Completed
O005935,2025-01-26,eBay,W03,Completed
O005936,2025-07-30,Amazon,W01,Completed
O005937,2025-07-21,eBay,W03,Completed
O005938,2025-06-12,Amazon,W03,Completed
O005939,2025-03-15,Amazon,W01,Completed
O005940,2025-11-03,Amazon,W01,Cancelled
O005941,2025-01-31,Walmart,W01,Completed
O005942,2025-02-19,Walmart,W01,Completed
O005943,2025-01-09,eBay,W02,Completed
O005944,2025-10-09,Walmart,W03,Completed
O005945,2025-10-23,eBay,W02,Completed
O005946,2025-04-01,Amazon,W01,Completed
O005947,2025-10-04,Amazon,W03,Completed
O005948,2025-10-11,Amazon,W01,Completed
O005949,2025-02-28,Amazon,W03,Completed
O005950,2025-11-23,Walmart,W02,Completed
O005951,2025-10-06,Walmart,W02,Completed
O005952,2025-11-25,eBay,W02,Completed
O005953,2025-08-28,Amazon,W03,Completed
O005954,2025-03-20,eBay,W03,Cancelled
O005955,2025-02-04,Amazon,W03,Completed
O005956,2025-10-21,eBay,W02,Cancelled
O005957,2025-02-09,eBay,W03,Completed
O005958,2025-10-26,Walmart,W01,Completed
O005959,2025-02-03,Amazon,W02,Completed
O005960,2025-08-29,Walmart,W03,Cancelled
O005961,2025-08-10,Walmart,W03,Completed
O005962,2025-06-08,Walmart,W02,Completed
O005963,2025-12-16,Walmart,W01,Completed
O005964,2025-08-08,eBay,W01,Completed
O005965,2025-12-09,eBay,W02,Completed
O005966,2025-05-24,eBay,W02,Cancelled
O005967,2025-09-30,Walmart,W02,Completed
O005968,2025-12-01,Amazon,W02,Completed
O005969,2025-06-11,Amazon,W02,Completed
O005970,2025-12-21,eBay,W03,Completed
O005971,2025-03-28,Walmart,W01,Completed
O005972,2025-04-17,Walmart,W02,Completed
O005973,2025-08-22,Walmart,W01,Completed
O005974,2025-12-20,Amazon,W01,Completed
O005975,2025-06-28,Amazon,W01,Cancelled
O005976,2025-03-27,eBay,W01,Completed
O005977,2025-10-13,eBay,W01,Completed
O005978,2025-12-11,Walmart,W03,Completed
O005979,2025-01-23,eBay,W02,Completed
O005980,2025-03-01,Amazon,W02,Completed
O005981,2025-11-06,eBay,W01,Completed
O005982,2025-07-04,Walmart,W02,Completed
O005983,2025-02-10,Amazon,W02,Completed
O005984,2025-12-16,Amazon,W01,Completed
O005985,2025-06-02,Amazon,W03,Completed
O005986,2025-08-09,Amazon,W02,Completed
O005987,2025-03-20,eBay,W01,Completed
O005988,2025-01-06,Amazon,W03,Completed
O005989,2025-07-03,eBay,W02,Completed
O005990,2025-10-12,eBay,W03,Completed
O005991,2025-10-15,Amazon,W03,Completed
O005992,2025-10-31,Walmart,W03,Completed
O005993,2025-05-18,Walmart,W02,Completed
O005994,2025-12-03,eBay,W02,Completed
O005995,2025-04-13,Amazon,W01,Completed
O005996,2025-05-31,Walmart,W01,Completed
O005997,2025-05-04,Amazon,W02,Completed
O005998,2025-01-24,eBay,W02,Completed
O005999,2025-01-19,Amazon,W02,Cancelled
O006000,2025-07-17,Walmart,W03,Completed
O006001,2025-08-25,Amazon,W01,Completed
O006002,2025-03-22,Walmart,W03,Completed
O006003,2025-05-06,Amazon,W02,Completed
O006004,2025-01-07,Walmart,W01,Completed
O006005,2025-08-23,eBay,W02,Cancelled
O006006,2025-10-16,Walmart,W02,Completed
O006007,2025-02-24,Amazon,W01,Completed
O006008,2025-12-28,Amazon,W02,Completed
O006009,2025-10-03,Amazon,W03,Completed
O006010,2025-12-02,Walmart,W02,Completed
O006011,2025-02-12,Walmart,W03,Completed
O006012,2025-08-18,Amazon,W03,Completed
O006013,2025-03-23,Walmart,W01,Completed
O006014,2025-06-10,Walmart,W02,Completed
O006015,2025-05-08,Amazon,W01,Cancelled
O006016,2025-11-03,Walmart,W01,Completed
O006017,2025-12-21,eBay,W03,Completed
O006018,2025-03-21,Walmart,W01,Completed
O006019,2025-11-18,eBay,W03,Completed
O006020,2025-01-19,eBay,W02,Completed
O006021,2025-08-23,Amazon,W03,Completed
O006022,2025-10-22,Walmart,W02,Completed
O006023,2025-12-13,Amazon,W02,Completed
O006024,2025-03-26,Walmart,W01,Completed
O006025,2025-06-13,Walmart,W02,Completed
O006026,2025-11-19,Walmart,W02,Completed
O006027,2025-12-14,Walmart,W03,Completed
O006028,2025-02-08,Amazon,W01,Completed
O006029,2025-01-23,Amazon,W01,Completed
O006030,2025-11-01,Amazon,W02,Completed
O006031,2025-05-06,Walmart,W01,Completed
O006032,2025-11-04,Amazon,W01,Completed
O006033,2025-07-25,eBay,W02,Completed
O006034,2025-11-23,Amazon,W01,Completed
O006035,2025-07-05,Walmart,W01,Completed
O006036,2025-04-07,eBay,W01,Completed
O006037,2025-09-14,Amazon,W03,Completed
O006038,2025-09-17,Walmart,W02,Completed
O006039,2025-08-10,eBay,W01,Completed
O006040,2025-03-17,Amazon,W02,Completed
O006041,2025-02-22,Walmart,W01,Completed
O006042,2025-06-17,Amazon,W03,Completed
O006043,2025-07-08,Walmart,W03,Completed
O006044,2025-10-11,Amazon,W02,Completed
O006045,2025-10-18,Amazon,W02,Completed
O006046,2025-08-05,Walmart,W01,Completed
O006047,2025-02-28,Amazon,W02,Completed
O006048,2025-11-25,Walmart,W03,Completed
O006049,2025-03-14,Amazon,W01,Completed
O006050,2025-05-23,Amazon,W01,Completed
O006051,2025-09-12,Amazon,W01,Completed
O006052,2025-02-11,Amazon,W03,Completed
O006053,2025-07-29,Amazon,W01,Completed
O006054,2025-07-12,Amazon,W01,Completed
O006055,2025-04-01,Walmart,W02,Completed
O006056,2025-12-29,Walmart,W01,Completed
O006057,2025-07-12,Amazon,W02,Cancelled
O006058,2025-01-23,Walmart,W01,Completed
O006059,2025-02-02,eBay,W01,Completed
O006060,2025-04-30,Amazon,W03,Completed
O006061,2025-03-01,Amazon,W01,Completed
O006062,2025-03-12,Walmart,W03,Cancelled
O006063,2025-11-22,eBay,W01,Completed
O006064,2025-04-19,eBay,W03,Completed
O006065,2025-03-03,Amazon,W01,Completed
O006066,2025-10-22,Walmart,W02,Completed
O006067,2025-02-13,Walmart,W01,Completed
O006068,2025-10-19,Walmart,W03,Completed
O006069,2025-06-16,Amazon,W01,Completed
O006070,2025-10-18,eBay,W02,Completed
O006071,2025-01-20,eBay,W01,Completed
O006072,2025-12-26,Amazon,W03,Completed
O006073,2025-09-11,Amazon,W03,Completed
O006074,2025-09-06,Walmart,W03,Cancelled
O006075,2025-09-25,Amazon,W01,Completed
O006076,2025-05-28,eBay,W01,Completed
O006077,2025-10-25,Walmart,W02,Completed
O006078,2025-12-31,eBay,W02,Completed
O006079,2025-12-27,Amazon,W01,Completed
O006080,2025-11-22,Amazon,W02,Completed
O006081,2025-09-17,Amazon,W03,Completed
O006082,2025-09-20,eBay,W03,Completed
O006083,2025-12-07,eBay,W02,Completed
O006084,2025-08-03,Amazon,W03,Completed
O006085,2025-08-30,Walmart,W02,Completed
O006086,2025-04-19,Walmart,W02,Completed
O006087,2025-12-03,Amazon,W03,Completed
O006088,2025-10-05,Amazon,W01,Completed
O006089,2025-06-30,Walmart,W01,Completed
O006090,2025-02-25,Amazon,W03,Completed
O006091,2025-08-18,Walmart,W03,Completed
O006092,2025-09-03,Walmart,W01,Completed
O006093,2025-01-12,eBay,W01,Completed
O006094,2025-05-08,Walmart,W01,Completed
O006095,2025-02-07,eBay,W02,Completed
O006096,2025-09-07,eBay,W01,Completed
O006097,2025-11-03,eBay,W03,Completed
O006098,2025-08-15,eBay,W03,Completed
O006099,2025-04-24,Amazon,W01,Completed
O006100,2025-02-19,Walmart,W02,Completed
O006101,2025-11-17,eBay,W03,Completed
O006102,2025-10-10,Amazon,W03,Completed
O006103,2025-02-14,eBay,W02,Completed
O006104,2025-05-04,eBay,W03,Completed
O006105,2025-10-27,Walmart,W01,Cancelled
O006106,2025-09-03,Amazon,W03,Completed
O006107,2025-08-14,Walmart,W01,Completed
O006108,2025-09-25,Amazon,W01,Completed
O006109,2025-11-27,Amazon,W01,Completed
O006110,2025-10-12,Walmart,W02,Completed
O006111,2025-01-27,Walmart,W02,Completed
O006112,2025-10-22,Walmart,W03,Completed
O006113,2025-11-28,Amazon,W01,Completed
O006114,2025-11-23,Walmart,W02,Completed
O006115,2025-11-15,Amazon,W01,Completed
O006116,2025-06-08,Amazon,W01,Completed
O006117,2025-08-01,Amazon,W03,Completed
O006118,2025-05-02,Walmart,W01,Completed
O006119,2025-12-05,Walmart,W02,Completed
O006120,2025-08-12,Walmart,W03,Completed
O006121,2025-10-28,Amazon,W02,Completed
O006122,2025-02-18,Amazon,W02,Completed
O006123,2025-03-20,Amazon,W03,Cancelled
O006124,2025-11-11,Amazon,W01,Completed
O006125,2025-04-26,eBay,W02,Completed
O006126,2025-07-05,Amazon,W03,Completed
O006127,2025-06-11,Walmart,W01,Completed
O006128,2025-10-28,Amazon,W02,Completed
O006129,2025-04-15,Amazon,W03,Completed
O006130,2025-06-16,eBay,W03,Completed
O006131,2025-01-16,Walmart,W02,Cancelled
O006132,2025-09-30,Amazon,W03,Completed
O006133,2025-10-15,Walmart,W02,Completed
O006134,2025-09-15,Amazon,W03,Completed
O006135,2025-03-13,Amazon,W01,Completed
O006136,2025-05-08,Walmart,W01,Completed
O006137,2025-07-22,Amazon,W02,Completed
O006138,2025-08-26,eBay,W02,Cancelled
O006139,2025-10-05,Amazon,W01,Completed
O006140,2025-05-14,Amazon,W01,Completed
O006141,2025-07-13,Amazon,W01,Completed
O006142,2025-03-31,Amazon,W01,Completed
O006143,2025-06-05,eBay,W01,Completed
O006144,2025-01-29,Amazon,W02,Completed
O006145,2025-01-11,Amazon,W01,Completed
O006146,2025-04-22,Amazon,W02,Completed
O006147,2025-05-11,eBay,W02,Completed
O006148,2025-08-21,Amazon,W01,Completed
O006149,2025-11-29,Amazon,W02,Completed
O006150,2025-01-30,Walmart,W02,Completed
O006151,2025-02-19,Amazon,W02,Completed
O006152,2025-10-08,Walmart,W02,Completed
O006153,2025-11-28,Amazon,W01,Completed
O006154,2025-03-27,Amazon,W02,Completed
O006155,2025-11-03,eBay,W02,Completed
O006156,2025-01-27,Amazon,W03,Completed
O006157,2025-04-27,Amazon,W01,Completed
O006158,2025-09-11,Walmart,W03,Completed
O006159,2025-06-25,Amazon,W01,Cancelled
O006160,2025-02-15,eBay,W01,Completed
O006161,2025-07-11,Amazon,W03,Completed
O006162,2025-11-16,Walmart,W03,Completed
O006163,2025-01-29,Amazon,W02,Completed
O006164,2025-11-21,eBay,W01,Completed
O006165,2025-03-24,Walmart,W02,Completed
O006166,2025-09-18,Amazon,W03,Completed
O006167,2025-05-10,eBay,W02,Completed
O006168,2025-05-17,Walmart,W01,Completed
O006169,2025-02-25,Amazon,W03,Cancelled
O006170,2025-03-31,eBay,W01,Completed
O006171,2025-09-28,Amazon,W02,Completed
O006172,2025-09-10,eBay,W03,Completed
O006173,2025-08-15,Walmart,W01,Completed
O006174,2025-09-04,Walmart,W01,Completed
O006175,2025-10-23,Amazon,W01,Completed
O006176,2025-05-30,Amazon,W03,Completed
O006177,2025-12-14,Amazon,W01,Completed
O006178,2025-03-14,Walmart,W01,Completed
O006179,2025-04-09,eBay,W01,Completed
O006180,2025-10-08,Walmart,W01,Completed
O006181,2025-05-12,Amazon,W01,Completed
O006182,2025-07-20,eBay,W03,Completed
O006183,2025-11-09,Amazon,W01,Completed
O006184,2025-05-23,Walmart,W01,Completed
O006185,2025-03-14,eBay,W01,Completed
O006186,2025-03-03,eBay,W01,Completed
O006187,2025-11-04,Walmart,W01,Completed
O006188,2025-03-18,Walmart,W02,Completed
O006189,2025-08-02,Amazon,W02,Completed
O006190,2025-03-27,eBay,W01,Completed
O006191,2025-10-04,Walmart,W02,Completed
O006192,2025-02-06,Amazon,W01,Completed
O006193,2025-12-26,eBay,W01,Completed
O006194,2025-12-02,eBay,W02,Completed
O006195,2025-07-08,Walmart,W01,Completed
O006196,2025-06-27,Walmart,W02,Completed
O006197,2025-09-10,Amazon,W01,Completed
O006198,2025-08-29,eBay,W01,Completed
O006199,2025-04-14,Amazon,W02,Cancelled
O006200,2025-02-25,Amazon,W03,Completed
O006201,2025-04-02,Walmart,W03,Completed
O006202,2025-10-14,Amazon,W01,Completed
O006203,2025-09-16,Walmart,W02,Completed
O006204,2025-07-24,eBay,W03,Completed
O006205,2025-09-05,Amazon,W01,Completed
O006206,2025-03-29,eBay,W01,Completed
O006207,2025-01-07,Amazon,W03,Completed
O006208,2025-03-24,Amazon,W02,Completed
O006209,2025-07-17,Amazon,W03,Completed
O006210,2025-06-27,Walmart,W02,Completed
O006211,2025-12-09,eBay,W03,Completed
O006212,2025-06-23,Walmart,W02,Completed
O006213,2025-03-27,eBay,W03,Completed
O006214,2025-08-16,Walmart,W03,Completed
O006215,2025-10-25,Amazon,W01,Completed
O006216,2025-03-16,Walmart,W03,Completed
O006217,2025-07-11,eBay,W03,Completed
O006218,2025-12-05,Walmart,W02,Completed
O006219,2025-09-14,Amazon,W01,Completed
O006220,2025-09-25,Walmart,W02,Completed
O006221,2025-05-17,eBay,W02,Completed
O006222,2025-01-03,eBay,W01,Completed
O006223,2025-06-05,Walmart,W03,Completed
O006224,2025-04-23,eBay,W03,Completed
O006225,2025-03-07,eBay,W02,Completed
O006226,2025-03-19,eBay,W02,Completed
O006227,2025-05-03,eBay,W03,Completed
O006228,2025-03-08,eBay,W03,Completed
O006229,2025-05-26,eBay,W02,Completed
O006230,2025-11-19,Walmart,W01,Completed
O006231,2025-05-18,Amazon,W02,Completed
O006232,2025-10-16,Walmart,W02,Completed
O006233,2025-05-04,Walmart,W01,Completed
O006234,2025-06-06,Amazon,W01,Cancelled
O006235,2025-05-18,Amazon,W01,Completed
O006236,2025-05-12,Walmart,W01,Completed
O006237,2025-12-22,Walmart,W02,Completed
O006238,2025-08-21,Amazon,W01,Completed
O006239,2025-07-01,Amazon,W02,Completed
O006240,2025-11-01,Walmart,W01,Completed
O006241,2025-02-22,Walmart,W01,Completed
O006242,2025-05-24,Amazon,W01,Completed
O006243,2025-07-29,Amazon,W03,Completed
O006244,2025-12-29,Amazon,W02,Completed
O006245,2025-04-08,Walmart,W01,Completed
O006246,2025-11-10,Walmart,W02,Completed
O006247,2025-09-16,Walmart,W01,Completed
O006248,2025-10-17,Amazon,W01,Completed
O006249,2025-10-19,Walmart,W02,Completed
O006250,2025-03-02,Amazon,W03,Completed
O006251,2025-03-09,Walmart,W03,Completed
O006252,2025-07-02,Walmart,W02,Completed
O006253,2025-05-06,eBay,W03,Completed
O006254,2025-02-05,Amazon,W02,Completed
O006255,2025-11-19,Walmart,W01,Completed
O006256,2025-05-08,Amazon,W03,Completed
O006257,2025-02-23,Amazon,W03,Completed
O006258,2025-03-30,Walmart,W03,Completed
O006259,2025-06-02,eBay,W01,Completed
O006260,2025-06-19,Amazon,W01,Completed
O006261,2025-04-25,Amazon,W02,Completed
O006262,2025-11-25,eBay,W03,Completed
O006263,2025-02-13,Amazon,W02,Completed
O006264,2025-01-24,eBay,W01,Completed
O006265,2025-05-17,Amazon,W02,Completed
O006266,2025-11-19,Amazon,W02,Completed
O006267,2025-06-05,Amazon,W01,Completed
O006268,2025-09-27,Walmart,W01,Completed
O006269,2025-10-23,Amazon,W03,Completed
O006270,2025-01-18,Amazon,W03,Completed
O006271,2025-06-13,Amazon,W02,Completed
O006272,2025-08-11,Walmart,W02,Completed
O006273,2025-09-20,Amazon,W02,Completed
O006274,2025-06-19,Walmart,W02,Cancelled
O006275,2025-12-27,Walmart,W02,Completed
O006276,2025-07-03,eBay,W01,Completed
O006277,2025-01-15,Walmart,W03,Completed
O006278,2025-02-11,Walmart,W01,Completed
O006279,2025-04-17,eBay,W03,Completed
O006280,2025-04-30,Walmart,W01,Completed
O006281,2025-03-26,Amazon,W03,Completed
O006282,2025-07-22,Amazon,W03,Completed
O006283,2025-03-23,eBay,W02,Completed
O006284,2025-07-12,Amazon,W01,Completed
O006285,2025-05-31,eBay,W01,Completed
O006286,2025-03-18,Amazon,W02,Completed
O006287,2025-10-07,Walmart,W03,Completed
O006288,2025-11-25,Amazon,W03,Completed
O006289,2025-12-12,Amazon,W01,Cancelled
O006290,2025-02-10,Amazon,W03,Completed
O006291,2025-10-12,eBay,W01,Completed
O006292,2025-11-19,Amazon,W01,Completed
O006293,2025-11-06,Amazon,W01,Completed
O006294,2025-05-11,eBay,W02,Completed
O006295,2025-12-04,Walmart,W02,Completed
O006296,2025-04-02,Amazon,W02,Completed
O006297,2025-04-18,Amazon,W03,Cancelled
O006298,2025-01-15,Amazon,W03,Completed
O006299,2025-05-01,Amazon,W03,Completed
O006300,2025-02-03,eBay,W02,Completed
O006301,2025-09-08,Walmart,W02,Completed
O006302,2025-08-30,eBay,W02,Completed
O006303,2025-06-07,eBay,W01,Completed
O006304,2025-01-31,Amazon,W02,Completed
O006305,2025-07-29,eBay,W02,Completed
O006306,2025-12-03,Amazon,W02,Completed
O006307,2025-07-10,Amazon,W01,Completed
O006308,2025-04-08,Amazon,W01,Completed
O006309,2025-03-01,eBay,W01,Completed
O006310,2025-07-16,Walmart,W01,Completed
O006311,2025-05-13,eBay,W02,Completed
O006312,2025-08-09,Amazon,W03,Completed
O006313,2025-05-19,Amazon,W01,Completed
O006314,2025-01-16,Walmart,W02,Completed
O006315,2025-04-26,Walmart,W01,Completed
O006316,2025-03-15,Amazon,W02,Cancelled
O006317,2025-01-04,Amazon,W01,Completed
O006318,2025-11-24,Amazon,W03,Completed
O006319,2025-07-02,Walmart,W03,Completed
O006320,2025-07-16,eBay,W01,Completed
O006321,2025-04-24,Amazon,W02,Completed
O006322,2025-10-16,Walmart,W01,Completed
O006323,2025-07-11,Amazon,W03,Completed
O006324,2025-05-07,Walmart,W01,Completed
O006325,2025-05-29,eBay,W01,Completed
O006326,2025-07-31,Amazon,W01,Completed
O006327,2025-05-01,Walmart,W01,Completed
O006328,2025-02-15,Walmart,W01,Completed
O006329,2025-02-16,eBay,W02,Completed
O006330,2025-09-06,Amazon,W03,Completed
O006331,2025-04-30,Walmart,W01,Completed
O006332,2025-07-05,Walmart,W01,Completed
O006333,2025-01-07,Walmart,W01,Completed
O006334,2025-03-20,eBay,W02,Completed
O006335,2025-05-03,Amazon,W01,Completed
O006336,2025-02-28,eBay,W03,Completed
O006337,2025-09-18,Amazon,W01,Completed
O006338,2025-11-22,eBay,W01,Completed
O006339,2025-10-17,Amazon,W01,Cancelled
O006340,2025-03-06,Walmart,W01,Completed
O006341,2025-10-03,Walmart,W03,Completed
O006342,2025-09-03,Walmart,W01,Completed
O006343,2025-11-12,Amazon,W03,Completed
O006344,2025-07-13,Amazon,W02,Completed
O006345,2025-04-07,Amazon,W02,Completed
O006346,2025-06-05,Walmart,W01,Cancelled
O006347,2025-05-13,Walmart,W01,Completed
O006348,2025-06-08,Walmart,W03,Completed
O006349,2025-04-18,Amazon,W01,Completed
O006350,2025-07-01,Amazon,W02,Completed
O006351,2025-10-06,Walmart,W01,Completed
O006352,2025-11-28,Amazon,W01,Completed
O006353,2025-02-10,Amazon,W02,Completed
O006354,2025-03-04,Amazon,W02,Completed
O006355,2025-10-31,Amazon,W03,Completed
O006356,2025-02-05,Walmart,W03,Completed
O006357,2025-06-29,Walmart,W01,Completed
O006358,2025-05-10,eBay,W02,Cancelled
O006359,2025-09-29,Walmart,W01,Completed
O006360,2025-07-07,Amazon,W02,Completed
O006361,2025-11-10,Walmart,W01,Completed
O006362,2025-10-18,eBay,W03,Completed
O006363,2025-08-29,eBay,W01,Completed
O006364,2025-08-08,eBay,W01,Completed
O006365,2025-04-13,Walmart,W01,Completed
O006366,2025-09-21,eBay,W03,Completed
O006367,2025-10-17,Walmart,W03,Completed
O006368,2025-05-20,Amazon,W01,Completed
O006369,2025-05-19,Walmart,W01,Completed
O006370,2025-12-28,Walmart,W01,Completed
O006371,2025-12-03,Walmart,W03,Completed
O006372,2025-10-12,Amazon,W01,Cancelled
O006373,2025-01-08,Amazon,W01,Completed
O006374,2025-03-06,eBay,W01,Completed
O006375,2025-05-05,Amazon,W03,Completed
O006376,2025-03-14,eBay,W01,Completed
O006377,2025-12-04,Amazon,W02,Completed
O006378,2025-02-20,Walmart,W03,Completed
O006379,2025-04-28,Amazon,W02,Completed
O006380,2025-11-23,eBay,W01,Completed
O006381,2025-08-24,Amazon,W02,Completed
O006382,2025-02-25,Amazon,W02,Completed
O006383,2025-07-03,Amazon,W02,Completed
O006384,2025-01-07,Amazon,W03,Completed
O006385,2025-10-24,Amazon,W03,Completed
O006386,2025-06-17,Walmart,W03,Completed
O006387,2025-11-11,eBay,W02,Completed
O006388,2025-07-08,eBay,W02,Completed
O006389,2025-08-30,Walmart,W02,Completed
O006390,2025-09-13,eBay,W01,Completed
O006391,2025-04-25,Amazon,W02,Completed
O006392,2025-07-10,Amazon,W01,Completed
O006393,2025-01-22,Amazon,W02,Completed
O006394,2025-06-05,Walmart,W01,Completed
O006395,2025-08-06,Amazon,W01,Completed
O006396,2025-04-27,Amazon,W02,Completed
O006397,2025-11-29,eBay,W02,Completed
O006398,2025-10-18,Amazon,W01,Completed
O006399,2025-12-13,eBay,W03,Completed
O006400,2025-04-14,Amazon,W01,Completed
O006401,2025-12-19,Walmart,W02,Completed
O006402,2025-10-24,Amazon,W02,Completed
O006403,2025-08-20,Walmart,W02,Completed
O006404,2025-06-16,Amazon,W01,Completed
O006405,2025-08-25,eBay,W03,Completed
O006406,2025-08-01,eBay,W02,Completed
O006407,2025-07-21,Amazon,W03,Completed
O006408,2025-10-22,Amazon,W03,Completed
O006409,2025-09-24,Amazon,W03,Completed
O006410,2025-01-23,Walmart,W03,Completed
O006411,2025-08-25,Amazon,W02,Completed
O006412,2025-11-24,Amazon,W03,Completed
O006413,2025-10-15,Amazon,W03,Completed
O006414,2025-02-01,eBay,W01,Cancelled
O006415,2025-07-04,Amazon,W01,Completed
O006416,2025-02-02,eBay,W03,Completed
O006417,2025-04-14,eBay,W02,Completed
O006418,2025-04-16,Walmart,W01,Completed
O006419,2025-12-26,Amazon,W03,Completed
O006420,2025-07-02,eBay,W01,Completed
O006421,2025-03-31,Amazon,W01,Completed
O006422,2025-07-12,Walmart,W02,Completed
O006423,2025-06-17,Amazon,W01,Completed
O006424,2025-05-10,Amazon,W01,Completed
O006425,2025-02-02,Amazon,W01,Completed
O006426,2025-02-18,Walmart,W02,Completed
O006427,2025-03-22,Walmart,W02,Completed
O006428,2025-10-22,Walmart,W03,Completed
O006429,2025-05-21,Walmart,W02,Completed
O006430,2025-06-01,Walmart,W01,Completed
O006431,2025-07-27,Amazon,W01,Completed
O006432,2025-08-02,eBay,W03,Completed
O006433,2025-12-10,eBay,W01,Cancelled
O006434,2025-12-30,Walmart,W01,Completed
O006435,2025-01-01,Walmart,W03,Completed
O006436,2025-03-25,Amazon,W03,Completed
O006437,2025-08-23,Amazon,W03,Completed
O006438,2025-11-28,Amazon,W03,Completed
O006439,2025-08-11,Walmart,W01,Completed
O006440,2025-10-18,Amazon,W01,Completed
O006441,2025-04-06,eBay,W01,Completed
O006442,2025-02-25,Walmart,W01,Completed
O006443,2025-07-13,Amazon,W01,Completed
O006444,2025-07-23,Amazon,W03,Completed
O006445,2025-12-08,Amazon,W03,Completed
O006446,2025-10-18,Amazon,W01,Completed
O006447,2025-10-24,Amazon,W01,Completed
O006448,2025-07-23,Amazon,W01,Completed
O006449,2025-02-06,Amazon,W03,Completed
O006450,2025-08-23,Walmart,W02,Completed
O006451,2025-07-28,eBay,W01,Completed
O006452,2025-04-05,eBay,W01,Completed
O006453,2025-02-12,Walmart,W01,Completed
O006454,2025-05-20,eBay,W03,Completed
O006455,2025-09-05,eBay,W01,Completed
O006456,2025-03-14,Walmart,W02,Completed
O006457,2025-05-05,Amazon,W01,Completed
O006458,2025-11-28,Walmart,W01,Completed
O006459,2025-11-09,eBay,W01,Completed
O006460,2025-06-01,Walmart,W02,Completed
O006461,2025-11-14,Walmart,W03,Completed
O006462,2025-12-18,Amazon,W02,Cancelled
O006463,2025-05-14,Amazon,W02,Completed
O006464,2025-01-17,Amazon,W01,Completed
O006465,2025-10-03,Amazon,W01,Completed
O006466,2025-08-22,Amazon,W03,Completed
O006467,2025-03-31,Walmart,W01,Completed
O006468,2025-07-12,Amazon,W03,Completed
O006469,2025-07-20,eBay,W01,Completed
O006470,2025-01-23,Walmart,W02,Completed
O006471,2025-07-28,Walmart,W03,Completed
O006472,2025-07-24,Amazon,W01,Completed
O006473,2025-03-23,Amazon,W03,Completed
O006474,2025-12-22,Amazon,W02,Completed
O006475,2025-02-27,Amazon,W01,Completed
O006476,2025-07-14,Walmart,W02,Completed
O006477,2025-08-18,Amazon,W03,Completed
O006478,2025-06-22,Amazon,W03,Completed
O006479,2025-08-15,Amazon,W01,Completed
O006480,2025-04-11,Walmart,W03,Cancelled
O006481,2025-04-11,Walmart,W03,Completed
O006482,2025-12-29,Walmart,W02,Completed
O006483,2025-05-04,Walmart,W02,Completed
O006484,2025-05-17,eBay,W01,Cancelled
O006485,2025-04-01,Amazon,W01,Completed
O006486,2025-12-07,Amazon,W01,Completed
O006487,2025-10-14,Walmart,W01,Completed
O006488,2025-11-08,Amazon,W01,Completed
O006489,2025-07-27,Walmart,W02,Completed
O006490,2025-02-04,Amazon,W01,Completed
O006491,2025-02-07,Walmart,W03,Completed
O006492,2025-03-10,eBay,W02,Completed
O006493,2025-12-21,Walmart,W03,Completed
O006494,2025-12-11,eBay,W03,Completed
O006495,2025-05-22,Walmart,W03,Completed
O006496,2025-04-22,Amazon,W03,Completed
O006497,2025-01-06,eBay,W01,Completed
O006498,2025-12-01,Walmart,W03,Completed
O006499,2025-09-02,Amazon,W01,Completed
O006500,2025-01-22,Amazon,W01,Completed
O006501,2025-10-09,Amazon,W03,Completed
O006502,2025-03-06,Walmart,W02,Completed
O006503,2025-11-18,Walmart,W03,Completed
O006504,2025-10-13,Walmart,W01,Completed
O006505,2025-11-18,Amazon,W02,Completed
O006506,2025-07-25,Amazon,W01,Completed
O006507,2025-05-15,Walmart,W02,Completed
O006508,2025-04-10,Walmart,W02,Completed
O006509,2025-11-05,eBay,W03,Completed
O006510,2025-10-28,Walmart,W01,Completed
O006511,2025-02-06,Amazon,W02,Completed
O006512,2025-01-07,Walmart,W01,Completed
O006513,2025-11-17,Walmart,W02,Completed
O006514,2025-05-27,Amazon,W01,Completed
O006515,2025-07-31,Amazon,W02,Completed
O006516,2025-05-31,Amazon,W02,Completed
O006517,2025-08-03,Walmart,W03,Completed
O006518,2025-08-08,Walmart,W01,Completed
O006519,2025-07-14,Amazon,W01,Completed
O006520,2025-08-01,Walmart,W02,Completed
O006521,2025-12-14,eBay,W02,Completed
O006522,2025-04-18,eBay,W01,Completed
O006523,2025-11-14,eBay,W02,Completed
O006524,2025-11-06,Walmart,W03,Completed
O006525,2025-02-08,Walmart,W01,Completed
O006526,2025-12-05,Amazon,W03,Completed
O006527,2025-05-09,Amazon,W01,Completed
O006528,2025-02-22,Amazon,W03,Completed
O006529,2025-05-25,Walmart,W03,Completed
O006530,2025-11-21,Walmart,W03,Completed
O006531,2025-08-17,Walmart,W03,Completed
O006532,2025-12-26,Amazon,W01,Completed
O006533,2025-04-11,Amazon,W01,Completed
O006534,2025-01-14,Amazon,W01,Completed
O006535,2025-08-22,eBay,W03,Cancelled
O006536,2025-04-28,Amazon,W01,Completed
O006537,2025-09-10,Amazon,W01,Completed
O006538,2025-06-13,Amazon,W01,Completed
O006539,2025-05-01,Amazon,W02,Completed
O006540,2025-10-15,Walmart,W01,Completed
O006541,2025-05-24,Walmart,W02,Completed
O006542,2025-12-07,eBay,W01,Completed
O006543,2025-07-29,Amazon,W02,Completed
O006544,2025-10-16,Walmart,W03,Completed
O006545,2025-09-29,Walmart,W02,Completed
O006546,2025-01-31,Amazon,W02,Completed
O006547,2025-05-16,Walmart,W01,Completed
O006548,2025-07-02,Amazon,W02,Completed
O006549,2025-09-08,Amazon,W01,Completed
O006550,2025-02-01,Amazon,W01,Completed
O006551,2025-04-21,Amazon,W03,Cancelled
O006552,2025-08-29,Walmart,W01,Completed
O006553,2025-08-27,Amazon,W01,Completed
O006554,2025-02-17,Amazon,W01,Completed
O006555,2025-06-29,Walmart,W01,Completed
O006556,2025-12-08,Walmart,W02,Completed
O006557,2025-11-13,eBay,W02,Completed
O006558,2025-01-04,eBay,W02,Completed
O006559,2025-02-17,Walmart,W01,Completed
O006560,2025-05-17,Amazon,W03,Completed
O006561,2025-01-10,Amazon,W03,Completed
O006562,2025-08-25,eBay,W02,Completed
O006563,2025-03-14,Amazon,W01,Completed
O006564,2025-10-05,eBay,W01,Completed
O006565,2025-07-01,Amazon,W01,Completed
O006566,2025-08-14,eBay,W03,Completed
O006567,2025-04-27,Amazon,W01,Completed
O006568,2025-01-05,Amazon,W01,Completed
O006569,2025-07-14,Walmart,W01,Completed
O006570,2025-10-14,Walmart,W01,Completed
O006571,2025-02-22,Amazon,W01,Completed
O006572,2025-05-15,Amazon,W01,Completed
O006573,2025-03-14,eBay,W03,Completed
O006574,2025-02-07,Amazon,W02,Completed
O006575,2025-02-23,eBay,W02,Completed
O006576,2025-09-17,Amazon,W01,Completed
O006577,2025-01-14,Walmart,W01,Completed
O006578,2025-08-04,Amazon,W03,Completed
O006579,2025-04-19,eBay,W03,Completed
O006580,2025-02-25,eBay,W02,Completed
O006581,2025-11-22,eBay,W02,Completed
O006582,2025-08-14,Walmart,W03,Completed
O006583,2025-10-17,eBay,W02,Completed
O006584,2025-01-21,Walmart,W03,Completed
O006585,2025-02-27,Amazon,W01,Completed
O006586,2025-02-16,eBay,W02,Completed
O006587,2025-08-02,Walmart,W02,Completed
O006588,2025-09-14,eBay,W03,Completed
O006589,2025-12-31,Walmart,W01,Completed
O006590,2025-11-11,Walmart,W02,Completed
O006591,2025-12-22,eBay,W02,Completed
O006592,2025-09-24,Amazon,W03,Completed
O006593,2025-06-24,Amazon,W03,Completed
O006594,2025-07-10,Amazon,W03,Completed
O006595,2025-10-24,Amazon,W03,Completed
O006596,2025-01-31,Walmart,W02,Completed
O006597,2025-04-24,eBay,W01,Completed
O006598,2025-12-08,Walmart,W01,Cancelled
O006599,2025-04-24,Amazon,W02,Completed
O006600,2025-01-18,Walmart,W03,Completed
O006601,2025-05-31,Amazon,W01,Completed
O006602,2025-08-01,eBay,W03,Completed
O006603,2025-10-07,eBay,W03,Completed
O006604,2025-05-08,Walmart,W03,Completed
O006605,2025-03-17,Amazon,W01,Completed
O006606,2025-05-08,Walmart,W03,Cancelled
O006607,2025-12-28,Amazon,W02,Completed
O006608,2025-04-30,Amazon,W02,Completed
O006609,2025-12-07,eBay,W01,Completed
O006610,2025-03-17,Amazon,W02,Completed
O006611,2025-05-30,Walmart,W02,Completed
O006612,2025-10-19,Amazon,W02,Cancelled
O006613,2025-07-24,Walmart,W02,Completed
O006614,2025-04-14,Walmart,W03,Completed
O006615,2025-03-27,Amazon,W01,Completed
O006616,2025-08-04,Amazon,W03,Cancelled
O006617,2025-03-19,Walmart,W02,Completed
O006618,2025-02-06,Amazon,W02,Completed
O006619,2025-09-26,Amazon,W01,Completed
O006620,2025-03-26,Walmart,W03,Completed
O006621,2025-04-04,Walmart,W01,Completed
O006622,2025-10-09,Walmart,W02,Completed
O006623,2025-02-22,Walmart,W01,Completed
O006624,2025-10-02,eBay,W03,Completed
O006625,2025-04-26,Walmart,W01,Completed
O006626,2025-04-27,Amazon,W01,Completed
O006627,2025-04-24,Amazon,W01,Completed
O006628,2025-10-11,Walmart,W01,Completed
O006629,2025-11-18,Walmart,W02,Completed
O006630,2025-12-25,Amazon,W01,Completed
O006631,2025-03-07,Amazon,W02,Completed
O006632,2025-08-25,Amazon,W03,Completed
O006633,2025-01-05,eBay,W02,Completed
O006634,2025-06-04,Amazon,W01,Completed
O006635,2025-06-03,Amazon,W03,Completed
O006636,2025-06-21,Walmart,W01,Completed
O006637,2025-03-07,Amazon,W02,Completed
O006638,2025-02-13,Walmart,W03,Completed
O006639,2025-08-12,Amazon,W03,Completed
O006640,2025-06-14,Amazon,W03,Completed
O006641,2025-07-01,Amazon,W01,Completed
O006642,2025-11-07,Amazon,W01,Completed
O006643,2025-01-01,Walmart,W03,Completed
O006644,2025-10-17,Walmart,W02,Completed
O006645,2025-06-05,Walmart,W01,Completed
O006646,2025-03-05,Amazon,W01,Completed
O006647,2025-09-24,Amazon,W01,Completed
O006648,2025-06-11,Amazon,W03,Completed
O006649,2025-08-04,Walmart,W03,Completed
O006650,2025-09-20,Walmart,W03,Cancelled
O006651,2025-12-23,Amazon,W01,Completed
O006652,2025-12-22,Amazon,W01,Completed
O006653,2025-06-18,Amazon,W03,Completed
O006654,2025-05-29,eBay,W02,Completed
O006655,2025-04-14,Walmart,W01,Completed
O006656,2025-10-07,Walmart,W01,Completed
O006657,2025-05-19,eBay,W03,Completed
O006658,2025-04-06,Amazon,W01,Completed
O006659,2025-09-10,Amazon,W02,Completed
O006660,2025-05-12,eBay,W01,Completed
O006661,2025-07-14,Walmart,W02,Completed
O006662,2025-08-12,Walmart,W02,Completed
O006663,2025-08-31,eBay,W01,Completed
O006664,2025-04-09,Walmart,W03,Completed
O006665,2025-04-06,Walmart,W02,Completed
O006666,2025-11-29,Walmart,W01,Completed
O006667,2025-06-09,Amazon,W02,Completed
O006668,2025-05-08,Amazon,W03,Completed
O006669,2025-02-12,eBay,W03,Completed
O006670,2025-01-21,eBay,W02,Completed
O006671,2025-07-01,Walmart,W03,Completed
O006672,2025-02-16,Walmart,W02,Completed
O006673,2025-07-06,Walmart,W01,Completed
O006674,2025-09-16,Walmart,W02,Completed
O006675,2025-06-06,Walmart,W02,Completed
O006676,2025-04-21,Amazon,W02,Completed
O006677,2025-10-11,Walmart,W02,Completed
O006678,2025-05-31,Walmart,W01,Cancelled
O006679,2025-07-29,Amazon,W02,Cancelled
O006680,2025-10-24,Walmart,W01,Completed
O006681,2025-08-07,Walmart,W01,Completed
O006682,2025-04-30,Amazon,W03,Completed
O006683,2025-06-26,Amazon,W01,Completed
O006684,2025-09-27,Amazon,W01,Completed
O006685,2025-06-26,Walmart,W01,Completed
O006686,2025-04-08,Amazon,W03,Completed
O006687,2025-01-06,Walmart,W01,Completed
O006688,2025-03-28,Walmart,W01,Completed
O006689,2025-04-26,eBay,W02,Completed
O006690,2025-11-26,Walmart,W01,Completed
O006691,2025-11-01,Amazon,W03,Completed
O006692,2025-09-30,Amazon,W02,Completed
O006693,2025-04-09,eBay,W01,Completed
O006694,2025-08-26,Amazon,W01,Completed
O006695,2025-07-30,Walmart,W01,Completed
O006696,2025-06-26,Amazon,W03,Completed
O006697,2025-02-02,Amazon,W01,Completed
O006698,2025-06-20,eBay,W01,Cancelled
O006699,2025-09-11,Walmart,W01,Completed
O006700,2025-10-26,eBay,W01,Completed
O006701,2025-11-21,Amazon,W02,Completed
O006702,2025-06-23,Amazon,W02,Completed
O006703,2025-10-02,Amazon,W02,Completed
O006704,2025-08-31,Walmart,W01,Completed
O006705,2025-06-02,Amazon,W01,Completed
O006706,2025-06-10,Amazon,W01,Completed
O006707,2025-10-01,Amazon,W03,Completed
O006708,2025-03-22,Amazon,W01,Completed
O006709,2025-12-13,eBay,W02,Completed
O006710,2025-06-11,eBay,W01,Completed
O006711,2025-07-13,Amazon,W03,Completed
O006712,2025-06-20,eBay,W01,Completed
O006713,2025-10-31,Walmart,W01,Completed
O006714,2025-04-08,Walmart,W03,Completed
O006715,2025-05-13,Amazon,W03,Completed
O006716,2025-07-04,Amazon,W03,Completed
O006717,2025-09-05,eBay,W03,Completed
O006718,2025-01-13,Amazon,W03,Completed
O006719,2025-04-05,eBay,W01,Completed
O006720,2025-01-20,Walmart,W03,Completed
O006721,2025-08-16,Amazon,W01,Completed
O006722,2025-09-07,Walmart,W02,Completed
O006723,2025-12-11,Amazon,W01,Completed
O006724,2025-10-24,Amazon,W03,Completed
O006725,2025-06-13,Amazon,W02,Completed
O006726,2025-12-22,Walmart,W01,Completed
O006727,2025-03-27,Amazon,W02,Completed
O006728,2025-04-21,eBay,W02,Completed
O006729,2025-07-07,Amazon,W03,Completed
O006730,2025-02-18,Amazon,W03,Completed
O006731,2025-09-25,Amazon,W02,Completed
O006732,2025-04-14,eBay,W01,Completed
O006733,2025-07-21,Walmart,W03,Completed
O006734,2025-08-10,eBay,W02,Completed
O006735,2025-02-28,eBay,W01,Completed
O006736,2025-12-23,eBay,W02,Completed
O006737,2025-01-13,eBay,W02,Cancelled
O006738,2025-04-06,eBay,W01,Completed
O006739,2025-04-07,Amazon,W02,Completed
O006740,2025-05-28,Amazon,W01,Completed
O006741,2025-01-26,eBay,W02,Completed
O006742,2025-03-24,Amazon,W03,Completed
O006743,2025-06-22,eBay,W01,Completed
O006744,2025-01-14,Amazon,W01,Completed
O006745,2025-09-28,eBay,W02,Completed
O006746,2025-12-19,eBay,W03,Completed
O006747,2025-03-30,eBay,W01,Completed
O006748,2025-08-01,Amazon,W01,Completed
O006749,2025-03-20,Walmart,W01,Completed
O006750,2025-08-09,Walmart,W03,Completed
O006751,2025-08-21,Amazon,W01,Completed
O006752,2025-06-06,Amazon,W03,Completed
O006753,2025-01-08,Amazon,W02,Completed
O006754,2025-04-17,eBay,W03,Completed
O006755,2025-05-15,Amazon,W01,Completed
O006756,2025-10-15,Amazon,W02,Cancelled
O006757,2025-01-27,eBay,W02,Completed
O006758,2025-10-06,Walmart,W03,Completed
O006759,2025-08-30,Amazon,W02,Completed
O006760,2025-12-06,Amazon,W02,Completed
O006761,2025-01-15,Amazon,W03,Completed
O006762,2025-03-16,Amazon,W01,Completed
O006763,2025-06-09,Walmart,W03,Cancelled
O006764,2025-05-04,Walmart,W02,Completed
O006765,2025-01-16,eBay,W01,Completed
O006766,2025-11-28,Amazon,W02,Cancelled
O006767,2025-02-12,eBay,W01,Completed
O006768,2025-10-28,Walmart,W01,Cancelled
O006769,2025-07-05,eBay,W01,Completed
O006770,2025-03-12,Walmart,W01,Completed
O006771,2025-03-27,Amazon,W01,Completed
O006772,2025-01-28,Walmart,W02,Completed
O006773,2025-10-26,Amazon,W01,Completed
O006774,2025-04-06,eBay,W01,Completed
O006775,2025-12-14,Amazon,W01,Completed
O006776,2025-08-03,eBay,W03,Completed
O006777,2025-01-13,eBay,W02,Completed
O006778,2025-01-20,Amazon,W02,Completed
O006779,2025-10-14,Amazon,W02,Cancelled
O006780,2025-06-02,Amazon,W02,Completed
O006781,2025-12-18,Walmart,W01,Cancelled
O006782,2025-09-07,Walmart,W02,Completed
O006783,2025-04-07,Walmart,W01,Completed
O006784,2025-06-05,Walmart,W02,Completed
O006785,2025-05-05,Walmart,W01,Completed
O006786,2025-10-03,Amazon,W02,Completed
O006787,2025-07-10,Amazon,W02,Completed
O006788,2025-02-02,Walmart,W02,Completed
O006789,2025-01-28,Amazon,W03,Completed
O006790,2025-01-05,Walmart,W02,Completed
O006791,2025-04-24,Amazon,W01,Completed
O006792,2025-05-31,Walmart,W01,Completed
O006793,2025-06-14,eBay,W02,Completed
O006794,2025-02-17,eBay,W02,Completed
O006795,2025-08-10,Amazon,W03,Completed
O006796,2025-12-20,Amazon,W01,Completed
O006797,2025-03-03,Walmart,W03,Completed
O006798,2025-03-15,Walmart,W02,Completed
O006799,2025-08-05,eBay,W03,Completed
O006800,2025-12-22,Amazon,W02,Completed
O006801,2025-06-09,Walmart,W03,Completed
O006802,2025-11-24,Walmart,W02,Completed
O006803,2025-09-03,Amazon,W01,Completed
O006804,2025-08-27,Amazon,W01,Completed
O006805,2025-11-04,Walmart,W01,Completed
O006806,2025-07-29,Walmart,W01,Completed
O006807,2025-07-03,Amazon,W02,Completed
O006808,2025-11-02,eBay,W01,Completed
O006809,2025-12-28,Walmart,W03,Completed
O006810,2025-07-21,Walmart,W03,Completed
O006811,2025-10-01,Amazon,W02,Cancelled
O006812,2025-09-07,Walmart,W01,Completed
O006813,2025-07-25,Walmart,W03,Completed
O006814,2025-04-17,Amazon,W03,Completed
O006815,2025-03-22,Amazon,W01,Completed
O006816,2025-10-21,eBay,W01,Completed
O006817,2025-07-12,eBay,W01,Completed
O006818,2025-08-19,Amazon,W01,Completed
O006819,2025-03-11,Amazon,W02,Completed
O006820,2025-09-13,Walmart,W01,Completed
O006821,2025-01-13,eBay,W01,Completed
O006822,2025-12-03,Amazon,W01,Completed
O006823,2025-11-07,Walmart,W03,Completed
O006824,2025-04-11,Amazon,W01,Completed
O006825,2025-05-22,Amazon,W01,Completed
O006826,2025-05-30,Amazon,W01,Completed
O006827,2025-01-07,eBay,W03,Completed
O006828,2025-09-07,eBay,W01,Completed
O006829,2025-06-12,eBay,W01,Completed
O006830,2025-11-30,Walmart,W02,Completed
O006831,2025-09-05,Amazon,W03,Completed
O006832,2025-02-09,Amazon,W02,Completed
O006833,2025-09-13,Walmart,W03,Completed
O006834,2025-12-22,Walmart,W03,Completed
O006835,2025-03-02,Walmart,W01,Completed
O006836,2025-12-10,Amazon,W01,Completed
O006837,2025-04-28,Walmart,W01,Completed
O006838,2025-01-31,eBay,W01,Completed
O006839,2025-03-05,Walmart,W03,Completed
O006840,2025-10-29,Walmart,W02,Completed
O006841,2025-06-17,eBay,W03,Completed
O006842,2025-04-26,Walmart,W02,Cancelled
O006843,2025-09-23,eBay,W01,Completed
O006844,2025-05-07,Amazon,W01,Completed
O006845,2025-03-24,Walmart,W01,Completed
O006846,2025-04-21,Amazon,W03,Completed
O006847,2025-02-24,Amazon,W01,Completed
O006848,2025-09-27,Walmart,W03,Completed
O006849,2025-11-02,Walmart,W01,Completed
O006850,2025-06-16,eBay,W02,Completed
O006851,2025-06-09,Amazon,W03,Completed
O006852,2025-10-15,Amazon,W03,Completed
O006853,2025-11-18,Walmart,W02,Completed
O006854,2025-07-25,Amazon,W02,Completed
O006855,2025-03-08,Amazon,W02,Completed
O006856,2025-07-17,Walmart,W02,Completed
O006857,2025-02-09,Amazon,W02,Completed
O006858,2025-10-18,Amazon,W01,Completed
O006859,2025-01-20,Walmart,W01,Completed
O006860,2025-04-03,Amazon,W01,Completed
O006861,2025-03-04,Amazon,W03,Completed
O006862,2025-04-01,eBay,W02,Completed
O006863,2025-07-18,Amazon,W01,Completed
O006864,2025-05-04,Amazon,W01,Completed
O006865,2025-03-24,eBay,W01,Completed
O006866,2025-02-12,Amazon,W02,Completed
O006867,2025-08-06,Walmart,W03,Completed
O006868,2025-01-01,eBay,W01,Cancelled
O006869,2025-03-25,Walmart,W01,Completed
O006870,2025-09-02,Amazon,W01,Completed
O006871,2025-12-17,Walmart,W01,Cancelled
O006872,2025-08-03,Walmart,W03,Completed
O006873,2025-03-14,Walmart,W01,Completed
O006874,2025-11-08,Walmart,W01,Completed
O006875,2025-07-27,Amazon,W01,Cancelled
O006876,2025-10-04,eBay,W02,Completed
O006877,2025-11-26,Amazon,W02,Completed
O006878,2025-02-11,Walmart,W03,Completed
O006879,2025-10-11,eBay,W02,Completed
O006880,2025-01-04,Amazon,W02,Completed
O006881,2025-08-22,eBay,W03,Completed
O006882,2025-01-23,Walmart,W01,Completed
O006883,2025-10-18,Amazon,W01,Completed
O006884,2025-05-24,Amazon,W02,Completed
O006885,2025-04-25,Walmart,W01,Completed
O006886,2025-12-05,Walmart,W01,Completed
O006887,2025-04-11,Amazon,W02,Completed
O006888,2025-06-04,eBay,W03,Completed
O006889,2025-05-13,Walmart,W01,Completed
O006890,2025-05-27,Amazon,W01,Completed
O006891,2025-03-31,Amazon,W02,Completed
O006892,2025-04-10,Amazon,W01,Completed
O006893,2025-11-19,eBay,W03,Completed
O006894,2025-12-02,Amazon,W03,Completed
O006895,2025-11-29,Amazon,W03,Completed
O006896,2025-09-30,Walmart,W01,Completed
O006897,2025-11-17,Amazon,W02,Completed
O006898,2025-11-06,Amazon,W02,Completed
O006899,2025-07-23,Walmart,W01,Completed
O006900,2025-05-20,Walmart,W01,Completed
O006901,2025-04-06,Walmart,W02,Completed
O006902,2025-02-02,Walmart,W02,Completed
O006903,2025-08-25,Walmart,W02,Completed
O006904,2025-03-22,Walmart,W01,Completed
O006905,2025-08-06,eBay,W02,Completed
O006906,2025-09-01,Amazon,W01,Completed
O006907,2025-02-01,Amazon,W01,Completed
O006908,2025-12-17,eBay,W01,Completed
O006909,2025-01-11,eBay,W02,Completed
O006910,2025-10-03,Walmart,W02,Completed
O006911,2025-10-23,Walmart,W01,Completed
O006912,2025-03-14,Amazon,W02,Completed
O006913,2025-05-24,Amazon,W01,Completed
O006914,2025-07-01,Amazon,W03,Completed
O006915,2025-04-21,eBay,W02,Completed
O006916,2025-06-08,eBay,W01,Completed
O006917,2025-03-13,Walmart,W01,Completed
O006918,2025-04-18,Amazon,W01,Completed
O006919,2025-01-25,Amazon,W02,Completed
O006920,2025-01-19,eBay,W03,Completed
O006921,2025-06-01,Walmart,W02,Completed
O006922,2025-10-05,Amazon,W01,Completed
O006923,2025-06-16,Amazon,W01,Completed
O006924,2025-08-01,eBay,W01,Completed
O006925,2025-08-12,Walmart,W02,Completed
O006926,2025-06-30,Amazon,W02,Completed
O006927,2025-03-10,Amazon,W03,Completed
O006928,2025-04-11,eBay,W03,Completed
O006929,2025-12-30,eBay,W01,Completed
O006930,2025-01-30,Walmart,W02,Completed
O006931,2025-09-10,Amazon,W01,Completed
O006932,2025-08-28,Amazon,W01,Completed
O006933,2025-09-27,Walmart,W02,Completed
O006934,2025-10-14,Amazon,W03,Completed
O006935,2025-11-20,Walmart,W01,Completed
O006936,2025-10-04,eBay,W01,Completed
O006937,2025-11-10,Amazon,W01,Completed
O006938,2025-09-27,Amazon,W03,Completed
O006939,2025-01-15,eBay,W01,Completed
O006940,2025-06-15,Amazon,W02,Completed
O006941,2025-10-25,Walmart,W02,Completed
O006942,2025-09-06,eBay,W02,Completed
O006943,2025-06-12,Amazon,W02,Completed
O006944,2025-10-02,Amazon,W03,Completed
O006945,2025-07-11,Amazon,W01,Completed
O006946,2025-04-26,Walmart,W02,Completed
O006947,2025-12-21,Amazon,W03,Completed
O006948,2025-10-30,eBay,W01,Completed
O006949,2025-01-05,Amazon,W03,Completed
O006950,2025-09-20,Amazon,W03,Completed
O006951,2025-10-07,Walmart,W03,Completed
O006952,2025-05-11,Amazon,W03,Cancelled
O006953,2025-05-06,Amazon,W01,Completed
O006954,2025-08-02,Amazon,W03,Completed
O006955,2025-09-12,Amazon,W03,Cancelled
O006956,2025-04-13,Walmart,W01,Completed
O006957,2025-04-12,Walmart,W02,Completed
O006958,2025-08-12,Amazon,W03,Completed
O006959,2025-02-10,Amazon,W03,Completed
O006960,2025-09-11,Walmart,W02,Completed
O006961,2025-01-01,Amazon,W03,Completed
O006962,2025-02-27,Amazon,W03,Completed
O006963,2025-04-17,Walmart,W02,Completed
O006964,2025-02-05,Walmart,W02,Completed
O006965,2025-05-28,eBay,W01,Completed
O006966,2025-08-31,eBay,W01,Completed
O006967,2025-11-22,Walmart,W03,Completed
O006968,2025-12-30,Amazon,W01,Completed
O006969,2025-06-30,Amazon,W02,Completed
O006970,2025-04-26,Walmart,W02,Completed
O006971,2025-04-28,Amazon,W02,Completed
O006972,2025-07-13,eBay,W01,Completed
O006973,2025-10-19,eBay,W02,Cancelled
O006974,2025-01-14,eBay,W02,Completed
O006975,2025-06-10,eBay,W01,Completed
O006976,2025-06-12,Amazon,W03,Completed
O006977,2025-04-26,Amazon,W03,Completed
O006978,2025-04-17,Amazon,W01,Completed
O006979,2025-12-28,Amazon,W01,Completed
O006980,2025-01-13,Walmart,W01,Completed
O006981,2025-05-05,Amazon,W01,Completed
O006982,2025-05-05,Walmart,W02,Completed
O006983,2025-05-28,eBay,W01,Completed
O006984,2025-04-28,eBay,W03,Completed
O006985,2025-07-27,Walmart,W01,Completed
O006986,2025-03-12,Amazon,W02,Completed
O006987,2025-01-27,eBay,W01,Completed
O006988,2025-02-26,Walmart,W02,Completed
O006989,2025-04-10,Walmart,W02,Completed
O006990,2025-12-01,Walmart,W02,Completed
O006991,2025-02-10,Amazon,W03,Completed
O006992,2025-07-28,eBay,W01,Completed
O006993,2025-09-02,Amazon,W02,Completed
O006994,2025-11-23,Walmart,W03,Completed
O006995,2025-01-28,eBay,W01,Completed
O006996,2025-04-30,Amazon,W02,Completed
O006997,2025-06-10,Amazon,W01,Completed
O006998,2025-09-17,Walmart,W03,Completed
O006999,2025-05-30,Walmart,W01,Completed
O007000,2025-10-25,Walmart,W01,Completed
O007001,2025-04-23,Walmart,W03,Completed
O007002,2025-10-03,Amazon,W01,Completed
O007003,2025-08-24,Amazon,W02,Cancelled
O007004,2025-08-18,Walmart,W03,Completed
O007005,2025-11-21,Amazon,W01,Completed
O007006,2025-08-20,Amazon,W02,Completed
O007007,2025-07-08,Amazon,W01,Cancelled
O007008,2025-03-24,Walmart,W01,Completed
O007009,2025-03-08,Amazon,W01,Completed
O007010,2025-05-25,Amazon,W02,Completed
O007011,2025-12-06,eBay,W01,Completed
O007012,2025-08-12,Amazon,W02,Completed
O007013,2025-03-03,Amazon,W03,Cancelled
O007014,2025-06-06,eBay,W03,Completed
O007015,2025-02-17,Walmart,W03,Completed
O007016,2025-02-06,Walmart,W02,Completed
O007017,2025-11-11,Walmart,W01,Cancelled
O007018,2025-11-08,Amazon,W03,Completed
O007019,2025-06-09,eBay,W02,Completed
O007020,2025-11-12,Amazon,W02,Completed
O007021,2025-09-26,Walmart,W02,Completed
O007022,2025-03-12,eBay,W01,Completed
O007023,2025-09-30,eBay,W01,Completed
O007024,2025-03-07,Amazon,W01,Completed
O007025,2025-05-14,Amazon,W01,Completed
O007026,2025-12-27,Walmart,W03,Completed
O007027,2025-02-23,eBay,W01,Completed
O007028,2025-07-17,Amazon,W03,Completed
O007029,2025-11-27,Walmart,W02,Completed
O007030,2025-07-08,eBay,W01,Cancelled
O007031,2025-09-20,Amazon,W03,Completed
O007032,2025-06-27,Amazon,W03,Completed
O007033,2025-11-20,Amazon,W02,Completed
O007034,2025-11-08,eBay,W02,Completed
O007035,2025-08-15,Amazon,W01,Completed
O007036,2025-06-23,Walmart,W01,Completed
O007037,2025-09-29,eBay,W01,Completed
O007038,2025-10-28,eBay,W03,Completed
O007039,2025-10-16,eBay,W01,Completed
O007040,2025-06-13,Walmart,W03,Completed
O007041,2025-08-17,Walmart,W02,Completed
O007042,2025-05-09,Amazon,W03,Completed
O007043,2025-07-20,Amazon,W01,Completed
O007044,2025-02-25,eBay,W01,Completed
O007045,2025-07-03,Amazon,W02,Completed
O007046,2025-02-09,Amazon,W02,Completed
O007047,2025-11-25,eBay,W01,Cancelled
O007048,2025-10-24,Amazon,W03,Completed
O007049,2025-02-19,Walmart,W03,Completed
O007050,2025-10-25,Amazon,W01,Completed
O007051,2025-08-08,Walmart,W03,Completed
O007052,2025-09-21,eBay,W01,Completed
O007053,2025-11-12,Walmart,W01,Completed
O007054,2025-02-05,Amazon,W01,Completed
O007055,2025-03-22,Amazon,W03,Completed
O007056,2025-01-02,Amazon,W02,Completed
O007057,2025-02-24,eBay,W03,Completed
O007058,2025-09-08,eBay,W01,Completed
O007059,2025-07-08,eBay,W01,Completed
O007060,2025-02-15,Walmart,W03,Completed
O007061,2025-12-13,Walmart,W01,Completed
O007062,2025-08-23,Amazon,W03,Completed
O007063,2025-10-31,eBay,W01,Completed
O007064,2025-06-30,Walmart,W02,Completed
O007065,2025-12-04,eBay,W01,Completed
O007066,2025-06-02,Walmart,W01,Cancelled
O007067,2025-07-27,Amazon,W02,Completed
O007068,2025-08-20,Walmart,W02,Completed
O007069,2025-08-28,eBay,W02,Completed
O007070,2025-01-14,Walmart,W01,Completed
O007071,2025-02-04,eBay,W02,Completed
O007072,2025-11-12,Walmart,W01,Completed
O007073,2025-12-21,eBay,W03,Completed
O007074,2025-10-30,eBay,W03,Completed
O007075,2025-10-16,Walmart,W01,Completed
O007076,2025-10-21,eBay,W01,Cancelled
O007077,2025-05-02,Walmart,W01,Completed
O007078,2025-04-14,eBay,W02,Completed
O007079,2025-10-30,Amazon,W02,Completed
O007080,2025-07-09,Walmart,W02,Completed
O007081,2025-11-28,Amazon,W01,Completed
O007082,2025-07-12,eBay,W02,Completed
O007083,2025-03-09,Walmart,W01,Completed
O007084,2025-10-26,Amazon,W03,Completed
O007085,2025-01-26,Walmart,W01,Completed
O007086,2025-04-29,eBay,W02,Completed
O007087,2025-04-26,eBay,W01,Completed
O007088,2025-10-18,Amazon,W01,Completed
O007089,2025-12-28,Amazon,W03,Completed
O007090,2025-06-11,eBay,W02,Completed
O007091,2025-10-08,eBay,W03,Cancelled
O007092,2025-05-13,Walmart,W03,Cancelled
O007093,2025-08-09,eBay,W03,Completed
O007094,2025-02-24,Walmart,W01,Completed
O007095,2025-06-28,Walmart,W03,Completed
O007096,2025-02-09,Amazon,W01,Completed
O007097,2025-03-17,eBay,W02,Completed
O007098,2025-01-31,Amazon,W01,Completed
O007099,2025-03-24,Amazon,W02,Completed
O007100,2025-04-26,Walmart,W02,Completed
O007101,2025-03-19,eBay,W02,Completed
O007102,2025-12-28,Amazon,W01,Completed
O007103,2025-12-29,Amazon,W01,Completed
O007104,2025-12-15,eBay,W02,Completed
O007105,2025-12-12,Amazon,W01,Completed
O007106,2025-11-09,Amazon,W02,Completed
O007107,2025-03-20,eBay,W02,Completed
O007108,2025-11-07,Walmart,W03,Completed
O007109,2025-04-11,eBay,W01,Completed
O007110,2025-01-05,Walmart,W01,Completed
O007111,2025-03-01,Amazon,W03,Completed
O007112,2025-05-18,Amazon,W03,Completed
O007113,2025-12-29,Amazon,W02,Completed
O007114,2025-07-02,eBay,W01,Completed
O007115,2025-12-06,Amazon,W03,Completed
O007116,2025-10-05,Amazon,W03,Completed
O007117,2025-10-04,Amazon,W03,Completed
O007118,2025-01-08,Amazon,W01,Completed
O007119,2025-03-02,Walmart,W01,Completed
O007120,2025-07-20,Walmart,W01,Completed
O007121,2025-04-22,Amazon,W03,Completed
O007122,2025-07-26,Amazon,W01,Completed
O007123,2025-08-31,Amazon,W02,Completed
O007124,2025-06-24,Amazon,W03,Completed
O007125,2025-09-08,eBay,W02,Completed
O007126,2025-09-27,eBay,W02,Completed
O007127,2025-11-09,eBay,W01,Cancelled
O007128,2025-03-04,Amazon,W01,Completed
O007129,2025-06-29,eBay,W02,Completed
O007130,2025-03-19,eBay,W02,Completed
O007131,2025-11-29,eBay,W02,Completed
O007132,2025-06-11,Amazon,W02,Completed
O007133,2025-09-16,Walmart,W01,Completed
O007134,2025-08-17,Amazon,W02,Completed
O007135,2025-10-12,Walmart,W01,Completed
O007136,2025-05-31,Walmart,W01,Completed
O007137,2025-03-09,Walmart,W03,Completed
O007138,2025-12-03,Amazon,W03,Completed
O007139,2025-10-10,Walmart,W03,Completed
O007140,2025-08-09,eBay,W01,Completed
O007141,2025-02-13,Walmart,W03,Completed
O007142,2025-12-19,Amazon,W01,Completed
O007143,2025-08-24,Amazon,W01,Completed
O007144,2025-08-15,Walmart,W01,Completed
O007145,2025-08-13,eBay,W01,Completed
O007146,2025-10-11,Walmart,W02,Completed
O007147,2025-08-14,Amazon,W02,Completed
O007148,2025-01-30,eBay,W02,Completed
O007149,2025-01-13,Walmart,W01,Completed
O007150,2025-10-26,Amazon,W03,Completed
O007151,2025-08-04,eBay,W02,Completed
O007152,2025-03-28,eBay,W02,Completed
O007153,2025-11-03,Amazon,W01,Completed
O007154,2025-09-24,eBay,W02,Completed
O007155,2025-08-01,eBay,W01,Completed
O007156,2025-03-04,Amazon,W03,Completed
O007157,2025-06-08,Amazon,W03,Completed
O007158,2025-05-11,Walmart,W02,Completed
O007159,2025-03-10,Amazon,W03,Completed
O007160,2025-11-02,eBay,W01,Completed
O007161,2025-10-17,Walmart,W03,Completed
O007162,2025-11-17,Amazon,W01,Completed
O007163,2025-01-30,Amazon,W02,Completed
O007164,2025-06-21,Walmart,W03,Completed
O007165,2025-07-16,Amazon,W02,Completed
O007166,2025-04-30,Walmart,W01,Completed
O007167,2025-08-14,Walmart,W02,Completed
O007168,2025-10-03,Walmart,W02,Completed
O007169,2025-12-31,Walmart,W03,Completed
O007170,2025-10-24,Amazon,W02,Completed
O007171,2025-06-04,Walmart,W02,Completed
O007172,2025-08-30,Amazon,W01,Completed
O007173,2025-11-20,eBay,W02,Completed
O007174,2025-03-12,Walmart,W03,Completed
O007175,2025-08-26,Amazon,W03,Completed
O007176,2025-06-27,eBay,W02,Completed
O007177,2025-08-04,eBay,W01,Completed
O007178,2025-12-16,eBay,W01,Completed
O007179,2025-03-22,eBay,W01,Completed
O007180,2025-07-19,Walmart,W01,Completed
O007181,2025-01-30,Amazon,W02,Completed
O007182,2025-04-13,eBay,W02,Completed
O007183,2025-07-11,Walmart,W02,Completed
O007184,2025-02-16,Walmart,W01,Completed
O007185,2025-07-30,Amazon,W01,Completed
O007186,2025-01-26,Walmart,W01,Cancelled
O007187,2025-02-27,Amazon,W01,Completed
O007188,2025-07-28,Amazon,W01,Completed
O007189,2025-07-28,Walmart,W02,Completed
O007190,2025-04-23,Amazon,W01,Completed
O007191,2025-11-27,Walmart,W02,Cancelled
O007192,2025-05-18,Amazon,W02,Completed
O007193,2025-09-07,Walmart,W03,Cancelled
O007194,2025-03-06,Walmart,W03,Completed
O007195,2025-05-12,eBay,W03,Completed
O007196,2025-05-20,Walmart,W02,Completed
O007197,2025-07-01,Walmart,W03,Completed
O007198,2025-11-08,Amazon,W01,Completed
O007199,2025-06-06,Amazon,W01,Completed
O007200,2025-09-03,Amazon,W02,Completed
O007201,2025-11-27,Walmart,W03,Completed
O007202,2025-07-23,Walmart,W03,Completed
O007203,2025-11-26,Amazon,W01,Completed
O007204,2025-06-02,Amazon,W01,Completed
O007205,2025-08-08,Walmart,W02,Completed
O007206,2025-10-15,Walmart,W03,Completed
O007207,2025-12-11,Walmart,W02,Completed
O007208,2025-11-21,Amazon,W03,Completed
O007209,2025-02-21,Amazon,W02,Completed
O007210,2025-03-01,Walmart,W01,Completed
O007211,2025-09-20,Amazon,W03,Completed
O007212,2025-04-01,Amazon,W03,Completed
O007213,2025-03-18,Amazon,W02,Completed
O007214,2025-02-22,Amazon,W03,Completed
O007215,2025-06-05,Amazon,W02,Completed
O007216,2025-02-04,Walmart,W03,Completed
O007217,2025-04-01,Walmart,W03,Completed
O007218,2025-02-07,Amazon,W01,Completed
O007219,2025-03-24,Amazon,W01,Completed
O007220,2025-02-22,Amazon,W03,Completed
O007221,2025-06-08,eBay,W02,Completed
O007222,2025-08-05,eBay,W03,Completed
O007223,2025-02-17,Amazon,W01,Completed
O007224,2025-09-21,eBay,W03,Cancelled
O007225,2025-02-01,Walmart,W01,Completed
O007226,2025-12-22,eBay,W02,Cancelled
O007227,2025-03-31,Walmart,W01,Cancelled
O007228,2025-09-16,Amazon,W01,Cancelled
O007229,2025-03-18,Amazon,W03,Completed
O007230,2025-05-10,eBay,W01,Completed
O007231,2025-08-17,Walmart,W01,Completed
O007232,2025-06-16,Walmart,W01,Completed
O007233,2025-11-24,Amazon,W01,Completed
O007234,2025-11-06,eBay,W03,Completed
O007235,2025-08-25,Amazon,W03,Completed
O007236,2025-12-19,Walmart,W01,Completed
O007237,2025-07-01,eBay,W01,Completed
O007238,2025-01-15,Walmart,W01,Completed
O007239,2025-05-03,Walmart,W03,Completed
O007240,2025-04-08,eBay,W01,Completed
O007241,2025-04-12,eBay,W02,Completed
O007242,2025-10-13,Walmart,W01,Cancelled
O007243,2025-07-16,Amazon,W02,Completed
O007244,2025-06-27,Amazon,W03,Completed
O007245,2025-01-31,Amazon,W02,Completed
O007246,2025-04-30,eBay,W03,Completed
O007247,2025-03-27,eBay,W03,Completed
O007248,2025-03-23,Amazon,W01,Completed
O007249,2025-05-21,Amazon,W01,Completed
O007250,2025-01-01,Amazon,W02,Completed
O007251,2025-11-12,eBay,W01,Completed
O007252,2025-05-06,Walmart,W01,Completed
O007253,2025-02-16,eBay,W02,Completed
O007254,2025-12-07,eBay,W01,Completed
O007255,2025-05-31,Amazon,W01,Completed
O007256,2025-09-07,Walmart,W01,Completed
O007257,2025-09-13,eBay,W03,Completed
O007258,2025-03-25,Amazon,W03,Completed
O007259,2025-08-10,Amazon,W03,Completed
O007260,2025-09-30,Walmart,W02,Completed
O007261,2025-01-04,eBay,W01,Completed
O007262,2025-01-24,Amazon,W02,Completed
O007263,2025-09-28,eBay,W02,Completed
O007264,2025-02-19,Amazon,W01,Completed
O007265,2025-03-03,Amazon,W01,Completed
O007266,2025-04-02,eBay,W02,Completed
O007267,2025-05-16,eBay,W02,Completed
O007268,2025-12-05,eBay,W01,Completed
O007269,2025-06-23,Walmart,W03,Completed
O007270,2025-11-24,eBay,W01,Completed
O007271,2025-05-17,Amazon,W03,Completed
O007272,2025-07-15,Walmart,W01,Completed
O007273,2025-10-24,Amazon,W01,Completed
O007274,2025-09-09,Walmart,W01,Completed
O007275,2025-08-26,eBay,W01,Completed
O007276,2025-07-13,Amazon,W01,Completed
O007277,2025-04-22,Amazon,W01,Completed
O007278,2025-07-27,Amazon,W02,Completed
O007279,2025-07-10,eBay,W01,Completed
O007280,2025-07-01,Amazon,W01,Completed
O007281,2025-03-08,Walmart,W02,Completed
O007282,2025-03-07,Walmart,W01,Completed
O007283,2025-03-15,Walmart,W01,Completed
O007284,2025-03-15,Amazon,W01,Completed
O007285,2025-02-16,Walmart,W03,Completed
O007286,2025-02-22,Walmart,W03,Completed
O007287,2025-12-14,eBay,W01,Completed
O007288,2025-05-12,Walmart,W03,Completed
O007289,2025-12-24,eBay,W01,Completed
O007290,2025-09-15,eBay,W01,Completed
O007291,2025-10-18,Walmart,W02,Completed
O007292,2025-05-11,eBay,W01,Cancelled
O007293,2025-05-19,Walmart,W02,Completed
O007294,2025-07-08,Amazon,W02,Completed
O007295,2025-11-29,Walmart,W02,Completed
O007296,2025-10-12,eBay,W01,Completed
O007297,2025-04-17,Amazon,W02,Completed
O007298,2025-09-26,eBay,W01,Completed
O007299,2025-05-08,Walmart,W02,Completed
O007300,2025-01-02,Walmart,W01,Completed
O007301,2025-12-29,Walmart,W03,Completed
O007302,2025-06-27,eBay,W02,Completed
O007303,2025-06-19,Amazon,W01,Completed
O007304,2025-06-27,eBay,W01,Cancelled
O007305,2025-01-21,Amazon,W03,Completed
O007306,2025-08-23,Walmart,W02,Completed
O007307,2025-01-28,eBay,W03,Completed
O007308,2025-04-07,Amazon,W02,Completed
O007309,2025-05-01,Walmart,W03,Completed
O007310,2025-10-30,eBay,W02,Completed
O007311,2025-11-04,Amazon,W03,Completed
O007312,2025-01-31,Walmart,W03,Completed
O007313,2025-06-08,Walmart,W01,Completed
O007314,2025-05-21,eBay,W02,Completed
O007315,2025-08-10,Walmart,W03,Completed
O007316,2025-08-01,Walmart,W02,Completed
O007317,2025-05-22,Amazon,W02,Completed
O007318,2025-07-25,Walmart,W03,Cancelled
O007319,2025-02-12,Amazon,W03,Completed
O007320,2025-01-06,Amazon,W03,Completed
O007321,2025-09-24,Amazon,W02,Completed
O007322,2025-08-08,eBay,W01,Completed
O007323,2025-12-27,Walmart,W03,Completed
O007324,2025-04-16,Walmart,W01,Completed
O007325,2025-07-15,Walmart,W03,Completed
O007326,2025-08-28,eBay,W03,Cancelled
O007327,2025-05-20,eBay,W01,Completed
O007328,2025-08-06,Amazon,W01,Completed
O007329,2025-05-30,Amazon,W02,Completed
O007330,2025-01-19,eBay,W01,Completed
O007331,2025-10-08,Amazon,W02,Completed
O007332,2025-12-24,Walmart,W01,Completed
O007333,2025-03-03,Walmart,W03,Completed
O007334,2025-03-06,Amazon,W01,Completed
O007335,2025-11-15,Amazon,W01,Completed
O007336,2025-07-17,Walmart,W02,Completed
O007337,2025-12-20,Walmart,W01,Completed
O007338,2025-06-25,Walmart,W01,Completed
O007339,2025-07-31,Amazon,W02,Completed
O007340,2025-10-26,Walmart,W02,Completed
O007341,2025-10-12,Amazon,W01,Completed
O007342,2025-12-24,Walmart,W01,Completed
O007343,2025-02-04,Walmart,W01,Completed
O007344,2025-02-12,Amazon,W02,Cancelled
O007345,2025-06-28,Amazon,W01,Completed
O007346,2025-02-08,Amazon,W01,Completed
O007347,2025-07-19,Walmart,W01,Completed
O007348,2025-11-26,Amazon,W03,Completed
O007349,2025-01-06,Amazon,W01,Completed
O007350,2025-12-02,Amazon,W01,Completed
O007351,2025-12-01,eBay,W02,Completed
O007352,2025-06-19,Amazon,W02,Completed
O007353,2025-07-21,Amazon,W01,Completed
O007354,2025-08-11,Amazon,W03,Completed
O007355,2025-05-03,Walmart,W01,Completed
O007356,2025-09-24,Amazon,W01,Completed
O007357,2025-11-07,Walmart,W03,Completed
O007358,2025-12-22,Amazon,W03,Completed
O007359,2025-06-26,Walmart,W02,Completed
O007360,2025-04-24,Amazon,W01,Completed
O007361,2025-01-08,eBay,W01,Cancelled
O007362,2025-01-25,Walmart,W01,Cancelled
O007363,2025-05-07,Walmart,W03,Completed
O007364,2025-02-05,Amazon,W02,Completed
O007365,2025-10-26,Amazon,W01,Completed
O007366,2025-12-19,Amazon,W03,Completed
O007367,2025-10-24,eBay,W02,Completed
O007368,2025-05-19,Walmart,W02,Completed
O007369,2025-09-26,eBay,W02,Completed
O007370,2025-10-27,eBay,W03,Completed
O007371,2025-05-15,Walmart,W03,Completed
O007372,2025-10-19,Walmart,W01,Completed
O007373,2025-06-22,eBay,W01,Completed
O007374,2025-06-21,Amazon,W02,Completed
O007375,2025-03-18,Walmart,W01,Completed
O007376,2025-04-21,Walmart,W01,Completed
O007377,2025-05-12,Amazon,W01,Completed
O007378,2025-12-11,Amazon,W01,Completed
O007379,2025-09-28,eBay,W01,Completed
O007380,2025-08-09,eBay,W02,Completed
O007381,2025-01-30,eBay,W01,Completed
O007382,2025-10-19,Walmart,W03,Completed
O007383,2025-09-22,Walmart,W02,Completed
O007384,2025-06-15,Walmart,W01,Completed
O007385,2025-07-05,Amazon,W01,Completed
O007386,2025-06-05,eBay,W02,Completed
O007387,2025-08-09,Walmart,W02,Completed
O007388,2025-01-07,eBay,W01,Completed
O007389,2025-06-23,Amazon,W02,Completed
O007390,2025-08-02,Walmart,W03,Completed
O007391,2025-05-10,eBay,W01,Completed
O007392,2025-10-22,Walmart,W02,Completed
O007393,2025-11-01,Walmart,W02,Completed
O007394,2025-03-19,Walmart,W01,Completed
O007395,2025-04-29,Amazon,W02,Completed
O007396,2025-11-02,Amazon,W03,Completed
O007397,2025-05-22,eBay,W02,Completed
O007398,2025-04-15,eBay,W01,Completed
O007399,2025-04-02,Walmart,W03,Completed
O007400,2025-07-19,Amazon,W02,Completed
O007401,2025-03-05,Amazon,W03,Completed
O007402,2025-01-09,Walmart,W01,Completed
O007403,2025-04-15,Walmart,W02,Completed
O007404,2025-12-29,eBay,W01,Completed
O007405,2025-03-04,Amazon,W01,Completed
O007406,2025-08-14,Amazon,W01,Completed
O007407,2025-11-29,Amazon,W01,Completed
O007408,2025-08-03,Amazon,W03,Completed
O007409,2025-08-14,Walmart,W01,Completed
O007410,2025-12-30,Walmart,W02,Completed
O007411,2025-10-16,Walmart,W01,Completed
O007412,2025-05-14,Walmart,W02,Completed
O007413,2025-01-19,eBay,W01,Completed
O007414,2025-03-15,Amazon,W03,Completed
O007415,2025-11-02,Walmart,W02,Completed
O007416,2025-07-21,eBay,W02,Completed
O007417,2025-10-28,Amazon,W02,Completed
O007418,2025-08-15,Amazon,W01,Completed
O007419,2025-12-12,Amazon,W02,Completed
O007420,2025-05-16,Amazon,W01,Completed
O007421,2025-05-13,Walmart,W02,Completed
O007422,2025-01-02,Walmart,W02,Completed
O007423,2025-08-24,Amazon,W03,Completed
O007424,2025-02-04,eBay,W03,Completed
O007425,2025-08-07,Amazon,W03,Completed
O007426,2025-07-01,Amazon,W01,Completed
O007427,2025-11-07,Amazon,W01,Completed
O007428,2025-02-06,Walmart,W01,Completed
O007429,2025-12-19,Amazon,W01,Completed
O007430,2025-10-19,Amazon,W03,Completed
O007431,2025-06-18,Walmart,W03,Completed
O007432,2025-09-10,Walmart,W02,Completed
O007433,2025-12-24,Amazon,W01,Completed
O007434,2025-06-30,Walmart,W01,Completed
O007435,2025-09-11,Walmart,W02,Completed
O007436,2025-01-03,Amazon,W01,Completed
O007437,2025-01-23,eBay,W03,Completed
O007438,2025-10-19,Amazon,W03,Completed
O007439,2025-11-03,Amazon,W01,Completed
O007440,2025-05-13,Amazon,W02,Completed
O007441,2025-02-03,Amazon,W02,Completed
O007442,2025-04-04,Walmart,W02,Completed
O007443,2025-03-31,Walmart,W03,Completed
O007444,2025-09-10,eBay,W03,Completed
O007445,2025-01-16,Amazon,W01,Completed
O007446,2025-02-11,Amazon,W03,Completed
O007447,2025-04-23,Amazon,W02,Completed
O007448,2025-07-30,Walmart,W02,Cancelled
O007449,2025-04-07,Walmart,W02,Completed
O007450,2025-07-07,eBay,W02,Completed
O007451,2025-06-24,Amazon,W03,Completed
O007452,2025-10-24,eBay,W02,Completed
O007453,2025-05-23,Amazon,W01,Completed
O007454,2025-04-18,eBay,W03,Completed
O007455,2025-08-16,Amazon,W02,Completed
O007456,2025-12-06,eBay,W01,Completed
O007457,2025-05-19,Walmart,W02,Completed
O007458,2025-05-17,Amazon,W03,Completed
O007459,2025-11-25,Amazon,W03,Completed
O007460,2025-07-10,eBay,W01,Completed
O007461,2025-06-10,eBay,W03,Completed
O007462,2025-10-17,Walmart,W03,Completed
O007463,2025-11-23,Amazon,W02,Completed
O007464,2025-05-31,Amazon,W02,Completed
O007465,2025-01-03,Amazon,W01,Completed
O007466,2025-11-22,Amazon,W02,Cancelled
O007467,2025-07-15,Amazon,W03,Completed
O007468,2025-01-25,Amazon,W03,Completed
O007469,2025-08-31,Walmart,W01,Completed
O007470,2025-04-30,Amazon,W03,Completed
O007471,2025-01-18,Amazon,W03,Cancelled
O007472,2025-08-28,Amazon,W02,Completed
O007473,2025-01-18,Amazon,W02,Completed
O007474,2025-10-23,Amazon,W01,Completed
O007475,2025-11-22,eBay,W01,Completed
O007476,2025-05-13,Amazon,W01,Completed
O007477,2025-05-28,Amazon,W01,Completed
O007478,2025-10-27,eBay,W02,Completed
O007479,2025-07-12,Walmart,W02,Completed
O007480,2025-12-07,Walmart,W01,Completed
O007481,2025-06-14,Walmart,W02,Completed
O007482,2025-04-01,eBay,W01,Completed
O007483,2025-11-27,Walmart,W03,Completed
O007484,2025-01-04,Amazon,W03,Completed
O007485,2025-10-14,Walmart,W02,Completed
O007486,2025-09-06,Amazon,W02,Completed
O007487,2025-04-19,Amazon,W02,Completed
O007488,2025-11-29,Walmart,W02,Completed
O007489,2025-06-07,eBay,W03,Completed
O007490,2025-05-23,Amazon,W03,Completed
O007491,2025-12-14,Amazon,W02,Completed
O007492,2025-12-05,Walmart,W01,Completed
O007493,2025-07-29,Walmart,W02,Completed
O007494,2025-01-25,Walmart,W01,Cancelled
O007495,2025-09-02,Amazon,W02,Completed
O007496,2025-10-07,Walmart,W02,Completed
O007497,2025-04-12,Walmart,W02,Completed
O007498,2025-10-30,Amazon,W02,Completed
O007499,2025-08-27,Walmart,W03,Completed
O007500,2025-11-11,Amazon,W02,Completed
O007501,2025-06-28,eBay,W02,Completed
O007502,2025-10-11,Amazon,W02,Completed
O007503,2025-12-31,Amazon,W01,Completed
O007504,2025-05-17,eBay,W01,Completed
O007505,2025-07-24,Walmart,W02,Completed
O007506,2025-11-16,eBay,W03,Completed
O007507,2025-04-01,Walmart,W03,Cancelled
O007508,2025-08-11,eBay,W02,Completed
O007509,2025-10-16,Amazon,W03,Completed
O007510,2025-01-06,Walmart,W02,Completed
O007511,2025-02-17,Amazon,W01,Completed
O007512,2025-05-05,Walmart,W03,Completed
O007513,2025-05-02,Walmart,W02,Completed
O007514,2025-09-10,eBay,W01,Completed
O007515,2025-10-31,Walmart,W01,Completed
O007516,2025-01-01,eBay,W02,Completed
O007517,2025-11-28,Amazon,W03,Completed
O007518,2025-01-31,eBay,W01,Completed
O007519,2025-02-20,eBay,W01,Completed
O007520,2025-11-21,Amazon,W01,Completed
O007521,2025-08-04,Walmart,W01,Completed
O007522,2025-09-28,eBay,W02,Completed
O007523,2025-07-25,eBay,W02,Cancelled
O007524,2025-07-07,eBay,W02,Completed
O007525,2025-10-09,Walmart,W01,Completed
O007526,2025-07-03,Walmart,W02,Completed
O007527,2025-07-11,Walmart,W02,Cancelled
O007528,2025-09-29,Walmart,W01,Cancelled
O007529,2025-12-15,eBay,W03,Completed
O007530,2025-07-26,Amazon,W02,Completed
O007531,2025-05-14,Amazon,W01,Completed
O007532,2025-09-21,Amazon,W03,Completed
O007533,2025-01-05,Walmart,W01,Completed
O007534,2025-08-12,Walmart,W01,Completed
O007535,2025-11-25,Amazon,W03,Completed
O007536,2025-12-09,Amazon,W02,Completed
O007537,2025-06-06,Amazon,W03,Completed
O007538,2025-08-02,Walmart,W03,Completed
O007539,2025-03-14,Amazon,W01,Completed
O007540,2025-08-07,eBay,W01,Completed
O007541,2025-07-09,Amazon,W01,Completed
O007542,2025-03-18,Amazon,W03,Completed
O007543,2025-05-04,Walmart,W01,Completed
O007544,2025-10-20,Walmart,W01,Completed
O007545,2025-09-17,Amazon,W01,Completed
O007546,2025-10-11,Walmart,W03,Completed
O007547,2025-10-06,Amazon,W01,Completed
O007548,2025-04-25,Amazon,W02,Completed
O007549,2025-01-24,Amazon,W02,Completed
O007550,2025-02-03,Amazon,W02,Completed
O007551,2025-03-28,eBay,W02,Completed
O007552,2025-07-21,Walmart,W02,Completed
O007553,2025-08-19,Walmart,W02,Completed
O007554,2025-08-05,eBay,W03,Completed
O007555,2025-06-03,Walmart,W01,Completed
O007556,2025-09-30,Amazon,W01,Completed
O007557,2025-05-07,Amazon,W01,Completed
O007558,2025-05-28,eBay,W02,Completed
O007559,2025-01-17,Walmart,W01,Completed
O007560,2025-02-17,Amazon,W01,Completed
O007561,2025-11-15,Walmart,W01,Completed
O007562,2025-10-29,Amazon,W01,Completed
O007563,2025-01-11,Amazon,W02,Completed
O007564,2025-09-14,Walmart,W01,Completed
O007565,2025-10-07,eBay,W02,Completed
O007566,2025-05-23,eBay,W03,Cancelled
O007567,2025-07-20,Walmart,W03,Completed
O007568,2025-07-10,Amazon,W03,Completed
O007569,2025-11-25,Walmart,W02,Completed
O007570,2025-02-10,Walmart,W01,Cancelled
O007571,2025-08-23,Amazon,W01,Completed
O007572,2025-01-02,Walmart,W01,Completed
O007573,2025-12-23,Amazon,W02,Completed
O007574,2025-02-18,eBay,W01,Completed
O007575,2025-06-18,Amazon,W02,Completed
O007576,2025-02-21,eBay,W02,Completed
O007577,2025-02-08,Amazon,W03,Completed
O007578,2025-10-09,Amazon,W02,Completed
O007579,2025-06-11,Amazon,W01,Completed
O007580,2025-12-10,Walmart,W01,Completed
O007581,2025-03-26,eBay,W03,Completed
O007582,2025-04-05,Walmart,W01,Completed
O007583,2025-05-15,Walmart,W01,Completed
O007584,2025-03-29,Walmart,W01,Completed
O007585,2025-01-29,eBay,W02,Completed
O007586,2025-07-16,Amazon,W02,Completed
O007587,2025-06-11,Walmart,W03,Completed
O007588,2025-05-22,eBay,W03,Completed
O007589,2025-10-12,eBay,W01,Completed
O007590,2025-03-04,Walmart,W02,Completed
O007591,2025-05-19,eBay,W03,Completed
O007592,2025-01-06,eBay,W02,Completed
O007593,2025-01-31,eBay,W02,Completed
O007594,2025-01-08,Amazon,W02,Completed
O007595,2025-01-02,Walmart,W02,Completed
O007596,2025-08-09,Walmart,W01,Completed
O007597,2025-06-19,eBay,W01,Completed
O007598,2025-09-25,Amazon,W02,Completed
O007599,2025-01-08,eBay,W02,Completed
O007600,2025-07-21,Amazon,W01,Completed
O007601,2025-02-28,eBay,W01,Completed
O007602,2025-08-29,Walmart,W01,Completed
O007603,2025-01-01,Walmart,W03,Cancelled
O007604,2025-10-15,Walmart,W01,Completed
O007605,2025-08-14,Amazon,W01,Completed
O007606,2025-10-02,Amazon,W01,Completed
O007607,2025-11-07,Walmart,W01,Completed
O007608,2025-04-06,Walmart,W01,Cancelled
O007609,2025-02-27,Amazon,W01,Cancelled
O007610,2025-09-19,Walmart,W01,Completed
O007611,2025-08-07,Walmart,W03,Completed
O007612,2025-12-15,Walmart,W02,Completed
O007613,2025-05-16,Walmart,W01,Completed
O007614,2025-06-08,Amazon,W01,Completed
O007615,2025-03-06,Amazon,W01,Completed
O007616,2025-04-16,Walmart,W01,Completed
O007617,2025-09-02,Amazon,W02,Completed
O007618,2025-08-20,eBay,W01,Completed
O007619,2025-06-11,Amazon,W02,Completed
O007620,2025-04-20,Walmart,W02,Completed
O007621,2025-05-30,eBay,W03,Completed
O007622,2025-04-08,eBay,W03,Completed
O007623,2025-12-14,Amazon,W01,Completed
O007624,2025-02-17,eBay,W03,Completed
O007625,2025-07-26,Walmart,W03,Completed
O007626,2025-02-25,Walmart,W01,Completed
O007627,2025-11-29,eBay,W01,Completed
O007628,2025-10-08,Amazon,W02,Completed
O007629,2025-10-12,Walmart,W02,Completed
O007630,2025-01-03,Amazon,W01,Completed
O007631,2025-01-06,Amazon,W01,Completed
O007632,2025-07-19,eBay,W03,Completed
O007633,2025-02-16,Amazon,W02,Completed
O007634,2025-06-08,Walmart,W02,Completed
O007635,2025-05-06,eBay,W01,Completed
O007636,2025-01-10,Amazon,W02,Cancelled
O007637,2025-06-20,eBay,W01,Completed
O007638,2025-08-31,Walmart,W01,Completed
O007639,2025-07-11,Walmart,W01,Completed
O007640,2025-03-08,Amazon,W03,Completed
O007641,2025-12-09,Walmart,W02,Completed
O007642,2025-10-31,Walmart,W03,Completed
O007643,2025-11-21,Amazon,W03,Completed
O007644,2025-08-06,Amazon,W01,Completed
O007645,2025-08-27,eBay,W02,Completed
O007646,2025-08-06,Walmart,W03,Completed
O007647,2025-05-25,Amazon,W02,Completed
O007648,2025-08-29,eBay,W02,Completed
O007649,2025-01-25,Walmart,W01,Completed
O007650,2025-08-28,Amazon,W03,Completed
O007651,2025-03-16,Amazon,W02,Completed
O007652,2025-05-18,eBay,W01,Completed
O007653,2025-11-16,Walmart,W01,Completed
O007654,2025-11-27,Amazon,W03,Completed
O007655,2025-08-19,Walmart,W02,Completed
O007656,2025-04-05,Walmart,W01,Completed
O007657,2025-01-21,Amazon,W01,Completed
O007658,2025-10-14,Walmart,W02,Completed
O007659,2025-04-04,Walmart,W01,Completed
O007660,2025-07-04,Walmart,W02,Completed
O007661,2025-11-29,eBay,W01,Completed
O007662,2025-02-07,Walmart,W03,Completed
O007663,2025-08-24,Walmart,W01,Completed
O007664,2025-08-13,eBay,W03,Completed
O007665,2025-11-14,Amazon,W01,Completed
O007666,2025-08-22,Amazon,W03,Completed
O007667,2025-04-03,Amazon,W03,Completed
O007668,2025-06-18,Walmart,W02,Completed
O007669,2025-12-19,Amazon,W03,Completed
O007670,2025-02-02,Walmart,W02,Completed
O007671,2025-04-28,Walmart,W02,Completed
O007672,2025-11-19,Amazon,W01,Completed
O007673,2025-03-15,Walmart,W02,Completed
O007674,2025-11-14,eBay,W02,Completed
O007675,2025-05-30,Amazon,W02,Completed
O007676,2025-03-11,eBay,W01,Completed
O007677,2025-09-13,eBay,W01,Completed
O007678,2025-05-08,Amazon,W03,Completed
O007679,2025-07-28,eBay,W01,Completed
O007680,2025-04-28,eBay,W01,Completed
O007681,2025-12-17,Amazon,W01,Completed
O007682,2025-08-26,eBay,W03,Completed
O007683,2025-05-21,Amazon,W01,Completed
O007684,2025-04-12,Walmart,W03,Completed
O007685,2025-07-31,eBay,W03,Completed
O007686,2025-02-07,Amazon,W03,Completed
O007687,2025-12-05,Amazon,W02,Completed
O007688,2025-01-02,Amazon,W01,Completed
O007689,2025-06-11,Amazon,W01,Completed
O007690,2025-02-18,Amazon,W03,Completed
O007691,2025-02-03,eBay,W01,Completed
O007692,2025-10-22,eBay,W02,Completed
O007693,2025-11-21,Walmart,W03,Completed
O007694,2025-11-22,Walmart,W02,Completed
O007695,2025-05-04,Amazon,W02,Completed
O007696,2025-03-25,Walmart,W02,Completed
O007697,2025-01-01,eBay,W02,Completed
O007698,2025-04-25,Amazon,W03,Completed
O007699,2025-12-27,Walmart,W01,Completed
O007700,2025-02-09,Amazon,W03,Cancelled
O007701,2025-10-17,Amazon,W01,Completed
O007702,2025-06-23,Walmart,W02,Completed
O007703,2025-05-01,Walmart,W01,Completed
O007704,2025-07-15,Amazon,W01,Completed
O007705,2025-02-05,eBay,W01,Completed
O007706,2025-08-07,Amazon,W03,Completed
O007707,2025-09-23,Walmart,W02,Completed
O007708,2025-12-07,Amazon,W01,Completed
O007709,2025-10-03,Amazon,W01,Completed
O007710,2025-04-18,Amazon,W02,Completed
O007711,2025-09-18,Amazon,W01,Completed
O007712,2025-10-25,Amazon,W02,Completed
O007713,2025-11-09,Amazon,W02,Completed
O007714,2025-09-09,Amazon,W02,Cancelled
O007715,2025-11-23,eBay,W03,Completed
O007716,2025-09-20,Amazon,W03,Completed
O007717,2025-12-18,Walmart,W01,Completed
O007718,2025-01-27,Amazon,W01,Completed
O007719,2025-11-02,Walmart,W03,Cancelled
O007720,2025-04-14,Walmart,W01,Completed
O007721,2025-04-15,eBay,W02,Completed
O007722,2025-08-22,Walmart,W02,Completed
O007723,2025-08-26,Amazon,W01,Completed
O007724,2025-06-05,Amazon,W03,Completed
O007725,2025-12-09,eBay,W01,Completed
O007726,2025-02-13,eBay,W01,Completed
O007727,2025-12-03,Walmart,W02,Completed
O007728,2025-10-18,Walmart,W01,Completed
O007729,2025-05-24,Walmart,W01,Completed
O007730,2025-07-16,Amazon,W01,Completed
O007731,2025-10-29,Amazon,W03,Completed
O007732,2025-01-02,eBay,W02,Completed
O007733,2025-05-10,Walmart,W02,Completed
O007734,2025-08-13,Amazon,W03,Completed
O007735,2025-11-21,Amazon,W01,Completed
O007736,2025-01-23,Walmart,W02,Completed
O007737,2025-03-10,Amazon,W01,Cancelled
O007738,2025-11-14,eBay,W01,Completed
O007739,2025-07-24,Amazon,W01,Completed
O007740,2025-05-26,Amazon,W01,Completed
O007741,2025-03-14,Walmart,W01,Completed
O007742,2025-04-25,Walmart,W01,Completed
O007743,2025-08-09,Amazon,W03,Completed
O007744,2025-09-05,Walmart,W01,Completed
O007745,2025-11-12,Amazon,W01,Completed
O007746,2025-05-10,eBay,W01,Completed
O007747,2025-09-04,Amazon,W02,Completed
O007748,2025-01-27,Amazon,W01,Completed
O007749,2025-05-12,Walmart,W03,Completed
O007750,2025-01-26,eBay,W01,Completed
O007751,2025-08-04,Amazon,W01,Completed
O007752,2025-08-09,Amazon,W02,Completed
O007753,2025-01-13,Amazon,W01,Completed
O007754,2025-01-24,Walmart,W01,Completed
O007755,2025-03-22,Amazon,W01,Completed
O007756,2025-05-27,eBay,W01,Completed
O007757,2025-06-25,Walmart,W01,Completed
O007758,2025-04-05,Amazon,W01,Completed
O007759,2025-08-05,Amazon,W02,Completed
O007760,2025-02-02,Walmart,W01,Cancelled
O007761,2025-05-04,Amazon,W01,Completed
O007762,2025-03-22,Amazon,W01,Completed
O007763,2025-05-13,Walmart,W01,Completed
O007764,2025-04-14,Walmart,W01,Completed
O007765,2025-10-07,Amazon,W02,Completed
O007766,2025-11-25,eBay,W01,Completed
O007767,2025-03-06,Amazon,W02,Completed
O007768,2025-10-01,Amazon,W03,Completed
O007769,2025-02-25,Walmart,W02,Completed
O007770,2025-07-04,Amazon,W01,Completed
O007771,2025-03-23,Amazon,W01,Completed
O007772,2025-05-30,Walmart,W03,Completed
O007773,2025-12-17,eBay,W01,Completed
O007774,2025-03-10,Amazon,W01,Completed
O007775,2025-07-26,Walmart,W01,Completed
O007776,2025-07-13,Amazon,W01,Completed
O007777,2025-03-29,eBay,W03,Completed
O007778,2025-07-18,Walmart,W02,Completed
O007779,2025-06-12,Walmart,W01,Completed
O007780,2025-01-25,Walmart,W02,Completed
O007781,2025-05-21,Walmart,W03,Completed
O007782,2025-09-15,Amazon,W01,Completed
O007783,2025-12-02,Amazon,W01,Completed
O007784,2025-07-02,Amazon,W01,Completed
O007785,2025-04-27,Amazon,W02,Completed
O007786,2025-11-04,Amazon,W01,Completed
O007787,2025-09-03,Amazon,W03,Completed
O007788,2025-05-27,eBay,W02,Completed
O007789,2025-01-14,Amazon,W02,Completed
O007790,2025-02-14,Amazon,W01,Completed
O007791,2025-03-14,eBay,W01,Completed
O007792,2025-03-04,Walmart,W01,Cancelled
O007793,2025-03-23,Amazon,W03,Completed
O007794,2025-05-12,Amazon,W02,Completed
O007795,2025-10-31,Amazon,W02,Completed
O007796,2025-09-24,Amazon,W01,Completed
O007797,2025-11-22,Amazon,W01,Completed
O007798,2025-04-19,Walmart,W03,Completed
O007799,2025-01-12,Walmart,W03,Completed
O007800,2025-12-03,Amazon,W02,Completed
O007801,2025-08-24,Walmart,W03,Completed
O007802,2025-04-24,Amazon,W02,Completed
O007803,2025-02-20,Walmart,W02,Completed
O007804,2025-01-09,Walmart,W02,Completed
O007805,2025-06-12,eBay,W03,Completed
O007806,2025-05-06,Amazon,W01,Completed
O007807,2025-01-27,Amazon,W03,Completed
O007808,2025-02-09,eBay,W01,Completed
O007809,2025-05-28,Amazon,W02,Completed
O007810,2025-05-05,Amazon,W01,Completed
O007811,2025-01-28,Amazon,W01,Completed
O007812,2025-10-28,Amazon,W03,Completed
O007813,2025-12-26,Amazon,W02,Completed
O007814,2025-12-22,Amazon,W03,Completed
O007815,2025-02-14,eBay,W01,Completed
O007816,2025-03-01,Amazon,W01,Completed
O007817,2025-10-12,Amazon,W01,Cancelled
O007818,2025-10-07,Walmart,W01,Completed
O007819,2025-09-11,Walmart,W03,Completed
O007820,2025-12-02,Walmart,W02,Completed
O007821,2025-03-28,Amazon,W03,Completed
O007822,2025-11-10,Walmart,W02,Completed
O007823,2025-12-07,Amazon,W01,Completed
O007824,2025-10-28,Amazon,W01,Completed
O007825,2025-08-11,Amazon,W02,Completed
O007826,2025-06-13,Walmart,W03,Completed
O007827,2025-05-05,Walmart,W01,Completed
O007828,2025-01-08,Walmart,W01,Completed
O007829,2025-10-02,Amazon,W02,Completed
O007830,2025-02-02,Walmart,W01,Completed
O007831,2025-05-02,Walmart,W02,Completed
O007832,2025-07-28,eBay,W03,Completed
O007833,2025-08-01,eBay,W01,Completed
O007834,2025-04-30,eBay,W02,Completed
O007835,2025-02-03,Amazon,W02,Completed
O007836,2025-02-28,Amazon,W01,Completed
O007837,2025-07-04,Walmart,W01,Completed
O007838,2025-09-18,Amazon,W01,Completed
O007839,2025-09-18,eBay,W01,Completed
O007840,2025-01-10,Amazon,W02,Completed
O007841,2025-12-20,Amazon,W01,Completed
O007842,2025-08-12,Walmart,W01,Completed
O007843,2025-04-21,Amazon,W03,Completed
O007844,2025-09-15,Walmart,W01,Completed
O007845,2025-09-11,Amazon,W01,Completed
O007846,2025-03-23,Walmart,W03,Cancelled
O007847,2025-04-02,Walmart,W01,Completed
O007848,2025-07-01,Walmart,W01,Completed
O007849,2025-04-30,Walmart,W03,Completed
O007850,2025-08-01,eBay,W03,Completed
O007851,2025-04-05,Amazon,W01,Completed
O007852,2025-10-29,eBay,W01,Completed
O007853,2025-07-12,eBay,W03,Completed
O007854,2025-10-24,Amazon,W02,Completed
O007855,2025-04-14,eBay,W01,Completed
O007856,2025-03-14,eBay,W01,Completed
O007857,2025-11-17,Amazon,W01,Completed
O007858,2025-09-12,Amazon,W02,Completed
O007859,2025-10-09,Amazon,W01,Completed
O007860,2025-03-29,Amazon,W01,Completed
O007861,2025-09-24,Amazon,W02,Completed
O007862,2025-04-18,eBay,W01,Completed
O007863,2025-11-26,eBay,W03,Completed
O007864,2025-04-28,Amazon,W01,Completed
O007865,2025-11-20,eBay,W01,Completed
O007866,2025-01-02,Amazon,W03,Completed
O007867,2025-03-23,Amazon,W01,Completed
O007868,2025-09-23,Amazon,W03,Completed
O007869,2025-10-31,Walmart,W03,Completed
O007870,2025-09-24,Walmart,W02,Completed
O007871,2025-06-27,Walmart,W01,Completed
O007872,2025-02-11,Walmart,W01,Completed
O007873,2025-03-12,eBay,W03,Completed
O007874,2025-07-07,eBay,W01,Completed
O007875,2025-12-14,eBay,W01,Completed
O007876,2025-08-19,Walmart,W03,Completed
O007877,2025-02-21,eBay,W01,Completed
O007878,2025-01-25,Walmart,W02,Completed
O007879,2025-02-27,Amazon,W03,Completed
O007880,2025-06-01,eBay,W01,Completed
O007881,2025-12-02,Amazon,W01,Completed
O007882,2025-08-07,Amazon,W02,Completed
O007883,2025-02-06,Amazon,W01,Completed
O007884,2025-10-04,Amazon,W01,Completed
O007885,2025-10-20,Amazon,W03,Completed
O007886,2025-03-13,Walmart,W01,Completed
O007887,2025-10-23,Walmart,W03,Completed
O007888,2025-08-26,Walmart,W01,Completed
O007889,2025-01-15,Walmart,W01,Completed
O007890,2025-06-22,Amazon,W03,Completed
O007891,2025-05-07,Amazon,W02,Completed
O007892,2025-05-26,Amazon,W02,Completed
O007893,2025-11-30,Amazon,W01,Completed
O007894,2025-10-02,eBay,W02,Completed
O007895,2025-06-17,Walmart,W02,Completed
O007896,2025-12-23,Amazon,W01,Completed
O007897,2025-11-04,eBay,W01,Completed
O007898,2025-06-30,Amazon,W03,Completed
O007899,2025-02-28,eBay,W02,Completed
O007900,2025-04-25,Amazon,W02,Completed
O007901,2025-05-20,eBay,W02,Completed
O007902,2025-02-17,Walmart,W02,Completed
O007903,2025-05-10,Walmart,W02,Completed
O007904,2025-06-21,Walmart,W01,Completed
O007905,2025-08-05,Amazon,W02,Completed
O007906,2025-03-24,eBay,W02,Cancelled
O007907,2025-07-26,Amazon,W01,Completed
O007908,2025-10-05,Amazon,W01,Completed
O007909,2025-05-07,Walmart,W02,Completed
O007910,2025-08-15,eBay,W02,Completed
O007911,2025-11-10,Amazon,W02,Completed
O007912,2025-01-02,Amazon,W02,Completed
O007913,2025-06-16,Walmart,W01,Cancelled
O007914,2025-01-30,eBay,W02,Completed
O007915,2025-08-09,Amazon,W02,Completed
O007916,2025-06-26,Amazon,W01,Completed
O007917,2025-10-19,Walmart,W01,Completed
O007918,2025-07-29,Walmart,W02,Completed
O007919,2025-05-22,eBay,W01,Completed
O007920,2025-03-23,Amazon,W01,Completed
O007921,2025-10-17,Amazon,W01,Completed
O007922,2025-06-10,Amazon,W01,Completed
O007923,2025-10-20,Walmart,W01,Completed
O007924,2025-07-16,eBay,W03,Completed
O007925,2025-06-23,eBay,W01,Completed
O007926,2025-08-18,Amazon,W03,Completed
O007927,2025-10-20,eBay,W03,Completed
O007928,2025-03-16,Amazon,W03,Completed
O007929,2025-06-13,Amazon,W03,Completed
O007930,2025-10-07,eBay,W01,Completed
O007931,2025-07-20,Amazon,W01,Completed
O007932,2025-01-08,Amazon,W03,Completed
O007933,2025-10-21,eBay,W02,Completed
O007934,2025-10-28,eBay,W01,Completed
O007935,2025-03-11,Amazon,W02,Completed
O007936,2025-09-08,Walmart,W01,Completed
O007937,2025-04-28,Walmart,W03,Completed
O007938,2025-06-18,Amazon,W02,Completed
O007939,2025-04-17,Walmart,W02,Completed
O007940,2025-04-11,Amazon,W02,Cancelled
O007941,2025-08-11,Walmart,W01,Completed
O007942,2025-12-06,Walmart,W01,Completed
O007943,2025-06-03,eBay,W01,Completed
O007944,2025-02-28,Amazon,W02,Completed
O007945,2025-12-16,eBay,W01,Completed
O007946,2025-07-19,Amazon,W01,Completed
O007947,2025-06-19,eBay,W01,Completed
O007948,2025-05-27,Amazon,W03,Completed
O007949,2025-02-23,Amazon,W02,Completed
O007950,2025-09-15,Amazon,W03,Completed
O007951,2025-01-30,Amazon,W03,Completed
O007952,2025-12-04,Amazon,W01,Completed
O007953,2025-06-23,eBay,W03,Completed
O007954,2025-06-28,Amazon,W03,Completed
O007955,2025-12-22,Amazon,W02,Completed
O007956,2025-04-10,Amazon,W02,Completed
O007957,2025-10-19,Amazon,W02,Completed
O007958,2025-07-29,Amazon,W02,Completed
O007959,2025-10-24,Walmart,W02,Completed
O007960,2025-08-23,Amazon,W03,Completed
O007961,2025-03-27,Walmart,W01,Completed
O007962,2025-08-18,Walmart,W01,Cancelled
O007963,2025-03-20,Walmart,W03,Completed
O007964,2025-05-08,Amazon,W02,Completed
O007965,2025-07-28,eBay,W02,Completed
O007966,2025-06-21,Walmart,W02,Completed
O007967,2025-11-25,Walmart,W01,Completed
O007968,2025-11-04,eBay,W02,Completed
O007969,2025-07-01,Walmart,W03,Completed
O007970,2025-10-06,Amazon,W01,Completed
O007971,2025-10-03,Amazon,W01,Completed
O007972,2025-10-04,Amazon,W01,Completed
O007973,2025-03-12,eBay,W03,Cancelled
O007974,2025-10-16,Walmart,W03,Completed
O007975,2025-03-17,Walmart,W01,Completed
O007976,2025-11-01,Amazon,W01,Completed
O007977,2025-11-05,Amazon,W02,Cancelled
O007978,2025-12-29,Walmart,W01,Completed
O007979,2025-08-22,Walmart,W02,Completed
O007980,2025-11-26,Amazon,W02,Completed
O007981,2025-06-09,Walmart,W01,Completed
O007982,2025-11-20,Amazon,W01,Completed
O007983,2025-11-16,Amazon,W03,Completed
O007984,2025-01-17,eBay,W03,Completed
O007985,2025-03-26,Walmart,W03,Completed
O007986,2025-04-16,Amazon,W02,Cancelled
O007987,2025-02-25,Walmart,W01,Completed
O007988,2025-12-29,eBay,W03,Completed
O007989,2025-05-04,Amazon,W01,Completed
O007990,2025-11-14,Amazon,W01,Completed
O007991,2025-08-06,eBay,W02,Completed
O007992,2025-10-27,Walmart,W01,Completed
O007993,2025-03-27,Walmart,W03,Completed
O007994,2025-03-11,Walmart,W03,Completed
O007995,2025-08-26,Walmart,W01,Completed
O007996,2025-07-02,Amazon,W03,Completed
O007997,2025-06-16,eBay,W03,Completed
O007998,2025-09-28,Amazon,W03,Completed
O007999,2025-06-03,Amazon,W01,Completed
O008000,2025-10-17,Walmart,W02,Cancelled
O008001,2025-08-03,Walmart,W01,Completed
O008002,2025-07-11,Amazon,W01,Completed
O008003,2025-04-04,Amazon,W02,Completed
O008004,2025-06-23,Amazon,W01,Completed
O008005,2025-11-23,eBay,W01,Completed
O008006,2025-09-06,Amazon,W02,Completed
O008007,2025-08-18,Walmart,W02,Completed
O008008,2025-10-10,Amazon,W02,Completed
O008009,2025-04-18,eBay,W01,Completed
O008010,2025-12-04,Amazon,W01,Completed
O008011,2025-09-19,Amazon,W02,Cancelled
O008012,2025-04-22,Amazon,W02,Completed
O008013,2025-10-16,eBay,W02,Completed
O008014,2025-02-03,eBay,W01,Completed
O008015,2025-10-28,Amazon,W02,Completed
O008016,2025-01-31,Walmart,W01,Completed
O008017,2025-03-10,Walmart,W01,Completed
O008018,2025-05-12,eBay,W02,Completed
O008019,2025-09-20,Amazon,W02,Completed
O008020,2025-05-23,eBay,W01,Completed
O008021,2025-06-24,eBay,W03,Completed
O008022,2025-11-23,Amazon,W02,Completed
O008023,2025-02-23,eBay,W01,Completed
O008024,2025-03-09,Walmart,W03,Completed
O008025,2025-02-20,eBay,W01,Completed
O008026,2025-12-15,Amazon,W01,Completed
O008027,2025-11-04,Amazon,W01,Completed
O008028,2025-04-16,Amazon,W03,Completed
O008029,2025-06-10,eBay,W01,Completed
O008030,2025-12-18,Walmart,W01,Completed
O008031,2025-04-01,Walmart,W01,Completed
O008032,2025-12-04,Walmart,W01,Completed
O008033,2025-07-22,Walmart,W02,Completed
O008034,2025-03-19,eBay,W01,Completed
O008035,2025-06-13,Walmart,W01,Completed
O008036,2025-09-23,Amazon,W03,Completed
O008037,2025-10-28,Walmart,W01,Completed
O008038,2025-07-05,Walmart,W01,Completed
O008039,2025-01-07,Amazon,W03,Completed
O008040,2025-08-09,eBay,W02,Completed
O008041,2025-07-11,Amazon,W03,Completed
O008042,2025-03-06,Walmart,W01,Completed
O008043,2025-05-06,Amazon,W01,Completed
O008044,2025-03-30,eBay,W02,Completed
O008045,2025-04-27,eBay,W01,Completed
O008046,2025-03-29,Amazon,W03,Completed
O008047,2025-08-15,Walmart,W03,Completed
O008048,2025-06-03,Walmart,W03,Completed
O008049,2025-07-17,Walmart,W03,Completed
O008050,2025-05-25,Walmart,W02,Cancelled
O008051,2025-04-24,eBay,W01,Completed
O008052,2025-02-10,Amazon,W02,Completed
O008053,2025-09-14,eBay,W01,Completed
O008054,2025-07-22,Amazon,W03,Completed
O008055,2025-02-19,Amazon,W02,Completed
O008056,2025-11-04,Walmart,W02,Completed
O008057,2025-11-11,Walmart,W03,Completed
O008058,2025-10-05,Amazon,W03,Completed
O008059,2025-09-19,eBay,W03,Completed
O008060,2025-08-18,Amazon,W01,Completed
O008061,2025-03-18,Walmart,W03,Completed
O008062,2025-08-30,Walmart,W03,Completed
O008063,2025-02-07,Walmart,W02,Completed
O008064,2025-03-23,eBay,W01,Completed
O008065,2025-09-21,Walmart,W03,Completed
O008066,2025-05-09,Amazon,W03,Completed
O008067,2025-07-09,Amazon,W03,Completed
O008068,2025-10-01,Amazon,W01,Completed
O008069,2025-06-03,Amazon,W01,Completed
O008070,2025-03-01,Walmart,W03,Completed
O008071,2025-12-05,Amazon,W01,Completed
O008072,2025-10-22,Amazon,W03,Completed
O008073,2025-11-18,Amazon,W01,Completed
O008074,2025-02-06,Amazon,W01,Completed
O008075,2025-09-26,eBay,W01,Completed
O008076,2025-10-23,Walmart,W03,Completed
O008077,2025-12-06,Amazon,W02,Completed
O008078,2025-09-13,Amazon,W02,Cancelled
O008079,2025-10-06,Amazon,W02,Completed
O008080,2025-07-25,eBay,W02,Cancelled
O008081,2025-03-08,Walmart,W01,Completed
O008082,2025-06-05,eBay,W03,Completed
O008083,2025-07-05,Walmart,W02,Completed
O008084,2025-09-15,Walmart,W01,Completed
O008085,2025-11-09,Amazon,W02,Completed
O008086,2025-04-27,Walmart,W02,Completed
O008087,2025-11-20,Walmart,W01,Completed
O008088,2025-08-26,Amazon,W03,Completed
O008089,2025-11-28,Walmart,W02,Cancelled
O008090,2025-10-20,Walmart,W02,Completed
O008091,2025-04-04,Walmart,W01,Completed
O008092,2025-05-23,Amazon,W03,Completed
O008093,2025-08-22,Walmart,W03,Completed
O008094,2025-09-23,Walmart,W02,Completed
O008095,2025-11-19,eBay,W03,Completed
O008096,2025-12-09,Amazon,W01,Completed
O008097,2025-02-20,eBay,W01,Cancelled
O008098,2025-06-19,Amazon,W02,Completed
O008099,2025-02-15,eBay,W02,Completed
O008100,2025-07-02,eBay,W02,Completed
O008101,2025-07-20,Walmart,W02,Completed
O008102,2025-01-07,eBay,W03,Completed
O008103,2025-08-10,Amazon,W02,Completed
O008104,2025-10-22,Amazon,W01,Cancelled
O008105,2025-11-09,Walmart,W02,Completed
O008106,2025-10-24,Walmart,W01,Completed
O008107,2025-01-25,Walmart,W01,Completed
O008108,2025-09-16,eBay,W02,Completed
O008109,2025-11-27,Amazon,W02,Completed
O008110,2025-11-17,eBay,W02,Completed
O008111,2025-12-17,eBay,W01,Completed
O008112,2025-01-11,Walmart,W02,Completed
O008113,2025-04-08,Walmart,W01,Completed
O008114,2025-05-20,Walmart,W03,Completed
O008115,2025-01-01,Amazon,W03,Cancelled
O008116,2025-04-18,Walmart,W01,Completed
O008117,2025-10-02,eBay,W02,Completed
O008118,2025-12-20,Walmart,W02,Completed
O008119,2025-12-31,Amazon,W02,Completed
O008120,2025-06-26,Walmart,W03,Completed
O008121,2025-09-11,eBay,W03,Completed
O008122,2025-01-07,Amazon,W03,Completed
O008123,2025-05-11,Amazon,W02,Completed
O008124,2025-08-05,eBay,W01,Completed
O008125,2025-04-03,Amazon,W03,Completed
O008126,2025-03-07,Amazon,W02,Completed
O008127,2025-12-30,Amazon,W01,Completed
O008128,2025-03-20,Walmart,W02,Completed
O008129,2025-09-26,eBay,W01,Completed
O008130,2025-12-01,Walmart,W01,Completed
O008131,2025-05-20,Walmart,W02,Completed
O008132,2025-05-05,Amazon,W02,Completed
O008133,2025-07-23,Walmart,W01,Completed
O008134,2025-10-12,Amazon,W03,Completed
O008135,2025-01-30,eBay,W01,Completed
O008136,2025-12-19,Walmart,W03,Completed
O008137,2025-03-25,Walmart,W01,Completed
O008138,2025-12-27,Amazon,W01,Completed
O008139,2025-12-27,Amazon,W03,Completed
O008140,2025-12-07,Walmart,W01,Completed
O008141,2025-10-05,Amazon,W01,Completed
O008142,2025-07-28,Walmart,W01,Completed
O008143,2025-02-19,eBay,W03,Completed
O008144,2025-09-10,eBay,W01,Completed
O008145,2025-07-07,Amazon,W02,Completed
O008146,2025-07-26,Walmart,W02,Completed
O008147,2025-10-10,Walmart,W01,Completed
O008148,2025-01-02,eBay,W01,Completed
O008149,2025-11-19,eBay,W02,Completed
O008150,2025-06-24,Amazon,W03,Completed
O008151,2025-04-06,eBay,W02,Completed
O008152,2025-11-22,Amazon,W03,Completed
O008153,2025-03-16,Amazon,W01,Completed
O008154,2025-07-31,eBay,W02,Completed
O008155,2025-02-04,Walmart,W01,Completed
O008156,2025-02-19,Walmart,W03,Completed
O008157,2025-01-19,Amazon,W02,Completed
O008158,2025-09-12,Amazon,W01,Completed
O008159,2025-04-18,eBay,W03,Completed
O008160,2025-04-05,Amazon,W01,Completed
O008161,2025-05-10,eBay,W01,Completed
O008162,2025-07-01,eBay,W02,Completed
O008163,2025-03-27,Amazon,W01,Completed
O008164,2025-02-11,Amazon,W01,Completed
O008165,2025-05-20,Walmart,W03,Completed
O008166,2025-02-25,Walmart,W02,Completed
O008167,2025-10-15,Amazon,W02,Completed
O008168,2025-07-23,eBay,W03,Completed
O008169,2025-05-22,eBay,W03,Completed
O008170,2025-09-04,Walmart,W01,Completed
O008171,2025-11-30,Amazon,W03,Completed
O008172,2025-05-03,Walmart,W01,Completed
O008173,2025-06-06,eBay,W01,Completed
O008174,2025-02-13,Amazon,W02,Completed
O008175,2025-12-29,eBay,W02,Completed
O008176,2025-12-14,Walmart,W02,Completed
O008177,2025-01-29,Amazon,W01,Completed
O008178,2025-07-15,Amazon,W02,Completed
O008179,2025-05-04,Walmart,W02,Completed
O008180,2025-04-05,eBay,W02,Completed
O008181,2025-08-22,Walmart,W01,Completed
O008182,2025-11-11,eBay,W02,Completed
O008183,2025-03-05,Walmart,W02,Completed
O008184,2025-05-02,Amazon,W01,Completed
O008185,2025-05-09,Amazon,W01,Completed
O008186,2025-08-10,eBay,W02,Completed
O008187,2025-12-24,eBay,W01,Completed
O008188,2025-03-12,Amazon,W01,Cancelled
O008189,2025-12-18,Amazon,W01,Completed
O008190,2025-08-03,Amazon,W03,Completed
O008191,2025-03-09,Walmart,W01,Completed
O008192,2025-12-20,Walmart,W01,Completed
O008193,2025-11-28,Amazon,W02,Completed
O008194,2025-01-11,Amazon,W02,Completed
O008195,2025-05-12,Amazon,W01,Completed
O008196,2025-03-04,Amazon,W01,Completed
O008197,2025-05-09,Walmart,W01,Completed
O008198,2025-01-08,eBay,W01,Completed
O008199,2025-05-19,Amazon,W01,Completed
O008200,2025-08-23,Walmart,W01,Completed
O008201,2025-11-20,Walmart,W02,Completed
O008202,2025-10-02,eBay,W03,Cancelled
O008203,2025-06-23,Amazon,W02,Completed
O008204,2025-09-15,Walmart,W02,Completed
O008205,2025-09-07,eBay,W03,Completed
O008206,2025-03-08,Amazon,W02,Completed
O008207,2025-07-18,eBay,W01,Completed
O008208,2025-12-03,Walmart,W03,Cancelled
O008209,2025-10-03,eBay,W02,Completed
O008210,2025-09-19,Walmart,W02,Completed
O008211,2025-10-23,Walmart,W01,Completed
O008212,2025-08-13,Amazon,W02,Completed
O008213,2025-09-12,Amazon,W03,Completed
O008214,2025-10-06,Amazon,W02,Completed
O008215,2025-03-20,Amazon,W03,Completed
O008216,2025-01-19,Amazon,W02,Completed
O008217,2025-11-20,Amazon,W03,Completed
O008218,2025-07-01,Amazon,W01,Completed
O008219,2025-07-03,Walmart,W02,Completed
O008220,2025-06-05,Amazon,W02,Completed
O008221,2025-06-27,Amazon,W02,Completed
O008222,2025-11-12,Walmart,W02,Completed
O008223,2025-07-31,Amazon,W02,Completed
O008224,2025-07-07,Walmart,W03,Completed
O008225,2025-04-25,Amazon,W02,Completed
O008226,2025-06-27,Amazon,W01,Completed
O008227,2025-11-24,Walmart,W02,Completed
O008228,2025-07-13,Amazon,W02,Completed
O008229,2025-10-02,eBay,W01,Completed
O008230,2025-01-26,eBay,W01,Completed
O008231,2025-02-01,Walmart,W02,Completed
O008232,2025-05-17,Amazon,W02,Completed
O008233,2025-06-01,Walmart,W03,Completed
O008234,2025-08-28,Walmart,W03,Completed
O008235,2025-10-30,Amazon,W02,Completed
O008236,2025-03-15,eBay,W02,Completed
O008237,2025-08-19,Amazon,W01,Completed
O008238,2025-07-22,eBay,W02,Completed
O008239,2025-06-16,Amazon,W01,Completed
O008240,2025-09-16,Walmart,W02,Completed
O008241,2025-05-08,Amazon,W02,Completed
O008242,2025-10-17,Walmart,W01,Completed
O008243,2025-11-06,Amazon,W02,Completed
O008244,2025-05-12,eBay,W01,Completed
O008245,2025-11-24,Amazon,W02,Completed
O008246,2025-11-16,Amazon,W03,Completed
O008247,2025-07-27,Walmart,W02,Completed
O008248,2025-08-23,eBay,W01,Completed
O008249,2025-09-27,Amazon,W03,Completed
O008250,2025-10-27,Amazon,W02,Cancelled
O008251,2025-02-09,eBay,W03,Completed
O008252,2025-03-13,Walmart,W03,Completed
O008253,2025-01-20,eBay,W01,Completed
O008254,2025-08-04,Amazon,W01,Completed
O008255,2025-07-08,Walmart,W01,Completed
O008256,2025-08-05,Walmart,W03,Completed
O008257,2025-07-11,eBay,W01,Completed
O008258,2025-11-08,Amazon,W01,Completed
O008259,2025-11-23,Walmart,W03,Completed
O008260,2025-02-26,Amazon,W02,Completed
O008261,2025-02-28,eBay,W01,Completed
O008262,2025-06-20,Amazon,W02,Completed
O008263,2025-06-06,eBay,W02,Completed
O008264,2025-06-03,Amazon,W02,Completed
O008265,2025-09-18,eBay,W01,Completed
O008266,2025-06-12,Amazon,W01,Completed
O008267,2025-12-09,eBay,W02,Completed
O008268,2025-04-23,Amazon,W03,Completed
O008269,2025-08-13,Walmart,W03,Completed
O008270,2025-12-31,eBay,W01,Completed
O008271,2025-07-19,Walmart,W01,Completed
O008272,2025-03-01,Amazon,W02,Completed
O008273,2025-08-29,eBay,W02,Completed
O008274,2025-01-10,eBay,W01,Completed
O008275,2025-04-18,Amazon,W01,Completed
O008276,2025-08-30,Amazon,W03,Completed
O008277,2025-02-27,Amazon,W01,Completed
O008278,2025-06-21,Amazon,W01,Completed
O008279,2025-03-28,Amazon,W01,Completed
O008280,2025-01-04,Walmart,W02,Completed
O008281,2025-03-18,Amazon,W01,Completed
O008282,2025-04-07,eBay,W02,Completed
O008283,2025-12-24,Amazon,W01,Completed
O008284,2025-02-14,Amazon,W02,Completed
O008285,2025-09-18,Walmart,W02,Cancelled
O008286,2025-09-25,Walmart,W01,Completed
O008287,2025-10-01,eBay,W03,Completed
O008288,2025-10-10,Walmart,W03,Completed
O008289,2025-08-15,Amazon,W03,Completed
O008290,2025-12-23,Amazon,W03,Completed
O008291,2025-12-26,Amazon,W02,Completed
O008292,2025-01-15,Amazon,W01,Completed
O008293,2025-06-08,Walmart,W02,Completed
O008294,2025-01-11,Amazon,W01,Completed
O008295,2025-10-14,Walmart,W02,Cancelled
O008296,2025-09-26,Walmart,W01,Completed
O008297,2025-01-09,eBay,W02,Completed
O008298,2025-01-16,Amazon,W03,Completed
O008299,2025-11-21,Amazon,W02,Completed
O008300,2025-12-12,Amazon,W03,Completed
O008301,2025-09-24,Amazon,W03,Completed
O008302,2025-08-18,Amazon,W02,Completed
O008303,2025-02-14,Amazon,W02,Completed
O008304,2025-07-25,Walmart,W02,Completed
O008305,2025-06-10,Amazon,W02,Completed
O008306,2025-06-20,Walmart,W02,Completed
O008307,2025-08-25,Amazon,W02,Completed
O008308,2025-11-24,eBay,W01,Completed
O008309,2025-10-04,Walmart,W02,Completed
O008310,2025-09-15,Amazon,W03,Completed
O008311,2025-07-30,Amazon,W02,Completed
O008312,2025-04-02,Walmart,W02,Completed
O008313,2025-01-09,eBay,W01,Completed
O008314,2025-04-01,Walmart,W01,Completed
O008315,2025-02-19,Amazon,W02,Completed
O008316,2025-11-23,Walmart,W01,Completed
O008317,2025-11-24,Walmart,W01,Completed
O008318,2025-10-01,eBay,W03,Completed
O008319,2025-04-23,eBay,W02,Completed
O008320,2025-03-02,eBay,W01,Cancelled
O008321,2025-12-29,Amazon,W03,Completed
O008322,2025-03-06,Walmart,W01,Completed
O008323,2025-10-12,Walmart,W02,Completed
O008324,2025-05-16,Walmart,W03,Completed
O008325,2025-09-17,eBay,W03,Completed
O008326,2025-09-24,Amazon,W03,Completed
O008327,2025-04-29,Walmart,W01,Completed
O008328,2025-04-19,Amazon,W02,Completed
O008329,2025-11-01,eBay,W02,Completed
O008330,2025-04-19,eBay,W01,Completed
O008331,2025-05-02,eBay,W01,Completed
O008332,2025-03-24,Amazon,W03,Completed
O008333,2025-08-09,Walmart,W01,Completed
O008334,2025-07-28,Walmart,W01,Completed
O008335,2025-06-05,eBay,W01,Completed
O008336,2025-05-25,Walmart,W01,Completed
O008337,2025-10-04,Amazon,W01,Completed
O008338,2025-01-15,Amazon,W01,Completed
O008339,2025-11-09,eBay,W01,Completed
O008340,2025-11-04,Walmart,W03,Completed
O008341,2025-05-23,Walmart,W02,Completed
O008342,2025-05-14,eBay,W01,Completed
O008343,2025-03-21,eBay,W02,Completed
O008344,2025-08-19,Amazon,W01,Completed
O008345,2025-10-30,Amazon,W01,Completed
O008346,2025-11-02,Amazon,W02,Completed
O008347,2025-07-29,Walmart,W02,Completed
O008348,2025-05-07,Walmart,W03,Completed
O008349,2025-04-29,Walmart,W02,Completed
O008350,2025-12-03,eBay,W02,Completed
O008351,2025-06-11,Amazon,W03,Completed
O008352,2025-07-08,Amazon,W01,Completed
O008353,2025-03-18,Walmart,W03,Completed
O008354,2025-04-18,Amazon,W02,Completed
O008355,2025-03-10,Walmart,W03,Completed
O008356,2025-01-02,Amazon,W02,Completed
O008357,2025-06-18,Amazon,W03,Completed
O008358,2025-06-08,Walmart,W02,Completed
O008359,2025-12-15,Walmart,W01,Completed
O008360,2025-06-06,Amazon,W01,Completed
O008361,2025-05-14,Amazon,W01,Completed
O008362,2025-10-21,eBay,W02,Completed
O008363,2025-04-05,Walmart,W03,Completed
O008364,2025-07-03,Walmart,W03,Completed
O008365,2025-02-17,Amazon,W01,Completed
O008366,2025-08-20,Walmart,W02,Completed
O008367,2025-01-15,eBay,W03,Completed
O008368,2025-08-12,Amazon,W03,Completed
O008369,2025-03-18,Walmart,W01,Completed
O008370,2025-05-19,Walmart,W01,Completed
O008371,2025-11-28,Amazon,W01,Completed
O008372,2025-07-14,eBay,W02,Completed
O008373,2025-02-07,eBay,W01,Completed
O008374,2025-08-02,Amazon,W01,Cancelled
O008375,2025-08-01,eBay,W03,Completed
O008376,2025-09-03,eBay,W01,Completed
O008377,2025-04-28,Walmart,W02,Completed
O008378,2025-07-08,Amazon,W02,Completed
O008379,2025-10-02,Amazon,W01,Completed
O008380,2025-03-08,Walmart,W02,Completed
O008381,2025-10-16,Amazon,W01,Completed
O008382,2025-09-27,Amazon,W03,Completed
O008383,2025-06-27,eBay,W02,Completed
O008384,2025-01-22,Amazon,W01,Completed
O008385,2025-01-12,Walmart,W02,Completed
O008386,2025-03-06,eBay,W01,Completed
O008387,2025-04-25,eBay,W01,Completed
O008388,2025-04-29,Amazon,W02,Completed
O008389,2025-08-24,eBay,W03,Cancelled
O008390,2025-09-12,Amazon,W02,Completed
O008391,2025-06-17,Amazon,W03,Completed
O008392,2025-11-23,Amazon,W02,Completed
O008393,2025-05-07,Walmart,W03,Completed
O008394,2025-05-29,eBay,W01,Completed
O008395,2025-08-21,Walmart,W01,Completed
O008396,2025-06-09,Amazon,W01,Completed
O008397,2025-06-17,Amazon,W01,Completed
O008398,2025-07-05,eBay,W03,Completed
O008399,2025-12-19,Amazon,W01,Completed
O008400,2025-01-11,eBay,W01,Completed
O008401,2025-04-28,Walmart,W03,Completed
O008402,2025-06-06,Walmart,W03,Completed
O008403,2025-12-16,Amazon,W02,Completed
O008404,2025-02-01,Amazon,W01,Completed
O008405,2025-05-15,Walmart,W02,Completed
O008406,2025-09-12,Amazon,W03,Completed
O008407,2025-04-21,eBay,W01,Completed
O008408,2025-12-21,Amazon,W01,Completed
O008409,2025-07-30,Amazon,W01,Completed
O008410,2025-12-12,eBay,W02,Completed
O008411,2025-11-26,Walmart,W02,Completed
O008412,2025-03-26,eBay,W03,Completed
O008413,2025-12-17,Amazon,W02,Completed
O008414,2025-12-16,Walmart,W03,Completed
O008415,2025-11-07,Amazon,W03,Completed
O008416,2025-08-24,Amazon,W01,Completed
O008417,2025-05-12,eBay,W02,Completed
O008418,2025-03-13,eBay,W01,Completed
O008419,2025-11-07,eBay,W03,Completed
O008420,2025-07-11,Amazon,W01,Completed
O008421,2025-07-12,Amazon,W02,Completed
O008422,2025-03-25,Amazon,W03,Completed
O008423,2025-10-15,Amazon,W03,Completed
O008424,2025-05-24,Walmart,W01,Completed
O008425,2025-07-06,eBay,W01,Completed
O008426,2025-04-13,eBay,W02,Completed
O008427,2025-04-15,eBay,W03,Cancelled
O008428,2025-02-14,eBay,W03,Completed
O008429,2025-03-14,Amazon,W02,Completed
O008430,2025-09-23,Amazon,W01,Completed
O008431,2025-02-23,Amazon,W01,Completed
O008432,2025-09-16,Amazon,W03,Completed
O008433,2025-07-31,Walmart,W01,Completed
O008434,2025-02-11,Amazon,W02,Completed
O008435,2025-07-16,eBay,W01,Completed
O008436,2025-01-09,Walmart,W01,Completed
O008437,2025-06-19,Amazon,W02,Completed
O008438,2025-11-06,eBay,W02,Completed
O008439,2025-10-25,Walmart,W01,Completed
O008440,2025-08-06,Walmart,W01,Completed
O008441,2025-02-08,Amazon,W02,Completed
O008442,2025-06-09,Amazon,W03,Completed
O008443,2025-06-08,Walmart,W01,Completed
O008444,2025-02-16,Amazon,W02,Completed
O008445,2025-04-25,eBay,W02,Completed
O008446,2025-02-12,Walmart,W01,Completed
O008447,2025-03-26,Amazon,W02,Completed
O008448,2025-05-21,Amazon,W03,Completed
O008449,2025-05-30,eBay,W03,Completed
O008450,2025-11-17,Amazon,W01,Completed
O008451,2025-07-18,Walmart,W01,Completed
O008452,2025-12-26,Walmart,W02,Completed
O008453,2025-12-03,Walmart,W01,Completed
O008454,2025-10-03,Walmart,W03,Cancelled
O008455,2025-08-04,Walmart,W02,Completed
O008456,2025-05-31,Walmart,W03,Completed
O008457,2025-09-04,Walmart,W01,Completed
O008458,2025-02-27,Walmart,W02,Completed
O008459,2025-02-09,Amazon,W03,Completed
O008460,2025-01-02,Walmart,W01,Completed
O008461,2025-10-05,Amazon,W01,Completed
O008462,2025-07-17,Walmart,W03,Completed
O008463,2025-12-28,Walmart,W01,Completed
O008464,2025-10-14,Amazon,W01,Completed
O008465,2025-01-17,Walmart,W03,Completed
O008466,2025-03-23,eBay,W02,Completed
O008467,2025-07-08,eBay,W01,Completed
O008468,2025-07-19,eBay,W01,Completed
O008469,2025-11-27,Amazon,W03,Completed
O008470,2025-01-24,Amazon,W02,Completed
O008471,2025-02-26,Amazon,W02,Cancelled
O008472,2025-10-09,Walmart,W02,Completed
O008473,2025-10-19,eBay,W03,Completed
O008474,2025-07-05,Walmart,W02,Completed
O008475,2025-09-16,Walmart,W01,Completed
O008476,2025-08-26,Amazon,W03,Completed
O008477,2025-02-21,Amazon,W02,Completed
O008478,2025-12-28,Walmart,W03,Completed
O008479,2025-06-08,Amazon,W03,Completed
O008480,2025-12-14,Walmart,W01,Completed
O008481,2025-05-13,Walmart,W02,Completed
O008482,2025-06-18,Walmart,W02,Completed
O008483,2025-02-13,Amazon,W03,Completed
O008484,2025-07-12,Walmart,W02,Cancelled
O008485,2025-11-06,Walmart,W01,Completed
O008486,2025-05-03,Walmart,W02,Completed
O008487,2025-03-13,eBay,W03,Completed
O008488,2025-08-28,Walmart,W02,Completed
O008489,2025-09-12,Amazon,W01,Completed
O008490,2025-08-20,Walmart,W02,Completed
O008491,2025-04-10,Amazon,W01,Completed
O008492,2025-01-25,Amazon,W03,Completed
O008493,2025-07-15,Amazon,W01,Completed
O008494,2025-12-07,Amazon,W01,Completed
O008495,2025-04-03,Walmart,W02,Completed
O008496,2025-03-02,Walmart,W01,Completed
O008497,2025-08-16,Amazon,W01,Completed
O008498,2025-11-29,eBay,W01,Completed
O008499,2025-11-17,Walmart,W02,Completed
O008500,2025-07-26,Amazon,W02,Completed
O008501,2025-03-26,Walmart,W03,Completed
O008502,2025-08-17,eBay,W02,Completed
O008503,2025-08-20,Amazon,W03,Completed
O008504,2025-10-26,Amazon,W01,Completed
O008505,2025-03-07,Amazon,W01,Completed
O008506,2025-07-05,Amazon,W03,Completed
O008507,2025-02-12,eBay,W03,Completed
O008508,2025-07-22,eBay,W02,Completed
O008509,2025-10-17,Amazon,W02,Completed
O008510,2025-02-02,Amazon,W02,Completed
O008511,2025-08-13,Walmart,W02,Completed
O008512,2025-12-08,eBay,W03,Completed
O008513,2025-05-02,eBay,W01,Completed
O008514,2025-02-03,Amazon,W01,Cancelled
O008515,2025-06-01,Amazon,W01,Completed
O008516,2025-09-04,eBay,W01,Completed
O008517,2025-07-30,eBay,W01,Completed
O008518,2025-09-21,Walmart,W02,Completed
O008519,2025-07-21,Amazon,W02,Completed
O008520,2025-12-24,eBay,W01,Completed
O008521,2025-10-24,Walmart,W02,Completed
O008522,2025-07-23,eBay,W02,Completed
O008523,2025-01-29,Amazon,W02,Completed
O008524,2025-02-24,Amazon,W03,Completed
O008525,2025-12-24,Walmart,W01,Completed
O008526,2025-07-15,Amazon,W01,Completed
O008527,2025-07-31,eBay,W01,Completed
O008528,2025-04-14,Amazon,W01,Completed
O008529,2025-07-31,Amazon,W03,Completed
O008530,2025-11-04,Amazon,W03,Completed
O008531,2025-05-10,Walmart,W02,Completed
O008532,2025-06-03,Amazon,W02,Completed
O008533,2025-02-03,eBay,W01,Completed
O008534,2025-10-25,Amazon,W03,Completed
O008535,2025-12-15,Amazon,W01,Completed
O008536,2025-11-10,Walmart,W02,Completed
O008537,2025-05-02,eBay,W03,Completed
O008538,2025-01-28,Walmart,W01,Completed
O008539,2025-01-18,Walmart,W02,Cancelled
O008540,2025-12-19,Amazon,W01,Completed
O008541,2025-03-07,Amazon,W01,Completed
O008542,2025-11-22,Walmart,W02,Completed
O008543,2025-11-17,eBay,W02,Completed
O008544,2025-12-24,Walmart,W02,Completed
O008545,2025-10-30,Amazon,W01,Cancelled
O008546,2025-07-14,eBay,W03,Cancelled
O008547,2025-11-06,Amazon,W01,Completed
O008548,2025-12-26,eBay,W01,Completed
O008549,2025-04-11,Walmart,W01,Completed
O008550,2025-06-08,Walmart,W03,Completed
O008551,2025-02-16,Walmart,W01,Completed
O008552,2025-06-13,Amazon,W02,Completed
O008553,2025-07-05,eBay,W01,Completed
O008554,2025-10-31,Walmart,W01,Completed
O008555,2025-12-10,Walmart,W02,Completed
O008556,2025-12-03,Walmart,W02,Completed
O008557,2025-03-06,Amazon,W02,Completed
O008558,2025-05-05,Walmart,W01,Completed
O008559,2025-05-12,Amazon,W02,Completed
O008560,2025-07-02,eBay,W02,Completed
O008561,2025-10-21,Amazon,W02,Completed
O008562,2025-02-24,Walmart,W02,Cancelled
O008563,2025-02-01,Amazon,W01,Completed
O008564,2025-09-29,Walmart,W03,Completed
O008565,2025-05-16,Amazon,W01,Completed
O008566,2025-02-21,Amazon,W03,Completed
O008567,2025-12-14,Amazon,W03,Cancelled
O008568,2025-05-20,Amazon,W03,Completed
O008569,2025-05-01,Walmart,W03,Completed
O008570,2025-05-26,eBay,W03,Completed
O008571,2025-10-01,Amazon,W02,Completed
O008572,2025-07-23,Walmart,W01,Completed
O008573,2025-03-31,Walmart,W02,Completed
O008574,2025-10-11,eBay,W01,Completed
O008575,2025-01-24,eBay,W01,Completed
O008576,2025-12-02,Amazon,W01,Completed
O008577,2025-07-09,Walmart,W01,Completed
O008578,2025-03-03,Amazon,W02,Completed
O008579,2025-02-27,eBay,W02,Completed
O008580,2025-01-25,Walmart,W01,Completed
O008581,2025-02-28,Walmart,W02,Cancelled
O008582,2025-10-15,Amazon,W02,Completed
O008583,2025-07-02,eBay,W01,Completed
O008584,2025-03-28,Amazon,W02,Completed
O008585,2025-09-16,Amazon,W02,Completed
O008586,2025-04-08,Amazon,W02,Completed
O008587,2025-12-07,eBay,W03,Completed
O008588,2025-08-28,Walmart,W01,Completed
O008589,2025-07-03,Walmart,W01,Completed
O008590,2025-09-14,Walmart,W03,Completed
O008591,2025-03-04,Walmart,W03,Completed
O008592,2025-12-30,Amazon,W03,Completed
O008593,2025-03-29,Walmart,W01,Completed
O008594,2025-06-10,Amazon,W01,Completed
O008595,2025-04-08,Walmart,W02,Completed
O008596,2025-03-14,Amazon,W01,Completed
O008597,2025-10-15,Walmart,W02,Completed
O008598,2025-08-11,Amazon,W02,Completed
O008599,2025-10-13,Walmart,W02,Completed
O008600,2025-05-02,eBay,W01,Completed
O008601,2025-09-22,eBay,W02,Completed
O008602,2025-01-23,eBay,W01,Completed
O008603,2025-11-22,Amazon,W01,Completed
O008604,2025-10-25,Walmart,W01,Completed
O008605,2025-11-06,Amazon,W03,Completed
O008606,2025-09-11,eBay,W01,Completed
O008607,2025-10-10,Walmart,W01,Completed
O008608,2025-09-14,Amazon,W01,Completed
O008609,2025-08-09,Amazon,W02,Completed
O008610,2025-04-15,eBay,W02,Cancelled
O008611,2025-10-10,Amazon,W01,Completed
O008612,2025-09-12,Walmart,W03,Completed
O008613,2025-05-30,Amazon,W03,Completed
O008614,2025-11-04,eBay,W01,Completed
O008615,2025-06-14,Walmart,W01,Completed
O008616,2025-03-16,Amazon,W01,Completed
O008617,2025-09-01,Amazon,W01,Completed
O008618,2025-12-30,Walmart,W02,Completed
O008619,2025-03-28,Amazon,W02,Cancelled
O008620,2025-12-06,Amazon,W02,Completed
O008621,2025-08-13,Amazon,W01,Completed
O008622,2025-08-29,eBay,W03,Completed
O008623,2025-03-03,Amazon,W01,Completed
O008624,2025-04-04,eBay,W01,Completed
O008625,2025-10-16,Walmart,W03,Cancelled
O008626,2025-02-18,Walmart,W03,Completed
O008627,2025-03-20,Amazon,W02,Completed
O008628,2025-10-13,eBay,W01,Completed
O008629,2025-08-29,Walmart,W01,Completed
O008630,2025-08-01,Amazon,W01,Completed
O008631,2025-06-10,Amazon,W03,Completed
O008632,2025-09-21,eBay,W01,Completed
O008633,2025-04-03,eBay,W01,Completed
O008634,2025-06-03,Amazon,W02,Completed
O008635,2025-05-30,Walmart,W01,Cancelled
O008636,2025-02-27,Amazon,W01,Completed
O008637,2025-04-02,eBay,W01,Completed
O008638,2025-06-05,Amazon,W01,Completed
O008639,2025-02-24,Walmart,W02,Completed
O008640,2025-02-04,Walmart,W01,Completed
O008641,2025-02-08,Walmart,W02,Completed
O008642,2025-09-12,Walmart,W03,Completed
O008643,2025-03-14,Walmart,W01,Cancelled
O008644,2025-11-21,Amazon,W01,Completed
O008645,2025-09-06,Amazon,W01,Completed
O008646,2025-10-08,Amazon,W02,Cancelled
O008647,2025-01-10,Walmart,W03,Completed
O008648,2025-04-11,eBay,W03,Completed
O008649,2025-11-06,eBay,W03,Completed
O008650,2025-04-05,Amazon,W01,Completed
O008651,2025-06-25,Walmart,W02,Completed
O008652,2025-01-05,Amazon,W02,Completed
O008653,2025-09-09,Amazon,W01,Completed
O008654,2025-02-09,Walmart,W01,Completed
O008655,2025-04-13,Amazon,W02,Completed
O008656,2025-08-12,Walmart,W03,Completed
O008657,2025-07-19,Amazon,W03,Completed
O008658,2025-04-21,Amazon,W01,Completed
O008659,2025-10-13,eBay,W02,Completed
O008660,2025-01-18,Amazon,W02,Completed
O008661,2025-04-26,Amazon,W03,Completed
O008662,2025-11-29,Amazon,W01,Completed
O008663,2025-05-07,Amazon,W02,Completed
O008664,2025-07-03,Walmart,W01,Completed
O008665,2025-05-04,Walmart,W02,Completed
O008666,2025-09-30,Amazon,W03,Completed
O008667,2025-11-18,Walmart,W02,Completed
O008668,2025-04-20,eBay,W02,Completed
O008669,2025-08-20,Amazon,W02,Completed
O008670,2025-07-18,Walmart,W03,Completed
O008671,2025-10-13,Amazon,W01,Completed
O008672,2025-11-07,eBay,W01,Completed
O008673,2025-04-23,eBay,W03,Completed
O008674,2025-05-18,eBay,W02,Completed
O008675,2025-01-17,Amazon,W01,Completed
O008676,2025-05-27,eBay,W01,Completed
O008677,2025-05-17,Amazon,W01,Completed
O008678,2025-02-17,Walmart,W01,Completed
O008679,2025-08-14,eBay,W02,Completed
O008680,2025-07-12,Amazon,W01,Completed
O008681,2025-11-14,Walmart,W03,Completed
O008682,2025-03-08,Walmart,W01,Completed
O008683,2025-09-09,Amazon,W02,Completed
O008684,2025-10-20,eBay,W02,Completed
O008685,2025-07-25,Amazon,W02,Completed
O008686,2025-12-05,eBay,W01,Completed
O008687,2025-12-18,Walmart,W01,Completed
O008688,2025-11-16,eBay,W02,Completed
O008689,2025-07-23,Amazon,W03,Completed
O008690,2025-03-27,Amazon,W01,Completed
O008691,2025-12-12,Amazon,W01,Completed
O008692,2025-04-29,Amazon,W02,Completed
O008693,2025-12-19,eBay,W02,Completed
O008694,2025-05-05,eBay,W02,Completed
O008695,2025-11-12,Amazon,W01,Completed
O008696,2025-07-28,Amazon,W03,Completed
O008697,2025-04-02,Walmart,W01,Completed
O008698,2025-07-29,Walmart,W02,Completed
O008699,2025-08-19,Amazon,W02,Completed
O008700,2025-03-28,Amazon,W01,Completed
O008701,2025-10-22,Amazon,W01,Completed
O008702,2025-03-22,Amazon,W01,Completed
O008703,2025-02-27,eBay,W01,Completed
O008704,2025-07-24,eBay,W03,Completed
O008705,2025-08-17,eBay,W01,Completed
O008706,2025-03-25,eBay,W01,Completed
O008707,2025-10-13,eBay,W02,Completed
O008708,2025-02-22,Amazon,W01,Completed
O008709,2025-03-12,eBay,W03,Completed
O008710,2025-01-17,Walmart,W01,Completed
O008711,2025-05-19,Amazon,W03,Completed
O008712,2025-03-06,Amazon,W03,Completed
O008713,2025-01-01,Amazon,W01,Completed
O008714,2025-04-15,Amazon,W02,Completed
O008715,2025-09-09,Walmart,W02,Completed
O008716,2025-01-24,Amazon,W02,Completed
O008717,2025-02-19,Amazon,W01,Completed
O008718,2025-01-30,eBay,W03,Completed
O008719,2025-11-07,eBay,W02,Completed
O008720,2025-11-24,Walmart,W01,Completed
O008721,2025-06-08,Amazon,W02,Completed
O008722,2025-07-24,Walmart,W01,Completed
O008723,2025-09-16,Amazon,W01,Completed
O008724,2025-01-15,Walmart,W01,Completed
O008725,2025-10-31,Amazon,W02,Completed
O008726,2025-11-05,Walmart,W03,Completed
O008727,2025-04-29,eBay,W01,Completed
O008728,2025-03-10,Walmart,W01,Completed
O008729,2025-11-14,Amazon,W01,Completed
O008730,2025-08-15,Amazon,W02,Completed
O008731,2025-08-16,Amazon,W02,Completed
O008732,2025-06-12,Amazon,W02,Completed
O008733,2025-12-14,eBay,W02,Completed
O008734,2025-09-13,Amazon,W03,Completed
O008735,2025-08-29,Amazon,W02,Completed
O008736,2025-01-31,Amazon,W03,Completed
O008737,2025-11-04,Walmart,W03,Completed
O008738,2025-03-12,Walmart,W02,Completed
O008739,2025-06-24,Amazon,W02,Completed
O008740,2025-11-16,Amazon,W03,Completed
O008741,2025-09-02,Amazon,W03,Completed
O008742,2025-08-04,eBay,W01,Completed
O008743,2025-06-17,Walmart,W02,Completed
O008744,2025-11-17,Amazon,W01,Completed
O008745,2025-04-25,Walmart,W03,Completed
O008746,2025-03-14,eBay,W02,Completed
O008747,2025-10-09,Walmart,W01,Completed
O008748,2025-12-02,eBay,W01,Completed
O008749,2025-04-25,Amazon,W03,Completed
O008750,2025-12-15,Walmart,W01,Completed
O008751,2025-07-29,Walmart,W02,Cancelled
O008752,2025-03-07,eBay,W02,Completed
O008753,2025-11-27,Walmart,W02,Completed
O008754,2025-12-07,Amazon,W02,Completed
O008755,2025-09-25,eBay,W01,Completed
O008756,2025-05-28,Walmart,W01,Completed
O008757,2025-09-01,Amazon,W02,Completed
O008758,2025-03-14,Walmart,W01,Completed
O008759,2025-08-21,eBay,W01,Completed
O008760,2025-06-11,eBay,W03,Completed
O008761,2025-04-27,Amazon,W02,Completed
O008762,2025-01-13,Amazon,W02,Completed
O008763,2025-12-27,Walmart,W01,Completed
O008764,2025-09-11,Walmart,W02,Completed
O008765,2025-09-11,Walmart,W02,Completed
O008766,2025-10-05,Amazon,W01,Completed
O008767,2025-11-18,Walmart,W02,Completed
O008768,2025-07-06,eBay,W01,Cancelled
O008769,2025-01-24,Walmart,W01,Completed
O008770,2025-03-16,Amazon,W03,Completed
O008771,2025-02-07,eBay,W01,Completed
O008772,2025-08-03,Amazon,W01,Completed
O008773,2025-10-03,Amazon,W01,Completed
O008774,2025-05-27,Walmart,W01,Completed
O008775,2025-02-16,Amazon,W02,Completed
O008776,2025-04-07,Walmart,W01,Completed
O008777,2025-09-22,Amazon,W01,Completed
O008778,2025-09-30,Amazon,W03,Completed
O008779,2025-09-05,Amazon,W01,Completed
O008780,2025-02-08,Walmart,W02,Cancelled
O008781,2025-09-02,Walmart,W02,Completed
O008782,2025-10-23,Walmart,W02,Completed
O008783,2025-03-09,Walmart,W02,Completed
O008784,2025-11-23,eBay,W02,Completed
O008785,2025-07-15,eBay,W02,Completed
O008786,2025-07-13,Walmart,W03,Cancelled
O008787,2025-03-27,Amazon,W02,Completed
O008788,2025-09-23,Walmart,W01,Completed
O008789,2025-01-06,eBay,W02,Completed
O008790,2025-03-29,eBay,W02,Completed
O008791,2025-10-18,Amazon,W01,Completed
O008792,2025-05-25,Walmart,W01,Completed
O008793,2025-08-10,Walmart,W02,Completed
O008794,2025-05-08,Amazon,W02,Completed
O008795,2025-12-05,Walmart,W01,Completed
O008796,2025-01-03,Amazon,W01,Completed
O008797,2025-10-29,Amazon,W02,Completed
O008798,2025-07-02,Walmart,W02,Completed
O008799,2025-10-13,Amazon,W02,Completed
O008800,2025-08-09,Amazon,W01,Cancelled
O008801,2025-02-24,eBay,W03,Completed
O008802,2025-07-30,Walmart,W01,Completed
O008803,2025-04-09,Walmart,W02,Completed
O008804,2025-04-30,Walmart,W01,Completed
O008805,2025-04-03,eBay,W01,Cancelled
O008806,2025-01-01,Walmart,W01,Completed
O008807,2025-08-13,Amazon,W01,Completed
O008808,2025-03-01,Walmart,W02,Completed
O008809,2025-09-04,Walmart,W01,Completed
O008810,2025-10-05,Walmart,W03,Completed
O008811,2025-04-11,Walmart,W02,Completed
O008812,2025-02-28,Walmart,W01,Completed
O008813,2025-09-18,Amazon,W02,Completed
O008814,2025-12-17,Amazon,W01,Completed
O008815,2025-10-07,Walmart,W01,Completed
O008816,2025-10-30,Amazon,W02,Completed
O008817,2025-10-23,Amazon,W02,Completed
O008818,2025-12-21,eBay,W02,Completed
O008819,2025-12-05,Amazon,W03,Completed
O008820,2025-03-14,Walmart,W02,Completed
O008821,2025-06-25,eBay,W03,Completed
O008822,2025-02-07,Amazon,W01,Completed
O008823,2025-09-18,Amazon,W01,Completed
O008824,2025-05-26,Amazon,W01,Completed
O008825,2025-11-09,Walmart,W03,Completed
O008826,2025-07-06,Amazon,W01,Completed
O008827,2025-01-15,Walmart,W01,Completed
O008828,2025-01-05,Amazon,W02,Completed
O008829,2025-02-15,Amazon,W03,Completed
O008830,2025-08-30,Walmart,W02,Completed
O008831,2025-12-24,Amazon,W02,Completed
O008832,2025-09-06,Amazon,W02,Completed
O008833,2025-05-21,Amazon,W01,Completed
O008834,2025-10-07,Amazon,W03,Completed
O008835,2025-07-09,eBay,W01,Completed
O008836,2025-08-02,Amazon,W02,Completed
O008837,2025-12-01,Walmart,W02,Completed
O008838,2025-04-10,Walmart,W02,Completed
O008839,2025-06-04,Amazon,W01,Completed
O008840,2025-03-29,eBay,W02,Completed
O008841,2025-11-16,Amazon,W01,Completed
O008842,2025-07-01,Amazon,W02,Completed
O008843,2025-03-19,Amazon,W03,Completed
O008844,2025-05-10,Walmart,W01,Completed
O008845,2025-03-20,Amazon,W01,Completed
O008846,2025-05-27,Amazon,W03,Completed
O008847,2025-11-21,Amazon,W01,Completed
O008848,2025-04-03,eBay,W02,Completed
O008849,2025-11-24,Amazon,W03,Completed
O008850,2025-06-26,eBay,W01,Completed
O008851,2025-02-05,Walmart,W01,Completed
O008852,2025-03-01,eBay,W03,Completed
O008853,2025-02-16,eBay,W01,Completed
O008854,2025-07-17,Walmart,W01,Completed
O008855,2025-01-09,Amazon,W01,Completed
O008856,2025-07-12,eBay,W01,Completed
O008857,2025-06-12,eBay,W01,Completed
O008858,2025-04-16,Walmart,W03,Completed
O008859,2025-05-10,Amazon,W01,Completed
O008860,2025-12-20,Walmart,W02,Completed
O008861,2025-02-17,Walmart,W01,Completed
O008862,2025-06-19,Amazon,W01,Completed
O008863,2025-07-29,Walmart,W02,Completed
O008864,2025-01-02,Walmart,W01,Completed
O008865,2025-08-31,eBay,W02,Cancelled
O008866,2025-02-19,Walmart,W03,Completed
O008867,2025-07-06,eBay,W01,Completed
O008868,2025-01-05,Walmart,W01,Completed
O008869,2025-08-30,Amazon,W03,Completed
O008870,2025-01-02,Amazon,W01,Completed
O008871,2025-02-24,Walmart,W02,Completed
O008872,2025-04-03,Amazon,W01,Completed
O008873,2025-03-08,Amazon,W01,Completed
O008874,2025-07-09,Amazon,W01,Completed
O008875,2025-10-05,Walmart,W03,Completed
O008876,2025-05-16,Walmart,W02,Cancelled
O008877,2025-11-11,Amazon,W01,Completed
O008878,2025-03-27,eBay,W01,Completed
O008879,2025-06-06,eBay,W01,Completed
O008880,2025-01-26,Walmart,W03,Cancelled
O008881,2025-05-22,Amazon,W01,Completed
O008882,2025-08-14,Walmart,W02,Completed
O008883,2025-12-03,eBay,W02,Completed
O008884,2025-04-30,Walmart,W02,Completed
O008885,2025-02-16,Walmart,W03,Completed
O008886,2025-05-06,eBay,W02,Completed
O008887,2025-07-01,eBay,W01,Completed
O008888,2025-10-02,eBay,W02,Cancelled
O008889,2025-10-17,Amazon,W02,Completed
O008890,2025-09-26,Amazon,W03,Completed
O008891,2025-08-26,eBay,W02,Completed
O008892,2025-03-05,Amazon,W02,Completed
O008893,2025-03-27,Amazon,W03,Completed
O008894,2025-01-31,Amazon,W01,Completed
O008895,2025-02-16,Walmart,W01,Completed
O008896,2025-03-29,Amazon,W01,Completed
O008897,2025-08-02,Walmart,W02,Completed
O008898,2025-09-27,Amazon,W01,Completed
O008899,2025-08-24,Amazon,W01,Completed
O008900,2025-08-18,Walmart,W01,Completed
O008901,2025-11-13,Walmart,W02,Completed
O008902,2025-08-15,Walmart,W03,Completed
O008903,2025-01-15,Walmart,W03,Completed
O008904,2025-12-07,Amazon,W01,Completed
O008905,2025-08-04,Amazon,W03,Completed
O008906,2025-08-18,eBay,W03,Completed
O008907,2025-04-11,eBay,W01,Completed
O008908,2025-03-17,Walmart,W03,Completed
O008909,2025-07-15,Walmart,W01,Completed
O008910,2025-08-29,Walmart,W01,Completed
O008911,2025-12-15,Amazon,W01,Completed
O008912,2025-08-24,Walmart,W01,Completed
O008913,2025-07-11,Amazon,W01,Cancelled
O008914,2025-06-21,eBay,W01,Completed
O008915,2025-11-02,Amazon,W02,Completed
O008916,2025-05-10,Amazon,W03,Completed
O008917,2025-12-28,Amazon,W03,Completed
O008918,2025-03-23,Amazon,W01,Completed
O008919,2025-07-03,eBay,W01,Completed
O008920,2025-09-08,Walmart,W01,Completed
O008921,2025-04-22,eBay,W02,Completed
O008922,2025-06-13,Walmart,W02,Completed
O008923,2025-07-03,Walmart,W01,Completed
O008924,2025-06-04,eBay,W01,Completed
O008925,2025-06-02,Amazon,W01,Completed
O008926,2025-05-04,Amazon,W01,Completed
O008927,2025-05-05,Walmart,W01,Completed
O008928,2025-12-08,Walmart,W01,Completed
O008929,2025-06-05,Walmart,W01,Completed
O008930,2025-12-12,Amazon,W01,Completed
O008931,2025-12-16,Amazon,W01,Completed
O008932,2025-08-17,Walmart,W02,Completed
O008933,2025-12-10,Amazon,W01,Completed
O008934,2025-03-25,Amazon,W03,Completed
O008935,2025-03-29,eBay,W03,Completed
O008936,2025-03-07,Amazon,W01,Cancelled
O008937,2025-05-26,Walmart,W03,Completed
O008938,2025-12-07,Walmart,W02,Completed
O008939,2025-10-17,Amazon,W02,Completed
O008940,2025-11-13,Amazon,W01,Completed
O008941,2025-07-12,eBay,W03,Completed
O008942,2025-05-21,Walmart,W03,Completed
O008943,2025-03-18,Amazon,W03,Completed
O008944,2025-12-22,Amazon,W01,Completed
O008945,2025-02-27,Walmart,W02,Cancelled
O008946,2025-02-26,eBay,W03,Completed
O008947,2025-12-30,Amazon,W03,Completed
O008948,2025-06-05,Walmart,W03,Completed
O008949,2025-12-28,Amazon,W02,Completed
O008950,2025-10-11,Walmart,W03,Completed
O008951,2025-03-09,Walmart,W01,Completed
O008952,2025-04-10,Amazon,W03,Completed
O008953,2025-11-20,Amazon,W03,Completed
O008954,2025-03-22,Amazon,W02,Completed
O008955,2025-06-15,Amazon,W03,Completed
O008956,2025-07-31,Walmart,W03,Completed
O008957,2025-09-26,eBay,W02,Completed
O008958,2025-09-14,Amazon,W03,Completed
O008959,2025-07-29,Amazon,W03,Completed
O008960,2025-01-09,eBay,W03,Completed
O008961,2025-01-06,Amazon,W02,Completed
O008962,2025-11-24,eBay,W01,Completed
O008963,2025-01-24,eBay,W02,Cancelled
O008964,2025-03-27,Amazon,W02,Completed
O008965,2025-10-26,eBay,W01,Completed
O008966,2025-05-19,Walmart,W02,Completed
O008967,2025-02-21,eBay,W02,Completed
O008968,2025-04-26,Walmart,W02,Completed
O008969,2025-05-02,Amazon,W02,Completed
O008970,2025-08-05,Walmart,W02,Completed
O008971,2025-05-19,Amazon,W01,Completed
O008972,2025-04-25,eBay,W02,Completed
O008973,2025-07-26,eBay,W03,Completed
O008974,2025-01-29,eBay,W03,Completed
O008975,2025-10-06,eBay,W01,Completed
O008976,2025-04-26,Walmart,W01,Completed
O008977,2025-11-04,Walmart,W02,Completed
O008978,2025-11-16,Walmart,W01,Completed
O008979,2025-11-08,Amazon,W03,Completed
O008980,2025-04-14,Walmart,W01,Completed
O008981,2025-08-28,Walmart,W01,Completed
O008982,2025-07-30,Walmart,W03,Completed
O008983,2025-08-01,Amazon,W02,Completed
O008984,2025-01-16,Amazon,W01,Completed
O008985,2025-10-26,Walmart,W01,Completed
O008986,2025-08-13,Amazon,W03,Completed
O008987,2025-08-08,eBay,W02,Completed
O008988,2025-10-29,eBay,W01,Cancelled
O008989,2025-08-10,Amazon,W02,Completed
O008990,2025-07-03,Walmart,W02,Completed
O008991,2025-10-30,eBay,W02,Cancelled
O008992,2025-08-24,Walmart,W03,Completed
O008993,2025-06-10,Amazon,W01,Completed
O008994,2025-11-24,Walmart,W03,Completed
O008995,2025-09-11,Amazon,W01,Completed
O008996,2025-03-13,eBay,W03,Completed
O008997,2025-12-16,Walmart,W01,Completed
O008998,2025-12-02,Amazon,W02,Completed
O008999,2025-10-26,Walmart,W02,Completed
O009000,2025-02-04,eBay,W03,Completed
O009001,2025-01-15,Amazon,W03,Cancelled
O009002,2025-04-15,Amazon,W01,Completed
O009003,2025-05-05,Walmart,W03,Completed
O009004,2025-07-17,Walmart,W02,Completed
O009005,2025-07-07,Amazon,W02,Completed
O009006,2025-07-08,Amazon,W02,Completed
O009007,2025-06-22,Amazon,W02,Completed
O009008,2025-09-06,eBay,W03,Completed
O009009,2025-10-29,Walmart,W01,Completed
O009010,2025-06-01,Walmart,W01,Completed
O009011,2025-02-16,Amazon,W01,Completed
O009012,2025-10-12,Amazon,W02,Completed
O009013,2025-10-10,Walmart,W02,Completed
O009014,2025-07-06,Amazon,W01,Completed
O009015,2025-11-14,Amazon,W03,Completed
O009016,2025-06-28,Amazon,W03,Completed
O009017,2025-03-08,Walmart,W02,Completed
O009018,2025-09-19,Walmart,W01,Completed
O009019,2025-10-12,eBay,W01,Completed
O009020,2025-06-14,Walmart,W03,Completed
O009021,2025-10-28,eBay,W01,Completed
O009022,2025-08-19,Amazon,W03,Completed
O009023,2025-04-30,Amazon,W01,Completed
O009024,2025-01-22,Amazon,W03,Completed
O009025,2025-03-24,Walmart,W03,Completed
O009026,2025-07-17,Amazon,W01,Completed
O009027,2025-07-18,Amazon,W02,Completed
O009028,2025-12-09,Walmart,W02,Completed
O009029,2025-06-23,eBay,W01,Completed
O009030,2025-08-17,eBay,W03,Completed
O009031,2025-08-21,eBay,W03,Completed
O009032,2025-08-28,Walmart,W01,Completed
O009033,2025-07-03,eBay,W02,Completed
O009034,2025-03-05,Amazon,W02,Completed
O009035,2025-12-01,Walmart,W01,Cancelled
O009036,2025-10-28,Amazon,W02,Completed
O009037,2025-08-11,Amazon,W01,Completed
O009038,2025-07-27,Amazon,W02,Completed
O009039,2025-12-20,Amazon,W01,Completed
O009040,2025-06-26,Amazon,W03,Completed
O009041,2025-02-08,Amazon,W02,Completed
O009042,2025-02-10,Walmart,W01,Completed
O009043,2025-05-22,Amazon,W02,Completed
O009044,2025-03-21,Amazon,W02,Completed
O009045,2025-09-08,Amazon,W01,Completed
O009046,2025-10-06,eBay,W01,Completed
O009047,2025-03-21,eBay,W02,Completed
O009048,2025-03-25,Amazon,W01,Completed
O009049,2025-07-03,Amazon,W02,Completed
O009050,2025-08-25,Amazon,W03,Completed
O009051,2025-10-31,eBay,W01,Completed
O009052,2025-06-18,eBay,W01,Completed
O009053,2025-11-12,Amazon,W01,Completed
O009054,2025-06-14,Amazon,W01,Completed
O009055,2025-04-29,eBay,W03,Completed
O009056,2025-03-14,eBay,W02,Completed
O009057,2025-01-12,Amazon,W01,Completed
O009058,2025-01-23,Walmart,W03,Completed
O009059,2025-05-10,Amazon,W02,Completed
O009060,2025-03-31,Walmart,W02,Completed
O009061,2025-08-05,Amazon,W02,Completed
O009062,2025-07-02,eBay,W03,Completed
O009063,2025-07-09,Amazon,W02,Completed
O009064,2025-03-09,Amazon,W03,Completed
O009065,2025-05-31,Amazon,W01,Completed
O009066,2025-09-30,Walmart,W03,Completed
O009067,2025-02-23,Walmart,W01,Cancelled
O009068,2025-08-09,Walmart,W01,Completed
O009069,2025-09-05,Walmart,W03,Completed
O009070,2025-10-23,Walmart,W02,Completed
O009071,2025-11-19,Amazon,W02,Completed
O009072,2025-04-07,eBay,W01,Completed
O009073,2025-12-23,Amazon,W02,Completed
O009074,2025-08-19,Amazon,W01,Completed
O009075,2025-12-02,Walmart,W03,Cancelled
O009076,2025-06-07,Amazon,W01,Completed
O009077,2025-02-24,Amazon,W03,Completed
O009078,2025-06-25,Walmart,W03,Completed
O009079,2025-07-05,Walmart,W02,Completed
O009080,2025-05-20,Amazon,W01,Completed
O009081,2025-12-05,Amazon,W01,Completed
O009082,2025-04-01,Walmart,W03,Completed
O009083,2025-10-24,Amazon,W01,Completed
O009084,2025-08-20,Amazon,W02,Completed
O009085,2025-06-08,Amazon,W01,Completed
O009086,2025-06-06,Amazon,W01,Completed
O009087,2025-11-28,Amazon,W02,Completed
O009088,2025-08-28,Amazon,W03,Completed
O009089,2025-03-12,eBay,W01,Completed
O009090,2025-01-30,Amazon,W02,Completed
O009091,2025-12-18,eBay,W01,Completed
O009092,2025-11-14,Amazon,W03,Completed
O009093,2025-06-18,Amazon,W03,Completed
O009094,2025-08-29,Walmart,W03,Completed
O009095,2025-08-03,Amazon,W02,Completed
O009096,2025-08-11,Amazon,W02,Completed
O009097,2025-10-27,Walmart,W01,Completed
O009098,2025-07-23,Amazon,W01,Completed
O009099,2025-06-10,Amazon,W03,Completed
O009100,2025-10-01,Walmart,W03,Completed
O009101,2025-08-29,Amazon,W02,Completed
O009102,2025-02-15,Amazon,W02,Completed
O009103,2025-10-05,Amazon,W01,Completed
O009104,2025-06-29,Walmart,W02,Completed
O009105,2025-06-04,Walmart,W02,Cancelled
O009106,2025-10-08,Amazon,W01,Completed
O009107,2025-08-23,Amazon,W03,Completed
O009108,2025-08-19,Amazon,W03,Completed
O009109,2025-08-18,Walmart,W01,Completed
O009110,2025-10-30,Walmart,W01,Completed
O009111,2025-04-13,Walmart,W03,Completed
O009112,2025-03-26,Amazon,W02,Completed
O009113,2025-11-07,eBay,W01,Completed
O009114,2025-09-28,eBay,W01,Completed
O009115,2025-01-03,Amazon,W02,Completed
O009116,2025-10-01,Walmart,W01,Completed
O009117,2025-07-28,Amazon,W02,Completed
O009118,2025-06-19,Amazon,W02,Completed
O009119,2025-12-13,eBay,W01,Completed
O009120,2025-10-09,Walmart,W02,Completed
O009121,2025-01-27,Walmart,W02,Completed
O009122,2025-10-03,Amazon,W03,Completed
O009123,2025-02-01,eBay,W01,Completed
O009124,2025-10-16,Amazon,W01,Completed
O009125,2025-08-07,eBay,W01,Completed
O009126,2025-04-21,Walmart,W03,Completed
O009127,2025-12-16,eBay,W03,Completed
O009128,2025-02-20,Walmart,W03,Completed
O009129,2025-11-26,eBay,W03,Completed
O009130,2025-08-05,Amazon,W01,Completed
O009131,2025-12-10,Walmart,W03,Completed
O009132,2025-09-11,Walmart,W03,Completed
O009133,2025-08-17,Amazon,W03,Completed
O009134,2025-01-28,Amazon,W01,Completed
O009135,2025-05-22,Amazon,W02,Completed
O009136,2025-09-23,Amazon,W01,Completed
O009137,2025-02-03,eBay,W02,Completed
O009138,2025-09-23,Amazon,W03,Completed
O009139,2025-12-08,Walmart,W01,Completed
O009140,2025-07-02,Amazon,W02,Completed
O009141,2025-06-13,Walmart,W01,Cancelled
O009142,2025-11-30,eBay,W03,Completed
O009143,2025-11-15,Walmart,W03,Completed
O009144,2025-05-30,eBay,W01,Completed
O009145,2025-10-12,eBay,W03,Completed
O009146,2025-06-29,Walmart,W01,Completed
O009147,2025-04-02,Amazon,W03,Completed
O009148,2025-08-26,eBay,W01,Completed
O009149,2025-06-06,Walmart,W01,Completed
O009150,2025-04-05,Amazon,W03,Completed
O009151,2025-10-11,Amazon,W01,Completed
O009152,2025-08-01,Walmart,W02,Completed
O009153,2025-12-30,Amazon,W01,Completed
O009154,2025-11-18,eBay,W02,Cancelled
O009155,2025-08-22,Walmart,W02,Completed
O009156,2025-12-18,Walmart,W01,Completed
O009157,2025-10-21,Amazon,W03,Completed
O009158,2025-12-05,Amazon,W01,Completed
O009159,2025-10-06,Amazon,W01,Completed
O009160,2025-05-06,Amazon,W03,Completed
O009161,2025-10-31,eBay,W02,Completed
O009162,2025-07-03,Walmart,W03,Completed
O009163,2025-04-23,Walmart,W03,Completed
O009164,2025-02-23,Amazon,W02,Completed
O009165,2025-10-20,Walmart,W02,Cancelled
O009166,2025-06-30,Walmart,W01,Completed
O009167,2025-06-25,Amazon,W01,Completed
O009168,2025-04-04,Amazon,W01,Completed
O009169,2025-06-11,eBay,W01,Completed
O009170,2025-02-12,eBay,W03,Completed
O009171,2025-10-06,eBay,W02,Completed
O009172,2025-09-01,Amazon,W01,Completed
O009173,2025-09-08,eBay,W03,Completed
O009174,2025-03-16,Amazon,W01,Completed
O009175,2025-07-07,Amazon,W03,Completed
O009176,2025-02-17,Amazon,W03,Completed
O009177,2025-02-13,Walmart,W01,Completed
O009178,2025-08-10,Amazon,W02,Completed
O009179,2025-08-06,eBay,W02,Completed
O009180,2025-11-16,eBay,W01,Completed
O009181,2025-07-03,Amazon,W03,Completed
O009182,2025-09-07,Walmart,W02,Cancelled
O009183,2025-12-23,Amazon,W01,Completed
O009184,2025-02-06,Walmart,W02,Completed
O009185,2025-06-13,eBay,W01,Completed
O009186,2025-01-20,eBay,W01,Completed
O009187,2025-07-09,eBay,W01,Completed
O009188,2025-04-09,eBay,W01,Completed
O009189,2025-05-16,Amazon,W02,Completed
O009190,2025-11-30,Walmart,W02,Completed
O009191,2025-05-21,Walmart,W01,Completed
O009192,2025-08-17,Walmart,W01,Completed
O009193,2025-02-02,eBay,W02,Cancelled
O009194,2025-09-15,Amazon,W03,Completed
O009195,2025-07-11,Walmart,W02,Completed
O009196,2025-01-05,Walmart,W02,Completed
O009197,2025-02-10,Amazon,W03,Completed
O009198,2025-04-04,Amazon,W01,Completed
O009199,2025-09-25,Amazon,W03,Completed
O009200,2025-11-27,eBay,W02,Cancelled
O009201,2025-11-29,Walmart,W03,Completed
O009202,2025-06-24,Walmart,W01,Completed
O009203,2025-08-17,Amazon,W01,Completed
O009204,2025-12-10,Walmart,W01,Completed
O009205,2025-04-10,Amazon,W01,Completed
O009206,2025-07-09,Amazon,W02,Cancelled
O009207,2025-10-06,Walmart,W01,Completed
O009208,2025-09-15,eBay,W02,Completed
O009209,2025-05-28,Walmart,W01,Completed
O009210,2025-01-17,Amazon,W02,Completed
O009211,2025-05-19,eBay,W01,Cancelled
O009212,2025-11-15,Walmart,W01,Completed
O009213,2025-03-15,Walmart,W02,Completed
O009214,2025-12-04,eBay,W01,Completed
O009215,2025-07-09,Amazon,W01,Completed
O009216,2025-04-06,Walmart,W02,Completed
O009217,2025-01-24,Amazon,W03,Completed
O009218,2025-06-27,Walmart,W01,Completed
O009219,2025-06-11,Amazon,W03,Completed
O009220,2025-09-02,Amazon,W02,Completed
O009221,2025-04-06,Walmart,W01,Completed
O009222,2025-06-16,eBay,W01,Cancelled
O009223,2025-05-18,Walmart,W01,Completed
O009224,2025-05-05,Amazon,W01,Completed
O009225,2025-03-28,eBay,W03,Completed
O009226,2025-05-24,Amazon,W01,Completed
O009227,2025-07-16,eBay,W03,Completed
O009228,2025-04-03,Amazon,W01,Completed
O009229,2025-02-23,Amazon,W02,Completed
O009230,2025-09-29,Walmart,W01,Completed
O009231,2025-12-11,Walmart,W02,Completed
O009232,2025-12-27,eBay,W01,Completed
O009233,2025-06-08,Amazon,W01,Completed
O009234,2025-04-25,eBay,W03,Completed
O009235,2025-10-26,eBay,W01,Completed
O009236,2025-03-12,Walmart,W02,Cancelled
O009237,2025-04-14,eBay,W01,Cancelled
O009238,2025-11-26,Walmart,W02,Completed
O009239,2025-07-30,eBay,W01,Completed
O009240,2025-04-01,Amazon,W02,Completed
O009241,2025-08-27,Amazon,W01,Completed
O009242,2025-04-12,eBay,W01,Completed
O009243,2025-07-18,eBay,W03,Completed
O009244,2025-03-25,eBay,W01,Completed
O009245,2025-02-06,Amazon,W03,Completed
O009246,2025-10-10,Amazon,W01,Completed
O009247,2025-07-12,Amazon,W01,Completed
O009248,2025-05-22,Amazon,W01,Completed
O009249,2025-12-28,Amazon,W01,Completed
O009250,2025-08-21,Amazon,W01,Completed
O009251,2025-11-06,Walmart,W02,Completed
O009252,2025-12-22,Amazon,W01,Cancelled
O009253,2025-01-07,eBay,W01,Completed
O009254,2025-09-27,Amazon,W02,Completed
O009255,2025-06-04,Walmart,W01,Completed
O009256,2025-04-18,Walmart,W02,Completed
O009257,2025-11-04,Amazon,W01,Completed
O009258,2025-01-07,Walmart,W02,Completed
O009259,2025-08-21,eBay,W03,Completed
O009260,2025-09-27,eBay,W03,Completed
O009261,2025-11-30,Amazon,W01,Completed
O009262,2025-03-20,eBay,W03,Cancelled
O009263,2025-10-16,Walmart,W02,Completed
O009264,2025-04-08,Amazon,W01,Completed
O009265,2025-12-05,eBay,W01,Cancelled
O009266,2025-04-20,Amazon,W02,Completed
O009267,2025-08-01,eBay,W03,Completed
O009268,2025-08-26,eBay,W03,Completed
O009269,2025-10-10,Amazon,W02,Completed
O009270,2025-06-21,Walmart,W01,Completed
O009271,2025-02-19,Amazon,W02,Completed
O009272,2025-12-30,Walmart,W01,Completed
O009273,2025-10-31,Amazon,W01,Completed
O009274,2025-01-12,Amazon,W02,Cancelled
O009275,2025-03-16,Amazon,W02,Completed
O009276,2025-06-14,Walmart,W02,Completed
O009277,2025-04-09,Amazon,W03,Completed
O009278,2025-10-29,Amazon,W02,Completed
O009279,2025-03-19,eBay,W01,Completed
O009280,2025-06-13,Amazon,W03,Completed
O009281,2025-06-04,Walmart,W01,Completed
O009282,2025-03-11,eBay,W02,Completed
O009283,2025-05-02,Walmart,W01,Completed
O009284,2025-09-06,Walmart,W03,Completed
O009285,2025-06-22,eBay,W01,Completed
O009286,2025-02-14,Walmart,W02,Completed
O009287,2025-06-18,Walmart,W01,Completed
O009288,2025-12-14,Walmart,W01,Completed
O009289,2025-06-15,Amazon,W03,Completed
O009290,2025-12-28,Amazon,W03,Completed
O009291,2025-12-18,Amazon,W02,Completed
O009292,2025-04-27,Amazon,W01,Completed
O009293,2025-12-02,eBay,W03,Completed
O009294,2025-12-18,Amazon,W02,Completed
O009295,2025-10-24,Amazon,W01,Completed
O009296,2025-09-21,Walmart,W02,Completed
O009297,2025-03-18,eBay,W02,Completed
O009298,2025-12-08,Walmart,W01,Completed
O009299,2025-03-06,eBay,W03,Completed
O009300,2025-05-10,Amazon,W02,Completed
O009301,2025-03-27,Amazon,W01,Completed
O009302,2025-06-23,eBay,W01,Completed
O009303,2025-01-05,Walmart,W01,Completed
O009304,2025-11-20,Amazon,W02,Completed
O009305,2025-10-21,Walmart,W03,Completed
O009306,2025-09-07,Walmart,W01,Completed
O009307,2025-02-19,Amazon,W01,Completed
O009308,2025-06-25,eBay,W01,Completed
O009309,2025-04-27,Amazon,W01,Completed
O009310,2025-05-30,Amazon,W01,Completed
O009311,2025-03-30,eBay,W03,Completed
O009312,2025-07-24,Amazon,W01,Completed
O009313,2025-06-08,eBay,W02,Completed
O009314,2025-04-26,eBay,W01,Completed
O009315,2025-06-26,Walmart,W02,Completed
O009316,2025-02-01,Amazon,W01,Cancelled
O009317,2025-07-18,Amazon,W03,Completed
O009318,2025-05-25,eBay,W02,Completed
O009319,2025-01-17,Walmart,W02,Completed
O009320,2025-09-08,Walmart,W03,Completed
O009321,2025-09-21,Amazon,W02,Completed
O009322,2025-08-19,eBay,W02,Completed
O009323,2025-11-23,eBay,W01,Completed
O009324,2025-10-25,Walmart,W02,Completed
O009325,2025-01-26,eBay,W02,Completed
O009326,2025-04-09,Walmart,W02,Completed
O009327,2025-12-30,Walmart,W02,Completed
O009328,2025-07-26,Amazon,W03,Completed
O009329,2025-12-06,eBay,W03,Completed
O009330,2025-02-23,Amazon,W03,Completed
O009331,2025-02-07,eBay,W02,Completed
O009332,2025-11-23,Amazon,W01,Completed
O009333,2025-01-22,Amazon,W01,Completed
O009334,2025-01-10,Amazon,W01,Completed
O009335,2025-05-04,Amazon,W01,Completed
O009336,2025-08-03,Amazon,W02,Completed
O009337,2025-05-20,Walmart,W01,Completed
O009338,2025-01-09,Walmart,W03,Completed
O009339,2025-12-12,Walmart,W03,Completed
O009340,2025-09-16,Amazon,W03,Completed
O009341,2025-06-02,Amazon,W01,Completed
O009342,2025-07-05,Amazon,W01,Completed
O009343,2025-10-21,Amazon,W02,Completed
O009344,2025-05-30,eBay,W01,Completed
O009345,2025-04-21,eBay,W02,Completed
O009346,2025-11-17,Walmart,W03,Completed
O009347,2025-12-19,Walmart,W01,Completed
O009348,2025-04-01,Walmart,W01,Completed
O009349,2025-01-11,Amazon,W03,Completed
O009350,2025-08-24,eBay,W02,Completed
O009351,2025-08-07,Walmart,W02,Completed
O009352,2025-11-02,Walmart,W01,Completed
O009353,2025-08-12,eBay,W03,Cancelled
O009354,2025-01-02,Walmart,W01,Completed
O009355,2025-11-30,Amazon,W01,Completed
O009356,2025-01-15,eBay,W02,Completed
O009357,2025-09-13,Walmart,W03,Completed
O009358,2025-11-21,eBay,W02,Completed
O009359,2025-11-15,Amazon,W02,Completed
O009360,2025-06-07,Amazon,W02,Completed
O009361,2025-04-22,Walmart,W03,Completed
O009362,2025-01-04,Amazon,W01,Cancelled
O009363,2025-06-17,Amazon,W01,Completed
O009364,2025-03-07,eBay,W02,Completed
O009365,2025-01-08,Walmart,W03,Completed
O009366,2025-01-11,Amazon,W01,Completed
O009367,2025-01-31,eBay,W02,Completed
O009368,2025-01-24,Amazon,W03,Completed
O009369,2025-11-07,Amazon,W01,Completed
O009370,2025-03-04,Amazon,W03,Completed
O009371,2025-08-19,Walmart,W01,Completed
O009372,2025-11-26,Amazon,W01,Completed
O009373,2025-05-24,Amazon,W02,Completed
O009374,2025-05-24,eBay,W02,Completed
O009375,2025-01-16,Walmart,W02,Completed
O009376,2025-07-18,Amazon,W01,Completed
O009377,2025-12-29,Amazon,W02,Completed
O009378,2025-11-20,Amazon,W03,Completed
O009379,2025-06-18,eBay,W03,Cancelled
O009380,2025-01-04,eBay,W03,Completed
O009381,2025-06-20,Amazon,W01,Completed
O009382,2025-11-08,Walmart,W02,Completed
O009383,2025-02-14,Walmart,W01,Completed
O009384,2025-06-30,eBay,W01,Completed
O009385,2025-09-30,Amazon,W01,Completed
O009386,2025-09-17,Walmart,W02,Completed
O009387,2025-03-12,Walmart,W03,Completed
O009388,2025-11-22,Walmart,W02,Completed
O009389,2025-01-23,Amazon,W02,Completed
O009390,2025-02-13,Amazon,W03,Completed
O009391,2025-06-12,Amazon,W01,Completed
O009392,2025-07-01,Walmart,W02,Completed
O009393,2025-10-01,Amazon,W03,Completed
O009394,2025-01-29,Amazon,W01,Completed
O009395,2025-05-06,Walmart,W02,Cancelled
O009396,2025-10-03,Amazon,W01,Completed
O009397,2025-04-21,Amazon,W03,Completed
O009398,2025-12-21,Walmart,W02,Completed
O009399,2025-04-22,eBay,W02,Completed
O009400,2025-11-20,Walmart,W01,Completed
O009401,2025-07-03,eBay,W01,Completed
O009402,2025-10-30,Amazon,W01,Completed
O009403,2025-03-17,eBay,W01,Completed
O009404,2025-07-13,eBay,W01,Completed
O009405,2025-12-18,Walmart,W01,Completed
O009406,2025-02-24,Amazon,W02,Completed
O009407,2025-10-16,Walmart,W01,Completed
O009408,2025-05-26,Walmart,W03,Completed
O009409,2025-10-23,Walmart,W03,Completed
O009410,2025-03-29,Walmart,W02,Completed
O009411,2025-03-30,Walmart,W02,Completed
O009412,2025-05-12,Amazon,W01,Completed
O009413,2025-06-12,Amazon,W03,Completed
O009414,2025-11-05,Walmart,W02,Completed
O009415,2025-08-05,Amazon,W01,Cancelled
O009416,2025-01-22,Walmart,W01,Completed
O009417,2025-07-31,eBay,W02,Completed
O009418,2025-12-05,Amazon,W03,Completed
O009419,2025-09-26,Amazon,W02,Completed
O009420,2025-01-01,Amazon,W03,Completed
O009421,2025-10-21,Amazon,W01,Completed
O009422,2025-02-19,Amazon,W02,Completed
O009423,2025-09-01,Amazon,W02,Completed
O009424,2025-03-26,Walmart,W02,Completed
O009425,2025-09-05,Walmart,W01,Completed
O009426,2025-09-30,eBay,W02,Completed
O009427,2025-03-11,Amazon,W01,Completed
O009428,2025-04-18,Walmart,W02,Completed
O009429,2025-10-30,Amazon,W02,Completed
O009430,2025-05-18,Amazon,W02,Completed
O009431,2025-06-27,Walmart,W01,Completed
O009432,2025-10-05,Amazon,W01,Completed
O009433,2025-10-28,Amazon,W01,Completed
O009434,2025-09-27,Amazon,W02,Completed
O009435,2025-06-21,Walmart,W03,Completed
O009436,2025-08-07,Amazon,W01,Completed
O009437,2025-03-19,Walmart,W03,Completed
O009438,2025-07-06,Amazon,W01,Completed
O009439,2025-10-23,Walmart,W03,Completed
O009440,2025-11-17,Walmart,W02,Completed
O009441,2025-03-28,Amazon,W03,Completed
O009442,2025-11-20,eBay,W02,Completed
O009443,2025-06-16,Walmart,W01,Completed
O009444,2025-11-11,Amazon,W01,Completed
O009445,2025-02-13,eBay,W01,Completed
O009446,2025-06-08,Amazon,W02,Completed
O009447,2025-09-17,Amazon,W02,Completed
O009448,2025-12-04,Walmart,W03,Completed
O009449,2025-05-29,Amazon,W03,Completed
O009450,2025-06-13,eBay,W01,Completed
O009451,2025-10-02,eBay,W02,Completed
O009452,2025-02-02,Walmart,W03,Completed
O009453,2025-03-17,Amazon,W01,Completed
O009454,2025-04-24,Amazon,W03,Completed
O009455,2025-04-04,Amazon,W03,Completed
O009456,2025-05-14,Amazon,W03,Completed
O009457,2025-08-16,eBay,W03,Completed
O009458,2025-04-19,eBay,W01,Cancelled
O009459,2025-04-18,Walmart,W02,Completed
O009460,2025-06-10,Amazon,W02,Cancelled
O009461,2025-03-05,eBay,W01,Completed
O009462,2025-01-24,Walmart,W03,Completed
O009463,2025-09-24,Walmart,W01,Completed
O009464,2025-04-23,eBay,W03,Completed
O009465,2025-02-16,Amazon,W02,Completed
O009466,2025-01-13,eBay,W03,Completed
O009467,2025-07-26,Amazon,W01,Completed
O009468,2025-01-30,Amazon,W03,Completed
O009469,2025-02-01,eBay,W01,Completed
O009470,2025-04-02,Walmart,W02,Completed
O009471,2025-09-30,eBay,W02,Completed
O009472,2025-01-28,Walmart,W03,Completed
O009473,2025-03-28,Amazon,W03,Completed
O009474,2025-09-11,Amazon,W01,Completed
O009475,2025-04-26,Walmart,W01,Cancelled
O009476,2025-04-23,eBay,W02,Completed
O009477,2025-09-07,Walmart,W03,Completed
O009478,2025-10-24,Walmart,W01,Completed
O009479,2025-06-16,eBay,W01,Completed
O009480,2025-04-21,Walmart,W01,Completed
O009481,2025-03-30,Walmart,W03,Completed
O009482,2025-02-23,Walmart,W02,Completed
O009483,2025-07-15,Amazon,W03,Completed
O009484,2025-01-06,Walmart,W01,Completed
O009485,2025-01-31,eBay,W02,Completed
O009486,2025-11-26,Amazon,W01,Completed
O009487,2025-05-01,Amazon,W01,Completed
O009488,2025-06-09,Walmart,W03,Cancelled
O009489,2025-04-03,Walmart,W03,Cancelled
O009490,2025-03-20,eBay,W03,Completed
O009491,2025-03-29,Amazon,W02,Completed
O009492,2025-12-21,Amazon,W02,Completed
O009493,2025-11-13,Amazon,W02,Completed
O009494,2025-11-15,Amazon,W02,Completed
O009495,2025-10-07,Amazon,W03,Completed
O009496,2025-05-29,eBay,W03,Completed
O009497,2025-05-03,eBay,W01,Completed
O009498,2025-04-07,Amazon,W01,Completed
O009499,2025-11-07,eBay,W03,Completed
O009500,2025-11-09,Amazon,W01,Completed
O009501,2025-05-03,Walmart,W01,Completed
O009502,2025-02-05,eBay,W02,Completed
O009503,2025-01-04,Walmart,W02,Completed
O009504,2025-08-24,Walmart,W03,Completed
O009505,2025-03-28,Amazon,W02,Completed
O009506,2025-01-31,Walmart,W03,Completed
O009507,2025-12-27,eBay,W02,Completed
O009508,2025-08-01,eBay,W01,Completed
O009509,2025-12-21,Amazon,W03,Completed
O009510,2025-01-10,Amazon,W01,Completed
O009511,2025-04-22,eBay,W01,Completed
O009512,2025-05-03,eBay,W02,Completed
O009513,2025-12-26,Walmart,W01,Completed
O009514,2025-02-12,Amazon,W02,Completed
O009515,2025-02-18,eBay,W02,Completed
O009516,2025-06-13,Amazon,W01,Completed
O009517,2025-09-27,Amazon,W01,Completed
O009518,2025-07-08,Walmart,W02,Completed
O009519,2025-07-22,Amazon,W02,Completed
O009520,2025-07-03,Walmart,W03,Completed
O009521,2025-11-19,Amazon,W02,Completed
O009522,2025-11-01,Walmart,W01,Completed
O009523,2025-03-14,eBay,W03,Completed
O009524,2025-06-10,eBay,W03,Cancelled
O009525,2025-05-27,Amazon,W03,Completed
O009526,2025-06-23,Walmart,W01,Completed
O009527,2025-12-20,Amazon,W03,Completed
O009528,2025-09-15,eBay,W01,Completed
O009529,2025-04-13,Walmart,W01,Completed
O009530,2025-11-04,eBay,W01,Completed
O009531,2025-06-10,eBay,W02,Completed
O009532,2025-03-25,Walmart,W01,Completed
O009533,2025-04-26,Amazon,W02,Completed
O009534,2025-01-28,Amazon,W03,Completed
O009535,2025-11-30,Amazon,W03,Completed
O009536,2025-12-24,eBay,W01,Completed
O009537,2025-01-02,Amazon,W01,Completed
O009538,2025-09-28,Walmart,W01,Completed
O009539,2025-09-24,Amazon,W03,Completed
O009540,2025-11-18,Amazon,W02,Completed
O009541,2025-04-01,Amazon,W03,Completed
O009542,2025-05-09,Walmart,W03,Cancelled
O009543,2025-11-11,eBay,W02,Completed
O009544,2025-09-28,Amazon,W03,Completed
O009545,2025-02-14,Amazon,W01,Completed
O009546,2025-06-19,Amazon,W02,Completed
O009547,2025-01-03,Amazon,W01,Completed
O009548,2025-02-19,Walmart,W02,Completed
O009549,2025-07-02,eBay,W02,Completed
O009550,2025-07-06,eBay,W01,Completed
O009551,2025-09-02,Amazon,W02,Completed
O009552,2025-11-19,Amazon,W01,Completed
O009553,2025-01-16,Walmart,W02,Completed
O009554,2025-02-17,Amazon,W01,Completed
O009555,2025-07-27,Walmart,W01,Completed
O009556,2025-10-10,Walmart,W01,Completed
O009557,2025-01-13,Amazon,W02,Completed
O009558,2025-03-01,Amazon,W02,Completed
O009559,2025-08-12,Walmart,W01,Completed
O009560,2025-01-26,Amazon,W01,Completed
O009561,2025-09-11,eBay,W01,Completed
O009562,2025-05-15,eBay,W01,Completed
O009563,2025-07-05,Amazon,W01,Completed
O009564,2025-12-20,Amazon,W01,Completed
O009565,2025-02-06,eBay,W02,Completed
O009566,2025-03-17,Amazon,W01,Completed
O009567,2025-11-18,Walmart,W03,Completed
O009568,2025-02-27,eBay,W03,Completed
O009569,2025-12-25,eBay,W02,Completed
O009570,2025-10-07,Amazon,W03,Completed
O009571,2025-01-06,Amazon,W01,Completed
O009572,2025-07-22,eBay,W02,Completed
O009573,2025-05-31,Walmart,W02,Completed
O009574,2025-07-28,eBay,W02,Completed
O009575,2025-12-16,Walmart,W02,Completed
O009576,2025-03-14,Walmart,W03,Completed
O009577,2025-10-26,Walmart,W03,Completed
O009578,2025-06-09,eBay,W02,Completed
O009579,2025-08-10,Amazon,W02,Completed
O009580,2025-04-19,Amazon,W03,Completed
O009581,2025-11-01,Amazon,W01,Completed
O009582,2025-09-08,Amazon,W01,Completed
O009583,2025-02-28,Amazon,W01,Completed
O009584,2025-09-05,Amazon,W01,Completed
O009585,2025-01-19,Amazon,W01,Completed
O009586,2025-05-23,Walmart,W01,Completed
O009587,2025-03-03,eBay,W01,Completed
O009588,2025-01-05,eBay,W03,Completed
O009589,2025-03-28,Walmart,W02,Completed
O009590,2025-10-25,Walmart,W01,Completed
O009591,2025-12-31,Walmart,W03,Completed
O009592,2025-06-15,Amazon,W01,Completed
O009593,2025-07-13,Walmart,W02,Completed
O009594,2025-07-09,eBay,W01,Cancelled
O009595,2025-03-02,Amazon,W03,Completed
O009596,2025-04-24,Walmart,W01,Completed
O009597,2025-03-02,eBay,W01,Completed
O009598,2025-03-18,eBay,W03,Completed
O009599,2025-10-07,Walmart,W01,Completed
O009600,2025-05-29,Walmart,W03,Completed
O009601,2025-05-29,Walmart,W02,Completed
O009602,2025-04-21,Walmart,W02,Completed
O009603,2025-05-31,Walmart,W03,Completed
O009604,2025-12-09,Amazon,W03,Completed
O009605,2025-11-02,Amazon,W02,Completed
O009606,2025-12-28,Walmart,W03,Completed
O009607,2025-07-22,eBay,W03,Completed
O009608,2025-08-12,Amazon,W01,Completed
O009609,2025-10-09,Amazon,W03,Completed
O009610,2025-06-20,Walmart,W02,Completed
O009611,2025-07-20,Walmart,W01,Completed
O009612,2025-07-22,Amazon,W01,Completed
O009613,2025-11-22,Amazon,W01,Completed
O009614,2025-12-01,Walmart,W01,Completed
O009615,2025-07-18,Walmart,W01,Completed
O009616,2025-01-03,Walmart,W03,Completed
O009617,2025-05-26,Walmart,W02,Completed
O009618,2025-09-17,Amazon,W02,Cancelled
O009619,2025-04-26,Amazon,W02,Completed
O009620,2025-11-05,Amazon,W01,Completed
O009621,2025-01-18,Amazon,W03,Completed
O009622,2025-04-15,Amazon,W01,Completed
O009623,2025-07-28,Walmart,W02,Completed
O009624,2025-08-29,eBay,W01,Completed
O009625,2025-04-19,Amazon,W03,Completed
O009626,2025-10-18,eBay,W01,Completed
O009627,2025-05-16,Amazon,W01,Completed
O009628,2025-04-03,Amazon,W01,Completed
O009629,2025-08-11,Walmart,W03,Completed
O009630,2025-12-29,Amazon,W01,Completed
O009631,2025-07-01,Amazon,W03,Completed
O009632,2025-09-05,eBay,W01,Completed
O009633,2025-10-10,eBay,W02,Completed
O009634,2025-07-16,eBay,W02,Completed
O009635,2025-09-12,Amazon,W02,Completed
O009636,2025-06-20,Amazon,W01,Completed
O009637,2025-05-05,Amazon,W03,Completed
O009638,2025-03-03,Amazon,W02,Completed
O009639,2025-05-15,Amazon,W03,Completed
O009640,2025-07-31,Walmart,W02,Completed
O009641,2025-01-16,Walmart,W02,Completed
O009642,2025-05-25,Walmart,W01,Completed
O009643,2025-05-08,Amazon,W02,Completed
O009644,2025-05-21,Amazon,W01,Completed
O009645,2025-03-20,Amazon,W02,Completed
O009646,2025-11-30,Amazon,W01,Completed
O009647,2025-07-14,Walmart,W03,Completed
O009648,2025-08-17,Amazon,W03,Completed
O009649,2025-10-20,Walmart,W03,Completed
O009650,2025-07-30,Amazon,W01,Completed
O009651,2025-09-25,Walmart,W01,Completed
O009652,2025-06-26,Walmart,W01,Completed
O009653,2025-04-03,Amazon,W03,Completed
O009654,2025-10-10,Amazon,W02,Completed
O009655,2025-07-29,eBay,W01,Completed
O009656,2025-10-01,Walmart,W02,Completed
O009657,2025-06-02,Amazon,W02,Cancelled
O009658,2025-10-12,eBay,W03,Completed
O009659,2025-07-28,Walmart,W02,Completed
O009660,2025-03-18,eBay,W02,Completed
O009661,2025-02-20,Amazon,W02,Completed
O009662,2025-06-15,eBay,W02,Completed
O009663,2025-05-20,Amazon,W03,Completed
O009664,2025-06-01,Amazon,W01,Completed
O009665,2025-05-30,Amazon,W02,Completed
O009666,2025-07-12,eBay,W03,Completed
O009667,2025-01-15,Walmart,W03,Completed
O009668,2025-07-13,Walmart,W02,Completed
O009669,2025-08-23,Walmart,W03,Completed
O009670,2025-05-10,Walmart,W02,Completed
O009671,2025-03-26,Amazon,W03,Completed
O009672,2025-08-08,Amazon,W02,Completed
O009673,2025-05-23,Walmart,W01,Completed
O009674,2025-11-04,Walmart,W01,Completed
O009675,2025-10-25,Amazon,W01,Completed
O009676,2025-01-24,Walmart,W03,Completed
O009677,2025-09-26,Walmart,W02,Completed
O009678,2025-03-07,Walmart,W02,Completed
O009679,2025-01-19,Walmart,W03,Completed
O009680,2025-02-23,Amazon,W01,Completed
O009681,2025-04-18,Walmart,W01,Completed
O009682,2025-12-30,Amazon,W01,Completed
O009683,2025-12-17,Amazon,W01,Completed
O009684,2025-08-09,eBay,W02,Completed
O009685,2025-05-15,Walmart,W03,Completed
O009686,2025-06-05,Walmart,W02,Completed
O009687,2025-02-20,Walmart,W01,Completed
O009688,2025-09-17,Walmart,W02,Completed
O009689,2025-03-22,Walmart,W02,Completed
O009690,2025-08-16,Walmart,W03,Completed
O009691,2025-11-05,eBay,W03,Completed
O009692,2025-07-15,Amazon,W03,Completed
O009693,2025-01-16,Walmart,W02,Completed
O009694,2025-02-26,Walmart,W01,Completed
O009695,2025-06-24,eBay,W03,Completed
O009696,2025-10-15,Walmart,W02,Completed
O009697,2025-01-01,eBay,W02,Completed
O009698,2025-10-29,Amazon,W01,Completed
O009699,2025-02-11,Walmart,W01,Completed
O009700,2025-05-07,Walmart,W01,Completed
O009701,2025-05-19,Amazon,W01,Completed
O009702,2025-01-21,Amazon,W02,Completed
O009703,2025-04-05,eBay,W02,Completed
O009704,2025-09-08,Amazon,W03,Completed
O009705,2025-07-11,Amazon,W03,Completed
O009706,2025-09-13,eBay,W01,Completed
O009707,2025-02-19,eBay,W03,Completed
O009708,2025-07-07,Walmart,W01,Completed
O009709,2025-05-02,Walmart,W02,Completed
O009710,2025-06-17,Walmart,W03,Completed
O009711,2025-03-15,eBay,W03,Completed
O009712,2025-07-24,Walmart,W02,Completed
O009713,2025-06-23,Walmart,W03,Completed
O009714,2025-01-27,eBay,W03,Completed
O009715,2025-10-19,Walmart,W02,Completed
O009716,2025-08-03,Walmart,W02,Completed
O009717,2025-12-06,Walmart,W02,Completed
O009718,2025-07-18,Amazon,W01,Completed
O009719,2025-03-15,Amazon,W02,Completed
O009720,2025-12-09,eBay,W02,Completed
O009721,2025-02-06,eBay,W01,Completed
O009722,2025-06-13,Amazon,W01,Completed
O009723,2025-12-29,Amazon,W02,Completed
O009724,2025-03-20,Walmart,W03,Completed
O009725,2025-11-02,Walmart,W02,Completed
O009726,2025-02-17,eBay,W01,Completed
O009727,2025-10-07,eBay,W03,Completed
O009728,2025-07-01,Amazon,W01,Completed
O009729,2025-02-14,Amazon,W02,Completed
O009730,2025-07-26,Amazon,W01,Completed
O009731,2025-08-14,eBay,W01,Completed
O009732,2025-01-15,Amazon,W03,Completed
O009733,2025-07-12,Amazon,W03,Completed
O009734,2025-11-22,Amazon,W02,Completed
O009735,2025-11-03,Amazon,W01,Completed
O009736,2025-09-27,Amazon,W01,Completed
O009737,2025-12-26,Amazon,W02,Completed
O009738,2025-11-02,eBay,W02,Completed
O009739,2025-01-15,Amazon,W02,Completed
O009740,2025-11-28,Walmart,W01,Completed
O009741,2025-06-14,eBay,W01,Completed
O009742,2025-05-04,eBay,W01,Completed
O009743,2025-10-23,Walmart,W01,Completed
O009744,2025-09-12,Amazon,W02,Completed
O009745,2025-03-30,eBay,W03,Completed
O009746,2025-06-10,Walmart,W03,Completed
O009747,2025-11-13,Amazon,W02,Completed
O009748,2025-10-14,Walmart,W01,Cancelled
O009749,2025-03-20,Walmart,W02,Completed
O009750,2025-06-08,eBay,W01,Completed
O009751,2025-02-01,Amazon,W02,Completed
O009752,2025-10-02,Walmart,W03,Completed
O009753,2025-01-30,eBay,W02,Completed
O009754,2025-02-01,Amazon,W01,Completed
O009755,2025-11-02,Walmart,W02,Completed
O009756,2025-11-09,Walmart,W02,Completed
O009757,2025-07-10,eBay,W03,Completed
O009758,2025-10-19,Amazon,W01,Completed
O009759,2025-02-23,Walmart,W02,Completed
O009760,2025-04-04,eBay,W02,Completed
O009761,2025-04-06,Amazon,W01,Completed
O009762,2025-12-25,Walmart,W01,Completed
O009763,2025-02-18,Walmart,W03,Completed
O009764,2025-07-18,Walmart,W01,Completed
O009765,2025-05-24,Walmart,W03,Completed
O009766,2025-12-27,Walmart,W02,Completed
O009767,2025-09-14,Amazon,W03,Completed
O009768,2025-01-23,eBay,W02,Completed
O009769,2025-04-15,Amazon,W02,Completed
O009770,2025-08-25,Amazon,W01,Completed
O009771,2025-06-19,Walmart,W03,Completed
O009772,2025-02-26,Walmart,W01,Completed
O009773,2025-11-15,Amazon,W03,Completed
O009774,2025-12-09,Amazon,W01,Completed
O009775,2025-06-15,Walmart,W03,Completed
O009776,2025-11-28,Amazon,W03,Completed
O009777,2025-03-23,Amazon,W02,Completed
O009778,2025-11-03,Walmart,W02,Completed
O009779,2025-03-06,Walmart,W02,Completed
O009780,2025-01-24,Amazon,W03,Completed
O009781,2025-05-16,Amazon,W01,Cancelled
O009782,2025-06-20,Amazon,W03,Completed
O009783,2025-10-16,Walmart,W01,Cancelled
O009784,2025-08-23,eBay,W01,Completed
O009785,2025-06-09,Amazon,W01,Completed
O009786,2025-09-10,eBay,W01,Completed
O009787,2025-01-11,Amazon,W01,Completed
O009788,2025-05-18,Amazon,W01,Completed
O009789,2025-03-07,Walmart,W02,Completed
O009790,2025-09-24,Walmart,W01,Completed
O009791,2025-08-15,Walmart,W01,Completed
O009792,2025-11-28,Amazon,W01,Completed
O009793,2025-06-30,eBay,W02,Completed
O009794,2025-04-27,eBay,W01,Completed
O009795,2025-02-05,Walmart,W01,Completed
O009796,2025-07-31,Walmart,W01,Completed
O009797,2025-06-08,Amazon,W01,Completed
O009798,2025-02-26,Amazon,W01,Completed
O009799,2025-01-08,Walmart,W02,Completed
O009800,2025-03-18,eBay,W01,Completed
O009801,2025-05-19,Walmart,W01,Completed
O009802,2025-04-22,Amazon,W01,Completed
O009803,2025-07-17,eBay,W01,Completed
O009804,2025-07-31,Walmart,W03,Completed
O009805,2025-04-05,eBay,W01,Completed
O009806,2025-02-15,eBay,W01,Completed
O009807,2025-10-05,Walmart,W03,Completed
O009808,2025-02-18,eBay,W01,Completed
O009809,2025-11-16,eBay,W01,Completed
O009810,2025-10-24,eBay,W01,Completed
O009811,2025-09-27,Amazon,W01,Completed
O009812,2025-01-21,Walmart,W01,Completed
O009813,2025-12-20,Walmart,W01,Completed
O009814,2025-02-10,Amazon,W01,Completed
O009815,2025-04-10,Amazon,W03,Completed
O009816,2025-09-06,Amazon,W01,Completed
O009817,2025-02-27,Walmart,W02,Completed
O009818,2025-03-28,Walmart,W01,Completed
O009819,2025-05-27,Amazon,W03,Completed
O009820,2025-09-08,Walmart,W03,Completed
O009821,2025-06-30,Amazon,W01,Completed
O009822,2025-10-20,Walmart,W01,Completed
O009823,2025-01-23,Walmart,W01,Completed
O009824,2025-06-30,eBay,W03,Completed
O009825,2025-11-23,Amazon,W01,Completed
O009826,2025-09-22,Amazon,W01,Completed
O009827,2025-07-15,Walmart,W01,Completed
O009828,2025-01-26,Walmart,W03,Completed
O009829,2025-06-21,eBay,W01,Completed
O009830,2025-06-08,Amazon,W03,Completed
O009831,2025-04-05,Amazon,W01,Completed
O009832,2025-03-02,Amazon,W03,Completed
O009833,2025-07-07,Amazon,W02,Completed
O009834,2025-07-22,Amazon,W02,Completed
O009835,2025-11-22,Amazon,W03,Completed
O009836,2025-12-23,Amazon,W02,Completed
O009837,2025-09-20,eBay,W01,Completed
O009838,2025-02-21,Amazon,W01,Completed
O009839,2025-02-09,Walmart,W01,Completed
O009840,2025-10-21,Walmart,W01,Completed
O009841,2025-05-25,Amazon,W02,Cancelled
O009842,2025-11-16,eBay,W01,Completed
O009843,2025-04-05,Amazon,W02,Completed
O009844,2025-07-05,Walmart,W01,Completed
O009845,2025-02-04,Amazon,W02,Completed
O009846,2025-09-22,Amazon,W02,Completed
O009847,2025-05-15,Amazon,W01,Completed
O009848,2025-09-12,Walmart,W02,Completed
O009849,2025-08-23,Walmart,W02,Completed
O009850,2025-10-24,Walmart,W03,Completed
O009851,2025-06-22,Amazon,W01,Completed
O009852,2025-07-22,Walmart,W01,Completed
O009853,2025-10-07,Walmart,W02,Completed
O009854,2025-03-03,Amazon,W03,Completed
O009855,2025-05-23,eBay,W01,Completed
O009856,2025-05-11,Amazon,W02,Completed
O009857,2025-06-20,eBay,W03,Completed
O009858,2025-09-13,Amazon,W02,Completed
O009859,2025-08-29,eBay,W01,Completed
O009860,2025-12-03,Walmart,W01,Completed
O009861,2025-01-04,Amazon,W02,Completed
O009862,2025-12-20,Walmart,W02,Completed
O009863,2025-01-01,Amazon,W02,Completed
O009864,2025-07-26,Amazon,W01,Completed
O009865,2025-08-28,eBay,W01,Completed
O009866,2025-12-13,eBay,W01,Completed
O009867,2025-05-15,eBay,W02,Completed
O009868,2025-03-16,Walmart,W03,Completed
O009869,2025-04-04,Amazon,W01,Completed
O009870,2025-04-22,Amazon,W01,Completed
O009871,2025-06-04,Amazon,W01,Completed
O009872,2025-01-26,Amazon,W03,Completed
O009873,2025-10-25,Amazon,W02,Completed
O009874,2025-05-08,eBay,W03,Completed
O009875,2025-08-07,eBay,W03,Completed
O009876,2025-04-08,Walmart,W01,Completed
O009877,2025-12-29,Walmart,W01,Completed
O009878,2025-10-14,Walmart,W03,Completed
O009879,2025-08-21,Amazon,W03,Completed
O009880,2025-02-04,Walmart,W01,Completed
O009881,2025-09-06,Walmart,W01,Completed
O009882,2025-09-09,Walmart,W02,Completed
O009883,2025-05-01,eBay,W01,Completed
O009884,2025-08-19,eBay,W02,Completed
O009885,2025-04-16,Amazon,W03,Completed
O009886,2025-05-19,Walmart,W02,Completed
O009887,2025-02-20,eBay,W01,Completed
O009888,2025-09-05,Amazon,W02,Completed
O009889,2025-06-08,eBay,W03,Completed
O009890,2025-02-20,Amazon,W03,Completed
O009891,2025-08-04,Walmart,W01,Completed
O009892,2025-06-13,eBay,W01,Completed
O009893,2025-09-10,Walmart,W02,Completed
O009894,2025-07-11,eBay,W02,Completed
O009895,2025-04-25,eBay,W01,Completed
O009896,2025-12-03,eBay,W01,Completed
O009897,2025-02-19,Amazon,W01,Completed
O009898,2025-04-12,eBay,W01,Completed
O009899,2025-01-11,Amazon,W01,Completed
O009900,2025-02-27,Walmart,W01,Completed
O009901,2025-03-22,eBay,W01,Completed
O009902,2025-09-12,Amazon,W01,Completed
O009903,2025-08-07,eBay,W03,Completed
O009904,2025-06-07,Walmart,W02,Completed
O009905,2025-02-16,Amazon,W01,Completed
O009906,2025-08-10,eBay,W02,Completed
O009907,2025-08-12,Walmart,W02,Completed
O009908,2025-02-28,Walmart,W01,Completed
O009909,2025-07-30,eBay,W03,Completed
O009910,2025-02-26,Amazon,W02,Completed
O009911,2025-05-26,Walmart,W02,Completed
O009912,2025-03-03,Amazon,W01,Completed
O009913,2025-12-03,Walmart,W01,Completed
O009914,2025-12-22,eBay,W01,Completed
O009915,2025-09-24,Walmart,W02,Completed
O009916,2025-11-25,Walmart,W02,Completed
O009917,2025-03-27,Amazon,W02,Completed
O009918,2025-04-11,Amazon,W01,Completed
O009919,2025-09-20,Amazon,W03,Completed
O009920,2025-09-13,Amazon,W01,Completed
O009921,2025-05-13,Walmart,W02,Completed
O009922,2025-06-22,Walmart,W01,Completed
O009923,2025-10-08,Amazon,W01,Completed
O009924,2025-11-19,Amazon,W01,Completed
O009925,2025-03-15,eBay,W01,Completed
O009926,2025-01-06,Walmart,W03,Completed
O009927,2025-12-25,Amazon,W02,Completed
O009928,2025-10-19,eBay,W03,Completed
O009929,2025-11-02,Amazon,W01,Completed
O009930,2025-05-31,Amazon,W01,Completed
O009931,2025-09-24,eBay,W02,Completed
O009932,2025-01-30,Walmart,W01,Completed
O009933,2025-08-04,eBay,W03,Completed
O009934,2025-04-03,Amazon,W03,Completed
O009935,2025-01-01,Amazon,W02,Completed
O009936,2025-03-23,Walmart,W03,Completed
O009937,2025-08-14,eBay,W01,Completed
O009938,2025-07-14,Walmart,W01,Completed
O009939,2025-10-12,Amazon,W03,Completed
O009940,2025-09-08,Amazon,W01,Completed
O009941,2025-04-14,eBay,W01,Completed
O009942,2025-02-07,Walmart,W02,Completed
O009943,2025-02-12,eBay,W01,Completed
O009944,2025-05-31,Walmart,W03,Completed
O009945,2025-08-07,Amazon,W03,Completed
O009946,2025-05-17,Walmart,W02,Completed
O009947,2025-03-23,Walmart,W02,Cancelled
O009948,2025-01-06,Walmart,W01,Completed
O009949,2025-12-26,Amazon,W03,Completed
O009950,2025-04-25,Amazon,W01,Completed
O009951,2025-11-11,Walmart,W01,Completed
O009952,2025-11-25,Amazon,W01,Completed
O009953,2025-01-19,Walmart,W01,Completed
O009954,2025-09-23,Amazon,W03,Completed
O009955,2025-05-30,Walmart,W01,Completed
O009956,2025-02-11,eBay,W03,Completed
O009957,2025-03-09,Amazon,W01,Completed
O009958,2025-12-28,Amazon,W01,Completed
O009959,2025-04-13,Walmart,W02,Completed
O009960,2025-04-27,Amazon,W03,Completed
O009961,2025-12-25,Amazon,W02,Completed
O009962,2025-12-16,Amazon,W03,Completed
O009963,2025-01-11,Walmart,W01,Completed
O009964,2025-07-08,Amazon,W01,Completed
O009965,2025-05-19,eBay,W03,Completed
O009966,2025-04-27,Walmart,W02,Completed
O009967,2025-01-04,eBay,W02,Completed
O009968,2025-01-18,Amazon,W02,Completed
O009969,2025-01-31,Walmart,W02,Completed
O009970,2025-05-23,Walmart,W03,Completed
O009971,2025-06-11,Walmart,W01,Completed
O009972,2025-06-23,Amazon,W01,Completed
O009973,2025-04-17,eBay,W03,Completed
O009974,2025-06-26,eBay,W03,Completed
O009975,2025-03-28,eBay,W01,Completed
O009976,2025-06-18,Amazon,W02,Completed
O009977,2025-01-28,Walmart,W03,Completed
O009978,2025-10-18,Amazon,W01,Completed
O009979,2025-08-24,eBay,W01,Completed
O009980,2025-02-24,Amazon,W01,Completed
O009981,2025-02-01,Walmart,W01,Completed
O009982,2025-07-11,Walmart,W01,Completed
O009983,2025-10-08,Amazon,W02,Completed
O009984,2025-12-18,Walmart,W01,Cancelled
O009985,2025-11-23,Walmart,W01,Completed
O009986,2025-08-27,eBay,W01,Completed
O009987,2025-10-09,eBay,W02,Completed
O009988,2025-01-17,Amazon,W02,Completed
O009989,2025-04-27,Amazon,W03,Completed
O009990,2025-05-28,Walmart,W01,Completed
O009991,2025-07-11,eBay,W03,Completed
O009992,2025-06-13,Walmart,W02,Completed
O009993,2025-08-10,Amazon,W01,Completed
O009994,2025-01-24,Amazon,W02,Completed
O009995,2025-04-13,Walmart,W01,Completed
O009996,2025-01-15,eBay,W02,Completed
O009997,2025-11-27,Amazon,W01,Completed
O009998,2025-09-16,Amazon,W01,Completed
O009999,2025-12-17,Walmart,W01,Completed
O010000,2025-06-12,Amazon,W01,Completed
