order_item_id,order_id,product_id,quantity,unit_price,line_revenue
OI0000001,O000001,P004,1,66.5,66.5
OI0000002,O000001,P063,1,28.7,28.7
OI0000003,O000002,P108,1,34.32,34.32
OI0000004,O000002,P002,1,30.14,30.14
OI0000005,O000002,P001,1,66.04,66.04
OI0000006,O000003,P072,1,14.56,14.56
OI0000007,O000004,P080,1,64.69,64.69
OI0000008,O000004,P097,1,20.46,20.46
OI0000009,O000005,P076,1,38.28,38.28
OI0000010,O000005,P087,1,29.25,29.25
OI0000011,O000005,P098,2,57.37,114.74
OI0000012,O000006,P025,1,37.52,37.52
OI0000013,O000007,P074,1,32.9,32.9
OI0000014,O000008,P020,1,30.3,30.3
OI0000015,O000009,P047,1,23.25,23.25
OI0000016,O000010,P058,1,47.56,47.56
OI0000017,O000011,P062,2,53.16,106.32
OI0000018,O000012,P095,1,69.05,69.05
OI0000019,O000012,P076,1,38.28,38.28
OI0000020,O000013,P088,1,28.36,28.36
OI0000021,O000014,P009,1,37.92,37.92
OI0000022,O000015,P057,1,112.54,112.54
OI0000023,O000015,P107,2,52.87,105.74
OI0000024,O000016,P064,1,16.79,16.79
OI0000025,O000016,P083,1,30.7,30.7
OI0000026,O000016,P096,1,86.58,86.58
OI0000027,O000017,P081,3,22.73,68.19
OI0000028,O000018,P029,1,25.98,25.98
OI0000029,O000018,P102,1,56.61,56.61
OI0000030,O000019,P086,2,80.82,161.64
OI0000031,O000019,P068,2,29.23,58.46
OI0000032,O000020,P114,1,27.37,27.37
OI0000033,O000020,P117,1,27.82,27.82
OI0000034,O000021,P098,1,57.37,57.37
OI0000035,O000022,P041,1,25.86,25.86
OI0000036,O000023,P055,1,69.18,69.18
OI0000037,O000024,P113,1,35.73,35.73
OI0000038,O000025,P069,1,24.0,24.0
OI0000039,O000026,P001,3,66.04,198.12
OI0000040,O000026,P058,1,47.56,47.56
OI0000041,O000027,P058,1,47.56,47.56
OI0000042,O000028,P120,1,46.49,46.49
OI0000043,O000029,P044,1,63.71,63.71
OI0000044,O000030,P032,1,17.4,17.4
OI0000045,O000031,P068,1,29.23,29.23
OI0000046,O000032,P068,1,29.23,29.23
OI0000047,O000032,P008,1,46.52,46.52
OI0000048,O000032,P004,1,66.5,66.5
OI0000049,O000033,P003,1,36.05,36.05
OI0000050,O000033,P116,1,38.35,38.35
OI0000051,O000034,P112,2,35.49,70.98
OI0000052,O000035,P013,1,12.37,12.37
OI0000053,O000035,P067,1,46.95,46.95
OI0000054,O000035,P007,1,39.99,39.99
OI0000055,O000036,P114,1,27.37,27.37
OI0000056,O000037,P103,1,65.04,65.04
OI0000057,O000037,P067,1,46.95,46.95
OI0000058,O000037,P112,2,35.49,70.98
OI0000059,O000038,P002,1,30.14,30.14
OI0000060,O000039,P089,1,26.52,26.52
OI0000061,O000040,P013,1,12.37,12.37
OI0000062,O000040,P065,1,41.82,41.82
OI0000063,O000041,P106,1,47.23,47.23
OI0000064,O000042,P023,1,54.75,54.75
OI0000065,O000043,P120,1,46.49,46.49
OI0000066,O000044,P106,2,47.23,94.46
OI0000067,O000044,P006,1,132.21,132.21
OI0000068,O000045,P022,1,43.57,43.57
OI0000069,O000046,P038,1,64.8,64.8
OI0000070,O000046,P066,1,34.67,34.67
OI0000071,O000047,P052,1,44.73,44.73
OI0000072,O000047,P066,1,34.67,34.67
OI0000073,O000048,P091,2,37.89,75.78
OI0000074,O000049,P033,1,87.02,87.02
OI0000075,O000050,P077,2,144.76,289.52
OI0000076,O000051,P095,1,69.05,69.05
OI0000077,O000052,P017,1,18.94,18.94
OI0000078,O000052,P049,1,42.57,42.57
OI0000079,O000053,P047,1,23.25,23.25
OI0000080,O000053,P044,1,63.71,63.71
OI0000081,O000054,P117,1,27.82,27.82
OI0000082,O000055,P015,2,31.17,62.34
OI0000083,O000055,P018,1,12.14,12.14
OI0000084,O000056,P027,1,12.05,12.05
OI0000085,O000057,P076,1,38.28,38.28
OI0000086,O000058,P031,1,32.22,32.22
OI0000087,O000059,P053,1,40.97,40.97
OI0000088,O000060,P042,1,41.11,41.11
OI0000089,O000061,P031,1,32.22,32.22
OI0000090,O000062,P120,1,46.49,46.49
OI0000091,O000063,P099,1,46.77,46.77
OI0000092,O000064,P041,1,25.86,25.86
OI0000093,O000064,P036,1,16.55,16.55
OI0000094,O000064,P038,1,64.8,64.8
OI0000095,O000065,P100,1,26.88,26.88
OI0000096,O000066,P032,1,17.4,17.4
OI0000097,O000067,P054,2,53.62,107.24
OI0000098,O000068,P088,1,28.36,28.36
OI0000099,O000068,P023,1,54.75,54.75
OI0000100,O000069,P034,2,35.52,71.04
OI0000101,O000069,P082,1,34.81,34.81
OI0000102,O000069,P027,1,12.05,12.05
OI0000103,O000070,P065,2,41.82,83.64
OI0000104,O000070,P089,1,26.52,26.52
OI0000105,O000071,P108,1,34.32,34.32
OI0000106,O000072,P090,1,55.52,55.52
OI0000107,O000073,P011,1,39.95,39.95
OI0000108,O000074,P099,1,46.77,46.77
OI0000109,O000074,P002,1,30.14,30.14
OI0000110,O000075,P098,1,57.37,57.37
OI0000111,O000075,P106,1,47.23,47.23
OI0000112,O000076,P009,1,37.92,37.92
OI0000113,O000077,P031,1,32.22,32.22
OI0000114,O000078,P028,1,129.35,129.35
OI0000115,O000079,P040,1,40.11,40.11
OI0000116,O000080,P070,1,47.52,47.52
OI0000117,O000080,P036,1,16.55,16.55
OI0000118,O000081,P027,3,12.05,36.15
OI0000119,O000081,P085,1,11.15,11.15
OI0000120,O000081,P066,1,34.67,34.67
OI0000121,O000082,P091,1,37.89,37.89
OI0000122,O000083,P037,1,33.58,33.58
OI0000123,O000084,P084,1,30.69,30.69
OI0000124,O000085,P090,1,55.52,55.52
OI0000125,O000086,P096,1,86.58,86.58
OI0000126,O000086,P085,1,11.15,11.15
OI0000127,O000087,P011,1,39.95,39.95
OI0000128,O000088,P102,1,56.61,56.61
OI0000129,O000089,P045,2,30.38,60.76
OI0000130,O000089,P034,1,35.52,35.52
OI0000131,O000089,P111,1,29.11,29.11
OI0000132,O000090,P085,1,11.15,11.15
OI0000133,O000090,P110,1,82.9,82.9
OI0000134,O000090,P030,1,57.05,57.05
OI0000135,O000091,P007,1,39.99,39.99
OI0000136,O000091,P095,1,69.05,69.05
OI0000137,O000092,P002,1,30.14,30.14
OI0000138,O000092,P007,2,39.99,79.98
OI0000139,O000092,P073,1,45.97,45.97
OI0000140,O000092,P062,1,53.16,53.16
OI0000141,O000093,P028,1,129.35,129.35
OI0000142,O000094,P036,1,16.55,16.55
OI0000143,O000095,P111,2,29.11,58.22
OI0000144,O000095,P037,1,33.58,33.58
OI0000145,O000096,P059,1,68.57,68.57
OI0000146,O000096,P020,1,30.3,30.3
OI0000147,O000096,P084,1,30.69,30.69
OI0000148,O000096,P074,1,32.9,32.9
OI0000149,O000097,P097,1,20.46,20.46
OI0000150,O000097,P019,1,13.12,13.12
OI0000151,O000098,P113,1,35.73,35.73
OI0000152,O000098,P022,1,43.57,43.57
OI0000153,O000099,P077,3,144.76,434.28
OI0000154,O000099,P052,2,44.73,89.46
OI0000155,O000100,P038,1,64.8,64.8
OI0000156,O000101,P076,1,38.28,38.28
OI0000157,O000102,P026,1,27.66,27.66
OI0000158,O000103,P064,1,16.79,16.79
OI0000159,O000103,P075,1,44.36,44.36
OI0000160,O000103,P019,1,13.12,13.12
OI0000161,O000103,P015,1,31.17,31.17
OI0000162,O000104,P020,1,30.3,30.3
OI0000163,O000105,P091,2,37.89,75.78
OI0000164,O000106,P007,1,39.99,39.99
OI0000165,O000106,P017,1,18.94,18.94
OI0000166,O000107,P080,1,64.69,64.69
OI0000167,O000108,P087,1,29.25,29.25
OI0000168,O000109,P026,1,27.66,27.66
OI0000169,O000109,P091,1,37.89,37.89
OI0000170,O000110,P019,1,13.12,13.12
OI0000171,O000110,P098,1,57.37,57.37
OI0000172,O000111,P113,1,35.73,35.73
OI0000173,O000112,P016,1,59.7,59.7
OI0000174,O000113,P110,1,82.9,82.9
OI0000175,O000113,P046,2,38.99,77.98
OI0000176,O000113,P050,1,19.41,19.41
OI0000177,O000114,P078,1,34.46,34.46
OI0000178,O000114,P004,1,66.5,66.5
OI0000179,O000115,P073,1,45.97,45.97
OI0000180,O000116,P010,1,44.59,44.59
OI0000181,O000117,P059,1,68.57,68.57
OI0000182,O000118,P106,1,47.23,47.23
OI0000183,O000118,P066,1,34.67,34.67
OI0000184,O000118,P037,3,33.58,100.74
OI0000185,O000119,P062,1,53.16,53.16
OI0000186,O000119,P103,1,65.04,65.04
OI0000187,O000120,P071,1,141.44,141.44
OI0000188,O000121,P100,1,26.88,26.88
OI0000189,O000122,P039,1,31.96,31.96
OI0000190,O000122,P051,1,11.22,11.22
OI0000191,O000123,P093,1,45.3,45.3
OI0000192,O000124,P030,1,57.05,57.05
OI0000193,O000125,P098,3,57.37,172.11
OI0000194,O000126,P109,1,81.27,81.27
OI0000195,O000127,P119,1,34.08,34.08
OI0000196,O000127,P032,1,17.4,17.4
OI0000197,O000128,P009,1,37.92,37.92
OI0000198,O000129,P110,1,82.9,82.9
OI0000199,O000130,P060,1,41.59,41.59
OI0000200,O000131,P114,2,27.37,54.74
OI0000201,O000132,P010,1,44.59,44.59
OI0000202,O000133,P041,2,25.86,51.72
OI0000203,O000134,P084,1,30.69,30.69
OI0000204,O000134,P068,1,29.23,29.23
OI0000205,O000135,P043,1,23.06,23.06
OI0000206,O000136,P072,1,14.56,14.56
OI0000207,O000137,P005,1,49.25,49.25
OI0000208,O000138,P085,1,11.15,11.15
OI0000209,O000139,P069,1,24.0,24.0
OI0000210,O000140,P006,1,132.21,132.21
OI0000211,O000141,P002,2,30.14,60.28
OI0000212,O000141,P010,1,44.59,44.59
OI0000213,O000142,P091,1,37.89,37.89
OI0000214,O000142,P084,1,30.69,30.69
OI0000215,O000143,P089,1,26.52,26.52
OI0000216,O000143,P027,1,12.05,12.05
OI0000217,O000143,P110,1,82.9,82.9
OI0000218,O000143,P020,1,30.3,30.3
OI0000219,O000144,P044,2,63.71,127.42
OI0000220,O000144,P042,2,41.11,82.22
OI0000221,O000144,P091,1,37.89,37.89
OI0000222,O000145,P032,1,17.4,17.4
OI0000223,O000145,P115,1,42.04,42.04
OI0000224,O000146,P063,1,28.7,28.7
OI0000225,O000147,P097,1,20.46,20.46
OI0000226,O000148,P012,1,51.32,51.32
OI0000227,O000149,P037,2,33.58,67.16
OI0000228,O000150,P059,1,68.57,68.57
OI0000229,O000151,P022,2,43.57,87.14
OI0000230,O000151,P095,3,69.05,207.15
OI0000231,O000152,P016,1,59.7,59.7
OI0000232,O000153,P050,1,19.41,19.41
OI0000233,O000153,P094,1,17.7,17.7
OI0000234,O000153,P069,1,24.0,24.0
OI0000235,O000154,P094,1,17.7,17.7
OI0000236,O000155,P030,1,57.05,57.05
OI0000237,O000155,P032,1,17.4,17.4
OI0000238,O000156,P087,1,29.25,29.25
OI0000239,O000156,P072,1,14.56,14.56
OI0000240,O000156,P024,2,84.49,168.98
OI0000241,O000157,P044,1,63.71,63.71
OI0000242,O000158,P050,1,19.41,19.41
OI0000243,O000158,P110,1,82.9,82.9
OI0000244,O000159,P066,1,34.67,34.67
OI0000245,O000160,P107,1,52.87,52.87
OI0000246,O000161,P017,1,18.94,18.94
OI0000247,O000161,P119,1,34.08,34.08
OI0000248,O000162,P007,2,39.99,79.98
OI0000249,O000163,P060,1,41.59,41.59
OI0000250,O000163,P001,1,66.04,66.04
OI0000251,O000163,P084,1,30.69,30.69
OI0000252,O000164,P040,1,40.11,40.11
OI0000253,O000165,P104,1,44.1,44.1
OI0000254,O000165,P098,1,57.37,57.37
OI0000255,O000165,P054,2,53.62,107.24
OI0000256,O000165,P033,1,87.02,87.02
OI0000257,O000166,P033,2,87.02,174.04
OI0000258,O000167,P032,1,17.4,17.4
OI0000259,O000167,P030,1,57.05,57.05
OI0000260,O000168,P113,1,35.73,35.73
OI0000261,O000168,P067,1,46.95,46.95
OI0000262,O000168,P102,1,56.61,56.61
OI0000263,O000168,P100,3,26.88,80.64
OI0000264,O000169,P012,1,51.32,51.32
OI0000265,O000170,P025,1,37.52,37.52
OI0000266,O000171,P078,1,34.46,34.46
OI0000267,O000172,P036,1,16.55,16.55
OI0000268,O000173,P002,1,30.14,30.14
OI0000269,O000173,P085,1,11.15,11.15
OI0000270,O000174,P032,1,17.4,17.4
OI0000271,O000175,P056,1,18.69,18.69
OI0000272,O000176,P112,1,35.49,35.49
OI0000273,O000176,P001,1,66.04,66.04
OI0000274,O000176,P093,1,45.3,45.3
OI0000275,O000177,P109,1,81.27,81.27
OI0000276,O000178,P016,1,59.7,59.7
OI0000277,O000179,P041,1,25.86,25.86
OI0000278,O000179,P095,1,69.05,69.05
OI0000279,O000180,P047,1,23.25,23.25
OI0000280,O000181,P107,2,52.87,105.74
OI0000281,O000182,P047,1,23.25,23.25
OI0000282,O000182,P096,2,86.58,173.16
OI0000283,O000183,P102,1,56.61,56.61
OI0000284,O000184,P034,1,35.52,35.52
OI0000285,O000184,P026,1,27.66,27.66
OI0000286,O000185,P013,1,12.37,12.37
OI0000287,O000185,P080,1,64.69,64.69
OI0000288,O000186,P011,1,39.95,39.95
OI0000289,O000187,P016,2,59.7,119.4
OI0000290,O000188,P062,1,53.16,53.16
OI0000291,O000188,P023,1,54.75,54.75
OI0000292,O000189,P093,1,45.3,45.3
OI0000293,O000190,P009,1,37.92,37.92
OI0000294,O000190,P051,1,11.22,11.22
OI0000295,O000190,P116,1,38.35,38.35
OI0000296,O000191,P053,1,40.97,40.97
OI0000297,O000192,P095,1,69.05,69.05
OI0000298,O000192,P015,1,31.17,31.17
OI0000299,O000192,P067,1,46.95,46.95
OI0000300,O000193,P028,1,129.35,129.35
OI0000301,O000194,P081,3,22.73,68.19
OI0000302,O000194,P001,1,66.04,66.04
OI0000303,O000195,P091,2,37.89,75.78
OI0000304,O000195,P033,1,87.02,87.02
OI0000305,O000196,P105,1,73.93,73.93
OI0000306,O000197,P120,1,46.49,46.49
OI0000307,O000197,P062,1,53.16,53.16
OI0000308,O000198,P073,2,45.97,91.94
OI0000309,O000198,P082,2,34.81,69.62
OI0000310,O000199,P012,1,51.32,51.32
OI0000311,O000199,P083,1,30.7,30.7
OI0000312,O000200,P085,1,11.15,11.15
OI0000313,O000200,P008,1,46.52,46.52
OI0000314,O000201,P070,2,47.52,95.04
OI0000315,O000202,P096,1,86.58,86.58
OI0000316,O000202,P060,1,41.59,41.59
OI0000317,O000203,P051,1,11.22,11.22
OI0000318,O000204,P008,1,46.52,46.52
OI0000319,O000205,P042,1,41.11,41.11
OI0000320,O000206,P093,1,45.3,45.3
OI0000321,O000206,P012,1,51.32,51.32
OI0000322,O000207,P064,1,16.79,16.79
OI0000323,O000208,P024,2,84.49,168.98
OI0000324,O000208,P099,1,46.77,46.77
OI0000325,O000208,P005,3,49.25,147.75
OI0000326,O000209,P119,2,34.08,68.16
OI0000327,O000210,P050,1,19.41,19.41
OI0000328,O000211,P060,1,41.59,41.59
OI0000329,O000212,P063,1,28.7,28.7
OI0000330,O000213,P080,1,64.69,64.69
OI0000331,O000214,P010,1,44.59,44.59
OI0000332,O000214,P028,1,129.35,129.35
OI0000333,O000214,P106,1,47.23,47.23
OI0000334,O000214,P014,1,102.77,102.77
OI0000335,O000215,P001,2,66.04,132.08
OI0000336,O000215,P010,1,44.59,44.59
OI0000337,O000216,P118,1,22.9,22.9
OI0000338,O000217,P079,1,23.65,23.65
OI0000339,O000217,P004,1,66.5,66.5
OI0000340,O000218,P050,1,19.41,19.41
OI0000341,O000219,P011,1,39.95,39.95
OI0000342,O000220,P113,1,35.73,35.73
OI0000343,O000220,P067,2,46.95,93.9
OI0000344,O000220,P024,1,84.49,84.49
OI0000345,O000220,P114,1,27.37,27.37
OI0000346,O000221,P052,1,44.73,44.73
OI0000347,O000222,P120,1,46.49,46.49
OI0000348,O000223,P018,1,12.14,12.14
OI0000349,O000224,P026,2,27.66,55.32
OI0000350,O000224,P107,1,52.87,52.87
OI0000351,O000225,P025,1,37.52,37.52
OI0000352,O000226,P004,1,66.5,66.5
OI0000353,O000226,P077,1,144.76,144.76
OI0000354,O000227,P046,2,38.99,77.98
OI0000355,O000227,P044,1,63.71,63.71
OI0000356,O000228,P052,1,44.73,44.73
OI0000357,O000229,P060,1,41.59,41.59
OI0000358,O000230,P059,1,68.57,68.57
OI0000359,O000231,P079,1,23.65,23.65
OI0000360,O000231,P035,1,23.65,23.65
OI0000361,O000231,P050,1,19.41,19.41
OI0000362,O000232,P060,1,41.59,41.59
OI0000363,O000233,P034,1,35.52,35.52
OI0000364,O000234,P008,2,46.52,93.04
OI0000365,O000234,P057,1,112.54,112.54
OI0000366,O000234,P005,2,49.25,98.5
OI0000367,O000235,P028,2,129.35,258.7
OI0000368,O000235,P035,1,23.65,23.65
OI0000369,O000236,P006,1,132.21,132.21
OI0000370,O000236,P051,1,11.22,11.22
OI0000371,O000237,P015,3,31.17,93.51
OI0000372,O000238,P007,1,39.99,39.99
OI0000373,O000239,P097,1,20.46,20.46
OI0000374,O000240,P078,1,34.46,34.46
OI0000375,O000241,P031,2,32.22,64.44
OI0000376,O000242,P104,1,44.1,44.1
OI0000377,O000242,P003,1,36.05,36.05
OI0000378,O000242,P058,1,47.56,47.56
OI0000379,O000243,P118,1,22.9,22.9
OI0000380,O000244,P077,1,144.76,144.76
OI0000381,O000244,P107,1,52.87,52.87
OI0000382,O000244,P067,1,46.95,46.95
OI0000383,O000244,P024,1,84.49,84.49
OI0000384,O000245,P059,2,68.57,137.14
OI0000385,O000245,P021,1,51.23,51.23
OI0000386,O000246,P019,1,13.12,13.12
OI0000387,O000247,P071,1,141.44,141.44
OI0000388,O000247,P077,1,144.76,144.76
OI0000389,O000248,P029,1,25.98,25.98
OI0000390,O000249,P022,1,43.57,43.57
OI0000391,O000250,P040,2,40.11,80.22
OI0000392,O000251,P077,1,144.76,144.76
OI0000393,O000251,P071,1,141.44,141.44
OI0000394,O000252,P073,2,45.97,91.94
OI0000395,O000253,P113,2,35.73,71.46
OI0000396,O000254,P111,1,29.11,29.11
OI0000397,O000254,P105,1,73.93,73.93
OI0000398,O000255,P077,1,144.76,144.76
OI0000399,O000256,P046,1,38.99,38.99
OI0000400,O000256,P010,1,44.59,44.59
OI0000401,O000256,P082,1,34.81,34.81
OI0000402,O000257,P110,1,82.9,82.9
OI0000403,O000258,P004,1,66.5,66.5
OI0000404,O000259,P019,1,13.12,13.12
OI0000405,O000260,P086,1,80.82,80.82
OI0000406,O000261,P095,1,69.05,69.05
OI0000407,O000262,P079,1,23.65,23.65
OI0000408,O000263,P040,1,40.11,40.11
OI0000409,O000264,P027,1,12.05,12.05
OI0000410,O000265,P009,1,37.92,37.92
OI0000411,O000266,P067,1,46.95,46.95
OI0000412,O000267,P091,1,37.89,37.89
OI0000413,O000268,P013,1,12.37,12.37
OI0000414,O000269,P047,2,23.25,46.5
OI0000415,O000269,P052,1,44.73,44.73
OI0000416,O000270,P058,1,47.56,47.56
OI0000417,O000270,P007,1,39.99,39.99
OI0000418,O000271,P099,2,46.77,93.54
OI0000419,O000272,P033,1,87.02,87.02
OI0000420,O000273,P006,1,132.21,132.21
OI0000421,O000274,P056,1,18.69,18.69
OI0000422,O000274,P029,1,25.98,25.98
OI0000423,O000275,P100,1,26.88,26.88
OI0000424,O000275,P024,2,84.49,168.98
OI0000425,O000275,P002,2,30.14,60.28
OI0000426,O000276,P043,1,23.06,23.06
OI0000427,O000277,P110,1,82.9,82.9
OI0000428,O000277,P105,1,73.93,73.93
OI0000429,O000278,P071,2,141.44,282.88
OI0000430,O000279,P012,1,51.32,51.32
OI0000431,O000279,P016,2,59.7,119.4
OI0000432,O000279,P085,1,11.15,11.15
OI0000433,O000280,P105,1,73.93,73.93
OI0000434,O000281,P041,1,25.86,25.86
OI0000435,O000281,P016,1,59.7,59.7
OI0000436,O000281,P103,1,65.04,65.04
OI0000437,O000282,P103,1,65.04,65.04
OI0000438,O000282,P090,1,55.52,55.52
OI0000439,O000282,P110,1,82.9,82.9
OI0000440,O000283,P115,1,42.04,42.04
OI0000441,O000283,P087,1,29.25,29.25
OI0000442,O000284,P099,1,46.77,46.77
OI0000443,O000285,P120,2,46.49,92.98
OI0000444,O000286,P073,1,45.97,45.97
OI0000445,O000286,P003,2,36.05,72.1
OI0000446,O000287,P065,1,41.82,41.82
OI0000447,O000287,P018,1,12.14,12.14
OI0000448,O000288,P085,1,11.15,11.15
OI0000449,O000289,P082,1,34.81,34.81
OI0000450,O000290,P094,1,17.7,17.7
OI0000451,O000290,P117,1,27.82,27.82
OI0000452,O000291,P111,1,29.11,29.11
OI0000453,O000291,P078,2,34.46,68.92
OI0000454,O000291,P083,1,30.7,30.7
OI0000455,O000292,P035,1,23.65,23.65
OI0000456,O000292,P074,3,32.9,98.7
OI0000457,O000292,P014,1,102.77,102.77
OI0000458,O000293,P056,1,18.69,18.69
OI0000459,O000293,P074,1,32.9,32.9
OI0000460,O000293,P024,1,84.49,84.49
OI0000461,O000294,P079,1,23.65,23.65
OI0000462,O000294,P099,1,46.77,46.77
OI0000463,O000295,P058,2,47.56,95.12
OI0000464,O000296,P117,1,27.82,27.82
OI0000465,O000297,P106,1,47.23,47.23
OI0000466,O000297,P047,2,23.25,46.5
OI0000467,O000297,P105,1,73.93,73.93
OI0000468,O000298,P085,2,11.15,22.3
OI0000469,O000299,P029,1,25.98,25.98
OI0000470,O000300,P101,1,43.91,43.91
OI0000471,O000301,P071,2,141.44,282.88
OI0000472,O000302,P100,1,26.88,26.88
OI0000473,O000303,P115,1,42.04,42.04
OI0000474,O000304,P022,1,43.57,43.57
OI0000475,O000305,P096,1,86.58,86.58
OI0000476,O000306,P097,1,20.46,20.46
OI0000477,O000306,P003,1,36.05,36.05
OI0000478,O000306,P115,3,42.04,126.12
OI0000479,O000307,P100,2,26.88,53.76
OI0000480,O000307,P051,1,11.22,11.22
OI0000481,O000307,P102,1,56.61,56.61
OI0000482,O000308,P090,1,55.52,55.52
OI0000483,O000308,P119,1,34.08,34.08
OI0000484,O000309,P038,2,64.8,129.6
OI0000485,O000310,P043,1,23.06,23.06
OI0000486,O000311,P059,2,68.57,137.14
OI0000487,O000311,P099,1,46.77,46.77
OI0000488,O000312,P010,1,44.59,44.59
OI0000489,O000313,P049,1,42.57,42.57
OI0000490,O000314,P065,1,41.82,41.82
OI0000491,O000315,P004,1,66.5,66.5
OI0000492,O000315,P087,2,29.25,58.5
OI0000493,O000315,P029,1,25.98,25.98
OI0000494,O000316,P086,2,80.82,161.64
OI0000495,O000316,P115,1,42.04,42.04
OI0000496,O000317,P036,1,16.55,16.55
OI0000497,O000317,P050,1,19.41,19.41
OI0000498,O000317,P039,1,31.96,31.96
OI0000499,O000318,P060,2,41.59,83.18
OI0000500,O000318,P078,3,34.46,103.38
OI0000501,O000318,P084,1,30.69,30.69
OI0000502,O000319,P017,2,18.94,37.88
OI0000503,O000320,P015,1,31.17,31.17
OI0000504,O000320,P059,1,68.57,68.57
OI0000505,O000320,P056,3,18.69,56.07
OI0000506,O000321,P055,1,69.18,69.18
OI0000507,O000321,P085,2,11.15,22.3
OI0000508,O000322,P036,1,16.55,16.55
OI0000509,O000323,P112,1,35.49,35.49
OI0000510,O000324,P055,1,69.18,69.18
OI0000511,O000325,P017,1,18.94,18.94
OI0000512,O000325,P011,1,39.95,39.95
OI0000513,O000326,P076,1,38.28,38.28
OI0000514,O000326,P066,1,34.67,34.67
OI0000515,O000327,P076,1,38.28,38.28
OI0000516,O000327,P108,1,34.32,34.32
OI0000517,O000327,P116,1,38.35,38.35
OI0000518,O000328,P086,1,80.82,80.82
OI0000519,O000329,P114,1,27.37,27.37
OI0000520,O000329,P107,1,52.87,52.87
OI0000521,O000330,P098,1,57.37,57.37
OI0000522,O000330,P005,1,49.25,49.25
OI0000523,O000331,P114,1,27.37,27.37
OI0000524,O000331,P112,2,35.49,70.98
OI0000525,O000332,P056,1,18.69,18.69
OI0000526,O000332,P022,1,43.57,43.57
OI0000527,O000333,P001,1,66.04,66.04
OI0000528,O000334,P019,1,13.12,13.12
OI0000529,O000334,P067,1,46.95,46.95
OI0000530,O000334,P072,1,14.56,14.56
OI0000531,O000334,P049,1,42.57,42.57
OI0000532,O000335,P119,2,34.08,68.16
OI0000533,O000336,P023,1,54.75,54.75
OI0000534,O000336,P061,1,33.13,33.13
OI0000535,O000337,P026,3,27.66,82.98
OI0000536,O000337,P007,1,39.99,39.99
OI0000537,O000337,P012,2,51.32,102.64
OI0000538,O000338,P046,1,38.99,38.99
OI0000539,O000338,P101,2,43.91,87.82
OI0000540,O000338,P049,1,42.57,42.57
OI0000541,O000339,P057,1,112.54,112.54
OI0000542,O000339,P054,2,53.62,107.24
OI0000543,O000340,P041,1,25.86,25.86
OI0000544,O000340,P009,1,37.92,37.92
OI0000545,O000340,P051,1,11.22,11.22
OI0000546,O000340,P027,1,12.05,12.05
OI0000547,O000341,P073,2,45.97,91.94
OI0000548,O000341,P021,3,51.23,153.69
OI0000549,O000341,P103,1,65.04,65.04
OI0000550,O000342,P090,1,55.52,55.52
OI0000551,O000343,P010,1,44.59,44.59
OI0000552,O000343,P101,1,43.91,43.91
OI0000553,O000344,P052,1,44.73,44.73
OI0000554,O000345,P021,3,51.23,153.69
OI0000555,O000345,P081,1,22.73,22.73
OI0000556,O000345,P086,1,80.82,80.82
OI0000557,O000346,P093,1,45.3,45.3
OI0000558,O000346,P091,1,37.89,37.89
OI0000559,O000347,P029,1,25.98,25.98
OI0000560,O000348,P106,1,47.23,47.23
OI0000561,O000349,P072,1,14.56,14.56
OI0000562,O000349,P058,1,47.56,47.56
OI0000563,O000349,P104,1,44.1,44.1
OI0000564,O000350,P065,1,41.82,41.82
OI0000565,O000350,P008,1,46.52,46.52
OI0000566,O000351,P099,1,46.77,46.77
OI0000567,O000351,P043,1,23.06,23.06
OI0000568,O000352,P068,1,29.23,29.23
OI0000569,O000352,P099,1,46.77,46.77
OI0000570,O000352,P014,1,102.77,102.77
OI0000571,O000353,P085,2,11.15,22.3
OI0000572,O000353,P058,1,47.56,47.56
OI0000573,O000354,P054,2,53.62,107.24
OI0000574,O000354,P070,1,47.52,47.52
OI0000575,O000355,P106,1,47.23,47.23
OI0000576,O000355,P051,1,11.22,11.22
OI0000577,O000356,P100,1,26.88,26.88
OI0000578,O000357,P114,1,27.37,27.37
OI0000579,O000357,P053,2,40.97,81.94
OI0000580,O000358,P074,1,32.9,32.9
OI0000581,O000359,P085,2,11.15,22.3
OI0000582,O000360,P109,1,81.27,81.27
OI0000583,O000361,P007,1,39.99,39.99
OI0000584,O000362,P017,1,18.94,18.94
OI0000585,O000362,P049,1,42.57,42.57
OI0000586,O000363,P011,1,39.95,39.95
OI0000587,O000363,P120,1,46.49,46.49
OI0000588,O000364,P055,1,69.18,69.18
OI0000589,O000364,P075,1,44.36,44.36
OI0000590,O000365,P056,1,18.69,18.69
OI0000591,O000366,P036,1,16.55,16.55
OI0000592,O000367,P023,1,54.75,54.75
OI0000593,O000368,P020,1,30.3,30.3
OI0000594,O000368,P009,2,37.92,75.84
OI0000595,O000368,P022,1,43.57,43.57
OI0000596,O000369,P043,1,23.06,23.06
OI0000597,O000369,P035,1,23.65,23.65
OI0000598,O000369,P084,3,30.69,92.07
OI0000599,O000370,P086,1,80.82,80.82
OI0000600,O000370,P008,1,46.52,46.52
OI0000601,O000371,P049,1,42.57,42.57
OI0000602,O000372,P070,1,47.52,47.52
OI0000603,O000373,P114,1,27.37,27.37
OI0000604,O000374,P014,1,102.77,102.77
OI0000605,O000375,P100,1,26.88,26.88
OI0000606,O000376,P024,1,84.49,84.49
OI0000607,O000377,P015,1,31.17,31.17
OI0000608,O000378,P113,1,35.73,35.73
OI0000609,O000379,P103,1,65.04,65.04
OI0000610,O000379,P024,1,84.49,84.49
OI0000611,O000380,P066,1,34.67,34.67
OI0000612,O000380,P005,1,49.25,49.25
OI0000613,O000381,P016,1,59.7,59.7
OI0000614,O000382,P007,1,39.99,39.99
OI0000615,O000383,P119,1,34.08,34.08
OI0000616,O000384,P093,1,45.3,45.3
OI0000617,O000385,P106,2,47.23,94.46
OI0000618,O000386,P051,3,11.22,33.66
OI0000619,O000387,P077,1,144.76,144.76
OI0000620,O000388,P011,1,39.95,39.95
OI0000621,O000388,P107,1,52.87,52.87
OI0000622,O000389,P105,1,73.93,73.93
OI0000623,O000390,P049,2,42.57,85.14
OI0000624,O000391,P053,2,40.97,81.94
OI0000625,O000391,P010,1,44.59,44.59
OI0000626,O000392,P066,1,34.67,34.67
OI0000627,O000392,P040,2,40.11,80.22
OI0000628,O000392,P109,2,81.27,162.54
OI0000629,O000393,P068,1,29.23,29.23
OI0000630,O000394,P091,1,37.89,37.89
OI0000631,O000395,P017,1,18.94,18.94
OI0000632,O000395,P055,1,69.18,69.18
OI0000633,O000395,P096,1,86.58,86.58
OI0000634,O000396,P093,1,45.3,45.3
OI0000635,O000397,P049,1,42.57,42.57
OI0000636,O000397,P025,1,37.52,37.52
OI0000637,O000398,P083,1,30.7,30.7
OI0000638,O000398,P042,1,41.11,41.11
OI0000639,O000398,P016,1,59.7,59.7
OI0000640,O000399,P063,1,28.7,28.7
OI0000641,O000400,P018,2,12.14,24.28
OI0000642,O000400,P088,1,28.36,28.36
OI0000643,O000401,P068,1,29.23,29.23
OI0000644,O000401,P114,1,27.37,27.37
OI0000645,O000401,P108,1,34.32,34.32
OI0000646,O000402,P119,1,34.08,34.08
OI0000647,O000402,P041,1,25.86,25.86
OI0000648,O000403,P066,1,34.67,34.67
OI0000649,O000404,P032,1,17.4,17.4
OI0000650,O000405,P100,1,26.88,26.88
OI0000651,O000406,P007,1,39.99,39.99
OI0000652,O000406,P077,1,144.76,144.76
OI0000653,O000406,P107,1,52.87,52.87
OI0000654,O000407,P060,1,41.59,41.59
OI0000655,O000407,P064,1,16.79,16.79
OI0000656,O000408,P087,1,29.25,29.25
OI0000657,O000409,P065,1,41.82,41.82
OI0000658,O000409,P073,1,45.97,45.97
OI0000659,O000410,P032,1,17.4,17.4
OI0000660,O000411,P030,1,57.05,57.05
OI0000661,O000412,P062,1,53.16,53.16
OI0000662,O000412,P088,1,28.36,28.36
OI0000663,O000412,P090,2,55.52,111.04
OI0000664,O000413,P001,1,66.04,66.04
OI0000665,O000413,P033,1,87.02,87.02
OI0000666,O000413,P031,1,32.22,32.22
OI0000667,O000414,P064,1,16.79,16.79
OI0000668,O000415,P100,1,26.88,26.88
OI0000669,O000416,P117,3,27.82,83.46
OI0000670,O000416,P113,1,35.73,35.73
OI0000671,O000417,P047,1,23.25,23.25
OI0000672,O000417,P069,1,24.0,24.0
OI0000673,O000417,P001,1,66.04,66.04
OI0000674,O000417,P023,1,54.75,54.75
OI0000675,O000418,P012,1,51.32,51.32
OI0000676,O000419,P088,1,28.36,28.36
OI0000677,O000420,P012,1,51.32,51.32
OI0000678,O000421,P049,1,42.57,42.57
OI0000679,O000422,P010,1,44.59,44.59
OI0000680,O000422,P087,1,29.25,29.25
OI0000681,O000423,P073,2,45.97,91.94
OI0000682,O000423,P001,1,66.04,66.04
OI0000683,O000424,P076,1,38.28,38.28
OI0000684,O000424,P047,2,23.25,46.5
OI0000685,O000425,P040,1,40.11,40.11
OI0000686,O000426,P105,3,73.93,221.79
OI0000687,O000426,P069,1,24.0,24.0
OI0000688,O000426,P071,1,141.44,141.44
OI0000689,O000427,P108,1,34.32,34.32
OI0000690,O000427,P038,1,64.8,64.8
OI0000691,O000428,P053,1,40.97,40.97
OI0000692,O000429,P101,1,43.91,43.91
OI0000693,O000430,P070,1,47.52,47.52
OI0000694,O000430,P114,1,27.37,27.37
OI0000695,O000430,P063,1,28.7,28.7
OI0000696,O000431,P093,1,45.3,45.3
OI0000697,O000432,P092,1,58.39,58.39
OI0000698,O000432,P006,1,132.21,132.21
OI0000699,O000433,P029,1,25.98,25.98
OI0000700,O000433,P040,1,40.11,40.11
OI0000701,O000433,P023,3,54.75,164.25
OI0000702,O000434,P022,1,43.57,43.57
OI0000703,O000435,P027,1,12.05,12.05
OI0000704,O000435,P007,1,39.99,39.99
OI0000705,O000435,P002,1,30.14,30.14
OI0000706,O000436,P058,1,47.56,47.56
OI0000707,O000437,P040,1,40.11,40.11
OI0000708,O000438,P013,1,12.37,12.37
OI0000709,O000438,P022,1,43.57,43.57
OI0000710,O000439,P043,1,23.06,23.06
OI0000711,O000440,P107,1,52.87,52.87
OI0000712,O000440,P064,1,16.79,16.79
OI0000713,O000440,P074,2,32.9,65.8
OI0000714,O000441,P059,1,68.57,68.57
OI0000715,O000442,P078,1,34.46,34.46
OI0000716,O000442,P085,2,11.15,22.3
OI0000717,O000443,P113,1,35.73,35.73
OI0000718,O000443,P037,1,33.58,33.58
OI0000719,O000444,P051,1,11.22,11.22
OI0000720,O000445,P116,2,38.35,76.7
OI0000721,O000445,P093,1,45.3,45.3
OI0000722,O000446,P054,1,53.62,53.62
OI0000723,O000447,P026,1,27.66,27.66
OI0000724,O000448,P087,1,29.25,29.25
OI0000725,O000448,P075,1,44.36,44.36
OI0000726,O000448,P018,1,12.14,12.14
OI0000727,O000449,P102,2,56.61,113.22
OI0000728,O000450,P060,2,41.59,83.18
OI0000729,O000451,P076,1,38.28,38.28
OI0000730,O000452,P056,1,18.69,18.69
OI0000731,O000452,P046,1,38.99,38.99
OI0000732,O000453,P018,1,12.14,12.14
OI0000733,O000453,P012,2,51.32,102.64
OI0000734,O000454,P067,1,46.95,46.95
OI0000735,O000454,P050,1,19.41,19.41
OI0000736,O000455,P045,1,30.38,30.38
OI0000737,O000455,P100,1,26.88,26.88
OI0000738,O000456,P089,1,26.52,26.52
OI0000739,O000457,P013,1,12.37,12.37
OI0000740,O000458,P055,2,69.18,138.36
OI0000741,O000459,P073,1,45.97,45.97
OI0000742,O000460,P069,1,24.0,24.0
OI0000743,O000461,P052,3,44.73,134.19
OI0000744,O000461,P066,1,34.67,34.67
OI0000745,O000461,P011,1,39.95,39.95
OI0000746,O000462,P023,1,54.75,54.75
OI0000747,O000462,P102,1,56.61,56.61
OI0000748,O000462,P052,1,44.73,44.73
OI0000749,O000463,P010,2,44.59,89.18
OI0000750,O000463,P113,1,35.73,35.73
OI0000751,O000464,P094,1,17.7,17.7
OI0000752,O000465,P054,1,53.62,53.62
OI0000753,O000465,P094,1,17.7,17.7
OI0000754,O000465,P067,1,46.95,46.95
OI0000755,O000466,P034,1,35.52,35.52
OI0000756,O000467,P018,1,12.14,12.14
OI0000757,O000468,P120,1,46.49,46.49
OI0000758,O000468,P026,3,27.66,82.98
OI0000759,O000468,P075,1,44.36,44.36
OI0000760,O000469,P009,1,37.92,37.92
OI0000761,O000469,P071,2,141.44,282.88
OI0000762,O000470,P115,1,42.04,42.04
OI0000763,O000471,P057,1,112.54,112.54
OI0000764,O000471,P046,2,38.99,77.98
OI0000765,O000472,P004,1,66.5,66.5
OI0000766,O000472,P009,1,37.92,37.92
OI0000767,O000473,P080,1,64.69,64.69
OI0000768,O000474,P028,1,129.35,129.35
OI0000769,O000475,P050,1,19.41,19.41
OI0000770,O000475,P058,1,47.56,47.56
OI0000771,O000476,P091,1,37.89,37.89
OI0000772,O000477,P010,1,44.59,44.59
OI0000773,O000478,P098,1,57.37,57.37
OI0000774,O000478,P116,1,38.35,38.35
OI0000775,O000478,P046,1,38.99,38.99
OI0000776,O000479,P021,1,51.23,51.23
OI0000777,O000480,P065,1,41.82,41.82
OI0000778,O000481,P059,1,68.57,68.57
OI0000779,O000481,P026,1,27.66,27.66
OI0000780,O000481,P067,2,46.95,93.9
OI0000781,O000482,P018,1,12.14,12.14
OI0000782,O000482,P065,1,41.82,41.82
OI0000783,O000482,P047,1,23.25,23.25
OI0000784,O000483,P095,1,69.05,69.05
OI0000785,O000483,P114,1,27.37,27.37
OI0000786,O000483,P046,1,38.99,38.99
OI0000787,O000484,P074,1,32.9,32.9
OI0000788,O000484,P059,1,68.57,68.57
OI0000789,O000485,P117,3,27.82,83.46
OI0000790,O000486,P001,3,66.04,198.12
OI0000791,O000487,P001,1,66.04,66.04
OI0000792,O000487,P062,1,53.16,53.16
OI0000793,O000487,P093,3,45.3,135.9
OI0000794,O000488,P092,1,58.39,58.39
OI0000795,O000488,P023,1,54.75,54.75
OI0000796,O000489,P077,1,144.76,144.76
OI0000797,O000489,P119,1,34.08,34.08
OI0000798,O000490,P078,2,34.46,68.92
OI0000799,O000490,P083,1,30.7,30.7
OI0000800,O000491,P014,2,102.77,205.54
OI0000801,O000492,P009,2,37.92,75.84
OI0000802,O000493,P088,1,28.36,28.36
OI0000803,O000493,P006,2,132.21,264.42
OI0000804,O000494,P100,2,26.88,53.76
OI0000805,O000494,P009,1,37.92,37.92
OI0000806,O000494,P085,1,11.15,11.15
OI0000807,O000494,P022,1,43.57,43.57
OI0000808,O000495,P111,1,29.11,29.11
OI0000809,O000496,P080,2,64.69,129.38
OI0000810,O000496,P038,1,64.8,64.8
OI0000811,O000496,P088,1,28.36,28.36
OI0000812,O000497,P076,1,38.28,38.28
OI0000813,O000498,P110,1,82.9,82.9
OI0000814,O000499,P036,1,16.55,16.55
OI0000815,O000500,P088,1,28.36,28.36
OI0000816,O000500,P035,1,23.65,23.65
OI0000817,O000501,P057,1,112.54,112.54
OI0000818,O000501,P002,1,30.14,30.14
OI0000819,O000502,P045,1,30.38,30.38
OI0000820,O000503,P020,1,30.3,30.3
OI0000821,O000504,P116,1,38.35,38.35
OI0000822,O000505,P023,1,54.75,54.75
OI0000823,O000506,P081,1,22.73,22.73
OI0000824,O000507,P114,1,27.37,27.37
OI0000825,O000508,P069,1,24.0,24.0
OI0000826,O000508,P114,3,27.37,82.11
OI0000827,O000508,P078,1,34.46,34.46
OI0000828,O000508,P008,1,46.52,46.52
OI0000829,O000509,P066,1,34.67,34.67
OI0000830,O000510,P066,1,34.67,34.67
OI0000831,O000510,P020,1,30.3,30.3
OI0000832,O000510,P035,1,23.65,23.65
OI0000833,O000510,P040,1,40.11,40.11
OI0000834,O000511,P032,1,17.4,17.4
OI0000835,O000511,P031,1,32.22,32.22
OI0000836,O000511,P065,1,41.82,41.82
OI0000837,O000512,P032,2,17.4,34.8
OI0000838,O000513,P110,1,82.9,82.9
OI0000839,O000513,P104,3,44.1,132.3
OI0000840,O000513,P032,1,17.4,17.4
OI0000841,O000513,P030,1,57.05,57.05
OI0000842,O000514,P069,1,24.0,24.0
OI0000843,O000515,P065,1,41.82,41.82
OI0000844,O000515,P007,1,39.99,39.99
OI0000845,O000515,P070,1,47.52,47.52
OI0000846,O000516,P106,1,47.23,47.23
OI0000847,O000517,P055,1,69.18,69.18
OI0000848,O000517,P100,1,26.88,26.88
OI0000849,O000518,P043,1,23.06,23.06
OI0000850,O000519,P111,1,29.11,29.11
OI0000851,O000520,P033,1,87.02,87.02
OI0000852,O000521,P105,1,73.93,73.93
OI0000853,O000522,P050,1,19.41,19.41
OI0000854,O000523,P064,1,16.79,16.79
OI0000855,O000523,P048,1,37.04,37.04
OI0000856,O000523,P020,1,30.3,30.3
OI0000857,O000523,P045,1,30.38,30.38
OI0000858,O000524,P074,1,32.9,32.9
OI0000859,O000525,P087,1,29.25,29.25
OI0000860,O000525,P095,1,69.05,69.05
OI0000861,O000526,P021,1,51.23,51.23
OI0000862,O000527,P020,1,30.3,30.3
OI0000863,O000527,P016,1,59.7,59.7
OI0000864,O000527,P055,3,69.18,207.54
OI0000865,O000528,P016,2,59.7,119.4
OI0000866,O000528,P017,1,18.94,18.94
OI0000867,O000528,P015,1,31.17,31.17
OI0000868,O000528,P027,1,12.05,12.05
OI0000869,O000529,P001,1,66.04,66.04
OI0000870,O000530,P031,1,32.22,32.22
OI0000871,O000531,P116,1,38.35,38.35
OI0000872,O000531,P023,1,54.75,54.75
OI0000873,O000532,P063,1,28.7,28.7
OI0000874,O000533,P111,1,29.11,29.11
OI0000875,O000534,P024,1,84.49,84.49
OI0000876,O000535,P015,1,31.17,31.17
OI0000877,O000536,P092,2,58.39,116.78
OI0000878,O000537,P092,1,58.39,58.39
OI0000879,O000537,P038,1,64.8,64.8
OI0000880,O000537,P057,1,112.54,112.54
OI0000881,O000537,P082,1,34.81,34.81
OI0000882,O000538,P030,1,57.05,57.05
OI0000883,O000539,P009,2,37.92,75.84
OI0000884,O000540,P061,1,33.13,33.13
OI0000885,O000541,P040,2,40.11,80.22
OI0000886,O000541,P110,1,82.9,82.9
OI0000887,O000542,P058,1,47.56,47.56
OI0000888,O000542,P045,1,30.38,30.38
OI0000889,O000543,P057,1,112.54,112.54
OI0000890,O000544,P043,2,23.06,46.12
OI0000891,O000544,P031,1,32.22,32.22
OI0000892,O000545,P034,1,35.52,35.52
OI0000893,O000546,P034,2,35.52,71.04
OI0000894,O000547,P041,1,25.86,25.86
OI0000895,O000547,P073,1,45.97,45.97
OI0000896,O000548,P006,1,132.21,132.21
OI0000897,O000549,P089,1,26.52,26.52
OI0000898,O000550,P118,1,22.9,22.9
OI0000899,O000551,P042,2,41.11,82.22
OI0000900,O000551,P023,1,54.75,54.75
OI0000901,O000552,P011,1,39.95,39.95
OI0000902,O000552,P102,1,56.61,56.61
OI0000903,O000552,P034,1,35.52,35.52
OI0000904,O000552,P048,1,37.04,37.04
OI0000905,O000553,P072,1,14.56,14.56
OI0000906,O000553,P093,1,45.3,45.3
OI0000907,O000554,P082,1,34.81,34.81
OI0000908,O000555,P010,1,44.59,44.59
OI0000909,O000555,P007,3,39.99,119.97
OI0000910,O000556,P117,1,27.82,27.82
OI0000911,O000557,P110,1,82.9,82.9
OI0000912,O000558,P001,1,66.04,66.04
OI0000913,O000559,P021,1,51.23,51.23
OI0000914,O000559,P097,1,20.46,20.46
OI0000915,O000559,P022,1,43.57,43.57
OI0000916,O000560,P048,2,37.04,74.08
OI0000917,O000561,P004,1,66.5,66.5
OI0000918,O000562,P004,1,66.5,66.5
OI0000919,O000563,P012,1,51.32,51.32
OI0000920,O000563,P005,1,49.25,49.25
OI0000921,O000564,P059,1,68.57,68.57
OI0000922,O000565,P100,1,26.88,26.88
OI0000923,O000566,P086,3,80.82,242.46
OI0000924,O000567,P068,1,29.23,29.23
OI0000925,O000567,P058,1,47.56,47.56
OI0000926,O000568,P045,2,30.38,60.76
OI0000927,O000569,P117,1,27.82,27.82
OI0000928,O000570,P077,2,144.76,289.52
OI0000929,O000571,P040,1,40.11,40.11
OI0000930,O000571,P077,1,144.76,144.76
OI0000931,O000572,P058,1,47.56,47.56
OI0000932,O000572,P074,2,32.9,65.8
OI0000933,O000573,P021,1,51.23,51.23
OI0000934,O000574,P091,1,37.89,37.89
OI0000935,O000574,P086,1,80.82,80.82
OI0000936,O000574,P074,1,32.9,32.9
OI0000937,O000575,P120,1,46.49,46.49
OI0000938,O000576,P049,1,42.57,42.57
OI0000939,O000576,P042,1,41.11,41.11
OI0000940,O000577,P008,1,46.52,46.52
OI0000941,O000578,P073,1,45.97,45.97
OI0000942,O000578,P105,1,73.93,73.93
OI0000943,O000578,P028,1,129.35,129.35
OI0000944,O000579,P102,2,56.61,113.22
OI0000945,O000580,P052,1,44.73,44.73
OI0000946,O000580,P049,1,42.57,42.57
OI0000947,O000581,P057,1,112.54,112.54
OI0000948,O000581,P065,1,41.82,41.82
OI0000949,O000581,P039,1,31.96,31.96
OI0000950,O000581,P063,1,28.7,28.7
OI0000951,O000582,P068,1,29.23,29.23
OI0000952,O000582,P100,1,26.88,26.88
OI0000953,O000583,P003,1,36.05,36.05
OI0000954,O000583,P034,1,35.52,35.52
OI0000955,O000584,P095,1,69.05,69.05
OI0000956,O000584,P094,1,17.7,17.7
OI0000957,O000584,P114,1,27.37,27.37
OI0000958,O000585,P030,1,57.05,57.05
OI0000959,O000586,P060,1,41.59,41.59
OI0000960,O000587,P042,1,41.11,41.11
OI0000961,O000587,P045,1,30.38,30.38
OI0000962,O000588,P080,1,64.69,64.69
OI0000963,O000589,P032,1,17.4,17.4
OI0000964,O000590,P109,1,81.27,81.27
OI0000965,O000590,P006,1,132.21,132.21
OI0000966,O000590,P035,1,23.65,23.65
OI0000967,O000591,P029,1,25.98,25.98
OI0000968,O000591,P046,1,38.99,38.99
OI0000969,O000592,P043,1,23.06,23.06
OI0000970,O000592,P024,1,84.49,84.49
OI0000971,O000592,P022,2,43.57,87.14
OI0000972,O000593,P004,1,66.5,66.5
OI0000973,O000593,P099,2,46.77,93.54
OI0000974,O000594,P029,1,25.98,25.98
OI0000975,O000595,P041,2,25.86,51.72
OI0000976,O000595,P078,1,34.46,34.46
OI0000977,O000596,P012,1,51.32,51.32
OI0000978,O000596,P075,1,44.36,44.36
OI0000979,O000597,P085,1,11.15,11.15
OI0000980,O000598,P082,1,34.81,34.81
OI0000981,O000599,P046,1,38.99,38.99
OI0000982,O000599,P075,1,44.36,44.36
OI0000983,O000600,P070,1,47.52,47.52
OI0000984,O000600,P005,1,49.25,49.25
OI0000985,O000600,P119,1,34.08,34.08
OI0000986,O000601,P099,1,46.77,46.77
OI0000987,O000601,P062,1,53.16,53.16
OI0000988,O000602,P089,2,26.52,53.04
OI0000989,O000603,P078,1,34.46,34.46
OI0000990,O000604,P018,2,12.14,24.28
OI0000991,O000604,P093,1,45.3,45.3
OI0000992,O000604,P112,1,35.49,35.49
OI0000993,O000604,P044,1,63.71,63.71
OI0000994,O000605,P109,1,81.27,81.27
OI0000995,O000605,P036,1,16.55,16.55
OI0000996,O000605,P071,2,141.44,282.88
OI0000997,O000606,P078,1,34.46,34.46
OI0000998,O000607,P077,1,144.76,144.76
OI0000999,O000608,P047,1,23.25,23.25
OI0001000,O000609,P020,1,30.3,30.3
OI0001001,O000610,P035,1,23.65,23.65
OI0001002,O000611,P075,1,44.36,44.36
OI0001003,O000612,P101,1,43.91,43.91
OI0001004,O000612,P107,1,52.87,52.87
OI0001005,O000613,P119,1,34.08,34.08
OI0001006,O000613,P033,1,87.02,87.02
OI0001007,O000614,P094,2,17.7,35.4
OI0001008,O000614,P008,2,46.52,93.04
OI0001009,O000615,P063,1,28.7,28.7
OI0001010,O000616,P071,1,141.44,141.44
OI0001011,O000616,P030,1,57.05,57.05
OI0001012,O000617,P012,1,51.32,51.32
OI0001013,O000617,P006,1,132.21,132.21
OI0001014,O000618,P030,1,57.05,57.05
OI0001015,O000618,P102,1,56.61,56.61
OI0001016,O000618,P049,1,42.57,42.57
OI0001017,O000619,P034,1,35.52,35.52
OI0001018,O000620,P068,1,29.23,29.23
OI0001019,O000621,P019,1,13.12,13.12
OI0001020,O000622,P047,1,23.25,23.25
OI0001021,O000623,P105,1,73.93,73.93
OI0001022,O000623,P080,1,64.69,64.69
OI0001023,O000624,P039,1,31.96,31.96
OI0001024,O000624,P120,1,46.49,46.49
OI0001025,O000625,P036,1,16.55,16.55
OI0001026,O000625,P103,1,65.04,65.04
OI0001027,O000626,P063,1,28.7,28.7
OI0001028,O000627,P020,1,30.3,30.3
OI0001029,O000628,P022,1,43.57,43.57
OI0001030,O000629,P063,1,28.7,28.7
OI0001031,O000629,P011,1,39.95,39.95
OI0001032,O000630,P078,3,34.46,103.38
OI0001033,O000631,P024,3,84.49,253.47
OI0001034,O000631,P005,1,49.25,49.25
OI0001035,O000632,P031,1,32.22,32.22
OI0001036,O000633,P067,1,46.95,46.95
OI0001037,O000634,P072,1,14.56,14.56
OI0001038,O000634,P047,1,23.25,23.25
OI0001039,O000634,P076,1,38.28,38.28
OI0001040,O000635,P099,1,46.77,46.77
OI0001041,O000635,P107,3,52.87,158.61
OI0001042,O000636,P112,1,35.49,35.49
OI0001043,O000637,P012,1,51.32,51.32
OI0001044,O000638,P081,1,22.73,22.73
OI0001045,O000638,P029,1,25.98,25.98
OI0001046,O000638,P089,1,26.52,26.52
OI0001047,O000639,P021,1,51.23,51.23
OI0001048,O000640,P094,1,17.7,17.7
OI0001049,O000641,P001,1,66.04,66.04
OI0001050,O000641,P055,1,69.18,69.18
OI0001051,O000641,P040,1,40.11,40.11
OI0001052,O000641,P115,1,42.04,42.04
OI0001053,O000642,P032,1,17.4,17.4
OI0001054,O000643,P025,1,37.52,37.52
OI0001055,O000644,P054,2,53.62,107.24
OI0001056,O000645,P025,1,37.52,37.52
OI0001057,O000645,P053,2,40.97,81.94
OI0001058,O000646,P067,1,46.95,46.95
OI0001059,O000647,P013,1,12.37,12.37
OI0001060,O000647,P044,1,63.71,63.71
OI0001061,O000648,P106,1,47.23,47.23
OI0001062,O000649,P065,1,41.82,41.82
OI0001063,O000649,P079,1,23.65,23.65
OI0001064,O000650,P073,1,45.97,45.97
OI0001065,O000651,P059,1,68.57,68.57
OI0001066,O000652,P005,1,49.25,49.25
OI0001067,O000653,P062,2,53.16,106.32
OI0001068,O000653,P064,1,16.79,16.79
OI0001069,O000654,P103,1,65.04,65.04
OI0001070,O000655,P052,1,44.73,44.73
OI0001071,O000656,P074,1,32.9,32.9
OI0001072,O000657,P110,1,82.9,82.9
OI0001073,O000657,P052,1,44.73,44.73
OI0001074,O000657,P036,1,16.55,16.55
OI0001075,O000658,P018,2,12.14,24.28
OI0001076,O000658,P013,1,12.37,12.37
OI0001077,O000659,P017,1,18.94,18.94
OI0001078,O000659,P005,1,49.25,49.25
OI0001079,O000660,P019,1,13.12,13.12
OI0001080,O000660,P090,1,55.52,55.52
OI0001081,O000661,P089,2,26.52,53.04
OI0001082,O000661,P035,1,23.65,23.65
OI0001083,O000662,P010,1,44.59,44.59
OI0001084,O000663,P006,2,132.21,264.42
OI0001085,O000663,P045,1,30.38,30.38
OI0001086,O000664,P011,1,39.95,39.95
OI0001087,O000664,P097,1,20.46,20.46
OI0001088,O000665,P106,1,47.23,47.23
OI0001089,O000665,P113,1,35.73,35.73
OI0001090,O000666,P082,1,34.81,34.81
OI0001091,O000666,P024,1,84.49,84.49
OI0001092,O000666,P093,1,45.3,45.3
OI0001093,O000667,P065,1,41.82,41.82
OI0001094,O000667,P094,1,17.7,17.7
OI0001095,O000668,P020,2,30.3,60.6
OI0001096,O000669,P024,1,84.49,84.49
OI0001097,O000670,P062,1,53.16,53.16
OI0001098,O000670,P093,1,45.3,45.3
OI0001099,O000671,P053,1,40.97,40.97
OI0001100,O000672,P120,1,46.49,46.49
OI0001101,O000672,P113,1,35.73,35.73
OI0001102,O000672,P037,1,33.58,33.58
OI0001103,O000673,P087,1,29.25,29.25
OI0001104,O000674,P093,1,45.3,45.3
OI0001105,O000674,P062,1,53.16,53.16
OI0001106,O000675,P024,3,84.49,253.47
OI0001107,O000675,P089,1,26.52,26.52
OI0001108,O000676,P055,1,69.18,69.18
OI0001109,O000677,P113,1,35.73,35.73
OI0001110,O000677,P043,1,23.06,23.06
OI0001111,O000678,P055,2,69.18,138.36
OI0001112,O000679,P032,1,17.4,17.4
OI0001113,O000680,P106,1,47.23,47.23
OI0001114,O000680,P040,1,40.11,40.11
OI0001115,O000681,P118,1,22.9,22.9
OI0001116,O000682,P051,1,11.22,11.22
OI0001117,O000683,P091,1,37.89,37.89
OI0001118,O000684,P089,1,26.52,26.52
OI0001119,O000685,P085,3,11.15,33.45
OI0001120,O000686,P042,1,41.11,41.11
OI0001121,O000686,P102,1,56.61,56.61
OI0001122,O000687,P009,1,37.92,37.92
OI0001123,O000687,P112,1,35.49,35.49
OI0001124,O000687,P109,1,81.27,81.27
OI0001125,O000687,P111,1,29.11,29.11
OI0001126,O000688,P042,1,41.11,41.11
OI0001127,O000689,P020,1,30.3,30.3
OI0001128,O000690,P094,1,17.7,17.7
OI0001129,O000690,P031,1,32.22,32.22
OI0001130,O000690,P050,1,19.41,19.41
OI0001131,O000691,P071,1,141.44,141.44
OI0001132,O000692,P003,1,36.05,36.05
OI0001133,O000693,P049,1,42.57,42.57
OI0001134,O000694,P052,1,44.73,44.73
OI0001135,O000695,P031,2,32.22,64.44
OI0001136,O000696,P009,3,37.92,113.76
OI0001137,O000697,P050,1,19.41,19.41
OI0001138,O000698,P044,1,63.71,63.71
OI0001139,O000698,P009,1,37.92,37.92
OI0001140,O000699,P025,2,37.52,75.04
OI0001141,O000700,P021,1,51.23,51.23
OI0001142,O000701,P060,1,41.59,41.59
OI0001143,O000702,P072,1,14.56,14.56
OI0001144,O000702,P008,1,46.52,46.52
OI0001145,O000703,P115,1,42.04,42.04
OI0001146,O000703,P008,1,46.52,46.52
OI0001147,O000704,P023,1,54.75,54.75
OI0001148,O000705,P008,1,46.52,46.52
OI0001149,O000706,P110,1,82.9,82.9
OI0001150,O000707,P076,2,38.28,76.56
OI0001151,O000708,P110,1,82.9,82.9
OI0001152,O000709,P082,2,34.81,69.62
OI0001153,O000710,P037,1,33.58,33.58
OI0001154,O000711,P022,2,43.57,87.14
OI0001155,O000712,P095,2,69.05,138.1
OI0001156,O000713,P080,1,64.69,64.69
OI0001157,O000713,P031,1,32.22,32.22
OI0001158,O000713,P097,1,20.46,20.46
OI0001159,O000714,P110,2,82.9,165.8
OI0001160,O000715,P091,1,37.89,37.89
OI0001161,O000715,P020,1,30.3,30.3
OI0001162,O000715,P028,1,129.35,129.35
OI0001163,O000716,P071,1,141.44,141.44
OI0001164,O000716,P065,1,41.82,41.82
OI0001165,O000716,P025,1,37.52,37.52
OI0001166,O000717,P026,1,27.66,27.66
OI0001167,O000718,P105,1,73.93,73.93
OI0001168,O000718,P008,1,46.52,46.52
OI0001169,O000719,P086,1,80.82,80.82
OI0001170,O000719,P014,2,102.77,205.54
OI0001171,O000719,P010,1,44.59,44.59
OI0001172,O000719,P024,1,84.49,84.49
OI0001173,O000720,P007,1,39.99,39.99
OI0001174,O000721,P015,1,31.17,31.17
OI0001175,O000721,P105,2,73.93,147.86
OI0001176,O000722,P079,1,23.65,23.65
OI0001177,O000723,P084,1,30.69,30.69
OI0001178,O000723,P063,1,28.7,28.7
OI0001179,O000724,P079,1,23.65,23.65
OI0001180,O000725,P029,2,25.98,51.96
OI0001181,O000726,P108,1,34.32,34.32
OI0001182,O000727,P098,3,57.37,172.11
OI0001183,O000728,P019,1,13.12,13.12
OI0001184,O000729,P060,1,41.59,41.59
OI0001185,O000729,P064,1,16.79,16.79
OI0001186,O000730,P072,1,14.56,14.56
OI0001187,O000731,P111,1,29.11,29.11
OI0001188,O000732,P117,1,27.82,27.82
OI0001189,O000733,P005,1,49.25,49.25
OI0001190,O000733,P023,1,54.75,54.75
OI0001191,O000734,P116,1,38.35,38.35
OI0001192,O000734,P104,1,44.1,44.1
OI0001193,O000735,P064,1,16.79,16.79
OI0001194,O000735,P047,1,23.25,23.25
OI0001195,O000736,P057,1,112.54,112.54
OI0001196,O000737,P044,1,63.71,63.71
OI0001197,O000737,P082,1,34.81,34.81
OI0001198,O000737,P063,1,28.7,28.7
OI0001199,O000738,P077,1,144.76,144.76
OI0001200,O000739,P060,1,41.59,41.59
OI0001201,O000740,P015,1,31.17,31.17
OI0001202,O000740,P052,1,44.73,44.73
OI0001203,O000741,P044,3,63.71,191.13
OI0001204,O000741,P115,1,42.04,42.04
OI0001205,O000741,P037,1,33.58,33.58
OI0001206,O000742,P115,1,42.04,42.04
OI0001207,O000743,P075,1,44.36,44.36
OI0001208,O000743,P030,2,57.05,114.1
OI0001209,O000743,P084,1,30.69,30.69
OI0001210,O000744,P072,1,14.56,14.56
OI0001211,O000745,P120,1,46.49,46.49
OI0001212,O000745,P094,1,17.7,17.7
OI0001213,O000745,P059,1,68.57,68.57
OI0001214,O000746,P014,1,102.77,102.77
OI0001215,O000746,P081,1,22.73,22.73
OI0001216,O000747,P109,1,81.27,81.27
OI0001217,O000747,P040,1,40.11,40.11
OI0001218,O000748,P049,2,42.57,85.14
OI0001219,O000749,P112,2,35.49,70.98
OI0001220,O000749,P083,1,30.7,30.7
OI0001221,O000749,P038,2,64.8,129.6
OI0001222,O000750,P102,1,56.61,56.61
OI0001223,O000751,P105,1,73.93,73.93
OI0001224,O000751,P047,1,23.25,23.25
OI0001225,O000752,P088,2,28.36,56.72
OI0001226,O000752,P090,2,55.52,111.04
OI0001227,O000752,P064,1,16.79,16.79
OI0001228,O000752,P082,1,34.81,34.81
OI0001229,O000753,P011,2,39.95,79.9
OI0001230,O000753,P076,1,38.28,38.28
OI0001231,O000753,P044,1,63.71,63.71
OI0001232,O000754,P119,1,34.08,34.08
OI0001233,O000755,P066,1,34.67,34.67
OI0001234,O000756,P052,1,44.73,44.73
OI0001235,O000757,P067,1,46.95,46.95
OI0001236,O000758,P116,1,38.35,38.35
OI0001237,O000759,P062,1,53.16,53.16
OI0001238,O000760,P041,1,25.86,25.86
OI0001239,O000761,P026,1,27.66,27.66
OI0001240,O000762,P055,1,69.18,69.18
OI0001241,O000763,P079,1,23.65,23.65
OI0001242,O000763,P039,1,31.96,31.96
OI0001243,O000763,P110,1,82.9,82.9
OI0001244,O000763,P094,1,17.7,17.7
OI0001245,O000764,P051,1,11.22,11.22
OI0001246,O000765,P085,1,11.15,11.15
OI0001247,O000765,P011,1,39.95,39.95
OI0001248,O000766,P106,1,47.23,47.23
OI0001249,O000767,P034,1,35.52,35.52
OI0001250,O000768,P053,1,40.97,40.97
OI0001251,O000768,P005,1,49.25,49.25
OI0001252,O000769,P014,1,102.77,102.77
OI0001253,O000770,P008,2,46.52,93.04
OI0001254,O000770,P067,1,46.95,46.95
OI0001255,O000771,P063,2,28.7,57.4
OI0001256,O000771,P099,1,46.77,46.77
OI0001257,O000771,P039,1,31.96,31.96
OI0001258,O000771,P023,1,54.75,54.75
OI0001259,O000772,P056,1,18.69,18.69
OI0001260,O000773,P085,1,11.15,11.15
OI0001261,O000774,P023,1,54.75,54.75
OI0001262,O000774,P118,1,22.9,22.9
OI0001263,O000775,P096,2,86.58,173.16
OI0001264,O000776,P056,1,18.69,18.69
OI0001265,O000776,P042,1,41.11,41.11
OI0001266,O000777,P041,1,25.86,25.86
OI0001267,O000778,P008,1,46.52,46.52
OI0001268,O000779,P017,1,18.94,18.94
OI0001269,O000780,P090,2,55.52,111.04
OI0001270,O000781,P116,1,38.35,38.35
OI0001271,O000781,P061,1,33.13,33.13
OI0001272,O000782,P095,1,69.05,69.05
OI0001273,O000782,P089,1,26.52,26.52
OI0001274,O000783,P018,2,12.14,24.28
OI0001275,O000783,P075,1,44.36,44.36
OI0001276,O000783,P081,1,22.73,22.73
OI0001277,O000784,P019,1,13.12,13.12
OI0001278,O000785,P064,1,16.79,16.79
OI0001279,O000785,P053,1,40.97,40.97
OI0001280,O000786,P083,1,30.7,30.7
OI0001281,O000787,P055,2,69.18,138.36
OI0001282,O000788,P119,2,34.08,68.16
OI0001283,O000788,P048,1,37.04,37.04
OI0001284,O000788,P102,1,56.61,56.61
OI0001285,O000789,P093,2,45.3,90.6
OI0001286,O000790,P076,1,38.28,38.28
OI0001287,O000791,P052,1,44.73,44.73
OI0001288,O000791,P110,2,82.9,165.8
OI0001289,O000791,P026,1,27.66,27.66
OI0001290,O000791,P072,1,14.56,14.56
OI0001291,O000792,P043,1,23.06,23.06
OI0001292,O000793,P092,2,58.39,116.78
OI0001293,O000793,P057,2,112.54,225.08
OI0001294,O000793,P090,1,55.52,55.52
OI0001295,O000794,P120,1,46.49,46.49
OI0001296,O000795,P041,2,25.86,51.72
OI0001297,O000796,P047,1,23.25,23.25
OI0001298,O000796,P106,1,47.23,47.23
OI0001299,O000796,P057,1,112.54,112.54
OI0001300,O000797,P059,1,68.57,68.57
OI0001301,O000797,P057,1,112.54,112.54
OI0001302,O000798,P117,1,27.82,27.82
OI0001303,O000799,P025,1,37.52,37.52
OI0001304,O000799,P072,1,14.56,14.56
OI0001305,O000799,P100,1,26.88,26.88
OI0001306,O000799,P036,1,16.55,16.55
OI0001307,O000800,P104,1,44.1,44.1
OI0001308,O000800,P034,1,35.52,35.52
OI0001309,O000801,P097,1,20.46,20.46
OI0001310,O000801,P037,1,33.58,33.58
OI0001311,O000801,P078,3,34.46,103.38
OI0001312,O000801,P007,1,39.99,39.99
OI0001313,O000802,P077,1,144.76,144.76
OI0001314,O000802,P091,1,37.89,37.89
OI0001315,O000803,P083,1,30.7,30.7
OI0001316,O000804,P090,1,55.52,55.52
OI0001317,O000805,P101,2,43.91,87.82
OI0001318,O000806,P045,1,30.38,30.38
OI0001319,O000806,P019,1,13.12,13.12
OI0001320,O000806,P036,1,16.55,16.55
OI0001321,O000806,P069,1,24.0,24.0
OI0001322,O000807,P066,1,34.67,34.67
OI0001323,O000807,P016,3,59.7,179.1
OI0001324,O000808,P108,1,34.32,34.32
OI0001325,O000809,P012,1,51.32,51.32
OI0001326,O000810,P040,1,40.11,40.11
OI0001327,O000810,P052,1,44.73,44.73
OI0001328,O000810,P046,1,38.99,38.99
OI0001329,O000811,P073,2,45.97,91.94
OI0001330,O000811,P038,1,64.8,64.8
OI0001331,O000812,P081,1,22.73,22.73
OI0001332,O000813,P015,1,31.17,31.17
OI0001333,O000814,P110,1,82.9,82.9
OI0001334,O000814,P105,1,73.93,73.93
OI0001335,O000814,P086,2,80.82,161.64
OI0001336,O000815,P083,2,30.7,61.4
OI0001337,O000815,P071,1,141.44,141.44
OI0001338,O000815,P100,2,26.88,53.76
OI0001339,O000816,P007,1,39.99,39.99
OI0001340,O000817,P045,1,30.38,30.38
OI0001341,O000818,P041,1,25.86,25.86
OI0001342,O000819,P070,1,47.52,47.52
OI0001343,O000820,P067,1,46.95,46.95
OI0001344,O000820,P009,1,37.92,37.92
OI0001345,O000821,P033,1,87.02,87.02
OI0001346,O000821,P097,1,20.46,20.46
OI0001347,O000821,P027,1,12.05,12.05
OI0001348,O000822,P013,1,12.37,12.37
OI0001349,O000823,P041,2,25.86,51.72
OI0001350,O000824,P076,1,38.28,38.28
OI0001351,O000825,P001,2,66.04,132.08
OI0001352,O000826,P119,1,34.08,34.08
OI0001353,O000826,P073,1,45.97,45.97
OI0001354,O000827,P024,1,84.49,84.49
OI0001355,O000828,P089,1,26.52,26.52
OI0001356,O000829,P103,1,65.04,65.04
OI0001357,O000830,P047,2,23.25,46.5
OI0001358,O000831,P112,1,35.49,35.49
OI0001359,O000832,P068,2,29.23,58.46
OI0001360,O000832,P065,1,41.82,41.82
OI0001361,O000833,P062,2,53.16,106.32
OI0001362,O000834,P098,2,57.37,114.74
OI0001363,O000835,P102,1,56.61,56.61
OI0001364,O000835,P007,1,39.99,39.99
OI0001365,O000835,P095,2,69.05,138.1
OI0001366,O000836,P050,1,19.41,19.41
OI0001367,O000836,P049,2,42.57,85.14
OI0001368,O000837,P012,1,51.32,51.32
OI0001369,O000838,P091,1,37.89,37.89
OI0001370,O000838,P120,1,46.49,46.49
OI0001371,O000839,P054,1,53.62,53.62
OI0001372,O000840,P019,2,13.12,26.24
OI0001373,O000840,P117,1,27.82,27.82
OI0001374,O000840,P011,1,39.95,39.95
OI0001375,O000841,P052,1,44.73,44.73
OI0001376,O000842,P025,1,37.52,37.52
OI0001377,O000842,P030,1,57.05,57.05
OI0001378,O000843,P065,1,41.82,41.82
OI0001379,O000844,P116,1,38.35,38.35
OI0001380,O000845,P021,1,51.23,51.23
OI0001381,O000846,P060,1,41.59,41.59
OI0001382,O000847,P035,1,23.65,23.65
OI0001383,O000848,P048,2,37.04,74.08
OI0001384,O000848,P029,1,25.98,25.98
OI0001385,O000849,P104,1,44.1,44.1
OI0001386,O000849,P019,1,13.12,13.12
OI0001387,O000850,P037,1,33.58,33.58
OI0001388,O000850,P060,1,41.59,41.59
OI0001389,O000850,P059,1,68.57,68.57
OI0001390,O000850,P020,1,30.3,30.3
OI0001391,O000851,P069,1,24.0,24.0
OI0001392,O000851,P120,2,46.49,92.98
OI0001393,O000852,P090,1,55.52,55.52
OI0001394,O000853,P062,1,53.16,53.16
OI0001395,O000854,P012,1,51.32,51.32
OI0001396,O000855,P045,2,30.38,60.76
OI0001397,O000855,P075,1,44.36,44.36
OI0001398,O000856,P115,1,42.04,42.04
OI0001399,O000857,P108,2,34.32,68.64
OI0001400,O000858,P075,1,44.36,44.36
OI0001401,O000858,P042,1,41.11,41.11
OI0001402,O000858,P080,1,64.69,64.69
OI0001403,O000859,P024,1,84.49,84.49
OI0001404,O000859,P047,1,23.25,23.25
OI0001405,O000859,P041,1,25.86,25.86
OI0001406,O000860,P052,1,44.73,44.73
OI0001407,O000861,P095,2,69.05,138.1
OI0001408,O000862,P086,1,80.82,80.82
OI0001409,O000862,P023,1,54.75,54.75
OI0001410,O000863,P027,1,12.05,12.05
OI0001411,O000864,P082,2,34.81,69.62
OI0001412,O000864,P030,1,57.05,57.05
OI0001413,O000864,P107,1,52.87,52.87
OI0001414,O000865,P014,1,102.77,102.77
OI0001415,O000866,P010,1,44.59,44.59
OI0001416,O000866,P041,1,25.86,25.86
OI0001417,O000866,P047,3,23.25,69.75
OI0001418,O000867,P063,1,28.7,28.7
OI0001419,O000868,P059,1,68.57,68.57
OI0001420,O000868,P101,1,43.91,43.91
OI0001421,O000868,P063,1,28.7,28.7
OI0001422,O000869,P112,3,35.49,106.47
OI0001423,O000869,P068,1,29.23,29.23
OI0001424,O000869,P095,1,69.05,69.05
OI0001425,O000869,P120,3,46.49,139.47
OI0001426,O000870,P086,1,80.82,80.82
OI0001427,O000870,P026,1,27.66,27.66
OI0001428,O000871,P071,1,141.44,141.44
OI0001429,O000871,P112,1,35.49,35.49
OI0001430,O000872,P056,1,18.69,18.69
OI0001431,O000872,P066,1,34.67,34.67
OI0001432,O000872,P027,1,12.05,12.05
OI0001433,O000873,P093,1,45.3,45.3
OI0001434,O000873,P045,1,30.38,30.38
OI0001435,O000873,P029,1,25.98,25.98
OI0001436,O000874,P042,1,41.11,41.11
OI0001437,O000874,P030,1,57.05,57.05
OI0001438,O000874,P034,1,35.52,35.52
OI0001439,O000875,P010,1,44.59,44.59
OI0001440,O000875,P079,1,23.65,23.65
OI0001441,O000875,P046,1,38.99,38.99
OI0001442,O000875,P103,1,65.04,65.04
OI0001443,O000876,P090,1,55.52,55.52
OI0001444,O000877,P001,1,66.04,66.04
OI0001445,O000878,P015,1,31.17,31.17
OI0001446,O000879,P094,1,17.7,17.7
OI0001447,O000879,P074,1,32.9,32.9
OI0001448,O000880,P033,1,87.02,87.02
OI0001449,O000880,P004,1,66.5,66.5
OI0001450,O000880,P107,1,52.87,52.87
OI0001451,O000881,P027,2,12.05,24.1
OI0001452,O000882,P061,2,33.13,66.26
OI0001453,O000883,P084,1,30.69,30.69
OI0001454,O000884,P037,1,33.58,33.58
OI0001455,O000884,P107,3,52.87,158.61
OI0001456,O000885,P025,1,37.52,37.52
OI0001457,O000886,P062,1,53.16,53.16
OI0001458,O000887,P097,1,20.46,20.46
OI0001459,O000887,P001,1,66.04,66.04
OI0001460,O000888,P066,1,34.67,34.67
OI0001461,O000888,P100,1,26.88,26.88
OI0001462,O000889,P019,2,13.12,26.24
OI0001463,O000890,P077,1,144.76,144.76
OI0001464,O000890,P024,1,84.49,84.49
OI0001465,O000891,P091,2,37.89,75.78
OI0001466,O000892,P042,1,41.11,41.11
OI0001467,O000893,P033,1,87.02,87.02
OI0001468,O000893,P024,1,84.49,84.49
OI0001469,O000894,P079,1,23.65,23.65
OI0001470,O000894,P080,1,64.69,64.69
OI0001471,O000895,P069,1,24.0,24.0
OI0001472,O000895,P078,1,34.46,34.46
OI0001473,O000895,P103,1,65.04,65.04
OI0001474,O000896,P028,2,129.35,258.7
OI0001475,O000897,P019,2,13.12,26.24
OI0001476,O000897,P113,1,35.73,35.73
OI0001477,O000897,P025,1,37.52,37.52
OI0001478,O000898,P057,1,112.54,112.54
OI0001479,O000899,P071,1,141.44,141.44
OI0001480,O000900,P102,1,56.61,56.61
OI0001481,O000900,P118,1,22.9,22.9
OI0001482,O000901,P091,1,37.89,37.89
OI0001483,O000902,P105,1,73.93,73.93
OI0001484,O000902,P089,1,26.52,26.52
OI0001485,O000903,P047,1,23.25,23.25
OI0001486,O000903,P021,1,51.23,51.23
OI0001487,O000903,P017,1,18.94,18.94
OI0001488,O000903,P027,1,12.05,12.05
OI0001489,O000904,P003,1,36.05,36.05
OI0001490,O000904,P068,2,29.23,58.46
OI0001491,O000904,P119,1,34.08,34.08
OI0001492,O000905,P087,1,29.25,29.25
OI0001493,O000905,P004,2,66.5,133.0
OI0001494,O000905,P040,2,40.11,80.22
OI0001495,O000905,P051,1,11.22,11.22
OI0001496,O000906,P003,1,36.05,36.05
OI0001497,O000907,P072,2,14.56,29.12
OI0001498,O000907,P088,1,28.36,28.36
OI0001499,O000907,P083,1,30.7,30.7
OI0001500,O000908,P082,1,34.81,34.81
OI0001501,O000908,P071,2,141.44,282.88
OI0001502,O000909,P094,1,17.7,17.7
OI0001503,O000909,P002,1,30.14,30.14
OI0001504,O000909,P001,1,66.04,66.04
OI0001505,O000910,P119,1,34.08,34.08
OI0001506,O000911,P040,1,40.11,40.11
OI0001507,O000912,P042,1,41.11,41.11
OI0001508,O000913,P080,1,64.69,64.69
OI0001509,O000914,P082,1,34.81,34.81
OI0001510,O000915,P029,1,25.98,25.98
OI0001511,O000916,P081,1,22.73,22.73
OI0001512,O000916,P098,2,57.37,114.74
OI0001513,O000916,P112,1,35.49,35.49
OI0001514,O000916,P052,1,44.73,44.73
OI0001515,O000917,P090,1,55.52,55.52
OI0001516,O000918,P078,1,34.46,34.46
OI0001517,O000918,P077,1,144.76,144.76
OI0001518,O000918,P056,1,18.69,18.69
OI0001519,O000919,P100,1,26.88,26.88
OI0001520,O000920,P037,1,33.58,33.58
OI0001521,O000920,P024,1,84.49,84.49
OI0001522,O000920,P078,1,34.46,34.46
OI0001523,O000921,P010,1,44.59,44.59
OI0001524,O000921,P048,1,37.04,37.04
OI0001525,O000922,P063,1,28.7,28.7
OI0001526,O000922,P101,1,43.91,43.91
OI0001527,O000923,P097,1,20.46,20.46
OI0001528,O000924,P106,1,47.23,47.23
OI0001529,O000925,P024,1,84.49,84.49
OI0001530,O000925,P070,1,47.52,47.52
OI0001531,O000926,P041,1,25.86,25.86
OI0001532,O000926,P054,1,53.62,53.62
OI0001533,O000926,P005,1,49.25,49.25
OI0001534,O000927,P039,1,31.96,31.96
OI0001535,O000928,P008,1,46.52,46.52
OI0001536,O000929,P090,1,55.52,55.52
OI0001537,O000930,P112,1,35.49,35.49
OI0001538,O000930,P080,1,64.69,64.69
OI0001539,O000930,P057,1,112.54,112.54
OI0001540,O000931,P118,2,22.9,45.8
OI0001541,O000932,P067,1,46.95,46.95
OI0001542,O000932,P013,1,12.37,12.37
OI0001543,O000933,P089,1,26.52,26.52
OI0001544,O000933,P003,1,36.05,36.05
OI0001545,O000933,P043,1,23.06,23.06
OI0001546,O000934,P033,1,87.02,87.02
OI0001547,O000934,P056,1,18.69,18.69
OI0001548,O000934,P085,1,11.15,11.15
OI0001549,O000935,P058,1,47.56,47.56
OI0001550,O000936,P036,3,16.55,49.65
OI0001551,O000937,P111,1,29.11,29.11
OI0001552,O000938,P081,1,22.73,22.73
OI0001553,O000939,P062,1,53.16,53.16
OI0001554,O000940,P063,1,28.7,28.7
OI0001555,O000940,P051,1,11.22,11.22
OI0001556,O000941,P104,1,44.1,44.1
OI0001557,O000942,P049,1,42.57,42.57
OI0001558,O000943,P087,2,29.25,58.5
OI0001559,O000943,P095,2,69.05,138.1
OI0001560,O000944,P026,2,27.66,55.32
OI0001561,O000945,P114,1,27.37,27.37
OI0001562,O000946,P045,1,30.38,30.38
OI0001563,O000947,P084,1,30.69,30.69
OI0001564,O000947,P117,1,27.82,27.82
OI0001565,O000948,P066,2,34.67,69.34
OI0001566,O000948,P059,1,68.57,68.57
OI0001567,O000948,P053,2,40.97,81.94
OI0001568,O000949,P067,1,46.95,46.95
OI0001569,O000950,P003,2,36.05,72.1
OI0001570,O000951,P072,1,14.56,14.56
OI0001571,O000952,P059,1,68.57,68.57
OI0001572,O000953,P048,1,37.04,37.04
OI0001573,O000954,P076,1,38.28,38.28
OI0001574,O000954,P086,2,80.82,161.64
OI0001575,O000954,P108,1,34.32,34.32
OI0001576,O000955,P032,1,17.4,17.4
OI0001577,O000956,P103,1,65.04,65.04
OI0001578,O000956,P119,1,34.08,34.08
OI0001579,O000956,P070,1,47.52,47.52
OI0001580,O000957,P043,1,23.06,23.06
OI0001581,O000957,P059,1,68.57,68.57
OI0001582,O000958,P101,1,43.91,43.91
OI0001583,O000959,P069,1,24.0,24.0
OI0001584,O000959,P061,1,33.13,33.13
OI0001585,O000960,P043,1,23.06,23.06
OI0001586,O000961,P087,1,29.25,29.25
OI0001587,O000962,P060,1,41.59,41.59
OI0001588,O000963,P087,1,29.25,29.25
OI0001589,O000964,P017,1,18.94,18.94
OI0001590,O000964,P062,1,53.16,53.16
OI0001591,O000964,P088,1,28.36,28.36
OI0001592,O000965,P098,2,57.37,114.74
OI0001593,O000965,P061,1,33.13,33.13
OI0001594,O000965,P062,1,53.16,53.16
OI0001595,O000966,P053,1,40.97,40.97
OI0001596,O000966,P047,2,23.25,46.5
OI0001597,O000967,P084,1,30.69,30.69
OI0001598,O000967,P092,1,58.39,58.39
OI0001599,O000967,P003,1,36.05,36.05
OI0001600,O000967,P054,1,53.62,53.62
OI0001601,O000968,P116,1,38.35,38.35
OI0001602,O000968,P061,1,33.13,33.13
OI0001603,O000969,P071,1,141.44,141.44
OI0001604,O000969,P047,1,23.25,23.25
OI0001605,O000970,P001,1,66.04,66.04
OI0001606,O000970,P052,1,44.73,44.73
OI0001607,O000971,P113,1,35.73,35.73
OI0001608,O000972,P071,1,141.44,141.44
OI0001609,O000972,P062,2,53.16,106.32
OI0001610,O000973,P117,2,27.82,55.64
OI0001611,O000974,P037,1,33.58,33.58
OI0001612,O000975,P020,2,30.3,60.6
OI0001613,O000976,P059,1,68.57,68.57
OI0001614,O000976,P093,3,45.3,135.9
OI0001615,O000976,P118,1,22.9,22.9
OI0001616,O000977,P029,2,25.98,51.96
OI0001617,O000977,P118,2,22.9,45.8
OI0001618,O000977,P077,1,144.76,144.76
OI0001619,O000978,P013,1,12.37,12.37
OI0001620,O000979,P001,1,66.04,66.04
OI0001621,O000980,P064,1,16.79,16.79
OI0001622,O000981,P028,1,129.35,129.35
OI0001623,O000981,P102,1,56.61,56.61
OI0001624,O000982,P089,1,26.52,26.52
OI0001625,O000983,P081,2,22.73,45.46
OI0001626,O000983,P026,2,27.66,55.32
OI0001627,O000984,P086,2,80.82,161.64
OI0001628,O000984,P015,1,31.17,31.17
OI0001629,O000985,P083,1,30.7,30.7
OI0001630,O000986,P110,1,82.9,82.9
OI0001631,O000986,P020,1,30.3,30.3
OI0001632,O000987,P001,1,66.04,66.04
OI0001633,O000987,P017,1,18.94,18.94
OI0001634,O000988,P099,1,46.77,46.77
OI0001635,O000988,P052,1,44.73,44.73
OI0001636,O000989,P015,1,31.17,31.17
OI0001637,O000989,P069,1,24.0,24.0
OI0001638,O000990,P053,1,40.97,40.97
OI0001639,O000990,P034,2,35.52,71.04
OI0001640,O000990,P075,1,44.36,44.36
OI0001641,O000990,P062,1,53.16,53.16
OI0001642,O000991,P092,1,58.39,58.39
OI0001643,O000991,P116,1,38.35,38.35
OI0001644,O000992,P043,1,23.06,23.06
OI0001645,O000992,P084,1,30.69,30.69
OI0001646,O000993,P043,1,23.06,23.06
OI0001647,O000994,P057,1,112.54,112.54
OI0001648,O000995,P002,1,30.14,30.14
OI0001649,O000996,P073,1,45.97,45.97
OI0001650,O000997,P033,1,87.02,87.02
OI0001651,O000998,P027,1,12.05,12.05
OI0001652,O000999,P118,1,22.9,22.9
OI0001653,O000999,P095,1,69.05,69.05
OI0001654,O001000,P069,1,24.0,24.0
OI0001655,O001001,P031,1,32.22,32.22
OI0001656,O001002,P103,1,65.04,65.04
OI0001657,O001003,P102,1,56.61,56.61
OI0001658,O001004,P096,1,86.58,86.58
OI0001659,O001005,P003,1,36.05,36.05
OI0001660,O001005,P060,1,41.59,41.59
OI0001661,O001006,P081,1,22.73,22.73
OI0001662,O001007,P084,1,30.69,30.69
OI0001663,O001008,P057,1,112.54,112.54
OI0001664,O001009,P007,2,39.99,79.98
OI0001665,O001009,P101,1,43.91,43.91
OI0001666,O001010,P019,1,13.12,13.12
OI0001667,O001011,P067,2,46.95,93.9
OI0001668,O001012,P049,1,42.57,42.57
OI0001669,O001012,P052,1,44.73,44.73
OI0001670,O001013,P029,1,25.98,25.98
OI0001671,O001014,P056,1,18.69,18.69
OI0001672,O001015,P052,2,44.73,89.46
OI0001673,O001016,P105,1,73.93,73.93
OI0001674,O001017,P002,1,30.14,30.14
OI0001675,O001018,P104,2,44.1,88.2
OI0001676,O001018,P030,2,57.05,114.1
OI0001677,O001019,P014,1,102.77,102.77
OI0001678,O001020,P097,1,20.46,20.46
OI0001679,O001021,P097,1,20.46,20.46
OI0001680,O001022,P080,1,64.69,64.69
OI0001681,O001022,P076,1,38.28,38.28
OI0001682,O001023,P015,1,31.17,31.17
OI0001683,O001023,P086,1,80.82,80.82
OI0001684,O001024,P095,1,69.05,69.05
OI0001685,O001025,P058,1,47.56,47.56
OI0001686,O001026,P040,1,40.11,40.11
OI0001687,O001027,P009,1,37.92,37.92
OI0001688,O001028,P029,1,25.98,25.98
OI0001689,O001029,P115,1,42.04,42.04
OI0001690,O001029,P117,1,27.82,27.82
OI0001691,O001030,P074,1,32.9,32.9
OI0001692,O001030,P118,1,22.9,22.9
OI0001693,O001030,P041,1,25.86,25.86
OI0001694,O001031,P117,1,27.82,27.82
OI0001695,O001032,P006,2,132.21,264.42
OI0001696,O001033,P004,1,66.5,66.5
OI0001697,O001033,P016,1,59.7,59.7
OI0001698,O001033,P102,1,56.61,56.61
OI0001699,O001034,P008,3,46.52,139.56
OI0001700,O001034,P007,1,39.99,39.99
OI0001701,O001035,P093,1,45.3,45.3
OI0001702,O001035,P079,1,23.65,23.65
OI0001703,O001036,P118,1,22.9,22.9
OI0001704,O001037,P082,1,34.81,34.81
OI0001705,O001037,P054,1,53.62,53.62
OI0001706,O001038,P019,1,13.12,13.12
OI0001707,O001039,P051,1,11.22,11.22
OI0001708,O001040,P025,1,37.52,37.52
OI0001709,O001041,P013,1,12.37,12.37
OI0001710,O001041,P037,1,33.58,33.58
OI0001711,O001041,P015,1,31.17,31.17
OI0001712,O001042,P077,1,144.76,144.76
OI0001713,O001043,P050,2,19.41,38.82
OI0001714,O001044,P061,1,33.13,33.13
OI0001715,O001045,P081,1,22.73,22.73
OI0001716,O001046,P056,1,18.69,18.69
OI0001717,O001046,P069,1,24.0,24.0
OI0001718,O001047,P023,1,54.75,54.75
OI0001719,O001048,P088,1,28.36,28.36
OI0001720,O001049,P047,1,23.25,23.25
OI0001721,O001050,P047,2,23.25,46.5
OI0001722,O001051,P106,1,47.23,47.23
OI0001723,O001051,P033,1,87.02,87.02
OI0001724,O001051,P091,1,37.89,37.89
OI0001725,O001052,P094,1,17.7,17.7
OI0001726,O001052,P069,1,24.0,24.0
OI0001727,O001052,P111,1,29.11,29.11
OI0001728,O001053,P084,1,30.69,30.69
OI0001729,O001054,P010,1,44.59,44.59
OI0001730,O001055,P021,1,51.23,51.23
OI0001731,O001056,P100,1,26.88,26.88
OI0001732,O001056,P043,1,23.06,23.06
OI0001733,O001057,P115,1,42.04,42.04
OI0001734,O001057,P083,2,30.7,61.4
OI0001735,O001058,P022,1,43.57,43.57
OI0001736,O001058,P007,2,39.99,79.98
OI0001737,O001059,P052,2,44.73,89.46
OI0001738,O001060,P093,1,45.3,45.3
OI0001739,O001060,P044,1,63.71,63.71
OI0001740,O001061,P093,1,45.3,45.3
OI0001741,O001062,P102,2,56.61,113.22
OI0001742,O001063,P046,1,38.99,38.99
OI0001743,O001063,P082,1,34.81,34.81
OI0001744,O001064,P099,1,46.77,46.77
OI0001745,O001064,P084,1,30.69,30.69
OI0001746,O001064,P028,1,129.35,129.35
OI0001747,O001065,P069,1,24.0,24.0
OI0001748,O001066,P047,1,23.25,23.25
OI0001749,O001067,P032,3,17.4,52.2
OI0001750,O001068,P046,1,38.99,38.99
OI0001751,O001069,P089,1,26.52,26.52
OI0001752,O001070,P072,1,14.56,14.56
OI0001753,O001071,P081,1,22.73,22.73
OI0001754,O001072,P030,1,57.05,57.05
OI0001755,O001073,P063,2,28.7,57.4
OI0001756,O001074,P027,2,12.05,24.1
OI0001757,O001075,P083,1,30.7,30.7
OI0001758,O001075,P120,1,46.49,46.49
OI0001759,O001076,P046,1,38.99,38.99
OI0001760,O001076,P026,1,27.66,27.66
OI0001761,O001076,P015,1,31.17,31.17
OI0001762,O001077,P015,2,31.17,62.34
OI0001763,O001078,P118,1,22.9,22.9
OI0001764,O001079,P081,1,22.73,22.73
OI0001765,O001080,P015,1,31.17,31.17
OI0001766,O001081,P003,1,36.05,36.05
OI0001767,O001081,P009,1,37.92,37.92
OI0001768,O001082,P106,1,47.23,47.23
OI0001769,O001083,P082,1,34.81,34.81
OI0001770,O001083,P076,1,38.28,38.28
OI0001771,O001083,P089,1,26.52,26.52
OI0001772,O001084,P002,1,30.14,30.14
OI0001773,O001085,P097,1,20.46,20.46
OI0001774,O001085,P045,1,30.38,30.38
OI0001775,O001086,P109,1,81.27,81.27
OI0001776,O001087,P007,1,39.99,39.99
OI0001777,O001088,P093,1,45.3,45.3
OI0001778,O001089,P022,2,43.57,87.14
OI0001779,O001090,P079,1,23.65,23.65
OI0001780,O001090,P035,1,23.65,23.65
OI0001781,O001090,P029,1,25.98,25.98
OI0001782,O001091,P098,1,57.37,57.37
OI0001783,O001092,P041,1,25.86,25.86
OI0001784,O001093,P081,1,22.73,22.73
OI0001785,O001094,P017,1,18.94,18.94
OI0001786,O001095,P053,1,40.97,40.97
OI0001787,O001095,P008,2,46.52,93.04
OI0001788,O001096,P072,1,14.56,14.56
OI0001789,O001097,P069,2,24.0,48.0
OI0001790,O001097,P095,1,69.05,69.05
OI0001791,O001098,P082,1,34.81,34.81
OI0001792,O001099,P090,1,55.52,55.52
OI0001793,O001100,P023,1,54.75,54.75
OI0001794,O001100,P026,1,27.66,27.66
OI0001795,O001100,P078,1,34.46,34.46
OI0001796,O001100,P055,1,69.18,69.18
OI0001797,O001101,P051,1,11.22,11.22
OI0001798,O001102,P033,1,87.02,87.02
OI0001799,O001103,P094,1,17.7,17.7
OI0001800,O001104,P043,1,23.06,23.06
OI0001801,O001104,P023,3,54.75,164.25
OI0001802,O001105,P087,1,29.25,29.25
OI0001803,O001106,P010,1,44.59,44.59
OI0001804,O001107,P103,1,65.04,65.04
OI0001805,O001108,P009,1,37.92,37.92
OI0001806,O001108,P011,1,39.95,39.95
OI0001807,O001108,P112,1,35.49,35.49
OI0001808,O001108,P038,1,64.8,64.8
OI0001809,O001109,P008,1,46.52,46.52
OI0001810,O001110,P085,1,11.15,11.15
OI0001811,O001110,P095,1,69.05,69.05
OI0001812,O001111,P111,1,29.11,29.11
OI0001813,O001111,P075,1,44.36,44.36
OI0001814,O001112,P115,1,42.04,42.04
OI0001815,O001113,P102,1,56.61,56.61
OI0001816,O001114,P097,1,20.46,20.46
OI0001817,O001115,P076,1,38.28,38.28
OI0001818,O001115,P073,1,45.97,45.97
OI0001819,O001115,P075,1,44.36,44.36
OI0001820,O001116,P053,1,40.97,40.97
OI0001821,O001117,P071,1,141.44,141.44
OI0001822,O001118,P067,1,46.95,46.95
OI0001823,O001119,P041,1,25.86,25.86
OI0001824,O001119,P059,1,68.57,68.57
OI0001825,O001120,P113,1,35.73,35.73
OI0001826,O001120,P021,1,51.23,51.23
OI0001827,O001121,P010,1,44.59,44.59
OI0001828,O001122,P019,1,13.12,13.12
OI0001829,O001123,P072,1,14.56,14.56
OI0001830,O001124,P007,1,39.99,39.99
OI0001831,O001124,P017,2,18.94,37.88
OI0001832,O001124,P077,1,144.76,144.76
OI0001833,O001125,P104,1,44.1,44.1
OI0001834,O001125,P001,1,66.04,66.04
OI0001835,O001126,P069,1,24.0,24.0
OI0001836,O001126,P071,1,141.44,141.44
OI0001837,O001127,P103,1,65.04,65.04
OI0001838,O001127,P044,1,63.71,63.71
OI0001839,O001127,P037,1,33.58,33.58
OI0001840,O001127,P111,1,29.11,29.11
OI0001841,O001128,P054,2,53.62,107.24
OI0001842,O001129,P056,1,18.69,18.69
OI0001843,O001130,P054,1,53.62,53.62
OI0001844,O001131,P080,1,64.69,64.69
OI0001845,O001132,P114,1,27.37,27.37
OI0001846,O001132,P101,1,43.91,43.91
OI0001847,O001133,P106,1,47.23,47.23
OI0001848,O001133,P118,1,22.9,22.9
OI0001849,O001133,P007,1,39.99,39.99
OI0001850,O001133,P051,1,11.22,11.22
OI0001851,O001134,P116,1,38.35,38.35
OI0001852,O001134,P031,1,32.22,32.22
OI0001853,O001134,P109,1,81.27,81.27
OI0001854,O001135,P081,1,22.73,22.73
OI0001855,O001135,P038,1,64.8,64.8
OI0001856,O001136,P112,2,35.49,70.98
OI0001857,O001136,P008,1,46.52,46.52
OI0001858,O001137,P017,1,18.94,18.94
OI0001859,O001138,P019,1,13.12,13.12
OI0001860,O001138,P097,1,20.46,20.46
OI0001861,O001139,P004,1,66.5,66.5
OI0001862,O001140,P048,3,37.04,111.12
OI0001863,O001140,P008,1,46.52,46.52
OI0001864,O001141,P007,1,39.99,39.99
OI0001865,O001141,P095,1,69.05,69.05
OI0001866,O001141,P046,1,38.99,38.99
OI0001867,O001142,P102,1,56.61,56.61
OI0001868,O001143,P118,2,22.9,45.8
OI0001869,O001144,P052,1,44.73,44.73
OI0001870,O001145,P064,1,16.79,16.79
OI0001871,O001146,P106,1,47.23,47.23
OI0001872,O001147,P052,1,44.73,44.73
OI0001873,O001148,P114,1,27.37,27.37
OI0001874,O001149,P054,1,53.62,53.62
OI0001875,O001150,P050,1,19.41,19.41
OI0001876,O001151,P012,1,51.32,51.32
OI0001877,O001152,P057,1,112.54,112.54
OI0001878,O001153,P040,2,40.11,80.22
OI0001879,O001153,P078,1,34.46,34.46
OI0001880,O001154,P015,1,31.17,31.17
OI0001881,O001155,P093,1,45.3,45.3
OI0001882,O001156,P065,1,41.82,41.82
OI0001883,O001157,P023,1,54.75,54.75
OI0001884,O001158,P050,1,19.41,19.41
OI0001885,O001159,P108,1,34.32,34.32
OI0001886,O001159,P008,1,46.52,46.52
OI0001887,O001159,P051,1,11.22,11.22
OI0001888,O001159,P012,1,51.32,51.32
OI0001889,O001160,P011,1,39.95,39.95
OI0001890,O001161,P001,1,66.04,66.04
OI0001891,O001162,P006,1,132.21,132.21
OI0001892,O001163,P084,1,30.69,30.69
OI0001893,O001163,P055,1,69.18,69.18
OI0001894,O001163,P107,1,52.87,52.87
OI0001895,O001163,P052,1,44.73,44.73
OI0001896,O001164,P102,1,56.61,56.61
OI0001897,O001165,P013,1,12.37,12.37
OI0001898,O001166,P060,1,41.59,41.59
OI0001899,O001167,P050,1,19.41,19.41
OI0001900,O001168,P056,3,18.69,56.07
OI0001901,O001169,P018,1,12.14,12.14
OI0001902,O001169,P054,1,53.62,53.62
OI0001903,O001169,P025,1,37.52,37.52
OI0001904,O001170,P038,1,64.8,64.8
OI0001905,O001170,P037,1,33.58,33.58
OI0001906,O001171,P098,1,57.37,57.37
OI0001907,O001171,P047,2,23.25,46.5
OI0001908,O001171,P095,1,69.05,69.05
OI0001909,O001172,P091,1,37.89,37.89
OI0001910,O001173,P034,1,35.52,35.52
OI0001911,O001174,P047,2,23.25,46.5
OI0001912,O001175,P034,3,35.52,106.56
OI0001913,O001176,P050,1,19.41,19.41
OI0001914,O001176,P043,1,23.06,23.06
OI0001915,O001176,P084,1,30.69,30.69
OI0001916,O001177,P072,1,14.56,14.56
OI0001917,O001178,P021,1,51.23,51.23
OI0001918,O001179,P020,1,30.3,30.3
OI0001919,O001180,P106,2,47.23,94.46
OI0001920,O001181,P029,2,25.98,51.96
OI0001921,O001182,P034,2,35.52,71.04
OI0001922,O001182,P116,1,38.35,38.35
OI0001923,O001183,P078,2,34.46,68.92
OI0001924,O001183,P081,1,22.73,22.73
OI0001925,O001184,P005,1,49.25,49.25
OI0001926,O001184,P018,1,12.14,12.14
OI0001927,O001185,P030,2,57.05,114.1
OI0001928,O001186,P071,1,141.44,141.44
OI0001929,O001187,P055,1,69.18,69.18
OI0001930,O001188,P082,1,34.81,34.81
OI0001931,O001189,P011,1,39.95,39.95
OI0001932,O001189,P008,1,46.52,46.52
OI0001933,O001189,P030,1,57.05,57.05
OI0001934,O001190,P048,1,37.04,37.04
OI0001935,O001191,P031,1,32.22,32.22
OI0001936,O001192,P071,1,141.44,141.44
OI0001937,O001193,P103,1,65.04,65.04
OI0001938,O001193,P096,1,86.58,86.58
OI0001939,O001194,P105,1,73.93,73.93
OI0001940,O001195,P070,1,47.52,47.52
OI0001941,O001195,P085,1,11.15,11.15
OI0001942,O001196,P031,1,32.22,32.22
OI0001943,O001196,P110,1,82.9,82.9
OI0001944,O001197,P069,1,24.0,24.0
OI0001945,O001198,P052,1,44.73,44.73
OI0001946,O001199,P015,1,31.17,31.17
OI0001947,O001200,P085,1,11.15,11.15
OI0001948,O001200,P023,1,54.75,54.75
OI0001949,O001201,P110,1,82.9,82.9
OI0001950,O001202,P106,1,47.23,47.23
OI0001951,O001203,P082,2,34.81,69.62
OI0001952,O001203,P116,1,38.35,38.35
OI0001953,O001204,P088,1,28.36,28.36
OI0001954,O001204,P067,2,46.95,93.9
OI0001955,O001204,P081,1,22.73,22.73
OI0001956,O001205,P088,1,28.36,28.36
OI0001957,O001205,P082,1,34.81,34.81
OI0001958,O001206,P033,1,87.02,87.02
OI0001959,O001207,P041,1,25.86,25.86
OI0001960,O001208,P014,1,102.77,102.77
OI0001961,O001209,P082,1,34.81,34.81
OI0001962,O001210,P007,2,39.99,79.98
OI0001963,O001210,P120,1,46.49,46.49
OI0001964,O001211,P116,2,38.35,76.7
OI0001965,O001211,P010,1,44.59,44.59
OI0001966,O001211,P024,1,84.49,84.49
OI0001967,O001212,P008,1,46.52,46.52
OI0001968,O001213,P032,2,17.4,34.8
OI0001969,O001214,P064,1,16.79,16.79
OI0001970,O001214,P061,1,33.13,33.13
OI0001971,O001215,P061,1,33.13,33.13
OI0001972,O001216,P052,1,44.73,44.73
OI0001973,O001216,P113,2,35.73,71.46
OI0001974,O001216,P074,1,32.9,32.9
OI0001975,O001217,P031,1,32.22,32.22
OI0001976,O001217,P091,1,37.89,37.89
OI0001977,O001218,P048,1,37.04,37.04
OI0001978,O001218,P038,1,64.8,64.8
OI0001979,O001218,P054,1,53.62,53.62
OI0001980,O001219,P053,1,40.97,40.97
OI0001981,O001220,P119,2,34.08,68.16
OI0001982,O001221,P030,1,57.05,57.05
OI0001983,O001221,P102,1,56.61,56.61
OI0001984,O001222,P065,2,41.82,83.64
OI0001985,O001223,P011,1,39.95,39.95
OI0001986,O001224,P071,3,141.44,424.32
OI0001987,O001225,P014,1,102.77,102.77
OI0001988,O001225,P089,1,26.52,26.52
OI0001989,O001226,P080,1,64.69,64.69
OI0001990,O001226,P069,1,24.0,24.0
OI0001991,O001226,P001,1,66.04,66.04
OI0001992,O001227,P106,1,47.23,47.23
OI0001993,O001227,P042,1,41.11,41.11
OI0001994,O001227,P065,1,41.82,41.82
OI0001995,O001228,P040,1,40.11,40.11
OI0001996,O001228,P014,1,102.77,102.77
OI0001997,O001228,P033,1,87.02,87.02
OI0001998,O001229,P043,1,23.06,23.06
OI0001999,O001229,P004,1,66.5,66.5
OI0002000,O001230,P106,2,47.23,94.46
OI0002001,O001230,P005,1,49.25,49.25
OI0002002,O001231,P014,1,102.77,102.77
OI0002003,O001232,P059,1,68.57,68.57
OI0002004,O001233,P109,1,81.27,81.27
OI0002005,O001234,P020,1,30.3,30.3
OI0002006,O001235,P047,1,23.25,23.25
OI0002007,O001235,P118,1,22.9,22.9
OI0002008,O001236,P014,1,102.77,102.77
OI0002009,O001237,P101,1,43.91,43.91
OI0002010,O001238,P090,2,55.52,111.04
OI0002011,O001239,P100,1,26.88,26.88
OI0002012,O001239,P008,1,46.52,46.52
OI0002013,O001239,P064,1,16.79,16.79
OI0002014,O001240,P036,1,16.55,16.55
OI0002015,O001241,P098,1,57.37,57.37
OI0002016,O001242,P082,1,34.81,34.81
OI0002017,O001243,P100,1,26.88,26.88
OI0002018,O001243,P061,1,33.13,33.13
OI0002019,O001244,P078,1,34.46,34.46
OI0002020,O001244,P004,1,66.5,66.5
OI0002021,O001245,P008,1,46.52,46.52
OI0002022,O001245,P119,2,34.08,68.16
OI0002023,O001246,P041,1,25.86,25.86
OI0002024,O001246,P031,1,32.22,32.22
OI0002025,O001247,P034,1,35.52,35.52
OI0002026,O001248,P085,2,11.15,22.3
OI0002027,O001249,P092,1,58.39,58.39
OI0002028,O001249,P079,1,23.65,23.65
OI0002029,O001249,P048,1,37.04,37.04
OI0002030,O001250,P025,1,37.52,37.52
OI0002031,O001251,P071,2,141.44,282.88
OI0002032,O001252,P062,1,53.16,53.16
OI0002033,O001253,P081,1,22.73,22.73
OI0002034,O001253,P096,1,86.58,86.58
OI0002035,O001254,P002,1,30.14,30.14
OI0002036,O001254,P013,2,12.37,24.74
OI0002037,O001255,P095,1,69.05,69.05
OI0002038,O001256,P108,1,34.32,34.32
OI0002039,O001257,P082,1,34.81,34.81
OI0002040,O001257,P001,1,66.04,66.04
OI0002041,O001258,P103,1,65.04,65.04
OI0002042,O001258,P082,1,34.81,34.81
OI0002043,O001258,P054,1,53.62,53.62
OI0002044,O001258,P052,1,44.73,44.73
OI0002045,O001259,P105,3,73.93,221.79
OI0002046,O001259,P026,1,27.66,27.66
OI0002047,O001260,P023,1,54.75,54.75
OI0002048,O001260,P018,2,12.14,24.28
OI0002049,O001261,P103,1,65.04,65.04
OI0002050,O001262,P103,1,65.04,65.04
OI0002051,O001263,P073,2,45.97,91.94
OI0002052,O001264,P001,2,66.04,132.08
OI0002053,O001264,P039,3,31.96,95.88
OI0002054,O001264,P029,1,25.98,25.98
OI0002055,O001265,P051,2,11.22,22.44
OI0002056,O001265,P040,1,40.11,40.11
OI0002057,O001266,P071,1,141.44,141.44
OI0002058,O001267,P071,1,141.44,141.44
OI0002059,O001268,P059,1,68.57,68.57
OI0002060,O001268,P014,1,102.77,102.77
OI0002061,O001268,P114,1,27.37,27.37
OI0002062,O001269,P092,1,58.39,58.39
OI0002063,O001269,P009,1,37.92,37.92
OI0002064,O001270,P113,2,35.73,71.46
OI0002065,O001271,P089,1,26.52,26.52
OI0002066,O001271,P062,1,53.16,53.16
OI0002067,O001271,P016,3,59.7,179.1
OI0002068,O001272,P078,1,34.46,34.46
OI0002069,O001272,P112,1,35.49,35.49
OI0002070,O001273,P110,2,82.9,165.8
OI0002071,O001274,P015,1,31.17,31.17
OI0002072,O001274,P048,1,37.04,37.04
OI0002073,O001274,P006,3,132.21,396.63
OI0002074,O001275,P012,3,51.32,153.96
OI0002075,O001276,P113,2,35.73,71.46
OI0002076,O001277,P116,1,38.35,38.35
OI0002077,O001277,P009,2,37.92,75.84
OI0002078,O001277,P120,1,46.49,46.49
OI0002079,O001278,P059,1,68.57,68.57
OI0002080,O001279,P100,1,26.88,26.88
OI0002081,O001280,P102,1,56.61,56.61
OI0002082,O001281,P075,1,44.36,44.36
OI0002083,O001281,P059,2,68.57,137.14
OI0002084,O001281,P089,1,26.52,26.52
OI0002085,O001282,P052,1,44.73,44.73
OI0002086,O001283,P021,1,51.23,51.23
OI0002087,O001284,P105,1,73.93,73.93
OI0002088,O001284,P070,1,47.52,47.52
OI0002089,O001284,P027,1,12.05,12.05
OI0002090,O001285,P033,1,87.02,87.02
OI0002091,O001285,P047,1,23.25,23.25
OI0002092,O001285,P064,1,16.79,16.79
OI0002093,O001286,P047,1,23.25,23.25
OI0002094,O001287,P074,2,32.9,65.8
OI0002095,O001287,P110,1,82.9,82.9
OI0002096,O001287,P042,1,41.11,41.11
OI0002097,O001288,P087,1,29.25,29.25
OI0002098,O001288,P024,1,84.49,84.49
OI0002099,O001289,P005,1,49.25,49.25
OI0002100,O001290,P013,1,12.37,12.37
OI0002101,O001291,P048,1,37.04,37.04
OI0002102,O001292,P088,2,28.36,56.72
OI0002103,O001292,P084,1,30.69,30.69
OI0002104,O001293,P040,1,40.11,40.11
OI0002105,O001293,P048,1,37.04,37.04
OI0002106,O001294,P056,1,18.69,18.69
OI0002107,O001295,P037,1,33.58,33.58
OI0002108,O001296,P091,1,37.89,37.89
OI0002109,O001296,P004,1,66.5,66.5
OI0002110,O001297,P108,2,34.32,68.64
OI0002111,O001297,P039,1,31.96,31.96
OI0002112,O001297,P017,1,18.94,18.94
OI0002113,O001298,P019,1,13.12,13.12
OI0002114,O001299,P035,2,23.65,47.3
OI0002115,O001300,P068,1,29.23,29.23
OI0002116,O001301,P078,1,34.46,34.46
OI0002117,O001301,P081,1,22.73,22.73
OI0002118,O001302,P099,1,46.77,46.77
OI0002119,O001303,P073,1,45.97,45.97
OI0002120,O001304,P105,1,73.93,73.93
OI0002121,O001304,P090,1,55.52,55.52
OI0002122,O001304,P119,1,34.08,34.08
OI0002123,O001305,P101,1,43.91,43.91
OI0002124,O001305,P067,1,46.95,46.95
OI0002125,O001306,P108,1,34.32,34.32
OI0002126,O001307,P114,1,27.37,27.37
OI0002127,O001308,P117,2,27.82,55.64
OI0002128,O001308,P064,1,16.79,16.79
OI0002129,O001309,P100,1,26.88,26.88
OI0002130,O001310,P110,1,82.9,82.9
OI0002131,O001310,P051,2,11.22,22.44
OI0002132,O001310,P010,1,44.59,44.59
OI0002133,O001310,P097,1,20.46,20.46
OI0002134,O001311,P026,1,27.66,27.66
OI0002135,O001311,P011,2,39.95,79.9
OI0002136,O001312,P083,1,30.7,30.7
OI0002137,O001313,P073,1,45.97,45.97
OI0002138,O001313,P085,1,11.15,11.15
OI0002139,O001313,P052,1,44.73,44.73
OI0002140,O001314,P084,1,30.69,30.69
OI0002141,O001314,P043,1,23.06,23.06
OI0002142,O001315,P094,1,17.7,17.7
OI0002143,O001316,P051,1,11.22,11.22
OI0002144,O001317,P117,3,27.82,83.46
OI0002145,O001317,P089,1,26.52,26.52
OI0002146,O001317,P036,1,16.55,16.55
OI0002147,O001318,P068,1,29.23,29.23
OI0002148,O001319,P039,1,31.96,31.96
OI0002149,O001319,P081,1,22.73,22.73
OI0002150,O001320,P073,1,45.97,45.97
OI0002151,O001321,P117,1,27.82,27.82
OI0002152,O001321,P038,1,64.8,64.8
OI0002153,O001321,P019,1,13.12,13.12
OI0002154,O001322,P012,1,51.32,51.32
OI0002155,O001322,P001,1,66.04,66.04
OI0002156,O001323,P048,3,37.04,111.12
OI0002157,O001323,P076,2,38.28,76.56
OI0002158,O001324,P014,1,102.77,102.77
OI0002159,O001325,P079,1,23.65,23.65
OI0002160,O001326,P104,2,44.1,88.2
OI0002161,O001326,P117,1,27.82,27.82
OI0002162,O001327,P056,1,18.69,18.69
OI0002163,O001328,P119,1,34.08,34.08
OI0002164,O001328,P120,1,46.49,46.49
OI0002165,O001329,P086,1,80.82,80.82
OI0002166,O001330,P064,1,16.79,16.79
OI0002167,O001331,P035,1,23.65,23.65
OI0002168,O001331,P088,1,28.36,28.36
OI0002169,O001332,P069,1,24.0,24.0
OI0002170,O001332,P024,1,84.49,84.49
OI0002171,O001333,P113,1,35.73,35.73
OI0002172,O001334,P065,2,41.82,83.64
OI0002173,O001335,P078,1,34.46,34.46
OI0002174,O001335,P106,1,47.23,47.23
OI0002175,O001335,P017,1,18.94,18.94
OI0002176,O001336,P086,1,80.82,80.82
OI0002177,O001336,P066,2,34.67,69.34
OI0002178,O001337,P055,1,69.18,69.18
OI0002179,O001337,P066,1,34.67,34.67
OI0002180,O001338,P073,1,45.97,45.97
OI0002181,O001338,P112,1,35.49,35.49
OI0002182,O001339,P058,1,47.56,47.56
OI0002183,O001340,P074,1,32.9,32.9
OI0002184,O001341,P101,1,43.91,43.91
OI0002185,O001341,P066,1,34.67,34.67
OI0002186,O001341,P010,1,44.59,44.59
OI0002187,O001341,P032,1,17.4,17.4
OI0002188,O001342,P001,3,66.04,198.12
OI0002189,O001343,P063,1,28.7,28.7
OI0002190,O001343,P042,1,41.11,41.11
OI0002191,O001344,P064,1,16.79,16.79
OI0002192,O001345,P080,1,64.69,64.69
OI0002193,O001346,P071,2,141.44,282.88
OI0002194,O001347,P044,1,63.71,63.71
OI0002195,O001347,P060,2,41.59,83.18
OI0002196,O001347,P118,1,22.9,22.9
OI0002197,O001348,P054,1,53.62,53.62
OI0002198,O001349,P028,3,129.35,388.05
OI0002199,O001349,P072,1,14.56,14.56
OI0002200,O001349,P014,1,102.77,102.77
OI0002201,O001350,P021,1,51.23,51.23
OI0002202,O001350,P064,1,16.79,16.79
OI0002203,O001351,P050,1,19.41,19.41
OI0002204,O001352,P100,1,26.88,26.88
OI0002205,O001352,P091,1,37.89,37.89
OI0002206,O001353,P087,1,29.25,29.25
OI0002207,O001354,P055,1,69.18,69.18
OI0002208,O001354,P092,1,58.39,58.39
OI0002209,O001355,P083,1,30.7,30.7
OI0002210,O001355,P060,2,41.59,83.18
OI0002211,O001356,P034,1,35.52,35.52
OI0002212,O001356,P022,1,43.57,43.57
OI0002213,O001357,P028,2,129.35,258.7
OI0002214,O001358,P001,1,66.04,66.04
OI0002215,O001359,P087,1,29.25,29.25
OI0002216,O001360,P101,1,43.91,43.91
OI0002217,O001360,P116,1,38.35,38.35
OI0002218,O001360,P050,2,19.41,38.82
OI0002219,O001361,P041,1,25.86,25.86
OI0002220,O001361,P099,2,46.77,93.54
OI0002221,O001362,P120,1,46.49,46.49
OI0002222,O001363,P058,1,47.56,47.56
OI0002223,O001363,P119,1,34.08,34.08
OI0002224,O001364,P013,1,12.37,12.37
OI0002225,O001364,P077,1,144.76,144.76
OI0002226,O001365,P042,1,41.11,41.11
OI0002227,O001366,P047,1,23.25,23.25
OI0002228,O001367,P111,1,29.11,29.11
OI0002229,O001368,P082,1,34.81,34.81
OI0002230,O001368,P092,1,58.39,58.39
OI0002231,O001369,P043,1,23.06,23.06
OI0002232,O001370,P108,1,34.32,34.32
OI0002233,O001370,P027,1,12.05,12.05
OI0002234,O001371,P043,1,23.06,23.06
OI0002235,O001371,P107,1,52.87,52.87
OI0002236,O001371,P050,1,19.41,19.41
OI0002237,O001372,P074,2,32.9,65.8
OI0002238,O001373,P100,1,26.88,26.88
OI0002239,O001373,P020,2,30.3,60.6
OI0002240,O001374,P103,1,65.04,65.04
OI0002241,O001375,P055,2,69.18,138.36
OI0002242,O001376,P019,1,13.12,13.12
OI0002243,O001376,P098,2,57.37,114.74
OI0002244,O001376,P034,1,35.52,35.52
OI0002245,O001377,P091,1,37.89,37.89
OI0002246,O001378,P098,1,57.37,57.37
OI0002247,O001379,P021,1,51.23,51.23
OI0002248,O001379,P019,1,13.12,13.12
OI0002249,O001380,P090,1,55.52,55.52
OI0002250,O001380,P105,1,73.93,73.93
OI0002251,O001380,P116,1,38.35,38.35
OI0002252,O001381,P019,1,13.12,13.12
OI0002253,O001381,P039,1,31.96,31.96
OI0002254,O001382,P090,1,55.52,55.52
OI0002255,O001382,P010,1,44.59,44.59
OI0002256,O001383,P039,2,31.96,63.92
OI0002257,O001383,P002,1,30.14,30.14
OI0002258,O001384,P048,1,37.04,37.04
OI0002259,O001385,P012,1,51.32,51.32
OI0002260,O001386,P046,1,38.99,38.99
OI0002261,O001386,P097,2,20.46,40.92
OI0002262,O001386,P079,1,23.65,23.65
OI0002263,O001387,P104,1,44.1,44.1
OI0002264,O001388,P041,1,25.86,25.86
OI0002265,O001389,P083,2,30.7,61.4
OI0002266,O001390,P107,1,52.87,52.87
OI0002267,O001391,P109,1,81.27,81.27
OI0002268,O001391,P103,1,65.04,65.04
OI0002269,O001391,P065,1,41.82,41.82
OI0002270,O001391,P028,1,129.35,129.35
OI0002271,O001392,P033,2,87.02,174.04
OI0002272,O001392,P027,2,12.05,24.1
OI0002273,O001393,P081,1,22.73,22.73
OI0002274,O001394,P070,1,47.52,47.52
OI0002275,O001395,P027,1,12.05,12.05
OI0002276,O001395,P083,1,30.7,30.7
OI0002277,O001395,P054,2,53.62,107.24
OI0002278,O001396,P037,1,33.58,33.58
OI0002279,O001396,P052,1,44.73,44.73
OI0002280,O001396,P028,1,129.35,129.35
OI0002281,O001397,P092,1,58.39,58.39
OI0002282,O001398,P085,1,11.15,11.15
OI0002283,O001399,P105,1,73.93,73.93
OI0002284,O001400,P050,1,19.41,19.41
OI0002285,O001401,P070,2,47.52,95.04
OI0002286,O001402,P034,1,35.52,35.52
OI0002287,O001402,P112,1,35.49,35.49
OI0002288,O001403,P067,1,46.95,46.95
OI0002289,O001403,P036,1,16.55,16.55
OI0002290,O001404,P013,1,12.37,12.37
OI0002291,O001404,P095,1,69.05,69.05
OI0002292,O001405,P116,2,38.35,76.7
OI0002293,O001405,P084,2,30.69,61.38
OI0002294,O001406,P084,1,30.69,30.69
OI0002295,O001407,P049,1,42.57,42.57
OI0002296,O001408,P069,2,24.0,48.0
OI0002297,O001409,P006,1,132.21,132.21
OI0002298,O001410,P017,1,18.94,18.94
OI0002299,O001411,P084,1,30.69,30.69
OI0002300,O001411,P089,1,26.52,26.52
OI0002301,O001412,P072,1,14.56,14.56
OI0002302,O001413,P098,1,57.37,57.37
OI0002303,O001413,P095,1,69.05,69.05
OI0002304,O001414,P023,1,54.75,54.75
OI0002305,O001415,P111,1,29.11,29.11
OI0002306,O001416,P006,1,132.21,132.21
OI0002307,O001416,P052,2,44.73,89.46
OI0002308,O001416,P001,1,66.04,66.04
OI0002309,O001417,P084,1,30.69,30.69
OI0002310,O001417,P060,1,41.59,41.59
OI0002311,O001417,P115,1,42.04,42.04
OI0002312,O001418,P031,2,32.22,64.44
OI0002313,O001418,P051,2,11.22,22.44
OI0002314,O001418,P118,1,22.9,22.9
OI0002315,O001418,P003,1,36.05,36.05
OI0002316,O001419,P003,1,36.05,36.05
OI0002317,O001419,P064,1,16.79,16.79
OI0002318,O001419,P092,1,58.39,58.39
OI0002319,O001420,P046,1,38.99,38.99
OI0002320,O001421,P003,1,36.05,36.05
OI0002321,O001422,P090,1,55.52,55.52
OI0002322,O001423,P097,1,20.46,20.46
OI0002323,O001423,P091,1,37.89,37.89
OI0002324,O001424,P057,1,112.54,112.54
OI0002325,O001425,P036,1,16.55,16.55
OI0002326,O001425,P080,1,64.69,64.69
OI0002327,O001425,P110,1,82.9,82.9
OI0002328,O001425,P037,1,33.58,33.58
OI0002329,O001426,P045,1,30.38,30.38
OI0002330,O001426,P069,1,24.0,24.0
OI0002331,O001426,P086,1,80.82,80.82
OI0002332,O001427,P043,2,23.06,46.12
OI0002333,O001428,P014,1,102.77,102.77
OI0002334,O001428,P101,1,43.91,43.91
OI0002335,O001428,P029,1,25.98,25.98
OI0002336,O001429,P012,1,51.32,51.32
OI0002337,O001430,P073,1,45.97,45.97
OI0002338,O001430,P009,1,37.92,37.92
OI0002339,O001431,P078,2,34.46,68.92
OI0002340,O001431,P095,2,69.05,138.1
OI0002341,O001432,P053,1,40.97,40.97
OI0002342,O001432,P004,1,66.5,66.5
OI0002343,O001432,P065,2,41.82,83.64
OI0002344,O001433,P110,1,82.9,82.9
OI0002345,O001433,P026,1,27.66,27.66
OI0002346,O001434,P033,2,87.02,174.04
OI0002347,O001434,P118,1,22.9,22.9
OI0002348,O001434,P006,1,132.21,132.21
OI0002349,O001434,P031,1,32.22,32.22
OI0002350,O001435,P048,1,37.04,37.04
OI0002351,O001435,P052,1,44.73,44.73
OI0002352,O001436,P118,2,22.9,45.8
OI0002353,O001436,P017,1,18.94,18.94
OI0002354,O001437,P012,1,51.32,51.32
OI0002355,O001437,P114,1,27.37,27.37
OI0002356,O001437,P070,1,47.52,47.52
OI0002357,O001438,P068,2,29.23,58.46
OI0002358,O001439,P042,1,41.11,41.11
OI0002359,O001439,P114,1,27.37,27.37
OI0002360,O001440,P047,1,23.25,23.25
OI0002361,O001441,P042,1,41.11,41.11
OI0002362,O001442,P014,3,102.77,308.31
OI0002363,O001443,P068,1,29.23,29.23
OI0002364,O001443,P055,1,69.18,69.18
OI0002365,O001443,P004,1,66.5,66.5
OI0002366,O001444,P019,1,13.12,13.12
OI0002367,O001445,P066,1,34.67,34.67
OI0002368,O001446,P024,1,84.49,84.49
OI0002369,O001447,P096,1,86.58,86.58
OI0002370,O001448,P086,1,80.82,80.82
OI0002371,O001448,P120,2,46.49,92.98
OI0002372,O001449,P012,1,51.32,51.32
OI0002373,O001450,P057,1,112.54,112.54
OI0002374,O001451,P101,2,43.91,87.82
OI0002375,O001451,P068,1,29.23,29.23
OI0002376,O001451,P076,1,38.28,38.28
OI0002377,O001452,P064,1,16.79,16.79
OI0002378,O001452,P057,1,112.54,112.54
OI0002379,O001453,P042,1,41.11,41.11
OI0002380,O001454,P052,2,44.73,89.46
OI0002381,O001455,P018,1,12.14,12.14
OI0002382,O001456,P073,1,45.97,45.97
OI0002383,O001456,P098,1,57.37,57.37
OI0002384,O001456,P059,1,68.57,68.57
OI0002385,O001457,P109,2,81.27,162.54
OI0002386,O001457,P034,1,35.52,35.52
OI0002387,O001457,P015,3,31.17,93.51
OI0002388,O001458,P081,1,22.73,22.73
OI0002389,O001458,P033,1,87.02,87.02
OI0002390,O001459,P060,1,41.59,41.59
OI0002391,O001459,P082,1,34.81,34.81
OI0002392,O001459,P102,1,56.61,56.61
OI0002393,O001460,P006,1,132.21,132.21
OI0002394,O001461,P008,1,46.52,46.52
OI0002395,O001461,P025,1,37.52,37.52
OI0002396,O001462,P066,1,34.67,34.67
OI0002397,O001462,P076,1,38.28,38.28
OI0002398,O001463,P048,1,37.04,37.04
OI0002399,O001464,P006,1,132.21,132.21
OI0002400,O001465,P090,1,55.52,55.52
OI0002401,O001465,P057,1,112.54,112.54
OI0002402,O001466,P091,1,37.89,37.89
OI0002403,O001467,P073,1,45.97,45.97
OI0002404,O001468,P013,1,12.37,12.37
OI0002405,O001469,P051,1,11.22,11.22
OI0002406,O001470,P056,2,18.69,37.38
OI0002407,O001471,P096,1,86.58,86.58
OI0002408,O001472,P114,1,27.37,27.37
OI0002409,O001472,P047,1,23.25,23.25
OI0002410,O001473,P103,1,65.04,65.04
OI0002411,O001473,P051,1,11.22,11.22
OI0002412,O001474,P086,1,80.82,80.82
OI0002413,O001475,P012,1,51.32,51.32
OI0002414,O001475,P072,1,14.56,14.56
OI0002415,O001476,P114,2,27.37,54.74
OI0002416,O001476,P068,1,29.23,29.23
OI0002417,O001476,P026,1,27.66,27.66
OI0002418,O001477,P085,1,11.15,11.15
OI0002419,O001478,P098,1,57.37,57.37
OI0002420,O001478,P095,1,69.05,69.05
OI0002421,O001479,P048,1,37.04,37.04
OI0002422,O001479,P060,1,41.59,41.59
OI0002423,O001480,P087,1,29.25,29.25
OI0002424,O001481,P117,1,27.82,27.82
OI0002425,O001482,P035,1,23.65,23.65
OI0002426,O001483,P017,1,18.94,18.94
OI0002427,O001484,P068,1,29.23,29.23
OI0002428,O001484,P049,1,42.57,42.57
OI0002429,O001485,P025,1,37.52,37.52
OI0002430,O001486,P030,1,57.05,57.05
OI0002431,O001486,P098,1,57.37,57.37
OI0002432,O001486,P031,1,32.22,32.22
OI0002433,O001487,P040,1,40.11,40.11
OI0002434,O001487,P054,2,53.62,107.24
OI0002435,O001487,P056,2,18.69,37.38
OI0002436,O001488,P011,1,39.95,39.95
OI0002437,O001488,P083,1,30.7,30.7
OI0002438,O001489,P037,2,33.58,67.16
OI0002439,O001490,P042,1,41.11,41.11
OI0002440,O001490,P025,2,37.52,75.04
OI0002441,O001491,P016,1,59.7,59.7
OI0002442,O001492,P106,1,47.23,47.23
OI0002443,O001493,P088,1,28.36,28.36
OI0002444,O001493,P031,1,32.22,32.22
OI0002445,O001493,P066,2,34.67,69.34
OI0002446,O001493,P104,1,44.1,44.1
OI0002447,O001494,P006,1,132.21,132.21
OI0002448,O001494,P095,1,69.05,69.05
OI0002449,O001494,P057,1,112.54,112.54
OI0002450,O001495,P069,2,24.0,48.0
OI0002451,O001495,P046,1,38.99,38.99
OI0002452,O001496,P012,1,51.32,51.32
OI0002453,O001496,P113,2,35.73,71.46
OI0002454,O001496,P066,1,34.67,34.67
OI0002455,O001496,P119,2,34.08,68.16
OI0002456,O001497,P040,1,40.11,40.11
OI0002457,O001497,P013,1,12.37,12.37
OI0002458,O001498,P062,2,53.16,106.32
OI0002459,O001498,P055,1,69.18,69.18
OI0002460,O001499,P070,1,47.52,47.52
OI0002461,O001500,P103,1,65.04,65.04
OI0002462,O001501,P005,1,49.25,49.25
OI0002463,O001502,P030,1,57.05,57.05
OI0002464,O001503,P030,1,57.05,57.05
OI0002465,O001504,P052,1,44.73,44.73
OI0002466,O001504,P119,2,34.08,68.16
OI0002467,O001505,P042,1,41.11,41.11
OI0002468,O001505,P108,1,34.32,34.32
OI0002469,O001505,P101,1,43.91,43.91
OI0002470,O001506,P038,1,64.8,64.8
OI0002471,O001507,P021,1,51.23,51.23
OI0002472,O001507,P091,1,37.89,37.89
OI0002473,O001508,P112,1,35.49,35.49
OI0002474,O001509,P047,1,23.25,23.25
OI0002475,O001510,P042,1,41.11,41.11
OI0002476,O001510,P050,1,19.41,19.41
OI0002477,O001511,P010,1,44.59,44.59
OI0002478,O001511,P080,1,64.69,64.69
OI0002479,O001511,P099,1,46.77,46.77
OI0002480,O001512,P119,1,34.08,34.08
OI0002481,O001513,P030,1,57.05,57.05
OI0002482,O001514,P042,1,41.11,41.11
OI0002483,O001515,P024,1,84.49,84.49
OI0002484,O001516,P062,2,53.16,106.32
OI0002485,O001517,P020,1,30.3,30.3
OI0002486,O001518,P070,3,47.52,142.56
OI0002487,O001518,P061,2,33.13,66.26
OI0002488,O001518,P015,1,31.17,31.17
OI0002489,O001519,P111,1,29.11,29.11
OI0002490,O001520,P033,1,87.02,87.02
OI0002491,O001521,P078,1,34.46,34.46
OI0002492,O001522,P029,1,25.98,25.98
OI0002493,O001522,P112,1,35.49,35.49
OI0002494,O001523,P051,1,11.22,11.22
OI0002495,O001524,P087,1,29.25,29.25
OI0002496,O001524,P078,1,34.46,34.46
OI0002497,O001525,P039,2,31.96,63.92
OI0002498,O001525,P076,1,38.28,38.28
OI0002499,O001525,P052,2,44.73,89.46
OI0002500,O001526,P068,1,29.23,29.23
OI0002501,O001527,P032,3,17.4,52.2
OI0002502,O001527,P039,2,31.96,63.92
OI0002503,O001527,P062,2,53.16,106.32
OI0002504,O001527,P030,1,57.05,57.05
OI0002505,O001528,P003,1,36.05,36.05
OI0002506,O001529,P022,1,43.57,43.57
OI0002507,O001530,P022,2,43.57,87.14
OI0002508,O001530,P103,1,65.04,65.04
OI0002509,O001530,P086,1,80.82,80.82
OI0002510,O001531,P001,1,66.04,66.04
OI0002511,O001531,P112,1,35.49,35.49
OI0002512,O001532,P082,2,34.81,69.62
OI0002513,O001533,P048,2,37.04,74.08
OI0002514,O001533,P021,1,51.23,51.23
OI0002515,O001534,P107,1,52.87,52.87
OI0002516,O001535,P059,1,68.57,68.57
OI0002517,O001535,P110,1,82.9,82.9
OI0002518,O001536,P013,1,12.37,12.37
OI0002519,O001537,P032,1,17.4,17.4
OI0002520,O001538,P019,1,13.12,13.12
OI0002521,O001539,P011,1,39.95,39.95
OI0002522,O001540,P042,1,41.11,41.11
OI0002523,O001540,P043,1,23.06,23.06
OI0002524,O001541,P027,1,12.05,12.05
OI0002525,O001541,P111,1,29.11,29.11
OI0002526,O001542,P062,3,53.16,159.48
OI0002527,O001543,P105,1,73.93,73.93
OI0002528,O001543,P100,1,26.88,26.88
OI0002529,O001543,P015,1,31.17,31.17
OI0002530,O001544,P087,1,29.25,29.25
OI0002531,O001545,P033,2,87.02,174.04
OI0002532,O001546,P073,1,45.97,45.97
OI0002533,O001547,P048,1,37.04,37.04
OI0002534,O001547,P093,1,45.3,45.3
OI0002535,O001548,P108,1,34.32,34.32
OI0002536,O001548,P008,1,46.52,46.52
OI0002537,O001549,P107,3,52.87,158.61
OI0002538,O001549,P082,1,34.81,34.81
OI0002539,O001550,P062,1,53.16,53.16
OI0002540,O001550,P083,1,30.7,30.7
OI0002541,O001550,P080,1,64.69,64.69
OI0002542,O001550,P040,2,40.11,80.22
OI0002543,O001551,P058,1,47.56,47.56
OI0002544,O001551,P084,1,30.69,30.69
OI0002545,O001551,P099,1,46.77,46.77
OI0002546,O001552,P108,1,34.32,34.32
OI0002547,O001553,P009,1,37.92,37.92
OI0002548,O001554,P024,1,84.49,84.49
OI0002549,O001555,P105,1,73.93,73.93
OI0002550,O001556,P072,1,14.56,14.56
OI0002551,O001556,P117,2,27.82,55.64
OI0002552,O001557,P040,1,40.11,40.11
OI0002553,O001558,P016,1,59.7,59.7
OI0002554,O001559,P092,1,58.39,58.39
OI0002555,O001560,P019,1,13.12,13.12
OI0002556,O001561,P098,1,57.37,57.37
OI0002557,O001562,P110,1,82.9,82.9
OI0002558,O001563,P099,1,46.77,46.77
OI0002559,O001563,P103,1,65.04,65.04
OI0002560,O001563,P116,1,38.35,38.35
OI0002561,O001564,P025,2,37.52,75.04
OI0002562,O001565,P089,1,26.52,26.52
OI0002563,O001566,P072,2,14.56,29.12
OI0002564,O001566,P068,1,29.23,29.23
OI0002565,O001567,P026,1,27.66,27.66
OI0002566,O001567,P062,1,53.16,53.16
OI0002567,O001568,P030,1,57.05,57.05
OI0002568,O001568,P046,1,38.99,38.99
OI0002569,O001569,P099,2,46.77,93.54
OI0002570,O001569,P104,1,44.1,44.1
OI0002571,O001570,P040,1,40.11,40.11
OI0002572,O001570,P084,1,30.69,30.69
OI0002573,O001570,P097,1,20.46,20.46
OI0002574,O001571,P062,1,53.16,53.16
OI0002575,O001571,P055,1,69.18,69.18
OI0002576,O001572,P097,1,20.46,20.46
OI0002577,O001572,P082,1,34.81,34.81
OI0002578,O001573,P114,3,27.37,82.11
OI0002579,O001573,P097,1,20.46,20.46
OI0002580,O001574,P081,2,22.73,45.46
OI0002581,O001575,P078,1,34.46,34.46
OI0002582,O001575,P041,2,25.86,51.72
OI0002583,O001576,P021,1,51.23,51.23
OI0002584,O001577,P039,1,31.96,31.96
OI0002585,O001578,P006,1,132.21,132.21
OI0002586,O001579,P079,1,23.65,23.65
OI0002587,O001579,P016,1,59.7,59.7
OI0002588,O001580,P002,2,30.14,60.28
OI0002589,O001580,P099,1,46.77,46.77
OI0002590,O001580,P042,1,41.11,41.11
OI0002591,O001581,P082,1,34.81,34.81
OI0002592,O001581,P104,1,44.1,44.1
OI0002593,O001581,P028,1,129.35,129.35
OI0002594,O001582,P047,1,23.25,23.25
OI0002595,O001582,P016,1,59.7,59.7
OI0002596,O001582,P086,1,80.82,80.82
OI0002597,O001583,P066,1,34.67,34.67
OI0002598,O001584,P104,2,44.1,88.2
OI0002599,O001585,P079,1,23.65,23.65
OI0002600,O001585,P083,1,30.7,30.7
OI0002601,O001585,P112,1,35.49,35.49
OI0002602,O001586,P103,1,65.04,65.04
OI0002603,O001587,P031,1,32.22,32.22
OI0002604,O001588,P020,1,30.3,30.3
OI0002605,O001589,P117,2,27.82,55.64
OI0002606,O001590,P044,1,63.71,63.71
OI0002607,O001591,P085,1,11.15,11.15
OI0002608,O001591,P045,1,30.38,30.38
OI0002609,O001592,P062,1,53.16,53.16
OI0002610,O001592,P071,1,141.44,141.44
OI0002611,O001592,P017,1,18.94,18.94
OI0002612,O001593,P097,1,20.46,20.46
OI0002613,O001593,P085,1,11.15,11.15
OI0002614,O001593,P043,1,23.06,23.06
OI0002615,O001594,P026,1,27.66,27.66
OI0002616,O001594,P078,1,34.46,34.46
OI0002617,O001594,P088,1,28.36,28.36
OI0002618,O001595,P058,1,47.56,47.56
OI0002619,O001595,P010,2,44.59,89.18
OI0002620,O001596,P107,1,52.87,52.87
OI0002621,O001596,P034,1,35.52,35.52
OI0002622,O001597,P102,1,56.61,56.61
OI0002623,O001598,P066,1,34.67,34.67
OI0002624,O001599,P056,1,18.69,18.69
OI0002625,O001600,P016,1,59.7,59.7
OI0002626,O001601,P107,1,52.87,52.87
OI0002627,O001602,P010,1,44.59,44.59
OI0002628,O001603,P025,1,37.52,37.52
OI0002629,O001603,P038,1,64.8,64.8
OI0002630,O001603,P054,1,53.62,53.62
OI0002631,O001604,P065,1,41.82,41.82
OI0002632,O001604,P008,1,46.52,46.52
OI0002633,O001605,P088,1,28.36,28.36
OI0002634,O001606,P066,1,34.67,34.67
OI0002635,O001606,P049,1,42.57,42.57
OI0002636,O001607,P081,1,22.73,22.73
OI0002637,O001608,P099,1,46.77,46.77
OI0002638,O001609,P030,1,57.05,57.05
OI0002639,O001610,P009,1,37.92,37.92
OI0002640,O001611,P087,1,29.25,29.25
OI0002641,O001612,P014,1,102.77,102.77
OI0002642,O001613,P102,2,56.61,113.22
OI0002643,O001614,P071,1,141.44,141.44
OI0002644,O001615,P040,1,40.11,40.11
OI0002645,O001616,P045,1,30.38,30.38
OI0002646,O001617,P013,1,12.37,12.37
OI0002647,O001617,P033,1,87.02,87.02
OI0002648,O001618,P006,1,132.21,132.21
OI0002649,O001618,P029,1,25.98,25.98
OI0002650,O001619,P046,1,38.99,38.99
OI0002651,O001619,P119,1,34.08,34.08
OI0002652,O001619,P111,1,29.11,29.11
OI0002653,O001620,P042,1,41.11,41.11
OI0002654,O001620,P005,1,49.25,49.25
OI0002655,O001621,P114,1,27.37,27.37
OI0002656,O001622,P002,1,30.14,30.14
OI0002657,O001622,P015,1,31.17,31.17
OI0002658,O001623,P044,1,63.71,63.71
OI0002659,O001624,P006,1,132.21,132.21
OI0002660,O001624,P044,1,63.71,63.71
OI0002661,O001625,P059,1,68.57,68.57
OI0002662,O001625,P092,2,58.39,116.78
OI0002663,O001626,P038,1,64.8,64.8
OI0002664,O001626,P113,1,35.73,35.73
OI0002665,O001627,P009,1,37.92,37.92
OI0002666,O001627,P029,1,25.98,25.98
OI0002667,O001628,P110,1,82.9,82.9
OI0002668,O001628,P018,1,12.14,12.14
OI0002669,O001629,P046,2,38.99,77.98
OI0002670,O001630,P115,1,42.04,42.04
OI0002671,O001630,P013,1,12.37,12.37
OI0002672,O001631,P084,1,30.69,30.69
OI0002673,O001631,P017,1,18.94,18.94
OI0002674,O001632,P021,1,51.23,51.23
OI0002675,O001633,P077,1,144.76,144.76
OI0002676,O001633,P058,1,47.56,47.56
OI0002677,O001633,P087,1,29.25,29.25
OI0002678,O001634,P073,1,45.97,45.97
OI0002679,O001635,P075,1,44.36,44.36
OI0002680,O001636,P031,2,32.22,64.44
OI0002681,O001636,P110,1,82.9,82.9
OI0002682,O001637,P049,1,42.57,42.57
OI0002683,O001638,P010,1,44.59,44.59
OI0002684,O001639,P008,1,46.52,46.52
OI0002685,O001640,P003,1,36.05,36.05
OI0002686,O001641,P047,1,23.25,23.25
OI0002687,O001641,P094,1,17.7,17.7
OI0002688,O001641,P043,1,23.06,23.06
OI0002689,O001642,P038,1,64.8,64.8
OI0002690,O001643,P087,1,29.25,29.25
OI0002691,O001643,P048,1,37.04,37.04
OI0002692,O001644,P100,1,26.88,26.88
OI0002693,O001645,P054,2,53.62,107.24
OI0002694,O001646,P007,1,39.99,39.99
OI0002695,O001646,P073,1,45.97,45.97
OI0002696,O001647,P041,1,25.86,25.86
OI0002697,O001647,P008,2,46.52,93.04
OI0002698,O001647,P074,1,32.9,32.9
OI0002699,O001647,P080,1,64.69,64.69
OI0002700,O001648,P058,1,47.56,47.56
OI0002701,O001649,P064,1,16.79,16.79
OI0002702,O001649,P112,1,35.49,35.49
OI0002703,O001650,P096,1,86.58,86.58
OI0002704,O001650,P112,1,35.49,35.49
OI0002705,O001650,P047,1,23.25,23.25
OI0002706,O001651,P056,1,18.69,18.69
OI0002707,O001651,P108,1,34.32,34.32
OI0002708,O001652,P072,1,14.56,14.56
OI0002709,O001653,P053,1,40.97,40.97
OI0002710,O001654,P066,1,34.67,34.67
OI0002711,O001655,P108,1,34.32,34.32
OI0002712,O001656,P065,1,41.82,41.82
OI0002713,O001657,P056,1,18.69,18.69
OI0002714,O001657,P109,1,81.27,81.27
OI0002715,O001658,P009,1,37.92,37.92
OI0002716,O001658,P082,2,34.81,69.62
OI0002717,O001658,P072,1,14.56,14.56
OI0002718,O001659,P002,1,30.14,30.14
OI0002719,O001659,P044,1,63.71,63.71
OI0002720,O001660,P104,1,44.1,44.1
OI0002721,O001660,P088,1,28.36,28.36
OI0002722,O001661,P023,1,54.75,54.75
OI0002723,O001662,P078,2,34.46,68.92
OI0002724,O001662,P024,1,84.49,84.49
OI0002725,O001662,P090,1,55.52,55.52
OI0002726,O001663,P016,1,59.7,59.7
OI0002727,O001664,P005,1,49.25,49.25
OI0002728,O001665,P109,1,81.27,81.27
OI0002729,O001665,P046,2,38.99,77.98
OI0002730,O001666,P048,1,37.04,37.04
OI0002731,O001667,P093,1,45.3,45.3
OI0002732,O001667,P053,2,40.97,81.94
OI0002733,O001668,P065,1,41.82,41.82
OI0002734,O001669,P108,1,34.32,34.32
OI0002735,O001670,P030,1,57.05,57.05
OI0002736,O001671,P096,2,86.58,173.16
OI0002737,O001672,P090,1,55.52,55.52
OI0002738,O001673,P112,1,35.49,35.49
OI0002739,O001673,P043,1,23.06,23.06
OI0002740,O001674,P064,1,16.79,16.79
OI0002741,O001674,P080,1,64.69,64.69
OI0002742,O001675,P069,1,24.0,24.0
OI0002743,O001676,P087,2,29.25,58.5
OI0002744,O001677,P006,1,132.21,132.21
OI0002745,O001678,P057,1,112.54,112.54
OI0002746,O001678,P056,1,18.69,18.69
OI0002747,O001678,P014,1,102.77,102.77
OI0002748,O001678,P013,1,12.37,12.37
OI0002749,O001679,P105,1,73.93,73.93
OI0002750,O001680,P035,1,23.65,23.65
OI0002751,O001681,P035,2,23.65,47.3
OI0002752,O001682,P013,1,12.37,12.37
OI0002753,O001683,P097,2,20.46,40.92
OI0002754,O001684,P061,1,33.13,33.13
OI0002755,O001685,P114,2,27.37,54.74
OI0002756,O001686,P068,1,29.23,29.23
OI0002757,O001687,P095,1,69.05,69.05
OI0002758,O001688,P067,2,46.95,93.9
OI0002759,O001689,P043,1,23.06,23.06
OI0002760,O001690,P055,1,69.18,69.18
OI0002761,O001691,P068,1,29.23,29.23
OI0002762,O001691,P020,2,30.3,60.6
OI0002763,O001692,P109,1,81.27,81.27
OI0002764,O001692,P045,1,30.38,30.38
OI0002765,O001692,P065,1,41.82,41.82
OI0002766,O001692,P034,1,35.52,35.52
OI0002767,O001693,P113,1,35.73,35.73
OI0002768,O001693,P040,1,40.11,40.11
OI0002769,O001694,P087,2,29.25,58.5
OI0002770,O001695,P070,3,47.52,142.56
OI0002771,O001695,P079,3,23.65,70.95
OI0002772,O001696,P112,1,35.49,35.49
OI0002773,O001697,P058,1,47.56,47.56
OI0002774,O001698,P069,2,24.0,48.0
OI0002775,O001698,P100,1,26.88,26.88
OI0002776,O001698,P036,1,16.55,16.55
OI0002777,O001699,P081,2,22.73,45.46
OI0002778,O001699,P066,1,34.67,34.67
OI0002779,O001699,P048,3,37.04,111.12
OI0002780,O001699,P100,1,26.88,26.88
OI0002781,O001700,P062,1,53.16,53.16
OI0002782,O001700,P082,1,34.81,34.81
OI0002783,O001700,P099,1,46.77,46.77
OI0002784,O001701,P001,1,66.04,66.04
OI0002785,O001701,P110,1,82.9,82.9
OI0002786,O001701,P099,1,46.77,46.77
OI0002787,O001702,P056,2,18.69,37.38
OI0002788,O001702,P027,1,12.05,12.05
OI0002789,O001702,P064,1,16.79,16.79
OI0002790,O001703,P008,1,46.52,46.52
OI0002791,O001703,P105,2,73.93,147.86
OI0002792,O001704,P112,2,35.49,70.98
OI0002793,O001704,P068,1,29.23,29.23
OI0002794,O001705,P048,1,37.04,37.04
OI0002795,O001706,P081,3,22.73,68.19
OI0002796,O001707,P027,1,12.05,12.05
OI0002797,O001707,P023,1,54.75,54.75
OI0002798,O001708,P077,2,144.76,289.52
OI0002799,O001709,P053,1,40.97,40.97
OI0002800,O001709,P010,1,44.59,44.59
OI0002801,O001710,P005,1,49.25,49.25
OI0002802,O001711,P009,1,37.92,37.92
OI0002803,O001712,P103,1,65.04,65.04
OI0002804,O001713,P051,2,11.22,22.44
OI0002805,O001713,P102,1,56.61,56.61
OI0002806,O001714,P098,2,57.37,114.74
OI0002807,O001714,P069,1,24.0,24.0
OI0002808,O001715,P043,2,23.06,46.12
OI0002809,O001715,P049,1,42.57,42.57
OI0002810,O001715,P039,1,31.96,31.96
OI0002811,O001716,P095,2,69.05,138.1
OI0002812,O001716,P108,1,34.32,34.32
OI0002813,O001716,P023,1,54.75,54.75
OI0002814,O001717,P100,1,26.88,26.88
OI0002815,O001717,P096,1,86.58,86.58
OI0002816,O001717,P086,1,80.82,80.82
OI0002817,O001717,P087,1,29.25,29.25
OI0002818,O001718,P024,1,84.49,84.49
OI0002819,O001719,P001,1,66.04,66.04
OI0002820,O001719,P012,3,51.32,153.96
OI0002821,O001720,P065,2,41.82,83.64
OI0002822,O001721,P115,1,42.04,42.04
OI0002823,O001721,P048,1,37.04,37.04
OI0002824,O001722,P062,1,53.16,53.16
OI0002825,O001722,P007,1,39.99,39.99
OI0002826,O001722,P045,1,30.38,30.38
OI0002827,O001722,P110,1,82.9,82.9
OI0002828,O001723,P011,2,39.95,79.9
OI0002829,O001723,P066,1,34.67,34.67
OI0002830,O001723,P062,1,53.16,53.16
OI0002831,O001724,P057,1,112.54,112.54
OI0002832,O001725,P049,1,42.57,42.57
OI0002833,O001726,P117,1,27.82,27.82
OI0002834,O001727,P047,1,23.25,23.25
OI0002835,O001728,P029,1,25.98,25.98
OI0002836,O001729,P079,1,23.65,23.65
OI0002837,O001729,P100,1,26.88,26.88
OI0002838,O001729,P069,2,24.0,48.0
OI0002839,O001729,P064,2,16.79,33.58
OI0002840,O001730,P017,1,18.94,18.94
OI0002841,O001730,P037,1,33.58,33.58
OI0002842,O001731,P006,1,132.21,132.21
OI0002843,O001732,P008,1,46.52,46.52
OI0002844,O001733,P041,1,25.86,25.86
OI0002845,O001734,P108,1,34.32,34.32
OI0002846,O001734,P083,1,30.7,30.7
OI0002847,O001735,P043,2,23.06,46.12
OI0002848,O001735,P092,1,58.39,58.39
OI0002849,O001736,P033,1,87.02,87.02
OI0002850,O001736,P065,1,41.82,41.82
OI0002851,O001737,P095,1,69.05,69.05
OI0002852,O001737,P114,1,27.37,27.37
OI0002853,O001738,P053,1,40.97,40.97
OI0002854,O001739,P004,1,66.5,66.5
OI0002855,O001739,P069,3,24.0,72.0
OI0002856,O001739,P053,1,40.97,40.97
OI0002857,O001740,P102,1,56.61,56.61
OI0002858,O001741,P024,1,84.49,84.49
OI0002859,O001742,P044,1,63.71,63.71
OI0002860,O001742,P098,1,57.37,57.37
OI0002861,O001742,P014,1,102.77,102.77
OI0002862,O001743,P014,1,102.77,102.77
OI0002863,O001744,P032,1,17.4,17.4
OI0002864,O001745,P001,1,66.04,66.04
OI0002865,O001745,P034,2,35.52,71.04
OI0002866,O001745,P002,1,30.14,30.14
OI0002867,O001746,P112,1,35.49,35.49
OI0002868,O001747,P037,1,33.58,33.58
OI0002869,O001748,P023,1,54.75,54.75
OI0002870,O001748,P018,2,12.14,24.28
OI0002871,O001749,P101,1,43.91,43.91
OI0002872,O001749,P083,1,30.7,30.7
OI0002873,O001750,P012,1,51.32,51.32
OI0002874,O001750,P118,1,22.9,22.9
OI0002875,O001751,P046,1,38.99,38.99
OI0002876,O001751,P098,1,57.37,57.37
OI0002877,O001752,P053,1,40.97,40.97
OI0002878,O001753,P101,1,43.91,43.91
OI0002879,O001754,P018,1,12.14,12.14
OI0002880,O001755,P008,1,46.52,46.52
OI0002881,O001756,P010,1,44.59,44.59
OI0002882,O001756,P078,2,34.46,68.92
OI0002883,O001756,P057,1,112.54,112.54
OI0002884,O001757,P086,1,80.82,80.82
OI0002885,O001757,P084,3,30.69,92.07
OI0002886,O001757,P101,1,43.91,43.91
OI0002887,O001757,P093,1,45.3,45.3
OI0002888,O001758,P021,1,51.23,51.23
OI0002889,O001759,P028,1,129.35,129.35
OI0002890,O001759,P083,1,30.7,30.7
OI0002891,O001759,P035,1,23.65,23.65
OI0002892,O001759,P031,1,32.22,32.22
OI0002893,O001760,P035,1,23.65,23.65
OI0002894,O001760,P093,1,45.3,45.3
OI0002895,O001761,P021,1,51.23,51.23
OI0002896,O001762,P111,1,29.11,29.11
OI0002897,O001763,P115,1,42.04,42.04
OI0002898,O001763,P013,1,12.37,12.37
OI0002899,O001763,P018,1,12.14,12.14
OI0002900,O001763,P009,1,37.92,37.92
OI0002901,O001764,P095,1,69.05,69.05
OI0002902,O001765,P064,1,16.79,16.79
OI0002903,O001765,P075,1,44.36,44.36
OI0002904,O001766,P063,1,28.7,28.7
OI0002905,O001767,P093,1,45.3,45.3
OI0002906,O001767,P017,1,18.94,18.94
OI0002907,O001767,P098,1,57.37,57.37
OI0002908,O001768,P042,1,41.11,41.11
OI0002909,O001768,P041,1,25.86,25.86
OI0002910,O001769,P086,1,80.82,80.82
OI0002911,O001770,P105,2,73.93,147.86
OI0002912,O001770,P021,1,51.23,51.23
OI0002913,O001771,P037,1,33.58,33.58
OI0002914,O001772,P025,1,37.52,37.52
OI0002915,O001772,P070,1,47.52,47.52
OI0002916,O001772,P010,2,44.59,89.18
OI0002917,O001773,P081,1,22.73,22.73
OI0002918,O001774,P035,1,23.65,23.65
OI0002919,O001775,P005,1,49.25,49.25
OI0002920,O001775,P020,1,30.3,30.3
OI0002921,O001775,P096,1,86.58,86.58
OI0002922,O001776,P002,1,30.14,30.14
OI0002923,O001776,P031,1,32.22,32.22
OI0002924,O001777,P049,1,42.57,42.57
OI0002925,O001778,P116,1,38.35,38.35
OI0002926,O001778,P026,3,27.66,82.98
OI0002927,O001778,P021,2,51.23,102.46
OI0002928,O001779,P003,1,36.05,36.05
OI0002929,O001779,P078,2,34.46,68.92
OI0002930,O001779,P016,1,59.7,59.7
OI0002931,O001779,P033,1,87.02,87.02
OI0002932,O001780,P099,1,46.77,46.77
OI0002933,O001780,P071,1,141.44,141.44
OI0002934,O001781,P093,1,45.3,45.3
OI0002935,O001782,P104,1,44.1,44.1
OI0002936,O001783,P014,1,102.77,102.77
OI0002937,O001784,P015,1,31.17,31.17
OI0002938,O001785,P060,1,41.59,41.59
OI0002939,O001786,P041,1,25.86,25.86
OI0002940,O001786,P102,1,56.61,56.61
OI0002941,O001786,P052,1,44.73,44.73
OI0002942,O001787,P063,3,28.7,86.1
OI0002943,O001788,P074,2,32.9,65.8
OI0002944,O001789,P003,1,36.05,36.05
OI0002945,O001789,P117,1,27.82,27.82
OI0002946,O001789,P096,1,86.58,86.58
OI0002947,O001789,P118,1,22.9,22.9
OI0002948,O001790,P026,1,27.66,27.66
OI0002949,O001790,P102,2,56.61,113.22
OI0002950,O001791,P114,1,27.37,27.37
OI0002951,O001792,P098,1,57.37,57.37
OI0002952,O001792,P076,2,38.28,76.56
OI0002953,O001793,P046,1,38.99,38.99
OI0002954,O001793,P060,1,41.59,41.59
OI0002955,O001794,P119,3,34.08,102.24
OI0002956,O001794,P002,2,30.14,60.28
OI0002957,O001795,P025,1,37.52,37.52
OI0002958,O001796,P032,1,17.4,17.4
OI0002959,O001797,P053,1,40.97,40.97
OI0002960,O001798,P003,1,36.05,36.05
OI0002961,O001798,P064,1,16.79,16.79
OI0002962,O001798,P070,1,47.52,47.52
OI0002963,O001799,P036,1,16.55,16.55
OI0002964,O001799,P007,1,39.99,39.99
OI0002965,O001800,P036,1,16.55,16.55
OI0002966,O001801,P055,2,69.18,138.36
OI0002967,O001802,P037,1,33.58,33.58
OI0002968,O001802,P075,1,44.36,44.36
OI0002969,O001802,P062,1,53.16,53.16
OI0002970,O001803,P033,1,87.02,87.02
OI0002971,O001803,P036,1,16.55,16.55
OI0002972,O001803,P111,1,29.11,29.11
OI0002973,O001804,P045,1,30.38,30.38
OI0002974,O001805,P045,1,30.38,30.38
OI0002975,O001805,P073,1,45.97,45.97
OI0002976,O001806,P006,1,132.21,132.21
OI0002977,O001806,P097,1,20.46,20.46
OI0002978,O001806,P035,1,23.65,23.65
OI0002979,O001806,P008,1,46.52,46.52
OI0002980,O001807,P082,1,34.81,34.81
OI0002981,O001808,P069,1,24.0,24.0
OI0002982,O001809,P064,1,16.79,16.79
OI0002983,O001810,P074,1,32.9,32.9
OI0002984,O001810,P016,1,59.7,59.7
OI0002985,O001811,P011,1,39.95,39.95
OI0002986,O001812,P095,1,69.05,69.05
OI0002987,O001813,P059,1,68.57,68.57
OI0002988,O001813,P006,1,132.21,132.21
OI0002989,O001814,P022,1,43.57,43.57
OI0002990,O001815,P051,1,11.22,11.22
OI0002991,O001816,P035,2,23.65,47.3
OI0002992,O001817,P019,1,13.12,13.12
OI0002993,O001818,P094,1,17.7,17.7
OI0002994,O001818,P086,1,80.82,80.82
OI0002995,O001819,P116,1,38.35,38.35
OI0002996,O001820,P117,1,27.82,27.82
OI0002997,O001820,P069,1,24.0,24.0
OI0002998,O001821,P081,1,22.73,22.73
OI0002999,O001821,P095,1,69.05,69.05
OI0003000,O001822,P016,1,59.7,59.7
OI0003001,O001823,P022,2,43.57,87.14
OI0003002,O001824,P068,1,29.23,29.23
OI0003003,O001825,P019,1,13.12,13.12
OI0003004,O001826,P019,2,13.12,26.24
OI0003005,O001826,P105,1,73.93,73.93
OI0003006,O001827,P067,2,46.95,93.9
OI0003007,O001828,P046,1,38.99,38.99
OI0003008,O001828,P042,2,41.11,82.22
OI0003009,O001829,P047,1,23.25,23.25
OI0003010,O001830,P110,1,82.9,82.9
OI0003011,O001831,P030,1,57.05,57.05
OI0003012,O001831,P005,1,49.25,49.25
OI0003013,O001831,P007,1,39.99,39.99
OI0003014,O001831,P006,2,132.21,264.42
OI0003015,O001832,P108,1,34.32,34.32
OI0003016,O001833,P106,1,47.23,47.23
OI0003017,O001833,P060,1,41.59,41.59
OI0003018,O001834,P062,3,53.16,159.48
OI0003019,O001835,P088,1,28.36,28.36
OI0003020,O001836,P021,1,51.23,51.23
OI0003021,O001836,P025,1,37.52,37.52
OI0003022,O001837,P084,1,30.69,30.69
OI0003023,O001838,P050,2,19.41,38.82
OI0003024,O001839,P108,1,34.32,34.32
OI0003025,O001839,P065,1,41.82,41.82
OI0003026,O001840,P055,1,69.18,69.18
OI0003027,O001840,P061,1,33.13,33.13
OI0003028,O001841,P064,2,16.79,33.58
OI0003029,O001841,P120,1,46.49,46.49
OI0003030,O001841,P072,1,14.56,14.56
OI0003031,O001842,P032,1,17.4,17.4
OI0003032,O001842,P065,1,41.82,41.82
OI0003033,O001843,P042,1,41.11,41.11
OI0003034,O001844,P018,1,12.14,12.14
OI0003035,O001845,P065,1,41.82,41.82
OI0003036,O001846,P120,2,46.49,92.98
OI0003037,O001846,P015,1,31.17,31.17
OI0003038,O001847,P061,1,33.13,33.13
OI0003039,O001848,P072,1,14.56,14.56
OI0003040,O001848,P012,1,51.32,51.32
OI0003041,O001849,P106,1,47.23,47.23
OI0003042,O001850,P083,1,30.7,30.7
OI0003043,O001851,P059,1,68.57,68.57
OI0003044,O001852,P117,2,27.82,55.64
OI0003045,O001853,P068,1,29.23,29.23
OI0003046,O001854,P112,1,35.49,35.49
OI0003047,O001854,P080,1,64.69,64.69
OI0003048,O001855,P084,1,30.69,30.69
OI0003049,O001856,P084,2,30.69,61.38
OI0003050,O001857,P061,2,33.13,66.26
OI0003051,O001857,P077,1,144.76,144.76
OI0003052,O001858,P095,2,69.05,138.1
OI0003053,O001859,P073,1,45.97,45.97
OI0003054,O001860,P051,1,11.22,11.22
OI0003055,O001860,P067,1,46.95,46.95
OI0003056,O001860,P032,1,17.4,17.4
OI0003057,O001860,P089,1,26.52,26.52
OI0003058,O001861,P069,1,24.0,24.0
OI0003059,O001861,P089,1,26.52,26.52
OI0003060,O001862,P085,1,11.15,11.15
OI0003061,O001863,P012,2,51.32,102.64
OI0003062,O001864,P096,1,86.58,86.58
OI0003063,O001865,P003,1,36.05,36.05
OI0003064,O001866,P118,1,22.9,22.9
OI0003065,O001866,P036,2,16.55,33.1
OI0003066,O001867,P010,1,44.59,44.59
OI0003067,O001867,P027,1,12.05,12.05
OI0003068,O001867,P059,1,68.57,68.57
OI0003069,O001867,P019,1,13.12,13.12
OI0003070,O001868,P050,2,19.41,38.82
OI0003071,O001869,P076,1,38.28,38.28
OI0003072,O001869,P017,2,18.94,37.88
OI0003073,O001870,P087,1,29.25,29.25
OI0003074,O001871,P035,2,23.65,47.3
OI0003075,O001872,P065,1,41.82,41.82
OI0003076,O001872,P034,1,35.52,35.52
OI0003077,O001873,P058,1,47.56,47.56
OI0003078,O001874,P064,1,16.79,16.79
OI0003079,O001874,P011,1,39.95,39.95
OI0003080,O001875,P076,1,38.28,38.28
OI0003081,O001875,P006,1,132.21,132.21
OI0003082,O001876,P117,1,27.82,27.82
OI0003083,O001877,P071,1,141.44,141.44
OI0003084,O001877,P039,1,31.96,31.96
OI0003085,O001877,P097,1,20.46,20.46
OI0003086,O001878,P062,1,53.16,53.16
OI0003087,O001879,P049,1,42.57,42.57
OI0003088,O001880,P050,2,19.41,38.82
OI0003089,O001881,P059,1,68.57,68.57
OI0003090,O001882,P028,1,129.35,129.35
OI0003091,O001883,P070,2,47.52,95.04
OI0003092,O001884,P091,1,37.89,37.89
OI0003093,O001884,P024,1,84.49,84.49
OI0003094,O001885,P033,1,87.02,87.02
OI0003095,O001886,P082,1,34.81,34.81
OI0003096,O001887,P066,1,34.67,34.67
OI0003097,O001887,P044,1,63.71,63.71
OI0003098,O001888,P001,1,66.04,66.04
OI0003099,O001889,P091,1,37.89,37.89
OI0003100,O001889,P072,1,14.56,14.56
OI0003101,O001890,P006,1,132.21,132.21
OI0003102,O001891,P118,1,22.9,22.9
OI0003103,O001892,P058,1,47.56,47.56
OI0003104,O001892,P004,1,66.5,66.5
OI0003105,O001893,P023,1,54.75,54.75
OI0003106,O001894,P111,1,29.11,29.11
OI0003107,O001894,P052,1,44.73,44.73
OI0003108,O001895,P089,1,26.52,26.52
OI0003109,O001895,P083,1,30.7,30.7
OI0003110,O001895,P060,3,41.59,124.77
OI0003111,O001895,P008,1,46.52,46.52
OI0003112,O001896,P107,2,52.87,105.74
OI0003113,O001897,P110,1,82.9,82.9
OI0003114,O001897,P060,2,41.59,83.18
OI0003115,O001898,P044,1,63.71,63.71
OI0003116,O001899,P003,1,36.05,36.05
OI0003117,O001900,P003,3,36.05,108.15
OI0003118,O001901,P012,1,51.32,51.32
OI0003119,O001901,P077,1,144.76,144.76
OI0003120,O001901,P118,1,22.9,22.9
OI0003121,O001902,P101,3,43.91,131.73
OI0003122,O001902,P046,1,38.99,38.99
OI0003123,O001902,P089,1,26.52,26.52
OI0003124,O001903,P115,1,42.04,42.04
OI0003125,O001904,P110,1,82.9,82.9
OI0003126,O001904,P106,1,47.23,47.23
OI0003127,O001904,P007,1,39.99,39.99
OI0003128,O001905,P059,1,68.57,68.57
OI0003129,O001906,P075,3,44.36,133.08
OI0003130,O001907,P014,2,102.77,205.54
OI0003131,O001907,P053,2,40.97,81.94
OI0003132,O001907,P118,1,22.9,22.9
OI0003133,O001907,P017,1,18.94,18.94
OI0003134,O001908,P083,1,30.7,30.7
OI0003135,O001908,P071,1,141.44,141.44
OI0003136,O001908,P048,1,37.04,37.04
OI0003137,O001908,P025,1,37.52,37.52
OI0003138,O001909,P087,2,29.25,58.5
OI0003139,O001909,P015,1,31.17,31.17
OI0003140,O001910,P065,1,41.82,41.82
OI0003141,O001910,P039,2,31.96,63.92
OI0003142,O001911,P106,1,47.23,47.23
OI0003143,O001912,P086,1,80.82,80.82
OI0003144,O001913,P117,2,27.82,55.64
OI0003145,O001913,P052,1,44.73,44.73
OI0003146,O001913,P068,1,29.23,29.23
OI0003147,O001914,P118,1,22.9,22.9
OI0003148,O001915,P061,3,33.13,99.39
OI0003149,O001916,P117,1,27.82,27.82
OI0003150,O001917,P032,1,17.4,17.4
OI0003151,O001918,P101,1,43.91,43.91
OI0003152,O001919,P088,1,28.36,28.36
OI0003153,O001920,P077,1,144.76,144.76
OI0003154,O001921,P041,1,25.86,25.86
OI0003155,O001922,P065,1,41.82,41.82
OI0003156,O001923,P068,1,29.23,29.23
OI0003157,O001924,P055,2,69.18,138.36
OI0003158,O001925,P016,1,59.7,59.7
OI0003159,O001926,P091,1,37.89,37.89
OI0003160,O001926,P060,1,41.59,41.59
OI0003161,O001927,P075,1,44.36,44.36
OI0003162,O001928,P104,1,44.1,44.1
OI0003163,O001929,P052,1,44.73,44.73
OI0003164,O001930,P107,1,52.87,52.87
OI0003165,O001931,P049,1,42.57,42.57
OI0003166,O001931,P070,1,47.52,47.52
OI0003167,O001932,P073,1,45.97,45.97
OI0003168,O001933,P059,1,68.57,68.57
OI0003169,O001933,P058,1,47.56,47.56
OI0003170,O001934,P046,2,38.99,77.98
OI0003171,O001934,P004,1,66.5,66.5
OI0003172,O001934,P005,1,49.25,49.25
OI0003173,O001935,P078,1,34.46,34.46
OI0003174,O001936,P078,1,34.46,34.46
OI0003175,O001937,P104,1,44.1,44.1
OI0003176,O001938,P050,1,19.41,19.41
OI0003177,O001938,P059,1,68.57,68.57
OI0003178,O001939,P057,1,112.54,112.54
OI0003179,O001940,P075,1,44.36,44.36
OI0003180,O001940,P006,1,132.21,132.21
OI0003181,O001941,P061,1,33.13,33.13
OI0003182,O001942,P051,1,11.22,11.22
OI0003183,O001942,P013,1,12.37,12.37
OI0003184,O001943,P109,1,81.27,81.27
OI0003185,O001944,P076,1,38.28,38.28
OI0003186,O001945,P043,1,23.06,23.06
OI0003187,O001946,P013,1,12.37,12.37
OI0003188,O001947,P101,1,43.91,43.91
OI0003189,O001947,P119,1,34.08,34.08
OI0003190,O001948,P001,1,66.04,66.04
OI0003191,O001949,P022,1,43.57,43.57
OI0003192,O001949,P120,1,46.49,46.49
OI0003193,O001950,P111,1,29.11,29.11
OI0003194,O001951,P114,1,27.37,27.37
OI0003195,O001951,P118,1,22.9,22.9
OI0003196,O001952,P042,2,41.11,82.22
OI0003197,O001953,P022,1,43.57,43.57
OI0003198,O001954,P109,1,81.27,81.27
OI0003199,O001954,P057,1,112.54,112.54
OI0003200,O001955,P102,1,56.61,56.61
OI0003201,O001955,P073,1,45.97,45.97
OI0003202,O001956,P094,1,17.7,17.7
OI0003203,O001957,P099,1,46.77,46.77
OI0003204,O001957,P050,2,19.41,38.82
OI0003205,O001958,P026,1,27.66,27.66
OI0003206,O001958,P047,1,23.25,23.25
OI0003207,O001959,P007,1,39.99,39.99
OI0003208,O001959,P111,2,29.11,58.22
OI0003209,O001960,P037,1,33.58,33.58
OI0003210,O001960,P049,1,42.57,42.57
OI0003211,O001961,P104,1,44.1,44.1
OI0003212,O001962,P077,1,144.76,144.76
OI0003213,O001963,P047,1,23.25,23.25
OI0003214,O001964,P098,1,57.37,57.37
OI0003215,O001965,P101,1,43.91,43.91
OI0003216,O001965,P029,1,25.98,25.98
OI0003217,O001966,P068,2,29.23,58.46
OI0003218,O001966,P095,1,69.05,69.05
OI0003219,O001967,P082,2,34.81,69.62
OI0003220,O001967,P039,1,31.96,31.96
OI0003221,O001968,P080,1,64.69,64.69
OI0003222,O001968,P038,2,64.8,129.6
OI0003223,O001969,P061,1,33.13,33.13
OI0003224,O001969,P119,1,34.08,34.08
OI0003225,O001970,P103,1,65.04,65.04
OI0003226,O001971,P015,1,31.17,31.17
OI0003227,O001971,P079,1,23.65,23.65
OI0003228,O001972,P003,1,36.05,36.05
OI0003229,O001972,P079,1,23.65,23.65
OI0003230,O001972,P112,1,35.49,35.49
OI0003231,O001973,P026,1,27.66,27.66
OI0003232,O001973,P049,2,42.57,85.14
OI0003233,O001974,P089,1,26.52,26.52
OI0003234,O001975,P061,1,33.13,33.13
OI0003235,O001975,P059,1,68.57,68.57
OI0003236,O001976,P080,1,64.69,64.69
OI0003237,O001976,P007,1,39.99,39.99
OI0003238,O001977,P088,2,28.36,56.72
OI0003239,O001978,P007,1,39.99,39.99
OI0003240,O001979,P108,1,34.32,34.32
OI0003241,O001980,P080,1,64.69,64.69
OI0003242,O001981,P092,1,58.39,58.39
OI0003243,O001982,P091,1,37.89,37.89
OI0003244,O001983,P095,2,69.05,138.1
OI0003245,O001984,P052,1,44.73,44.73
OI0003246,O001985,P002,2,30.14,60.28
OI0003247,O001986,P066,3,34.67,104.01
OI0003248,O001986,P077,1,144.76,144.76
OI0003249,O001986,P096,2,86.58,173.16
OI0003250,O001987,P031,1,32.22,32.22
OI0003251,O001988,P051,1,11.22,11.22
OI0003252,O001989,P048,1,37.04,37.04
OI0003253,O001989,P119,1,34.08,34.08
OI0003254,O001990,P093,1,45.3,45.3
OI0003255,O001991,P117,1,27.82,27.82
OI0003256,O001991,P020,1,30.3,30.3
OI0003257,O001991,P001,1,66.04,66.04
OI0003258,O001992,P012,1,51.32,51.32
OI0003259,O001992,P019,2,13.12,26.24
OI0003260,O001993,P079,1,23.65,23.65
OI0003261,O001994,P052,2,44.73,89.46
OI0003262,O001994,P083,2,30.7,61.4
OI0003263,O001995,P062,1,53.16,53.16
OI0003264,O001995,P050,1,19.41,19.41
OI0003265,O001995,P077,3,144.76,434.28
OI0003266,O001995,P053,1,40.97,40.97
OI0003267,O001996,P020,1,30.3,30.3
OI0003268,O001996,P058,1,47.56,47.56
OI0003269,O001997,P114,1,27.37,27.37
OI0003270,O001998,P096,1,86.58,86.58
OI0003271,O001999,P035,1,23.65,23.65
OI0003272,O002000,P024,1,84.49,84.49
OI0003273,O002001,P035,1,23.65,23.65
OI0003274,O002002,P062,1,53.16,53.16
OI0003275,O002003,P101,1,43.91,43.91
OI0003276,O002003,P045,1,30.38,30.38
OI0003277,O002004,P004,1,66.5,66.5
OI0003278,O002005,P065,1,41.82,41.82
OI0003279,O002006,P022,1,43.57,43.57
OI0003280,O002006,P089,1,26.52,26.52
OI0003281,O002006,P102,1,56.61,56.61
OI0003282,O002006,P100,1,26.88,26.88
OI0003283,O002007,P048,1,37.04,37.04
OI0003284,O002007,P098,1,57.37,57.37
OI0003285,O002007,P028,1,129.35,129.35
OI0003286,O002008,P060,1,41.59,41.59
OI0003287,O002009,P006,2,132.21,264.42
OI0003288,O002010,P120,1,46.49,46.49
OI0003289,O002010,P070,1,47.52,47.52
OI0003290,O002011,P003,1,36.05,36.05
OI0003291,O002011,P078,1,34.46,34.46
OI0003292,O002012,P111,1,29.11,29.11
OI0003293,O002012,P035,1,23.65,23.65
OI0003294,O002013,P066,1,34.67,34.67
OI0003295,O002014,P101,1,43.91,43.91
OI0003296,O002014,P035,1,23.65,23.65
OI0003297,O002015,P023,1,54.75,54.75
OI0003298,O002015,P105,2,73.93,147.86
OI0003299,O002016,P024,1,84.49,84.49
OI0003300,O002017,P072,1,14.56,14.56
OI0003301,O002017,P056,1,18.69,18.69
OI0003302,O002018,P080,1,64.69,64.69
OI0003303,O002018,P075,1,44.36,44.36
OI0003304,O002019,P070,1,47.52,47.52
OI0003305,O002019,P056,1,18.69,18.69
OI0003306,O002020,P101,1,43.91,43.91
OI0003307,O002021,P110,1,82.9,82.9
OI0003308,O002021,P084,1,30.69,30.69
OI0003309,O002022,P070,1,47.52,47.52
OI0003310,O002023,P018,1,12.14,12.14
OI0003311,O002024,P011,1,39.95,39.95
OI0003312,O002025,P007,1,39.99,39.99
OI0003313,O002025,P086,1,80.82,80.82
OI0003314,O002026,P022,1,43.57,43.57
OI0003315,O002026,P087,1,29.25,29.25
OI0003316,O002026,P037,1,33.58,33.58
OI0003317,O002027,P017,1,18.94,18.94
OI0003318,O002028,P105,2,73.93,147.86
OI0003319,O002029,P098,1,57.37,57.37
OI0003320,O002030,P094,1,17.7,17.7
OI0003321,O002031,P021,1,51.23,51.23
OI0003322,O002031,P073,1,45.97,45.97
OI0003323,O002032,P096,1,86.58,86.58
OI0003324,O002033,P071,1,141.44,141.44
OI0003325,O002034,P091,1,37.89,37.89
OI0003326,O002035,P080,1,64.69,64.69
OI0003327,O002036,P105,1,73.93,73.93
OI0003328,O002037,P014,1,102.77,102.77
OI0003329,O002038,P095,1,69.05,69.05
OI0003330,O002038,P002,1,30.14,30.14
OI0003331,O002039,P038,1,64.8,64.8
OI0003332,O002040,P024,1,84.49,84.49
OI0003333,O002041,P047,1,23.25,23.25
OI0003334,O002041,P039,1,31.96,31.96
OI0003335,O002042,P107,1,52.87,52.87
OI0003336,O002042,P007,1,39.99,39.99
OI0003337,O002043,P116,3,38.35,115.05
OI0003338,O002043,P075,1,44.36,44.36
OI0003339,O002044,P101,1,43.91,43.91
OI0003340,O002044,P090,1,55.52,55.52
OI0003341,O002045,P109,1,81.27,81.27
OI0003342,O002046,P018,2,12.14,24.28
OI0003343,O002046,P040,1,40.11,40.11
OI0003344,O002046,P100,3,26.88,80.64
OI0003345,O002046,P091,1,37.89,37.89
OI0003346,O002047,P091,1,37.89,37.89
OI0003347,O002048,P108,1,34.32,34.32
OI0003348,O002049,P110,1,82.9,82.9
OI0003349,O002050,P070,2,47.52,95.04
OI0003350,O002050,P021,1,51.23,51.23
OI0003351,O002051,P013,1,12.37,12.37
OI0003352,O002051,P044,1,63.71,63.71
OI0003353,O002052,P063,1,28.7,28.7
OI0003354,O002053,P020,1,30.3,30.3
OI0003355,O002054,P104,2,44.1,88.2
OI0003356,O002055,P019,1,13.12,13.12
OI0003357,O002055,P009,1,37.92,37.92
OI0003358,O002055,P075,1,44.36,44.36
OI0003359,O002056,P029,1,25.98,25.98
OI0003360,O002057,P049,1,42.57,42.57
OI0003361,O002057,P105,1,73.93,73.93
OI0003362,O002058,P057,1,112.54,112.54
OI0003363,O002059,P087,1,29.25,29.25
OI0003364,O002059,P051,1,11.22,11.22
OI0003365,O002059,P034,1,35.52,35.52
OI0003366,O002059,P001,1,66.04,66.04
OI0003367,O002060,P004,1,66.5,66.5
OI0003368,O002061,P050,2,19.41,38.82
OI0003369,O002062,P010,1,44.59,44.59
OI0003370,O002062,P063,2,28.7,57.4
OI0003371,O002063,P035,1,23.65,23.65
OI0003372,O002063,P061,1,33.13,33.13
OI0003373,O002063,P065,1,41.82,41.82
OI0003374,O002063,P020,1,30.3,30.3
OI0003375,O002064,P087,1,29.25,29.25
OI0003376,O002065,P001,1,66.04,66.04
OI0003377,O002065,P055,2,69.18,138.36
OI0003378,O002065,P028,1,129.35,129.35
OI0003379,O002066,P087,1,29.25,29.25
OI0003380,O002066,P083,1,30.7,30.7
OI0003381,O002067,P018,2,12.14,24.28
OI0003382,O002068,P034,1,35.52,35.52
OI0003383,O002069,P053,1,40.97,40.97
OI0003384,O002069,P009,2,37.92,75.84
OI0003385,O002070,P031,1,32.22,32.22
OI0003386,O002071,P035,1,23.65,23.65
OI0003387,O002072,P110,1,82.9,82.9
OI0003388,O002073,P076,1,38.28,38.28
OI0003389,O002074,P036,1,16.55,16.55
OI0003390,O002075,P078,1,34.46,34.46
OI0003391,O002076,P003,1,36.05,36.05
OI0003392,O002077,P058,1,47.56,47.56
OI0003393,O002078,P006,1,132.21,132.21
OI0003394,O002078,P103,2,65.04,130.08
OI0003395,O002078,P073,1,45.97,45.97
OI0003396,O002079,P064,1,16.79,16.79
OI0003397,O002079,P088,1,28.36,28.36
OI0003398,O002079,P115,1,42.04,42.04
OI0003399,O002080,P064,1,16.79,16.79
OI0003400,O002080,P046,1,38.99,38.99
OI0003401,O002081,P108,2,34.32,68.64
OI0003402,O002081,P102,1,56.61,56.61
OI0003403,O002081,P042,1,41.11,41.11
OI0003404,O002081,P097,1,20.46,20.46
OI0003405,O002082,P038,1,64.8,64.8
OI0003406,O002083,P102,1,56.61,56.61
OI0003407,O002084,P107,1,52.87,52.87
OI0003408,O002085,P026,1,27.66,27.66
OI0003409,O002085,P096,1,86.58,86.58
OI0003410,O002086,P046,2,38.99,77.98
OI0003411,O002087,P057,1,112.54,112.54
OI0003412,O002088,P071,1,141.44,141.44
OI0003413,O002088,P111,1,29.11,29.11
OI0003414,O002088,P087,1,29.25,29.25
OI0003415,O002089,P065,3,41.82,125.46
OI0003416,O002090,P058,2,47.56,95.12
OI0003417,O002091,P102,1,56.61,56.61
OI0003418,O002092,P059,1,68.57,68.57
OI0003419,O002093,P084,1,30.69,30.69
OI0003420,O002094,P117,1,27.82,27.82
OI0003421,O002094,P028,1,129.35,129.35
OI0003422,O002094,P079,1,23.65,23.65
OI0003423,O002095,P082,1,34.81,34.81
OI0003424,O002096,P021,1,51.23,51.23
OI0003425,O002096,P052,1,44.73,44.73
OI0003426,O002097,P118,1,22.9,22.9
OI0003427,O002098,P050,1,19.41,19.41
OI0003428,O002098,P069,2,24.0,48.0
OI0003429,O002099,P014,1,102.77,102.77
OI0003430,O002100,P004,2,66.5,133.0
OI0003431,O002101,P008,1,46.52,46.52
OI0003432,O002102,P007,1,39.99,39.99
OI0003433,O002103,P012,1,51.32,51.32
OI0003434,O002103,P107,1,52.87,52.87
OI0003435,O002104,P011,2,39.95,79.9
OI0003436,O002104,P007,1,39.99,39.99
OI0003437,O002105,P055,1,69.18,69.18
OI0003438,O002106,P118,1,22.9,22.9
OI0003439,O002107,P112,2,35.49,70.98
OI0003440,O002108,P097,1,20.46,20.46
OI0003441,O002108,P103,1,65.04,65.04
OI0003442,O002109,P110,2,82.9,165.8
OI0003443,O002109,P101,1,43.91,43.91
OI0003444,O002109,P043,2,23.06,46.12
OI0003445,O002110,P039,1,31.96,31.96
OI0003446,O002111,P091,2,37.89,75.78
OI0003447,O002111,P046,1,38.99,38.99
OI0003448,O002111,P036,1,16.55,16.55
OI0003449,O002112,P069,1,24.0,24.0
OI0003450,O002113,P041,1,25.86,25.86
OI0003451,O002113,P048,1,37.04,37.04
OI0003452,O002113,P097,2,20.46,40.92
OI0003453,O002114,P026,1,27.66,27.66
OI0003454,O002115,P082,1,34.81,34.81
OI0003455,O002115,P076,1,38.28,38.28
OI0003456,O002116,P035,1,23.65,23.65
OI0003457,O002116,P024,3,84.49,253.47
OI0003458,O002117,P081,1,22.73,22.73
OI0003459,O002118,P075,1,44.36,44.36
OI0003460,O002119,P062,2,53.16,106.32
OI0003461,O002120,P008,1,46.52,46.52
OI0003462,O002120,P110,1,82.9,82.9
OI0003463,O002121,P085,1,11.15,11.15
OI0003464,O002122,P097,1,20.46,20.46
OI0003465,O002123,P024,1,84.49,84.49
OI0003466,O002123,P004,1,66.5,66.5
OI0003467,O002124,P006,1,132.21,132.21
OI0003468,O002125,P033,1,87.02,87.02
OI0003469,O002126,P045,1,30.38,30.38
OI0003470,O002127,P078,1,34.46,34.46
OI0003471,O002128,P106,1,47.23,47.23
OI0003472,O002129,P093,1,45.3,45.3
OI0003473,O002129,P085,1,11.15,11.15
OI0003474,O002129,P010,1,44.59,44.59
OI0003475,O002130,P046,1,38.99,38.99
OI0003476,O002131,P002,2,30.14,60.28
OI0003477,O002131,P081,1,22.73,22.73
OI0003478,O002132,P028,1,129.35,129.35
OI0003479,O002132,P100,1,26.88,26.88
OI0003480,O002133,P086,2,80.82,161.64
OI0003481,O002133,P020,2,30.3,60.6
OI0003482,O002133,P113,1,35.73,35.73
OI0003483,O002133,P055,1,69.18,69.18
OI0003484,O002134,P116,2,38.35,76.7
OI0003485,O002134,P100,1,26.88,26.88
OI0003486,O002134,P107,1,52.87,52.87
OI0003487,O002135,P065,1,41.82,41.82
OI0003488,O002136,P003,2,36.05,72.1
OI0003489,O002137,P019,2,13.12,26.24
OI0003490,O002138,P006,2,132.21,264.42
OI0003491,O002139,P035,1,23.65,23.65
OI0003492,O002139,P092,1,58.39,58.39
OI0003493,O002140,P042,1,41.11,41.11
OI0003494,O002141,P084,1,30.69,30.69
OI0003495,O002141,P031,1,32.22,32.22
OI0003496,O002141,P120,2,46.49,92.98
OI0003497,O002142,P035,2,23.65,47.3
OI0003498,O002143,P119,1,34.08,34.08
OI0003499,O002144,P037,2,33.58,67.16
OI0003500,O002145,P006,2,132.21,264.42
OI0003501,O002146,P024,1,84.49,84.49
OI0003502,O002147,P020,1,30.3,30.3
OI0003503,O002148,P100,1,26.88,26.88
OI0003504,O002148,P031,1,32.22,32.22
OI0003505,O002148,P070,1,47.52,47.52
OI0003506,O002148,P061,1,33.13,33.13
OI0003507,O002149,P052,1,44.73,44.73
OI0003508,O002149,P008,1,46.52,46.52
OI0003509,O002150,P019,1,13.12,13.12
OI0003510,O002151,P087,1,29.25,29.25
OI0003511,O002151,P074,1,32.9,32.9
OI0003512,O002152,P002,1,30.14,30.14
OI0003513,O002152,P040,1,40.11,40.11
OI0003514,O002152,P012,2,51.32,102.64
OI0003515,O002153,P015,1,31.17,31.17
OI0003516,O002153,P090,1,55.52,55.52
OI0003517,O002154,P086,2,80.82,161.64
OI0003518,O002154,P007,1,39.99,39.99
OI0003519,O002155,P029,1,25.98,25.98
OI0003520,O002156,P059,2,68.57,137.14
OI0003521,O002157,P019,1,13.12,13.12
OI0003522,O002157,P025,1,37.52,37.52
OI0003523,O002158,P029,1,25.98,25.98
OI0003524,O002159,P021,1,51.23,51.23
OI0003525,O002160,P101,1,43.91,43.91
OI0003526,O002161,P081,1,22.73,22.73
OI0003527,O002161,P043,1,23.06,23.06
OI0003528,O002162,P090,1,55.52,55.52
OI0003529,O002163,P072,1,14.56,14.56
OI0003530,O002163,P049,1,42.57,42.57
OI0003531,O002164,P097,1,20.46,20.46
OI0003532,O002164,P052,1,44.73,44.73
OI0003533,O002164,P025,1,37.52,37.52
OI0003534,O002165,P048,1,37.04,37.04
OI0003535,O002165,P054,1,53.62,53.62
OI0003536,O002166,P005,1,49.25,49.25
OI0003537,O002167,P025,1,37.52,37.52
OI0003538,O002168,P052,1,44.73,44.73
OI0003539,O002169,P107,1,52.87,52.87
OI0003540,O002170,P076,3,38.28,114.84
OI0003541,O002171,P111,2,29.11,58.22
OI0003542,O002172,P069,2,24.0,48.0
OI0003543,O002173,P083,1,30.7,30.7
OI0003544,O002173,P022,1,43.57,43.57
OI0003545,O002174,P013,1,12.37,12.37
OI0003546,O002175,P041,1,25.86,25.86
OI0003547,O002176,P056,1,18.69,18.69
OI0003548,O002177,P047,1,23.25,23.25
OI0003549,O002178,P087,1,29.25,29.25
OI0003550,O002179,P039,2,31.96,63.92
OI0003551,O002180,P112,2,35.49,70.98
OI0003552,O002180,P088,1,28.36,28.36
OI0003553,O002180,P084,1,30.69,30.69
OI0003554,O002181,P050,1,19.41,19.41
OI0003555,O002181,P014,1,102.77,102.77
OI0003556,O002182,P060,1,41.59,41.59
OI0003557,O002183,P056,1,18.69,18.69
OI0003558,O002183,P038,2,64.8,129.6
OI0003559,O002183,P007,2,39.99,79.98
OI0003560,O002184,P058,1,47.56,47.56
OI0003561,O002184,P005,1,49.25,49.25
OI0003562,O002185,P082,2,34.81,69.62
OI0003563,O002185,P094,1,17.7,17.7
OI0003564,O002185,P033,2,87.02,174.04
OI0003565,O002186,P113,1,35.73,35.73
OI0003566,O002187,P044,1,63.71,63.71
OI0003567,O002187,P097,1,20.46,20.46
OI0003568,O002188,P106,1,47.23,47.23
OI0003569,O002189,P009,1,37.92,37.92
OI0003570,O002190,P091,1,37.89,37.89
OI0003571,O002190,P052,1,44.73,44.73
OI0003572,O002190,P084,2,30.69,61.38
OI0003573,O002191,P110,1,82.9,82.9
OI0003574,O002192,P065,1,41.82,41.82
OI0003575,O002193,P111,1,29.11,29.11
OI0003576,O002194,P051,1,11.22,11.22
OI0003577,O002195,P002,2,30.14,60.28
OI0003578,O002196,P073,1,45.97,45.97
OI0003579,O002196,P119,1,34.08,34.08
OI0003580,O002197,P026,1,27.66,27.66
OI0003581,O002198,P119,1,34.08,34.08
OI0003582,O002198,P008,1,46.52,46.52
OI0003583,O002198,P094,1,17.7,17.7
OI0003584,O002199,P117,1,27.82,27.82
OI0003585,O002199,P065,1,41.82,41.82
OI0003586,O002200,P106,1,47.23,47.23
OI0003587,O002200,P045,1,30.38,30.38
OI0003588,O002201,P100,1,26.88,26.88
OI0003589,O002202,P098,1,57.37,57.37
OI0003590,O002203,P095,1,69.05,69.05
OI0003591,O002203,P017,1,18.94,18.94
OI0003592,O002204,P119,2,34.08,68.16
OI0003593,O002204,P006,2,132.21,264.42
OI0003594,O002205,P073,1,45.97,45.97
OI0003595,O002205,P005,2,49.25,98.5
OI0003596,O002205,P107,1,52.87,52.87
OI0003597,O002206,P069,1,24.0,24.0
OI0003598,O002207,P069,1,24.0,24.0
OI0003599,O002207,P026,1,27.66,27.66
OI0003600,O002208,P058,1,47.56,47.56
OI0003601,O002209,P076,1,38.28,38.28
OI0003602,O002209,P051,1,11.22,11.22
OI0003603,O002210,P084,1,30.69,30.69
OI0003604,O002211,P061,1,33.13,33.13
OI0003605,O002211,P110,1,82.9,82.9
OI0003606,O002211,P038,1,64.8,64.8
OI0003607,O002212,P052,2,44.73,89.46
OI0003608,O002213,P056,1,18.69,18.69
OI0003609,O002214,P001,1,66.04,66.04
OI0003610,O002214,P115,1,42.04,42.04
OI0003611,O002215,P048,1,37.04,37.04
OI0003612,O002216,P102,2,56.61,113.22
OI0003613,O002217,P047,1,23.25,23.25
OI0003614,O002217,P057,1,112.54,112.54
OI0003615,O002217,P093,3,45.3,135.9
OI0003616,O002217,P023,1,54.75,54.75
OI0003617,O002218,P115,1,42.04,42.04
OI0003618,O002218,P107,1,52.87,52.87
OI0003619,O002218,P113,1,35.73,35.73
OI0003620,O002219,P042,1,41.11,41.11
OI0003621,O002220,P104,1,44.1,44.1
OI0003622,O002220,P067,3,46.95,140.85
OI0003623,O002221,P045,1,30.38,30.38
OI0003624,O002222,P065,1,41.82,41.82
OI0003625,O002223,P029,1,25.98,25.98
OI0003626,O002224,P083,1,30.7,30.7
OI0003627,O002225,P031,1,32.22,32.22
OI0003628,O002225,P003,1,36.05,36.05
OI0003629,O002226,P083,1,30.7,30.7
OI0003630,O002227,P012,1,51.32,51.32
OI0003631,O002227,P038,1,64.8,64.8
OI0003632,O002228,P087,1,29.25,29.25
OI0003633,O002229,P042,1,41.11,41.11
OI0003634,O002229,P106,2,47.23,94.46
OI0003635,O002229,P110,1,82.9,82.9
OI0003636,O002229,P101,1,43.91,43.91
OI0003637,O002230,P062,1,53.16,53.16
OI0003638,O002231,P105,1,73.93,73.93
OI0003639,O002232,P002,2,30.14,60.28
OI0003640,O002232,P042,1,41.11,41.11
OI0003641,O002232,P043,1,23.06,23.06
OI0003642,O002233,P089,1,26.52,26.52
OI0003643,O002234,P104,1,44.1,44.1
OI0003644,O002235,P006,1,132.21,132.21
OI0003645,O002236,P053,1,40.97,40.97
OI0003646,O002236,P052,1,44.73,44.73
OI0003647,O002237,P007,1,39.99,39.99
OI0003648,O002238,P101,2,43.91,87.82
OI0003649,O002239,P019,1,13.12,13.12
OI0003650,O002240,P079,2,23.65,47.3
OI0003651,O002241,P100,1,26.88,26.88
OI0003652,O002241,P064,1,16.79,16.79
OI0003653,O002242,P116,1,38.35,38.35
OI0003654,O002243,P063,1,28.7,28.7
OI0003655,O002243,P109,1,81.27,81.27
OI0003656,O002243,P008,1,46.52,46.52
OI0003657,O002243,P101,1,43.91,43.91
OI0003658,O002244,P090,1,55.52,55.52
OI0003659,O002245,P026,1,27.66,27.66
OI0003660,O002246,P052,1,44.73,44.73
OI0003661,O002247,P120,1,46.49,46.49
OI0003662,O002247,P061,1,33.13,33.13
OI0003663,O002248,P114,1,27.37,27.37
OI0003664,O002249,P029,1,25.98,25.98
OI0003665,O002249,P069,1,24.0,24.0
OI0003666,O002250,P015,3,31.17,93.51
OI0003667,O002251,P004,1,66.5,66.5
OI0003668,O002252,P102,1,56.61,56.61
OI0003669,O002252,P105,1,73.93,73.93
OI0003670,O002252,P081,1,22.73,22.73
OI0003671,O002252,P091,1,37.89,37.89
OI0003672,O002253,P046,1,38.99,38.99
OI0003673,O002254,P012,1,51.32,51.32
OI0003674,O002254,P031,1,32.22,32.22
OI0003675,O002254,P079,1,23.65,23.65
OI0003676,O002254,P040,1,40.11,40.11
OI0003677,O002255,P046,1,38.99,38.99
OI0003678,O002256,P112,1,35.49,35.49
OI0003679,O002257,P019,1,13.12,13.12
OI0003680,O002258,P012,1,51.32,51.32
OI0003681,O002259,P004,1,66.5,66.5
OI0003682,O002260,P034,1,35.52,35.52
OI0003683,O002260,P100,1,26.88,26.88
OI0003684,O002261,P068,1,29.23,29.23
OI0003685,O002261,P107,1,52.87,52.87
OI0003686,O002261,P037,2,33.58,67.16
OI0003687,O002261,P056,1,18.69,18.69
OI0003688,O002262,P011,1,39.95,39.95
OI0003689,O002263,P037,1,33.58,33.58
OI0003690,O002264,P048,1,37.04,37.04
OI0003691,O002264,P012,1,51.32,51.32
OI0003692,O002265,P005,1,49.25,49.25
OI0003693,O002265,P069,1,24.0,24.0
OI0003694,O002266,P030,2,57.05,114.1
OI0003695,O002266,P109,1,81.27,81.27
OI0003696,O002267,P031,1,32.22,32.22
OI0003697,O002267,P086,1,80.82,80.82
OI0003698,O002267,P110,1,82.9,82.9
OI0003699,O002268,P016,1,59.7,59.7
OI0003700,O002268,P047,1,23.25,23.25
OI0003701,O002268,P036,1,16.55,16.55
OI0003702,O002269,P009,1,37.92,37.92
OI0003703,O002269,P066,1,34.67,34.67
OI0003704,O002269,P016,2,59.7,119.4
OI0003705,O002270,P023,1,54.75,54.75
OI0003706,O002270,P051,1,11.22,11.22
OI0003707,O002271,P081,1,22.73,22.73
OI0003708,O002272,P021,1,51.23,51.23
OI0003709,O002272,P020,1,30.3,30.3
OI0003710,O002273,P035,1,23.65,23.65
OI0003711,O002273,P068,1,29.23,29.23
OI0003712,O002273,P095,1,69.05,69.05
OI0003713,O002273,P052,1,44.73,44.73
OI0003714,O002274,P083,1,30.7,30.7
OI0003715,O002275,P019,1,13.12,13.12
OI0003716,O002276,P103,1,65.04,65.04
OI0003717,O002277,P065,2,41.82,83.64
OI0003718,O002278,P036,3,16.55,49.65
OI0003719,O002278,P037,1,33.58,33.58
OI0003720,O002278,P070,1,47.52,47.52
OI0003721,O002279,P055,1,69.18,69.18
OI0003722,O002279,P005,1,49.25,49.25
OI0003723,O002280,P063,1,28.7,28.7
OI0003724,O002280,P041,1,25.86,25.86
OI0003725,O002281,P010,1,44.59,44.59
OI0003726,O002282,P041,1,25.86,25.86
OI0003727,O002283,P058,1,47.56,47.56
OI0003728,O002284,P043,1,23.06,23.06
OI0003729,O002285,P066,2,34.67,69.34
OI0003730,O002285,P065,1,41.82,41.82
OI0003731,O002285,P100,1,26.88,26.88
OI0003732,O002285,P004,1,66.5,66.5
OI0003733,O002286,P021,1,51.23,51.23
OI0003734,O002287,P029,1,25.98,25.98
OI0003735,O002288,P118,2,22.9,45.8
OI0003736,O002289,P010,1,44.59,44.59
OI0003737,O002290,P090,1,55.52,55.52
OI0003738,O002290,P014,1,102.77,102.77
OI0003739,O002290,P045,1,30.38,30.38
OI0003740,O002291,P092,1,58.39,58.39
OI0003741,O002292,P059,1,68.57,68.57
OI0003742,O002292,P041,1,25.86,25.86
OI0003743,O002293,P116,1,38.35,38.35
OI0003744,O002293,P106,1,47.23,47.23
OI0003745,O002294,P063,1,28.7,28.7
OI0003746,O002295,P014,1,102.77,102.77
OI0003747,O002296,P087,1,29.25,29.25
OI0003748,O002297,P014,1,102.77,102.77
OI0003749,O002297,P071,1,141.44,141.44
OI0003750,O002298,P063,1,28.7,28.7
OI0003751,O002299,P008,1,46.52,46.52
OI0003752,O002300,P115,1,42.04,42.04
OI0003753,O002300,P111,1,29.11,29.11
OI0003754,O002301,P039,1,31.96,31.96
OI0003755,O002302,P032,1,17.4,17.4
OI0003756,O002303,P062,1,53.16,53.16
OI0003757,O002303,P092,1,58.39,58.39
OI0003758,O002304,P006,2,132.21,264.42
OI0003759,O002305,P058,1,47.56,47.56
OI0003760,O002305,P094,3,17.7,53.1
OI0003761,O002305,P078,1,34.46,34.46
OI0003762,O002306,P066,1,34.67,34.67
OI0003763,O002306,P033,1,87.02,87.02
OI0003764,O002307,P030,1,57.05,57.05
OI0003765,O002307,P020,1,30.3,30.3
OI0003766,O002308,P011,1,39.95,39.95
OI0003767,O002309,P048,1,37.04,37.04
OI0003768,O002310,P009,2,37.92,75.84
OI0003769,O002311,P042,1,41.11,41.11
OI0003770,O002311,P033,1,87.02,87.02
OI0003771,O002312,P053,1,40.97,40.97
OI0003772,O002312,P104,2,44.1,88.2
OI0003773,O002313,P118,2,22.9,45.8
OI0003774,O002314,P114,2,27.37,54.74
OI0003775,O002315,P073,1,45.97,45.97
OI0003776,O002316,P014,1,102.77,102.77
OI0003777,O002317,P094,1,17.7,17.7
OI0003778,O002317,P069,1,24.0,24.0
OI0003779,O002318,P077,1,144.76,144.76
OI0003780,O002318,P028,1,129.35,129.35
OI0003781,O002318,P045,1,30.38,30.38
OI0003782,O002319,P020,1,30.3,30.3
OI0003783,O002320,P019,1,13.12,13.12
OI0003784,O002321,P114,1,27.37,27.37
OI0003785,O002321,P099,3,46.77,140.31
OI0003786,O002321,P039,1,31.96,31.96
OI0003787,O002322,P034,1,35.52,35.52
OI0003788,O002323,P060,1,41.59,41.59
OI0003789,O002324,P049,1,42.57,42.57
OI0003790,O002325,P082,1,34.81,34.81
OI0003791,O002326,P111,1,29.11,29.11
OI0003792,O002326,P084,1,30.69,30.69
OI0003793,O002327,P064,1,16.79,16.79
OI0003794,O002328,P053,1,40.97,40.97
OI0003795,O002328,P082,1,34.81,34.81
OI0003796,O002328,P054,1,53.62,53.62
OI0003797,O002328,P042,2,41.11,82.22
OI0003798,O002329,P081,1,22.73,22.73
OI0003799,O002329,P030,1,57.05,57.05
OI0003800,O002330,P023,1,54.75,54.75
OI0003801,O002330,P069,1,24.0,24.0
OI0003802,O002331,P050,1,19.41,19.41
OI0003803,O002332,P021,1,51.23,51.23
OI0003804,O002332,P045,1,30.38,30.38
OI0003805,O002333,P035,1,23.65,23.65
OI0003806,O002334,P055,1,69.18,69.18
OI0003807,O002334,P118,1,22.9,22.9
OI0003808,O002335,P077,1,144.76,144.76
OI0003809,O002335,P042,1,41.11,41.11
OI0003810,O002336,P093,1,45.3,45.3
OI0003811,O002336,P088,1,28.36,28.36
OI0003812,O002337,P089,1,26.52,26.52
OI0003813,O002338,P074,1,32.9,32.9
OI0003814,O002339,P027,1,12.05,12.05
OI0003815,O002339,P009,1,37.92,37.92
OI0003816,O002339,P074,2,32.9,65.8
OI0003817,O002339,P063,1,28.7,28.7
OI0003818,O002340,P069,2,24.0,48.0
OI0003819,O002340,P050,1,19.41,19.41
OI0003820,O002341,P004,2,66.5,133.0
OI0003821,O002341,P063,1,28.7,28.7
OI0003822,O002342,P030,1,57.05,57.05
OI0003823,O002342,P090,2,55.52,111.04
OI0003824,O002343,P104,2,44.1,88.2
OI0003825,O002344,P083,1,30.7,30.7
OI0003826,O002345,P107,2,52.87,105.74
OI0003827,O002346,P001,1,66.04,66.04
OI0003828,O002347,P117,1,27.82,27.82
OI0003829,O002348,P043,2,23.06,46.12
OI0003830,O002349,P107,1,52.87,52.87
OI0003831,O002349,P075,1,44.36,44.36
OI0003832,O002350,P003,1,36.05,36.05
OI0003833,O002351,P088,1,28.36,28.36
OI0003834,O002352,P068,1,29.23,29.23
OI0003835,O002353,P117,1,27.82,27.82
OI0003836,O002354,P078,1,34.46,34.46
OI0003837,O002355,P089,1,26.52,26.52
OI0003838,O002356,P042,1,41.11,41.11
OI0003839,O002357,P008,1,46.52,46.52
OI0003840,O002358,P088,1,28.36,28.36
OI0003841,O002358,P104,1,44.1,44.1
OI0003842,O002359,P031,1,32.22,32.22
OI0003843,O002360,P008,1,46.52,46.52
OI0003844,O002361,P042,1,41.11,41.11
OI0003845,O002362,P047,1,23.25,23.25
OI0003846,O002362,P005,1,49.25,49.25
OI0003847,O002362,P046,1,38.99,38.99
OI0003848,O002363,P079,2,23.65,47.3
OI0003849,O002364,P006,1,132.21,132.21
OI0003850,O002364,P031,2,32.22,64.44
OI0003851,O002365,P083,1,30.7,30.7
OI0003852,O002366,P083,1,30.7,30.7
OI0003853,O002366,P026,1,27.66,27.66
OI0003854,O002366,P060,1,41.59,41.59
OI0003855,O002366,P096,1,86.58,86.58
OI0003856,O002367,P086,1,80.82,80.82
OI0003857,O002368,P040,1,40.11,40.11
OI0003858,O002369,P115,1,42.04,42.04
OI0003859,O002369,P097,1,20.46,20.46
OI0003860,O002370,P091,1,37.89,37.89
OI0003861,O002371,P047,1,23.25,23.25
OI0003862,O002371,P035,1,23.65,23.65
OI0003863,O002372,P056,1,18.69,18.69
OI0003864,O002373,P038,1,64.8,64.8
OI0003865,O002373,P065,1,41.82,41.82
OI0003866,O002374,P060,1,41.59,41.59
OI0003867,O002374,P011,1,39.95,39.95
OI0003868,O002375,P040,1,40.11,40.11
OI0003869,O002375,P033,1,87.02,87.02
OI0003870,O002376,P029,1,25.98,25.98
OI0003871,O002377,P076,1,38.28,38.28
OI0003872,O002378,P041,1,25.86,25.86
OI0003873,O002379,P071,1,141.44,141.44
OI0003874,O002379,P117,1,27.82,27.82
OI0003875,O002380,P047,1,23.25,23.25
OI0003876,O002381,P063,1,28.7,28.7
OI0003877,O002382,P115,1,42.04,42.04
OI0003878,O002383,P067,1,46.95,46.95
OI0003879,O002384,P022,1,43.57,43.57
OI0003880,O002384,P011,1,39.95,39.95
OI0003881,O002385,P104,2,44.1,88.2
OI0003882,O002386,P032,1,17.4,17.4
OI0003883,O002387,P066,1,34.67,34.67
OI0003884,O002387,P103,1,65.04,65.04
OI0003885,O002388,P071,1,141.44,141.44
OI0003886,O002389,P026,1,27.66,27.66
OI0003887,O002390,P043,1,23.06,23.06
OI0003888,O002391,P043,1,23.06,23.06
OI0003889,O002392,P003,1,36.05,36.05
OI0003890,O002393,P002,1,30.14,30.14
OI0003891,O002394,P010,2,44.59,89.18
OI0003892,O002395,P113,1,35.73,35.73
OI0003893,O002396,P042,2,41.11,82.22
OI0003894,O002397,P011,3,39.95,119.85
OI0003895,O002398,P083,2,30.7,61.4
OI0003896,O002399,P109,1,81.27,81.27
OI0003897,O002400,P022,3,43.57,130.71
OI0003898,O002400,P042,1,41.11,41.11
OI0003899,O002401,P067,1,46.95,46.95
OI0003900,O002402,P094,2,17.7,35.4
OI0003901,O002403,P091,1,37.89,37.89
OI0003902,O002403,P085,1,11.15,11.15
OI0003903,O002404,P019,1,13.12,13.12
OI0003904,O002405,P077,1,144.76,144.76
OI0003905,O002406,P082,1,34.81,34.81
OI0003906,O002407,P119,1,34.08,34.08
OI0003907,O002408,P017,2,18.94,37.88
OI0003908,O002409,P120,1,46.49,46.49
OI0003909,O002409,P076,1,38.28,38.28
OI0003910,O002410,P041,1,25.86,25.86
OI0003911,O002411,P043,1,23.06,23.06
OI0003912,O002412,P062,1,53.16,53.16
OI0003913,O002412,P006,1,132.21,132.21
OI0003914,O002412,P040,1,40.11,40.11
OI0003915,O002413,P114,1,27.37,27.37
OI0003916,O002413,P028,1,129.35,129.35
OI0003917,O002414,P041,1,25.86,25.86
OI0003918,O002414,P033,1,87.02,87.02
OI0003919,O002415,P020,1,30.3,30.3
OI0003920,O002416,P035,1,23.65,23.65
OI0003921,O002416,P068,1,29.23,29.23
OI0003922,O002417,P070,1,47.52,47.52
OI0003923,O002417,P014,1,102.77,102.77
OI0003924,O002417,P056,1,18.69,18.69
OI0003925,O002418,P101,2,43.91,87.82
OI0003926,O002419,P037,1,33.58,33.58
OI0003927,O002419,P012,1,51.32,51.32
OI0003928,O002419,P018,2,12.14,24.28
OI0003929,O002420,P098,1,57.37,57.37
OI0003930,O002420,P108,1,34.32,34.32
OI0003931,O002421,P075,1,44.36,44.36
OI0003932,O002422,P025,1,37.52,37.52
OI0003933,O002422,P038,1,64.8,64.8
OI0003934,O002423,P102,1,56.61,56.61
OI0003935,O002424,P120,1,46.49,46.49
OI0003936,O002424,P040,1,40.11,40.11
OI0003937,O002425,P013,1,12.37,12.37
OI0003938,O002426,P046,1,38.99,38.99
OI0003939,O002426,P112,1,35.49,35.49
OI0003940,O002427,P073,1,45.97,45.97
OI0003941,O002428,P103,1,65.04,65.04
OI0003942,O002429,P080,1,64.69,64.69
OI0003943,O002430,P108,1,34.32,34.32
OI0003944,O002431,P007,1,39.99,39.99
OI0003945,O002432,P022,2,43.57,87.14
OI0003946,O002432,P090,1,55.52,55.52
OI0003947,O002433,P044,1,63.71,63.71
OI0003948,O002433,P052,1,44.73,44.73
OI0003949,O002433,P073,1,45.97,45.97
OI0003950,O002433,P008,1,46.52,46.52
OI0003951,O002434,P115,1,42.04,42.04
OI0003952,O002434,P056,1,18.69,18.69
OI0003953,O002434,P025,2,37.52,75.04
OI0003954,O002435,P027,1,12.05,12.05
OI0003955,O002435,P101,1,43.91,43.91
OI0003956,O002435,P067,1,46.95,46.95
OI0003957,O002436,P051,2,11.22,22.44
OI0003958,O002437,P077,1,144.76,144.76
OI0003959,O002438,P042,1,41.11,41.11
OI0003960,O002438,P055,1,69.18,69.18
OI0003961,O002438,P033,1,87.02,87.02
OI0003962,O002439,P072,1,14.56,14.56
OI0003963,O002440,P100,1,26.88,26.88
OI0003964,O002441,P037,1,33.58,33.58
OI0003965,O002442,P118,1,22.9,22.9
OI0003966,O002443,P108,1,34.32,34.32
OI0003967,O002444,P117,1,27.82,27.82
OI0003968,O002445,P099,1,46.77,46.77
OI0003969,O002446,P063,1,28.7,28.7
OI0003970,O002447,P047,1,23.25,23.25
OI0003971,O002447,P020,1,30.3,30.3
OI0003972,O002447,P057,1,112.54,112.54
OI0003973,O002448,P020,1,30.3,30.3
OI0003974,O002449,P025,1,37.52,37.52
OI0003975,O002449,P119,1,34.08,34.08
OI0003976,O002450,P102,1,56.61,56.61
OI0003977,O002451,P092,1,58.39,58.39
OI0003978,O002452,P032,1,17.4,17.4
OI0003979,O002452,P078,1,34.46,34.46
OI0003980,O002452,P114,2,27.37,54.74
OI0003981,O002453,P089,1,26.52,26.52
OI0003982,O002453,P008,1,46.52,46.52
OI0003983,O002453,P025,1,37.52,37.52
OI0003984,O002454,P051,1,11.22,11.22
OI0003985,O002455,P030,1,57.05,57.05
OI0003986,O002456,P013,1,12.37,12.37
OI0003987,O002457,P050,1,19.41,19.41
OI0003988,O002458,P028,1,129.35,129.35
OI0003989,O002459,P048,1,37.04,37.04
OI0003990,O002460,P045,2,30.38,60.76
OI0003991,O002461,P028,2,129.35,258.7
OI0003992,O002462,P042,1,41.11,41.11
OI0003993,O002463,P062,1,53.16,53.16
OI0003994,O002464,P046,1,38.99,38.99
OI0003995,O002465,P075,2,44.36,88.72
OI0003996,O002466,P098,1,57.37,57.37
OI0003997,O002466,P012,1,51.32,51.32
OI0003998,O002467,P104,2,44.1,88.2
OI0003999,O002468,P024,1,84.49,84.49
OI0004000,O002469,P055,1,69.18,69.18
OI0004001,O002470,P117,1,27.82,27.82
OI0004002,O002471,P106,1,47.23,47.23
OI0004003,O002471,P009,1,37.92,37.92
OI0004004,O002471,P045,1,30.38,30.38
OI0004005,O002472,P045,1,30.38,30.38
OI0004006,O002473,P119,2,34.08,68.16
OI0004007,O002473,P087,1,29.25,29.25
OI0004008,O002474,P053,1,40.97,40.97
OI0004009,O002475,P120,1,46.49,46.49
OI0004010,O002475,P077,1,144.76,144.76
OI0004011,O002476,P117,1,27.82,27.82
OI0004012,O002477,P073,1,45.97,45.97
OI0004013,O002478,P071,1,141.44,141.44
OI0004014,O002479,P105,1,73.93,73.93
OI0004015,O002479,P083,1,30.7,30.7
OI0004016,O002480,P037,1,33.58,33.58
OI0004017,O002481,P101,1,43.91,43.91
OI0004018,O002482,P088,1,28.36,28.36
OI0004019,O002482,P027,1,12.05,12.05
OI0004020,O002482,P089,1,26.52,26.52
OI0004021,O002482,P013,1,12.37,12.37
OI0004022,O002483,P078,1,34.46,34.46
OI0004023,O002483,P071,1,141.44,141.44
OI0004024,O002484,P020,1,30.3,30.3
OI0004025,O002485,P081,1,22.73,22.73
OI0004026,O002486,P082,2,34.81,69.62
OI0004027,O002487,P013,1,12.37,12.37
OI0004028,O002488,P075,1,44.36,44.36
OI0004029,O002489,P022,2,43.57,87.14
OI0004030,O002489,P064,2,16.79,33.58
OI0004031,O002489,P108,1,34.32,34.32
OI0004032,O002490,P092,1,58.39,58.39
OI0004033,O002490,P107,2,52.87,105.74
OI0004034,O002491,P102,1,56.61,56.61
OI0004035,O002492,P020,2,30.3,60.6
OI0004036,O002492,P027,1,12.05,12.05
OI0004037,O002493,P032,1,17.4,17.4
OI0004038,O002493,P094,1,17.7,17.7
OI0004039,O002493,P002,1,30.14,30.14
OI0004040,O002494,P107,1,52.87,52.87
OI0004041,O002495,P111,1,29.11,29.11
OI0004042,O002495,P056,1,18.69,18.69
OI0004043,O002495,P065,1,41.82,41.82
OI0004044,O002495,P001,1,66.04,66.04
OI0004045,O002496,P094,1,17.7,17.7
OI0004046,O002497,P083,1,30.7,30.7
OI0004047,O002498,P066,1,34.67,34.67
OI0004048,O002498,P002,1,30.14,30.14
OI0004049,O002499,P051,1,11.22,11.22
OI0004050,O002500,P096,1,86.58,86.58
OI0004051,O002501,P037,1,33.58,33.58
OI0004052,O002502,P119,3,34.08,102.24
OI0004053,O002503,P044,1,63.71,63.71
OI0004054,O002504,P098,1,57.37,57.37
OI0004055,O002504,P097,1,20.46,20.46
OI0004056,O002504,P099,1,46.77,46.77
OI0004057,O002505,P092,3,58.39,175.17
OI0004058,O002506,P106,1,47.23,47.23
OI0004059,O002506,P120,2,46.49,92.98
OI0004060,O002506,P099,1,46.77,46.77
OI0004061,O002507,P036,1,16.55,16.55
OI0004062,O002507,P120,1,46.49,46.49
OI0004063,O002508,P072,1,14.56,14.56
OI0004064,O002508,P012,1,51.32,51.32
OI0004065,O002509,P057,1,112.54,112.54
OI0004066,O002510,P011,2,39.95,79.9
OI0004067,O002510,P051,1,11.22,11.22
OI0004068,O002510,P073,1,45.97,45.97
OI0004069,O002511,P006,1,132.21,132.21
OI0004070,O002512,P001,1,66.04,66.04
OI0004071,O002512,P110,2,82.9,165.8
OI0004072,O002512,P031,2,32.22,64.44
OI0004073,O002512,P050,1,19.41,19.41
OI0004074,O002513,P001,1,66.04,66.04
OI0004075,O002514,P085,1,11.15,11.15
OI0004076,O002515,P009,1,37.92,37.92
OI0004077,O002516,P105,1,73.93,73.93
OI0004078,O002517,P097,1,20.46,20.46
OI0004079,O002518,P035,1,23.65,23.65
OI0004080,O002518,P084,1,30.69,30.69
OI0004081,O002519,P061,1,33.13,33.13
OI0004082,O002519,P035,1,23.65,23.65
OI0004083,O002520,P047,1,23.25,23.25
OI0004084,O002520,P077,1,144.76,144.76
OI0004085,O002520,P013,1,12.37,12.37
OI0004086,O002521,P116,1,38.35,38.35
OI0004087,O002522,P107,1,52.87,52.87
OI0004088,O002522,P013,1,12.37,12.37
OI0004089,O002523,P017,1,18.94,18.94
OI0004090,O002524,P088,1,28.36,28.36
OI0004091,O002524,P113,1,35.73,35.73
OI0004092,O002525,P099,1,46.77,46.77
OI0004093,O002526,P116,2,38.35,76.7
OI0004094,O002527,P099,1,46.77,46.77
OI0004095,O002527,P054,2,53.62,107.24
OI0004096,O002527,P046,1,38.99,38.99
OI0004097,O002528,P049,1,42.57,42.57
OI0004098,O002528,P058,1,47.56,47.56
OI0004099,O002529,P088,1,28.36,28.36
OI0004100,O002530,P069,1,24.0,24.0
OI0004101,O002530,P044,1,63.71,63.71
OI0004102,O002531,P092,1,58.39,58.39
OI0004103,O002532,P010,2,44.59,89.18
OI0004104,O002533,P102,1,56.61,56.61
OI0004105,O002534,P113,3,35.73,107.19
OI0004106,O002535,P025,1,37.52,37.52
OI0004107,O002535,P029,1,25.98,25.98
OI0004108,O002535,P100,1,26.88,26.88
OI0004109,O002536,P102,1,56.61,56.61
OI0004110,O002537,P051,1,11.22,11.22
OI0004111,O002538,P095,1,69.05,69.05
OI0004112,O002538,P017,1,18.94,18.94
OI0004113,O002538,P092,2,58.39,116.78
OI0004114,O002538,P042,1,41.11,41.11
OI0004115,O002539,P071,1,141.44,141.44
OI0004116,O002539,P002,2,30.14,60.28
OI0004117,O002540,P077,1,144.76,144.76
OI0004118,O002541,P084,1,30.69,30.69
OI0004119,O002542,P046,1,38.99,38.99
OI0004120,O002542,P039,1,31.96,31.96
OI0004121,O002543,P014,1,102.77,102.77
OI0004122,O002544,P065,1,41.82,41.82
OI0004123,O002545,P078,1,34.46,34.46
OI0004124,O002546,P039,2,31.96,63.92
OI0004125,O002547,P089,1,26.52,26.52
OI0004126,O002547,P061,1,33.13,33.13
OI0004127,O002547,P115,1,42.04,42.04
OI0004128,O002548,P015,1,31.17,31.17
OI0004129,O002549,P045,1,30.38,30.38
OI0004130,O002550,P013,1,12.37,12.37
OI0004131,O002551,P094,1,17.7,17.7
OI0004132,O002551,P116,1,38.35,38.35
OI0004133,O002552,P058,1,47.56,47.56
OI0004134,O002553,P088,1,28.36,28.36
OI0004135,O002554,P066,2,34.67,69.34
OI0004136,O002555,P071,1,141.44,141.44
OI0004137,O002556,P079,1,23.65,23.65
OI0004138,O002557,P021,1,51.23,51.23
OI0004139,O002557,P109,1,81.27,81.27
OI0004140,O002558,P009,1,37.92,37.92
OI0004141,O002559,P037,1,33.58,33.58
OI0004142,O002560,P071,2,141.44,282.88
OI0004143,O002560,P017,3,18.94,56.82
OI0004144,O002560,P034,1,35.52,35.52
OI0004145,O002560,P120,1,46.49,46.49
OI0004146,O002561,P084,1,30.69,30.69
OI0004147,O002561,P078,1,34.46,34.46
OI0004148,O002562,P034,3,35.52,106.56
OI0004149,O002563,P011,1,39.95,39.95
OI0004150,O002563,P115,1,42.04,42.04
OI0004151,O002564,P064,1,16.79,16.79
OI0004152,O002565,P109,2,81.27,162.54
OI0004153,O002565,P049,1,42.57,42.57
OI0004154,O002566,P064,1,16.79,16.79
OI0004155,O002567,P059,1,68.57,68.57
OI0004156,O002567,P119,1,34.08,34.08
OI0004157,O002567,P031,1,32.22,32.22
OI0004158,O002568,P030,2,57.05,114.1
OI0004159,O002569,P038,1,64.8,64.8
OI0004160,O002570,P109,1,81.27,81.27
OI0004161,O002570,P016,1,59.7,59.7
OI0004162,O002571,P098,1,57.37,57.37
OI0004163,O002571,P103,1,65.04,65.04
OI0004164,O002572,P104,1,44.1,44.1
OI0004165,O002573,P025,1,37.52,37.52
OI0004166,O002573,P098,1,57.37,57.37
OI0004167,O002574,P015,2,31.17,62.34
OI0004168,O002574,P003,1,36.05,36.05
OI0004169,O002575,P033,1,87.02,87.02
OI0004170,O002576,P043,1,23.06,23.06
OI0004171,O002576,P119,1,34.08,34.08
OI0004172,O002577,P033,1,87.02,87.02
OI0004173,O002577,P038,1,64.8,64.8
OI0004174,O002578,P111,1,29.11,29.11
OI0004175,O002578,P007,2,39.99,79.98
OI0004176,O002578,P110,1,82.9,82.9
OI0004177,O002578,P079,1,23.65,23.65
OI0004178,O002579,P044,1,63.71,63.71
OI0004179,O002580,P104,1,44.1,44.1
OI0004180,O002581,P011,1,39.95,39.95
OI0004181,O002582,P089,1,26.52,26.52
OI0004182,O002583,P096,3,86.58,259.74
OI0004183,O002583,P044,1,63.71,63.71
OI0004184,O002584,P052,1,44.73,44.73
OI0004185,O002585,P046,1,38.99,38.99
OI0004186,O002585,P010,1,44.59,44.59
OI0004187,O002585,P036,1,16.55,16.55
OI0004188,O002586,P050,1,19.41,19.41
OI0004189,O002587,P093,2,45.3,90.6
OI0004190,O002588,P063,1,28.7,28.7
OI0004191,O002589,P048,3,37.04,111.12
OI0004192,O002590,P046,1,38.99,38.99
OI0004193,O002590,P112,1,35.49,35.49
OI0004194,O002591,P034,1,35.52,35.52
OI0004195,O002591,P055,1,69.18,69.18
OI0004196,O002591,P091,1,37.89,37.89
OI0004197,O002591,P077,2,144.76,289.52
OI0004198,O002592,P033,2,87.02,174.04
OI0004199,O002593,P047,1,23.25,23.25
OI0004200,O002594,P069,1,24.0,24.0
OI0004201,O002594,P105,1,73.93,73.93
OI0004202,O002595,P054,1,53.62,53.62
OI0004203,O002595,P072,1,14.56,14.56
OI0004204,O002595,P078,1,34.46,34.46
OI0004205,O002596,P033,1,87.02,87.02
OI0004206,O002596,P003,1,36.05,36.05
OI0004207,O002597,P046,1,38.99,38.99
OI0004208,O002597,P110,1,82.9,82.9
OI0004209,O002598,P064,2,16.79,33.58
OI0004210,O002598,P097,3,20.46,61.38
OI0004211,O002599,P014,1,102.77,102.77
OI0004212,O002600,P114,1,27.37,27.37
OI0004213,O002600,P108,3,34.32,102.96
OI0004214,O002601,P065,1,41.82,41.82
OI0004215,O002602,P038,1,64.8,64.8
OI0004216,O002602,P005,1,49.25,49.25
OI0004217,O002602,P008,1,46.52,46.52
OI0004218,O002603,P103,1,65.04,65.04
OI0004219,O002604,P066,2,34.67,69.34
OI0004220,O002605,P005,1,49.25,49.25
OI0004221,O002605,P007,1,39.99,39.99
OI0004222,O002606,P059,1,68.57,68.57
OI0004223,O002607,P027,1,12.05,12.05
OI0004224,O002608,P064,1,16.79,16.79
OI0004225,O002609,P063,1,28.7,28.7
OI0004226,O002610,P085,2,11.15,22.3
OI0004227,O002611,P103,1,65.04,65.04
OI0004228,O002612,P064,1,16.79,16.79
OI0004229,O002613,P069,1,24.0,24.0
OI0004230,O002613,P011,2,39.95,79.9
OI0004231,O002613,P076,1,38.28,38.28
OI0004232,O002614,P006,1,132.21,132.21
OI0004233,O002615,P007,1,39.99,39.99
OI0004234,O002616,P084,1,30.69,30.69
OI0004235,O002617,P036,1,16.55,16.55
OI0004236,O002618,P049,1,42.57,42.57
OI0004237,O002619,P095,1,69.05,69.05
OI0004238,O002620,P034,2,35.52,71.04
OI0004239,O002620,P104,1,44.1,44.1
OI0004240,O002621,P025,2,37.52,75.04
OI0004241,O002621,P119,2,34.08,68.16
OI0004242,O002621,P102,1,56.61,56.61
OI0004243,O002622,P092,1,58.39,58.39
OI0004244,O002622,P116,1,38.35,38.35
OI0004245,O002623,P097,1,20.46,20.46
OI0004246,O002623,P017,1,18.94,18.94
OI0004247,O002624,P075,1,44.36,44.36
OI0004248,O002624,P042,1,41.11,41.11
OI0004249,O002625,P007,1,39.99,39.99
OI0004250,O002625,P071,1,141.44,141.44
OI0004251,O002626,P070,2,47.52,95.04
OI0004252,O002626,P111,1,29.11,29.11
OI0004253,O002626,P041,1,25.86,25.86
OI0004254,O002626,P087,1,29.25,29.25
OI0004255,O002627,P113,1,35.73,35.73
OI0004256,O002628,P120,1,46.49,46.49
OI0004257,O002628,P014,1,102.77,102.77
OI0004258,O002629,P089,1,26.52,26.52
OI0004259,O002629,P113,2,35.73,71.46
OI0004260,O002629,P090,1,55.52,55.52
OI0004261,O002630,P085,1,11.15,11.15
OI0004262,O002630,P064,1,16.79,16.79
OI0004263,O002631,P098,1,57.37,57.37
OI0004264,O002631,P069,1,24.0,24.0
OI0004265,O002632,P099,2,46.77,93.54
OI0004266,O002633,P108,1,34.32,34.32
OI0004267,O002633,P109,3,81.27,243.81
OI0004268,O002634,P008,1,46.52,46.52
OI0004269,O002635,P084,1,30.69,30.69
OI0004270,O002635,P029,1,25.98,25.98
OI0004271,O002635,P013,1,12.37,12.37
OI0004272,O002635,P048,2,37.04,74.08
OI0004273,O002636,P019,1,13.12,13.12
OI0004274,O002636,P053,1,40.97,40.97
OI0004275,O002637,P069,1,24.0,24.0
OI0004276,O002637,P075,1,44.36,44.36
OI0004277,O002637,P033,1,87.02,87.02
OI0004278,O002638,P071,1,141.44,141.44
OI0004279,O002638,P007,3,39.99,119.97
OI0004280,O002638,P081,1,22.73,22.73
OI0004281,O002639,P110,1,82.9,82.9
OI0004282,O002639,P053,1,40.97,40.97
OI0004283,O002639,P060,1,41.59,41.59
OI0004284,O002640,P088,1,28.36,28.36
OI0004285,O002641,P014,1,102.77,102.77
OI0004286,O002641,P069,1,24.0,24.0
OI0004287,O002642,P111,1,29.11,29.11
OI0004288,O002642,P016,1,59.7,59.7
OI0004289,O002643,P073,2,45.97,91.94
OI0004290,O002643,P120,1,46.49,46.49
OI0004291,O002644,P054,2,53.62,107.24
OI0004292,O002644,P079,1,23.65,23.65
OI0004293,O002644,P025,1,37.52,37.52
OI0004294,O002645,P029,2,25.98,51.96
OI0004295,O002645,P070,1,47.52,47.52
OI0004296,O002645,P074,1,32.9,32.9
OI0004297,O002645,P010,1,44.59,44.59
OI0004298,O002646,P054,1,53.62,53.62
OI0004299,O002647,P059,1,68.57,68.57
OI0004300,O002647,P118,1,22.9,22.9
OI0004301,O002648,P006,1,132.21,132.21
OI0004302,O002649,P031,1,32.22,32.22
OI0004303,O002650,P050,1,19.41,19.41
OI0004304,O002650,P072,1,14.56,14.56
OI0004305,O002650,P025,1,37.52,37.52
OI0004306,O002651,P091,2,37.89,75.78
OI0004307,O002652,P088,2,28.36,56.72
OI0004308,O002653,P030,1,57.05,57.05
OI0004309,O002654,P081,1,22.73,22.73
OI0004310,O002655,P108,2,34.32,68.64
OI0004311,O002655,P026,1,27.66,27.66
OI0004312,O002655,P111,1,29.11,29.11
OI0004313,O002656,P015,1,31.17,31.17
OI0004314,O002656,P105,1,73.93,73.93
OI0004315,O002657,P040,1,40.11,40.11
OI0004316,O002657,P056,1,18.69,18.69
OI0004317,O002657,P063,3,28.7,86.1
OI0004318,O002658,P007,2,39.99,79.98
OI0004319,O002659,P055,2,69.18,138.36
OI0004320,O002659,P079,2,23.65,47.3
OI0004321,O002660,P044,2,63.71,127.42
OI0004322,O002661,P030,1,57.05,57.05
OI0004323,O002661,P088,1,28.36,28.36
OI0004324,O002662,P114,1,27.37,27.37
OI0004325,O002662,P044,1,63.71,63.71
OI0004326,O002663,P064,1,16.79,16.79
OI0004327,O002663,P043,1,23.06,23.06
OI0004328,O002664,P108,1,34.32,34.32
OI0004329,O002665,P077,3,144.76,434.28
OI0004330,O002665,P035,1,23.65,23.65
OI0004331,O002666,P017,1,18.94,18.94
OI0004332,O002667,P089,1,26.52,26.52
OI0004333,O002667,P119,1,34.08,34.08
OI0004334,O002668,P120,1,46.49,46.49
OI0004335,O002668,P096,1,86.58,86.58
OI0004336,O002669,P055,1,69.18,69.18
OI0004337,O002669,P047,1,23.25,23.25
OI0004338,O002669,P062,1,53.16,53.16
OI0004339,O002670,P086,1,80.82,80.82
OI0004340,O002670,P060,1,41.59,41.59
OI0004341,O002671,P047,1,23.25,23.25
OI0004342,O002672,P068,1,29.23,29.23
OI0004343,O002673,P041,1,25.86,25.86
OI0004344,O002673,P110,2,82.9,165.8
OI0004345,O002673,P069,1,24.0,24.0
OI0004346,O002674,P036,1,16.55,16.55
OI0004347,O002675,P039,1,31.96,31.96
OI0004348,O002676,P001,1,66.04,66.04
OI0004349,O002676,P006,1,132.21,132.21
OI0004350,O002676,P002,1,30.14,30.14
OI0004351,O002677,P096,1,86.58,86.58
OI0004352,O002678,P108,1,34.32,34.32
OI0004353,O002679,P084,1,30.69,30.69
OI0004354,O002680,P034,2,35.52,71.04
OI0004355,O002680,P115,2,42.04,84.08
OI0004356,O002680,P065,1,41.82,41.82
OI0004357,O002681,P002,1,30.14,30.14
OI0004358,O002681,P006,1,132.21,132.21
OI0004359,O002681,P080,1,64.69,64.69
OI0004360,O002682,P011,1,39.95,39.95
OI0004361,O002682,P109,2,81.27,162.54
OI0004362,O002683,P019,1,13.12,13.12
OI0004363,O002683,P056,1,18.69,18.69
OI0004364,O002684,P027,1,12.05,12.05
OI0004365,O002685,P017,2,18.94,37.88
OI0004366,O002686,P092,1,58.39,58.39
OI0004367,O002687,P012,1,51.32,51.32
OI0004368,O002688,P012,1,51.32,51.32
OI0004369,O002689,P018,1,12.14,12.14
OI0004370,O002690,P079,3,23.65,70.95
OI0004371,O002690,P085,1,11.15,11.15
OI0004372,O002690,P093,1,45.3,45.3
OI0004373,O002691,P109,2,81.27,162.54
OI0004374,O002691,P113,1,35.73,35.73
OI0004375,O002692,P019,1,13.12,13.12
OI0004376,O002692,P061,1,33.13,33.13
OI0004377,O002692,P093,1,45.3,45.3
OI0004378,O002693,P118,1,22.9,22.9
OI0004379,O002693,P003,1,36.05,36.05
OI0004380,O002693,P113,1,35.73,35.73
OI0004381,O002694,P115,2,42.04,84.08
OI0004382,O002694,P055,1,69.18,69.18
OI0004383,O002695,P105,1,73.93,73.93
OI0004384,O002696,P050,1,19.41,19.41
OI0004385,O002697,P037,1,33.58,33.58
OI0004386,O002698,P014,2,102.77,205.54
OI0004387,O002698,P112,2,35.49,70.98
OI0004388,O002699,P034,1,35.52,35.52
OI0004389,O002700,P048,1,37.04,37.04
OI0004390,O002701,P085,1,11.15,11.15
OI0004391,O002701,P108,1,34.32,34.32
OI0004392,O002701,P011,1,39.95,39.95
OI0004393,O002702,P053,1,40.97,40.97
OI0004394,O002702,P020,1,30.3,30.3
OI0004395,O002703,P050,1,19.41,19.41
OI0004396,O002704,P002,1,30.14,30.14
OI0004397,O002705,P038,1,64.8,64.8
OI0004398,O002705,P094,1,17.7,17.7
OI0004399,O002705,P037,2,33.58,67.16
OI0004400,O002705,P106,1,47.23,47.23
OI0004401,O002706,P068,1,29.23,29.23
OI0004402,O002706,P034,1,35.52,35.52
OI0004403,O002707,P017,1,18.94,18.94
OI0004404,O002707,P048,1,37.04,37.04
OI0004405,O002708,P051,1,11.22,11.22
OI0004406,O002708,P090,1,55.52,55.52
OI0004407,O002708,P014,1,102.77,102.77
OI0004408,O002709,P098,1,57.37,57.37
OI0004409,O002710,P069,1,24.0,24.0
OI0004410,O002710,P095,3,69.05,207.15
OI0004411,O002711,P025,1,37.52,37.52
OI0004412,O002712,P115,1,42.04,42.04
OI0004413,O002712,P047,1,23.25,23.25
OI0004414,O002713,P119,1,34.08,34.08
OI0004415,O002713,P111,2,29.11,58.22
OI0004416,O002714,P059,1,68.57,68.57
OI0004417,O002715,P082,1,34.81,34.81
OI0004418,O002716,P024,2,84.49,168.98
OI0004419,O002716,P027,1,12.05,12.05
OI0004420,O002716,P062,1,53.16,53.16
OI0004421,O002717,P038,1,64.8,64.8
OI0004422,O002717,P084,1,30.69,30.69
OI0004423,O002718,P105,1,73.93,73.93
OI0004424,O002719,P075,1,44.36,44.36
OI0004425,O002720,P003,1,36.05,36.05
OI0004426,O002721,P109,1,81.27,81.27
OI0004427,O002721,P017,1,18.94,18.94
OI0004428,O002722,P028,1,129.35,129.35
OI0004429,O002723,P086,1,80.82,80.82
OI0004430,O002724,P012,1,51.32,51.32
OI0004431,O002725,P095,1,69.05,69.05
OI0004432,O002725,P037,1,33.58,33.58
OI0004433,O002725,P021,1,51.23,51.23
OI0004434,O002725,P069,2,24.0,48.0
OI0004435,O002726,P102,1,56.61,56.61
OI0004436,O002726,P058,1,47.56,47.56
OI0004437,O002727,P113,1,35.73,35.73
OI0004438,O002727,P052,1,44.73,44.73
OI0004439,O002727,P042,3,41.11,123.33
OI0004440,O002728,P024,1,84.49,84.49
OI0004441,O002729,P079,1,23.65,23.65
OI0004442,O002730,P086,1,80.82,80.82
OI0004443,O002731,P004,1,66.5,66.5
OI0004444,O002731,P043,1,23.06,23.06
OI0004445,O002731,P057,1,112.54,112.54
OI0004446,O002731,P056,1,18.69,18.69
OI0004447,O002732,P119,3,34.08,102.24
OI0004448,O002733,P076,1,38.28,38.28
OI0004449,O002734,P088,1,28.36,28.36
OI0004450,O002735,P064,1,16.79,16.79
OI0004451,O002735,P034,1,35.52,35.52
OI0004452,O002736,P001,1,66.04,66.04
OI0004453,O002737,P078,1,34.46,34.46
OI0004454,O002738,P065,1,41.82,41.82
OI0004455,O002739,P055,1,69.18,69.18
OI0004456,O002740,P115,1,42.04,42.04
OI0004457,O002741,P014,1,102.77,102.77
OI0004458,O002742,P029,1,25.98,25.98
OI0004459,O002743,P077,1,144.76,144.76
OI0004460,O002743,P104,1,44.1,44.1
OI0004461,O002744,P098,3,57.37,172.11
OI0004462,O002744,P044,1,63.71,63.71
OI0004463,O002745,P043,2,23.06,46.12
OI0004464,O002746,P102,3,56.61,169.83
OI0004465,O002747,P098,2,57.37,114.74
OI0004466,O002747,P031,1,32.22,32.22
OI0004467,O002748,P038,1,64.8,64.8
OI0004468,O002749,P076,1,38.28,38.28
OI0004469,O002750,P030,1,57.05,57.05
OI0004470,O002751,P028,1,129.35,129.35
OI0004471,O002751,P085,2,11.15,22.3
OI0004472,O002751,P013,1,12.37,12.37
OI0004473,O002752,P116,1,38.35,38.35
OI0004474,O002753,P085,2,11.15,22.3
OI0004475,O002754,P097,2,20.46,40.92
OI0004476,O002754,P035,2,23.65,47.3
OI0004477,O002755,P097,1,20.46,20.46
OI0004478,O002756,P047,1,23.25,23.25
OI0004479,O002757,P115,1,42.04,42.04
OI0004480,O002758,P060,1,41.59,41.59
OI0004481,O002758,P115,1,42.04,42.04
OI0004482,O002759,P083,1,30.7,30.7
OI0004483,O002760,P052,2,44.73,89.46
OI0004484,O002760,P012,1,51.32,51.32
OI0004485,O002760,P003,1,36.05,36.05
OI0004486,O002761,P118,1,22.9,22.9
OI0004487,O002762,P018,3,12.14,36.42
OI0004488,O002763,P014,1,102.77,102.77
OI0004489,O002764,P120,1,46.49,46.49
OI0004490,O002764,P029,1,25.98,25.98
OI0004491,O002764,P040,1,40.11,40.11
OI0004492,O002765,P011,1,39.95,39.95
OI0004493,O002766,P030,2,57.05,114.1
OI0004494,O002767,P038,1,64.8,64.8
OI0004495,O002768,P050,1,19.41,19.41
OI0004496,O002769,P038,1,64.8,64.8
OI0004497,O002770,P103,1,65.04,65.04
OI0004498,O002771,P089,1,26.52,26.52
OI0004499,O002772,P081,1,22.73,22.73
OI0004500,O002772,P099,3,46.77,140.31
OI0004501,O002773,P078,1,34.46,34.46
OI0004502,O002773,P008,1,46.52,46.52
OI0004503,O002773,P103,3,65.04,195.12
OI0004504,O002774,P031,1,32.22,32.22
OI0004505,O002775,P098,1,57.37,57.37
OI0004506,O002775,P064,2,16.79,33.58
OI0004507,O002776,P055,1,69.18,69.18
OI0004508,O002777,P069,1,24.0,24.0
OI0004509,O002778,P073,1,45.97,45.97
OI0004510,O002779,P020,1,30.3,30.3
OI0004511,O002779,P070,1,47.52,47.52
OI0004512,O002780,P030,1,57.05,57.05
OI0004513,O002781,P072,1,14.56,14.56
OI0004514,O002782,P009,1,37.92,37.92
OI0004515,O002783,P042,2,41.11,82.22
OI0004516,O002784,P095,1,69.05,69.05
OI0004517,O002784,P008,1,46.52,46.52
OI0004518,O002784,P068,1,29.23,29.23
OI0004519,O002785,P029,1,25.98,25.98
OI0004520,O002785,P108,1,34.32,34.32
OI0004521,O002786,P031,1,32.22,32.22
OI0004522,O002787,P043,1,23.06,23.06
OI0004523,O002788,P028,1,129.35,129.35
OI0004524,O002789,P097,1,20.46,20.46
OI0004525,O002790,P112,1,35.49,35.49
OI0004526,O002791,P041,1,25.86,25.86
OI0004527,O002791,P006,1,132.21,132.21
OI0004528,O002792,P106,1,47.23,47.23
OI0004529,O002792,P022,1,43.57,43.57
OI0004530,O002793,P084,1,30.69,30.69
OI0004531,O002794,P014,1,102.77,102.77
OI0004532,O002795,P043,1,23.06,23.06
OI0004533,O002796,P089,1,26.52,26.52
OI0004534,O002796,P083,1,30.7,30.7
OI0004535,O002797,P088,1,28.36,28.36
OI0004536,O002798,P113,1,35.73,35.73
OI0004537,O002799,P105,1,73.93,73.93
OI0004538,O002799,P110,1,82.9,82.9
OI0004539,O002799,P107,1,52.87,52.87
OI0004540,O002800,P079,1,23.65,23.65
OI0004541,O002801,P046,1,38.99,38.99
OI0004542,O002801,P118,1,22.9,22.9
OI0004543,O002802,P090,1,55.52,55.52
OI0004544,O002802,P110,2,82.9,165.8
OI0004545,O002803,P014,1,102.77,102.77
OI0004546,O002804,P062,1,53.16,53.16
OI0004547,O002805,P106,1,47.23,47.23
OI0004548,O002805,P110,1,82.9,82.9
OI0004549,O002806,P042,3,41.11,123.33
OI0004550,O002807,P111,1,29.11,29.11
OI0004551,O002808,P057,3,112.54,337.62
OI0004552,O002809,P025,1,37.52,37.52
OI0004553,O002810,P094,1,17.7,17.7
OI0004554,O002811,P002,1,30.14,30.14
OI0004555,O002811,P034,2,35.52,71.04
OI0004556,O002812,P117,1,27.82,27.82
OI0004557,O002813,P082,2,34.81,69.62
OI0004558,O002814,P118,1,22.9,22.9
OI0004559,O002815,P097,1,20.46,20.46
OI0004560,O002815,P001,1,66.04,66.04
OI0004561,O002815,P048,2,37.04,74.08
OI0004562,O002816,P103,1,65.04,65.04
OI0004563,O002816,P057,1,112.54,112.54
OI0004564,O002817,P038,3,64.8,194.4
OI0004565,O002818,P101,1,43.91,43.91
OI0004566,O002819,P073,1,45.97,45.97
OI0004567,O002819,P005,1,49.25,49.25
OI0004568,O002820,P070,1,47.52,47.52
OI0004569,O002821,P059,2,68.57,137.14
OI0004570,O002822,P098,1,57.37,57.37
OI0004571,O002822,P033,1,87.02,87.02
OI0004572,O002822,P074,1,32.9,32.9
OI0004573,O002823,P077,1,144.76,144.76
OI0004574,O002824,P057,1,112.54,112.54
OI0004575,O002825,P039,1,31.96,31.96
OI0004576,O002825,P002,1,30.14,30.14
OI0004577,O002826,P028,1,129.35,129.35
OI0004578,O002827,P030,2,57.05,114.1
OI0004579,O002828,P012,1,51.32,51.32
OI0004580,O002829,P055,1,69.18,69.18
OI0004581,O002830,P057,1,112.54,112.54
OI0004582,O002831,P003,1,36.05,36.05
OI0004583,O002831,P058,2,47.56,95.12
OI0004584,O002832,P089,2,26.52,53.04
OI0004585,O002833,P113,3,35.73,107.19
OI0004586,O002834,P083,1,30.7,30.7
OI0004587,O002835,P068,2,29.23,58.46
OI0004588,O002836,P014,3,102.77,308.31
OI0004589,O002837,P027,1,12.05,12.05
OI0004590,O002838,P047,1,23.25,23.25
OI0004591,O002839,P009,1,37.92,37.92
OI0004592,O002840,P047,1,23.25,23.25
OI0004593,O002841,P089,1,26.52,26.52
OI0004594,O002841,P073,1,45.97,45.97
OI0004595,O002841,P120,1,46.49,46.49
OI0004596,O002842,P119,1,34.08,34.08
OI0004597,O002843,P073,1,45.97,45.97
OI0004598,O002844,P115,1,42.04,42.04
OI0004599,O002845,P031,1,32.22,32.22
OI0004600,O002845,P058,1,47.56,47.56
OI0004601,O002845,P041,1,25.86,25.86
OI0004602,O002846,P031,1,32.22,32.22
OI0004603,O002846,P003,1,36.05,36.05
OI0004604,O002847,P045,1,30.38,30.38
OI0004605,O002847,P042,1,41.11,41.11
OI0004606,O002848,P057,1,112.54,112.54
OI0004607,O002848,P003,1,36.05,36.05
OI0004608,O002848,P019,2,13.12,26.24
OI0004609,O002848,P105,1,73.93,73.93
OI0004610,O002849,P036,1,16.55,16.55
OI0004611,O002850,P061,1,33.13,33.13
OI0004612,O002851,P093,1,45.3,45.3
OI0004613,O002852,P024,1,84.49,84.49
OI0004614,O002853,P027,1,12.05,12.05
OI0004615,O002853,P007,1,39.99,39.99
OI0004616,O002853,P116,1,38.35,38.35
OI0004617,O002854,P098,1,57.37,57.37
OI0004618,O002855,P120,1,46.49,46.49
OI0004619,O002856,P044,1,63.71,63.71
OI0004620,O002856,P084,1,30.69,30.69
OI0004621,O002857,P051,1,11.22,11.22
OI0004622,O002858,P030,1,57.05,57.05
OI0004623,O002859,P108,2,34.32,68.64
OI0004624,O002860,P120,3,46.49,139.47
OI0004625,O002861,P080,1,64.69,64.69
OI0004626,O002862,P102,1,56.61,56.61
OI0004627,O002863,P117,1,27.82,27.82
OI0004628,O002863,P104,2,44.1,88.2
OI0004629,O002864,P003,1,36.05,36.05
OI0004630,O002865,P064,1,16.79,16.79
OI0004631,O002865,P107,1,52.87,52.87
OI0004632,O002866,P019,3,13.12,39.36
OI0004633,O002867,P099,1,46.77,46.77
OI0004634,O002867,P017,1,18.94,18.94
OI0004635,O002868,P093,1,45.3,45.3
OI0004636,O002869,P068,2,29.23,58.46
OI0004637,O002870,P084,1,30.69,30.69
OI0004638,O002871,P007,1,39.99,39.99
OI0004639,O002872,P004,1,66.5,66.5
OI0004640,O002873,P075,3,44.36,133.08
OI0004641,O002873,P065,1,41.82,41.82
OI0004642,O002873,P034,1,35.52,35.52
OI0004643,O002873,P072,1,14.56,14.56
OI0004644,O002874,P063,1,28.7,28.7
OI0004645,O002874,P054,1,53.62,53.62
OI0004646,O002875,P049,1,42.57,42.57
OI0004647,O002876,P081,1,22.73,22.73
OI0004648,O002877,P089,1,26.52,26.52
OI0004649,O002878,P032,1,17.4,17.4
OI0004650,O002879,P028,1,129.35,129.35
OI0004651,O002880,P065,1,41.82,41.82
OI0004652,O002880,P099,1,46.77,46.77
OI0004653,O002880,P117,3,27.82,83.46
OI0004654,O002881,P038,1,64.8,64.8
OI0004655,O002881,P081,1,22.73,22.73
OI0004656,O002882,P035,1,23.65,23.65
OI0004657,O002882,P052,1,44.73,44.73
OI0004658,O002882,P105,1,73.93,73.93
OI0004659,O002883,P028,1,129.35,129.35
OI0004660,O002884,P006,1,132.21,132.21
OI0004661,O002885,P031,1,32.22,32.22
OI0004662,O002885,P091,1,37.89,37.89
OI0004663,O002886,P003,1,36.05,36.05
OI0004664,O002886,P035,1,23.65,23.65
OI0004665,O002887,P029,1,25.98,25.98
OI0004666,O002887,P049,1,42.57,42.57
OI0004667,O002887,P011,1,39.95,39.95
OI0004668,O002888,P100,1,26.88,26.88
OI0004669,O002888,P016,1,59.7,59.7
OI0004670,O002888,P113,1,35.73,35.73
OI0004671,O002889,P024,1,84.49,84.49
OI0004672,O002890,P079,1,23.65,23.65
OI0004673,O002891,P056,1,18.69,18.69
OI0004674,O002892,P104,1,44.1,44.1
OI0004675,O002893,P090,1,55.52,55.52
OI0004676,O002893,P014,1,102.77,102.77
OI0004677,O002893,P115,1,42.04,42.04
OI0004678,O002894,P065,2,41.82,83.64
OI0004679,O002895,P076,1,38.28,38.28
OI0004680,O002895,P090,1,55.52,55.52
OI0004681,O002896,P110,1,82.9,82.9
OI0004682,O002897,P075,1,44.36,44.36
OI0004683,O002897,P068,1,29.23,29.23
OI0004684,O002898,P080,1,64.69,64.69
OI0004685,O002899,P051,1,11.22,11.22
OI0004686,O002899,P069,1,24.0,24.0
OI0004687,O002899,P060,1,41.59,41.59
OI0004688,O002899,P091,1,37.89,37.89
OI0004689,O002900,P093,2,45.3,90.6
OI0004690,O002901,P100,1,26.88,26.88
OI0004691,O002902,P029,1,25.98,25.98
OI0004692,O002903,P010,1,44.59,44.59
OI0004693,O002903,P112,1,35.49,35.49
OI0004694,O002904,P008,1,46.52,46.52
OI0004695,O002905,P096,1,86.58,86.58
OI0004696,O002906,P010,2,44.59,89.18
OI0004697,O002906,P029,1,25.98,25.98
OI0004698,O002907,P039,2,31.96,63.92
OI0004699,O002908,P025,1,37.52,37.52
OI0004700,O002909,P046,1,38.99,38.99
OI0004701,O002910,P025,1,37.52,37.52
OI0004702,O002911,P102,1,56.61,56.61
OI0004703,O002912,P058,1,47.56,47.56
OI0004704,O002912,P048,2,37.04,74.08
OI0004705,O002912,P071,1,141.44,141.44
OI0004706,O002912,P080,1,64.69,64.69
OI0004707,O002913,P092,1,58.39,58.39
OI0004708,O002913,P022,2,43.57,87.14
OI0004709,O002913,P045,1,30.38,30.38
OI0004710,O002914,P082,1,34.81,34.81
OI0004711,O002914,P065,1,41.82,41.82
OI0004712,O002915,P018,1,12.14,12.14
OI0004713,O002915,P109,1,81.27,81.27
OI0004714,O002915,P065,1,41.82,41.82
OI0004715,O002915,P017,1,18.94,18.94
OI0004716,O002916,P030,1,57.05,57.05
OI0004717,O002916,P055,1,69.18,69.18
OI0004718,O002917,P026,3,27.66,82.98
OI0004719,O002917,P066,1,34.67,34.67
OI0004720,O002917,P073,1,45.97,45.97
OI0004721,O002918,P072,1,14.56,14.56
OI0004722,O002919,P049,3,42.57,127.71
OI0004723,O002919,P026,1,27.66,27.66
OI0004724,O002920,P017,1,18.94,18.94
OI0004725,O002921,P061,1,33.13,33.13
OI0004726,O002922,P008,1,46.52,46.52
OI0004727,O002922,P023,1,54.75,54.75
OI0004728,O002923,P012,1,51.32,51.32
OI0004729,O002924,P075,1,44.36,44.36
OI0004730,O002925,P049,1,42.57,42.57
OI0004731,O002926,P035,1,23.65,23.65
OI0004732,O002927,P008,1,46.52,46.52
OI0004733,O002927,P110,1,82.9,82.9
OI0004734,O002928,P047,2,23.25,46.5
OI0004735,O002928,P021,1,51.23,51.23
OI0004736,O002929,P116,1,38.35,38.35
OI0004737,O002929,P070,2,47.52,95.04
OI0004738,O002929,P104,1,44.1,44.1
OI0004739,O002929,P084,1,30.69,30.69
OI0004740,O002930,P117,1,27.82,27.82
OI0004741,O002931,P031,1,32.22,32.22
OI0004742,O002932,P014,1,102.77,102.77
OI0004743,O002932,P113,1,35.73,35.73
OI0004744,O002933,P114,3,27.37,82.11
OI0004745,O002934,P082,1,34.81,34.81
OI0004746,O002935,P107,1,52.87,52.87
OI0004747,O002935,P069,1,24.0,24.0
OI0004748,O002935,P075,1,44.36,44.36
OI0004749,O002935,P030,1,57.05,57.05
OI0004750,O002936,P091,2,37.89,75.78
OI0004751,O002936,P095,1,69.05,69.05
OI0004752,O002937,P051,1,11.22,11.22
OI0004753,O002937,P036,1,16.55,16.55
OI0004754,O002937,P117,1,27.82,27.82
OI0004755,O002937,P084,1,30.69,30.69
OI0004756,O002938,P061,1,33.13,33.13
OI0004757,O002939,P015,2,31.17,62.34
OI0004758,O002940,P035,1,23.65,23.65
OI0004759,O002941,P036,1,16.55,16.55
OI0004760,O002942,P039,1,31.96,31.96
OI0004761,O002942,P023,1,54.75,54.75
OI0004762,O002943,P044,1,63.71,63.71
OI0004763,O002944,P040,1,40.11,40.11
OI0004764,O002945,P077,1,144.76,144.76
OI0004765,O002945,P064,1,16.79,16.79
OI0004766,O002945,P009,2,37.92,75.84
OI0004767,O002946,P102,1,56.61,56.61
OI0004768,O002947,P052,1,44.73,44.73
OI0004769,O002948,P105,1,73.93,73.93
OI0004770,O002949,P090,1,55.52,55.52
OI0004771,O002950,P060,1,41.59,41.59
OI0004772,O002950,P017,1,18.94,18.94
OI0004773,O002950,P026,1,27.66,27.66
OI0004774,O002950,P064,1,16.79,16.79
OI0004775,O002951,P021,1,51.23,51.23
OI0004776,O002952,P087,1,29.25,29.25
OI0004777,O002952,P041,1,25.86,25.86
OI0004778,O002952,P013,1,12.37,12.37
OI0004779,O002953,P002,1,30.14,30.14
OI0004780,O002954,P050,1,19.41,19.41
OI0004781,O002955,P110,1,82.9,82.9
OI0004782,O002956,P078,1,34.46,34.46
OI0004783,O002957,P057,1,112.54,112.54
OI0004784,O002958,P074,1,32.9,32.9
OI0004785,O002958,P026,1,27.66,27.66
OI0004786,O002958,P073,1,45.97,45.97
OI0004787,O002958,P016,2,59.7,119.4
OI0004788,O002959,P003,1,36.05,36.05
OI0004789,O002959,P032,1,17.4,17.4
OI0004790,O002960,P104,1,44.1,44.1
OI0004791,O002960,P036,2,16.55,33.1
OI0004792,O002960,P108,2,34.32,68.64
OI0004793,O002960,P063,1,28.7,28.7
OI0004794,O002961,P013,1,12.37,12.37
OI0004795,O002962,P018,1,12.14,12.14
OI0004796,O002963,P101,1,43.91,43.91
OI0004797,O002963,P049,1,42.57,42.57
OI0004798,O002964,P068,1,29.23,29.23
OI0004799,O002965,P080,1,64.69,64.69
OI0004800,O002965,P033,1,87.02,87.02
OI0004801,O002966,P114,2,27.37,54.74
OI0004802,O002966,P104,1,44.1,44.1
OI0004803,O002966,P090,3,55.52,166.56
OI0004804,O002967,P043,1,23.06,23.06
OI0004805,O002968,P109,2,81.27,162.54
OI0004806,O002969,P038,1,64.8,64.8
OI0004807,O002970,P033,1,87.02,87.02
OI0004808,O002971,P035,1,23.65,23.65
OI0004809,O002972,P043,1,23.06,23.06
OI0004810,O002973,P055,2,69.18,138.36
OI0004811,O002973,P084,1,30.69,30.69
OI0004812,O002973,P115,3,42.04,126.12
OI0004813,O002973,P112,1,35.49,35.49
OI0004814,O002974,P086,3,80.82,242.46
OI0004815,O002975,P024,1,84.49,84.49
OI0004816,O002975,P058,1,47.56,47.56
OI0004817,O002976,P029,1,25.98,25.98
OI0004818,O002976,P067,2,46.95,93.9
OI0004819,O002977,P113,1,35.73,35.73
OI0004820,O002977,P070,1,47.52,47.52
OI0004821,O002977,P024,1,84.49,84.49
OI0004822,O002978,P047,2,23.25,46.5
OI0004823,O002978,P071,2,141.44,282.88
OI0004824,O002979,P022,1,43.57,43.57
OI0004825,O002979,P056,1,18.69,18.69
OI0004826,O002980,P107,1,52.87,52.87
OI0004827,O002981,P030,1,57.05,57.05
OI0004828,O002981,P069,1,24.0,24.0
OI0004829,O002981,P119,1,34.08,34.08
OI0004830,O002982,P036,1,16.55,16.55
OI0004831,O002983,P055,1,69.18,69.18
OI0004832,O002983,P087,2,29.25,58.5
OI0004833,O002983,P003,2,36.05,72.1
OI0004834,O002983,P069,1,24.0,24.0
OI0004835,O002984,P080,1,64.69,64.69
OI0004836,O002984,P006,1,132.21,132.21
OI0004837,O002985,P095,1,69.05,69.05
OI0004838,O002986,P053,1,40.97,40.97
OI0004839,O002987,P036,1,16.55,16.55
OI0004840,O002988,P024,1,84.49,84.49
OI0004841,O002989,P100,1,26.88,26.88
OI0004842,O002989,P103,1,65.04,65.04
OI0004843,O002989,P119,1,34.08,34.08
OI0004844,O002989,P107,1,52.87,52.87
OI0004845,O002990,P118,3,22.9,68.7
OI0004846,O002991,P016,1,59.7,59.7
OI0004847,O002992,P042,2,41.11,82.22
OI0004848,O002993,P064,1,16.79,16.79
OI0004849,O002994,P117,1,27.82,27.82
OI0004850,O002995,P071,1,141.44,141.44
OI0004851,O002995,P059,1,68.57,68.57
OI0004852,O002995,P117,1,27.82,27.82
OI0004853,O002996,P107,1,52.87,52.87
OI0004854,O002996,P119,1,34.08,34.08
OI0004855,O002996,P070,1,47.52,47.52
OI0004856,O002997,P078,1,34.46,34.46
OI0004857,O002998,P060,1,41.59,41.59
OI0004858,O002998,P022,1,43.57,43.57
OI0004859,O002999,P082,1,34.81,34.81
OI0004860,O002999,P098,1,57.37,57.37
OI0004861,O003000,P073,1,45.97,45.97
OI0004862,O003001,P025,1,37.52,37.52
OI0004863,O003002,P097,1,20.46,20.46
OI0004864,O003002,P020,2,30.3,60.6
OI0004865,O003002,P008,1,46.52,46.52
OI0004866,O003003,P113,1,35.73,35.73
OI0004867,O003004,P051,1,11.22,11.22
OI0004868,O003005,P057,1,112.54,112.54
OI0004869,O003005,P101,1,43.91,43.91
OI0004870,O003006,P015,2,31.17,62.34
OI0004871,O003006,P013,1,12.37,12.37
OI0004872,O003007,P062,1,53.16,53.16
OI0004873,O003008,P037,2,33.58,67.16
OI0004874,O003009,P118,1,22.9,22.9
OI0004875,O003009,P052,1,44.73,44.73
OI0004876,O003009,P101,1,43.91,43.91
OI0004877,O003010,P100,1,26.88,26.88
OI0004878,O003011,P045,1,30.38,30.38
OI0004879,O003011,P096,1,86.58,86.58
OI0004880,O003012,P080,1,64.69,64.69
OI0004881,O003012,P086,1,80.82,80.82
OI0004882,O003012,P113,1,35.73,35.73
OI0004883,O003012,P108,2,34.32,68.64
OI0004884,O003013,P072,1,14.56,14.56
OI0004885,O003013,P117,1,27.82,27.82
OI0004886,O003014,P017,2,18.94,37.88
OI0004887,O003015,P039,1,31.96,31.96
OI0004888,O003015,P084,1,30.69,30.69
OI0004889,O003016,P075,1,44.36,44.36
OI0004890,O003016,P080,3,64.69,194.07
OI0004891,O003016,P088,1,28.36,28.36
OI0004892,O003016,P115,1,42.04,42.04
OI0004893,O003017,P002,1,30.14,30.14
OI0004894,O003017,P054,1,53.62,53.62
OI0004895,O003018,P089,1,26.52,26.52
OI0004896,O003018,P097,1,20.46,20.46
OI0004897,O003018,P080,1,64.69,64.69
OI0004898,O003019,P108,1,34.32,34.32
OI0004899,O003019,P014,1,102.77,102.77
OI0004900,O003020,P043,1,23.06,23.06
OI0004901,O003021,P030,2,57.05,114.1
OI0004902,O003022,P093,1,45.3,45.3
OI0004903,O003023,P059,2,68.57,137.14
OI0004904,O003024,P087,1,29.25,29.25
OI0004905,O003024,P082,1,34.81,34.81
OI0004906,O003025,P055,3,69.18,207.54
OI0004907,O003025,P120,1,46.49,46.49
OI0004908,O003025,P006,2,132.21,264.42
OI0004909,O003026,P034,1,35.52,35.52
OI0004910,O003027,P049,1,42.57,42.57
OI0004911,O003028,P057,1,112.54,112.54
OI0004912,O003028,P117,2,27.82,55.64
OI0004913,O003028,P027,1,12.05,12.05
OI0004914,O003029,P075,2,44.36,88.72
OI0004915,O003030,P057,1,112.54,112.54
OI0004916,O003031,P066,1,34.67,34.67
OI0004917,O003031,P115,1,42.04,42.04
OI0004918,O003031,P008,1,46.52,46.52
OI0004919,O003031,P041,1,25.86,25.86
OI0004920,O003032,P074,1,32.9,32.9
OI0004921,O003033,P016,1,59.7,59.7
OI0004922,O003033,P072,1,14.56,14.56
OI0004923,O003034,P063,1,28.7,28.7
OI0004924,O003035,P027,1,12.05,12.05
OI0004925,O003035,P037,1,33.58,33.58
OI0004926,O003036,P047,2,23.25,46.5
OI0004927,O003037,P017,1,18.94,18.94
OI0004928,O003038,P064,1,16.79,16.79
OI0004929,O003038,P086,2,80.82,161.64
OI0004930,O003038,P050,1,19.41,19.41
OI0004931,O003039,P114,2,27.37,54.74
OI0004932,O003040,P082,1,34.81,34.81
OI0004933,O003041,P033,2,87.02,174.04
OI0004934,O003042,P079,1,23.65,23.65
OI0004935,O003043,P091,1,37.89,37.89
OI0004936,O003043,P047,1,23.25,23.25
OI0004937,O003044,P029,2,25.98,51.96
OI0004938,O003045,P077,1,144.76,144.76
OI0004939,O003045,P092,1,58.39,58.39
OI0004940,O003046,P043,1,23.06,23.06
OI0004941,O003047,P040,1,40.11,40.11
OI0004942,O003048,P095,1,69.05,69.05
OI0004943,O003048,P105,2,73.93,147.86
OI0004944,O003048,P017,1,18.94,18.94
OI0004945,O003049,P057,1,112.54,112.54
OI0004946,O003049,P046,1,38.99,38.99
OI0004947,O003050,P020,1,30.3,30.3
OI0004948,O003051,P020,1,30.3,30.3
OI0004949,O003051,P035,1,23.65,23.65
OI0004950,O003051,P096,1,86.58,86.58
OI0004951,O003051,P031,1,32.22,32.22
OI0004952,O003052,P048,1,37.04,37.04
OI0004953,O003052,P012,1,51.32,51.32
OI0004954,O003052,P119,1,34.08,34.08
OI0004955,O003053,P115,2,42.04,84.08
OI0004956,O003054,P044,1,63.71,63.71
OI0004957,O003055,P045,1,30.38,30.38
OI0004958,O003056,P070,1,47.52,47.52
OI0004959,O003057,P094,1,17.7,17.7
OI0004960,O003058,P068,1,29.23,29.23
OI0004961,O003059,P041,1,25.86,25.86
OI0004962,O003060,P089,3,26.52,79.56
OI0004963,O003060,P082,1,34.81,34.81
OI0004964,O003061,P030,1,57.05,57.05
OI0004965,O003061,P078,1,34.46,34.46
OI0004966,O003062,P087,1,29.25,29.25
OI0004967,O003063,P119,2,34.08,68.16
OI0004968,O003064,P080,2,64.69,129.38
OI0004969,O003065,P084,1,30.69,30.69
OI0004970,O003066,P103,1,65.04,65.04
OI0004971,O003066,P053,1,40.97,40.97
OI0004972,O003067,P033,1,87.02,87.02
OI0004973,O003067,P037,1,33.58,33.58
OI0004974,O003068,P114,1,27.37,27.37
OI0004975,O003069,P051,2,11.22,22.44
OI0004976,O003069,P005,1,49.25,49.25
OI0004977,O003069,P089,1,26.52,26.52
OI0004978,O003069,P066,1,34.67,34.67
OI0004979,O003070,P007,1,39.99,39.99
OI0004980,O003071,P007,1,39.99,39.99
OI0004981,O003072,P003,1,36.05,36.05
OI0004982,O003073,P022,2,43.57,87.14
OI0004983,O003074,P086,1,80.82,80.82
OI0004984,O003075,P082,1,34.81,34.81
OI0004985,O003075,P037,1,33.58,33.58
OI0004986,O003076,P093,1,45.3,45.3
OI0004987,O003076,P120,1,46.49,46.49
OI0004988,O003076,P052,1,44.73,44.73
OI0004989,O003077,P050,1,19.41,19.41
OI0004990,O003078,P009,1,37.92,37.92
OI0004991,O003079,P065,1,41.82,41.82
OI0004992,O003080,P022,2,43.57,87.14
OI0004993,O003081,P063,1,28.7,28.7
OI0004994,O003081,P010,1,44.59,44.59
OI0004995,O003082,P043,1,23.06,23.06
OI0004996,O003083,P056,1,18.69,18.69
OI0004997,O003084,P093,2,45.3,90.6
OI0004998,O003085,P049,1,42.57,42.57
OI0004999,O003085,P098,1,57.37,57.37
OI0005000,O003086,P013,1,12.37,12.37
OI0005001,O003087,P005,1,49.25,49.25
OI0005002,O003087,P034,1,35.52,35.52
OI0005003,O003088,P055,1,69.18,69.18
OI0005004,O003089,P033,1,87.02,87.02
OI0005005,O003090,P101,1,43.91,43.91
OI0005006,O003090,P050,1,19.41,19.41
OI0005007,O003091,P035,2,23.65,47.3
OI0005008,O003091,P040,1,40.11,40.11
OI0005009,O003092,P045,1,30.38,30.38
OI0005010,O003093,P019,2,13.12,26.24
OI0005011,O003093,P071,1,141.44,141.44
OI0005012,O003093,P106,1,47.23,47.23
OI0005013,O003093,P065,1,41.82,41.82
OI0005014,O003094,P102,1,56.61,56.61
OI0005015,O003095,P045,1,30.38,30.38
OI0005016,O003095,P037,1,33.58,33.58
OI0005017,O003095,P111,1,29.11,29.11
OI0005018,O003096,P082,2,34.81,69.62
OI0005019,O003096,P095,2,69.05,138.1
OI0005020,O003096,P080,2,64.69,129.38
OI0005021,O003097,P100,2,26.88,53.76
OI0005022,O003097,P070,1,47.52,47.52
OI0005023,O003097,P056,2,18.69,37.38
OI0005024,O003098,P056,1,18.69,18.69
OI0005025,O003098,P029,2,25.98,51.96
OI0005026,O003099,P096,1,86.58,86.58
OI0005027,O003100,P078,1,34.46,34.46
OI0005028,O003100,P006,1,132.21,132.21
OI0005029,O003101,P078,1,34.46,34.46
OI0005030,O003102,P055,2,69.18,138.36
OI0005031,O003103,P058,1,47.56,47.56
OI0005032,O003103,P071,1,141.44,141.44
OI0005033,O003104,P022,1,43.57,43.57
OI0005034,O003104,P053,1,40.97,40.97
OI0005035,O003104,P046,1,38.99,38.99
OI0005036,O003104,P085,1,11.15,11.15
OI0005037,O003105,P091,1,37.89,37.89
OI0005038,O003106,P057,2,112.54,225.08
OI0005039,O003106,P061,2,33.13,66.26
OI0005040,O003107,P007,1,39.99,39.99
OI0005041,O003108,P063,1,28.7,28.7
OI0005042,O003109,P062,1,53.16,53.16
OI0005043,O003110,P031,1,32.22,32.22
OI0005044,O003111,P021,1,51.23,51.23
OI0005045,O003111,P017,1,18.94,18.94
OI0005046,O003111,P084,1,30.69,30.69
OI0005047,O003112,P115,1,42.04,42.04
OI0005048,O003112,P083,1,30.7,30.7
OI0005049,O003113,P119,1,34.08,34.08
OI0005050,O003113,P016,1,59.7,59.7
OI0005051,O003113,P111,2,29.11,58.22
OI0005052,O003113,P050,1,19.41,19.41
OI0005053,O003114,P080,1,64.69,64.69
OI0005054,O003115,P065,1,41.82,41.82
OI0005055,O003116,P069,1,24.0,24.0
OI0005056,O003116,P022,1,43.57,43.57
OI0005057,O003117,P054,1,53.62,53.62
OI0005058,O003117,P071,1,141.44,141.44
OI0005059,O003117,P059,1,68.57,68.57
OI0005060,O003118,P019,1,13.12,13.12
OI0005061,O003119,P083,2,30.7,61.4
OI0005062,O003120,P049,1,42.57,42.57
OI0005063,O003121,P097,1,20.46,20.46
OI0005064,O003121,P093,1,45.3,45.3
OI0005065,O003122,P086,2,80.82,161.64
OI0005066,O003122,P001,2,66.04,132.08
OI0005067,O003123,P035,1,23.65,23.65
OI0005068,O003123,P119,1,34.08,34.08
OI0005069,O003124,P024,1,84.49,84.49
OI0005070,O003124,P064,1,16.79,16.79
OI0005071,O003125,P045,2,30.38,60.76
OI0005072,O003125,P041,1,25.86,25.86
OI0005073,O003126,P114,1,27.37,27.37
OI0005074,O003127,P093,1,45.3,45.3
OI0005075,O003128,P030,1,57.05,57.05
OI0005076,O003128,P043,1,23.06,23.06
OI0005077,O003129,P079,1,23.65,23.65
OI0005078,O003130,P046,1,38.99,38.99
OI0005079,O003131,P083,1,30.7,30.7
OI0005080,O003132,P075,1,44.36,44.36
OI0005081,O003132,P115,1,42.04,42.04
OI0005082,O003133,P105,1,73.93,73.93
OI0005083,O003133,P021,1,51.23,51.23
OI0005084,O003134,P036,1,16.55,16.55
OI0005085,O003134,P004,1,66.5,66.5
OI0005086,O003135,P006,1,132.21,132.21
OI0005087,O003136,P051,1,11.22,11.22
OI0005088,O003136,P105,2,73.93,147.86
OI0005089,O003137,P107,1,52.87,52.87
OI0005090,O003137,P064,1,16.79,16.79
OI0005091,O003137,P055,1,69.18,69.18
OI0005092,O003138,P041,3,25.86,77.58
OI0005093,O003138,P065,1,41.82,41.82
OI0005094,O003138,P102,1,56.61,56.61
OI0005095,O003139,P098,1,57.37,57.37
OI0005096,O003140,P119,1,34.08,34.08
OI0005097,O003141,P113,1,35.73,35.73
OI0005098,O003141,P072,2,14.56,29.12
OI0005099,O003142,P005,1,49.25,49.25
OI0005100,O003143,P062,1,53.16,53.16
OI0005101,O003144,P046,1,38.99,38.99
OI0005102,O003144,P109,1,81.27,81.27
OI0005103,O003145,P096,1,86.58,86.58
OI0005104,O003146,P008,2,46.52,93.04
OI0005105,O003146,P117,2,27.82,55.64
OI0005106,O003147,P013,1,12.37,12.37
OI0005107,O003148,P082,1,34.81,34.81
OI0005108,O003148,P120,1,46.49,46.49
OI0005109,O003148,P075,1,44.36,44.36
OI0005110,O003149,P045,2,30.38,60.76
OI0005111,O003149,P044,1,63.71,63.71
OI0005112,O003150,P016,3,59.7,179.1
OI0005113,O003151,P002,1,30.14,30.14
OI0005114,O003152,P069,1,24.0,24.0
OI0005115,O003153,P018,1,12.14,12.14
OI0005116,O003154,P050,1,19.41,19.41
OI0005117,O003154,P076,1,38.28,38.28
OI0005118,O003155,P088,1,28.36,28.36
OI0005119,O003155,P101,1,43.91,43.91
OI0005120,O003155,P081,1,22.73,22.73
OI0005121,O003156,P018,1,12.14,12.14
OI0005122,O003156,P078,1,34.46,34.46
OI0005123,O003156,P080,1,64.69,64.69
OI0005124,O003157,P074,1,32.9,32.9
OI0005125,O003157,P040,1,40.11,40.11
OI0005126,O003158,P078,1,34.46,34.46
OI0005127,O003159,P024,2,84.49,168.98
OI0005128,O003159,P119,1,34.08,34.08
OI0005129,O003159,P034,1,35.52,35.52
OI0005130,O003160,P001,1,66.04,66.04
OI0005131,O003160,P087,1,29.25,29.25
OI0005132,O003160,P065,1,41.82,41.82
OI0005133,O003161,P010,1,44.59,44.59
OI0005134,O003161,P009,1,37.92,37.92
OI0005135,O003161,P067,1,46.95,46.95
OI0005136,O003162,P112,1,35.49,35.49
OI0005137,O003163,P107,1,52.87,52.87
OI0005138,O003164,P030,1,57.05,57.05
OI0005139,O003164,P023,2,54.75,109.5
OI0005140,O003165,P045,1,30.38,30.38
OI0005141,O003166,P083,1,30.7,30.7
OI0005142,O003167,P018,1,12.14,12.14
OI0005143,O003168,P025,1,37.52,37.52
OI0005144,O003169,P057,1,112.54,112.54
OI0005145,O003169,P068,1,29.23,29.23
OI0005146,O003169,P062,1,53.16,53.16
OI0005147,O003169,P055,1,69.18,69.18
OI0005148,O003170,P022,1,43.57,43.57
OI0005149,O003170,P049,1,42.57,42.57
OI0005150,O003171,P097,1,20.46,20.46
OI0005151,O003172,P097,1,20.46,20.46
OI0005152,O003173,P099,1,46.77,46.77
OI0005153,O003174,P089,1,26.52,26.52
OI0005154,O003174,P030,1,57.05,57.05
OI0005155,O003175,P096,1,86.58,86.58
OI0005156,O003175,P050,1,19.41,19.41
OI0005157,O003175,P020,1,30.3,30.3
OI0005158,O003176,P072,1,14.56,14.56
OI0005159,O003177,P036,1,16.55,16.55
OI0005160,O003178,P048,1,37.04,37.04
OI0005161,O003178,P097,3,20.46,61.38
OI0005162,O003179,P008,1,46.52,46.52
OI0005163,O003180,P008,1,46.52,46.52
OI0005164,O003181,P071,3,141.44,424.32
OI0005165,O003181,P117,2,27.82,55.64
OI0005166,O003182,P066,1,34.67,34.67
OI0005167,O003183,P093,1,45.3,45.3
OI0005168,O003184,P097,2,20.46,40.92
OI0005169,O003185,P036,2,16.55,33.1
OI0005170,O003186,P016,1,59.7,59.7
OI0005171,O003187,P113,1,35.73,35.73
OI0005172,O003188,P006,1,132.21,132.21
OI0005173,O003188,P076,1,38.28,38.28
OI0005174,O003189,P063,1,28.7,28.7
OI0005175,O003189,P066,2,34.67,69.34
OI0005176,O003190,P050,1,19.41,19.41
OI0005177,O003190,P112,1,35.49,35.49
OI0005178,O003191,P024,1,84.49,84.49
OI0005179,O003192,P041,1,25.86,25.86
OI0005180,O003193,P112,2,35.49,70.98
OI0005181,O003194,P081,1,22.73,22.73
OI0005182,O003194,P019,1,13.12,13.12
OI0005183,O003194,P012,1,51.32,51.32
OI0005184,O003195,P105,1,73.93,73.93
OI0005185,O003195,P063,1,28.7,28.7
OI0005186,O003195,P009,1,37.92,37.92
OI0005187,O003196,P097,1,20.46,20.46
OI0005188,O003197,P070,1,47.52,47.52
OI0005189,O003198,P042,1,41.11,41.11
OI0005190,O003199,P008,1,46.52,46.52
OI0005191,O003199,P099,1,46.77,46.77
OI0005192,O003199,P081,1,22.73,22.73
OI0005193,O003200,P097,2,20.46,40.92
OI0005194,O003200,P064,1,16.79,16.79
OI0005195,O003201,P003,2,36.05,72.1
OI0005196,O003202,P104,1,44.1,44.1
OI0005197,O003203,P093,1,45.3,45.3
OI0005198,O003204,P038,1,64.8,64.8
OI0005199,O003205,P065,1,41.82,41.82
OI0005200,O003205,P030,1,57.05,57.05
OI0005201,O003206,P047,1,23.25,23.25
OI0005202,O003207,P110,1,82.9,82.9
OI0005203,O003208,P045,1,30.38,30.38
OI0005204,O003208,P018,1,12.14,12.14
OI0005205,O003209,P036,1,16.55,16.55
OI0005206,O003210,P108,1,34.32,34.32
OI0005207,O003211,P114,1,27.37,27.37
OI0005208,O003212,P044,1,63.71,63.71
OI0005209,O003213,P117,1,27.82,27.82
OI0005210,O003213,P120,1,46.49,46.49
OI0005211,O003213,P082,1,34.81,34.81
OI0005212,O003213,P094,1,17.7,17.7
OI0005213,O003214,P034,1,35.52,35.52
OI0005214,O003214,P033,2,87.02,174.04
OI0005215,O003214,P076,1,38.28,38.28
OI0005216,O003214,P091,2,37.89,75.78
OI0005217,O003215,P048,1,37.04,37.04
OI0005218,O003215,P032,1,17.4,17.4
OI0005219,O003216,P057,1,112.54,112.54
OI0005220,O003217,P118,1,22.9,22.9
OI0005221,O003218,P045,1,30.38,30.38
OI0005222,O003219,P021,1,51.23,51.23
OI0005223,O003220,P002,3,30.14,90.42
OI0005224,O003221,P054,1,53.62,53.62
OI0005225,O003221,P056,1,18.69,18.69
OI0005226,O003222,P034,1,35.52,35.52
OI0005227,O003223,P064,1,16.79,16.79
OI0005228,O003223,P005,1,49.25,49.25
OI0005229,O003223,P100,2,26.88,53.76
OI0005230,O003224,P045,1,30.38,30.38
OI0005231,O003225,P086,1,80.82,80.82
OI0005232,O003225,P109,1,81.27,81.27
OI0005233,O003226,P072,1,14.56,14.56
OI0005234,O003227,P042,2,41.11,82.22
OI0005235,O003227,P034,1,35.52,35.52
OI0005236,O003228,P029,1,25.98,25.98
OI0005237,O003228,P012,2,51.32,102.64
OI0005238,O003229,P019,1,13.12,13.12
OI0005239,O003230,P119,2,34.08,68.16
OI0005240,O003230,P092,1,58.39,58.39
OI0005241,O003231,P036,1,16.55,16.55
OI0005242,O003231,P011,1,39.95,39.95
OI0005243,O003231,P085,1,11.15,11.15
OI0005244,O003231,P072,1,14.56,14.56
OI0005245,O003232,P060,1,41.59,41.59
OI0005246,O003233,P065,1,41.82,41.82
OI0005247,O003234,P088,1,28.36,28.36
OI0005248,O003235,P050,1,19.41,19.41
OI0005249,O003235,P100,1,26.88,26.88
OI0005250,O003236,P055,2,69.18,138.36
OI0005251,O003237,P061,1,33.13,33.13
OI0005252,O003238,P059,1,68.57,68.57
OI0005253,O003239,P054,1,53.62,53.62
OI0005254,O003240,P086,2,80.82,161.64
OI0005255,O003241,P092,2,58.39,116.78
OI0005256,O003242,P032,2,17.4,34.8
OI0005257,O003243,P065,1,41.82,41.82
OI0005258,O003244,P072,2,14.56,29.12
OI0005259,O003244,P024,1,84.49,84.49
OI0005260,O003245,P044,1,63.71,63.71
OI0005261,O003245,P110,2,82.9,165.8
OI0005262,O003246,P053,1,40.97,40.97
OI0005263,O003246,P044,1,63.71,63.71
OI0005264,O003246,P010,1,44.59,44.59
OI0005265,O003246,P110,1,82.9,82.9
OI0005266,O003247,P070,1,47.52,47.52
OI0005267,O003248,P001,1,66.04,66.04
OI0005268,O003249,P016,1,59.7,59.7
OI0005269,O003250,P099,1,46.77,46.77
OI0005270,O003251,P111,1,29.11,29.11
OI0005271,O003252,P104,1,44.1,44.1
OI0005272,O003252,P081,1,22.73,22.73
OI0005273,O003253,P034,1,35.52,35.52
OI0005274,O003254,P003,2,36.05,72.1
OI0005275,O003255,P031,1,32.22,32.22
OI0005276,O003256,P036,1,16.55,16.55
OI0005277,O003257,P113,1,35.73,35.73
OI0005278,O003258,P063,1,28.7,28.7
OI0005279,O003258,P070,1,47.52,47.52
OI0005280,O003259,P120,1,46.49,46.49
OI0005281,O003259,P027,1,12.05,12.05
OI0005282,O003260,P042,2,41.11,82.22
OI0005283,O003260,P111,1,29.11,29.11
OI0005284,O003260,P084,1,30.69,30.69
OI0005285,O003261,P099,1,46.77,46.77
OI0005286,O003262,P053,1,40.97,40.97
OI0005287,O003263,P090,1,55.52,55.52
OI0005288,O003263,P084,1,30.69,30.69
OI0005289,O003264,P094,1,17.7,17.7
OI0005290,O003265,P063,2,28.7,57.4
OI0005291,O003266,P079,2,23.65,47.3
OI0005292,O003267,P068,1,29.23,29.23
OI0005293,O003268,P032,1,17.4,17.4
OI0005294,O003269,P003,1,36.05,36.05
OI0005295,O003269,P118,1,22.9,22.9
OI0005296,O003270,P054,1,53.62,53.62
OI0005297,O003271,P103,2,65.04,130.08
OI0005298,O003271,P063,2,28.7,57.4
OI0005299,O003272,P052,1,44.73,44.73
OI0005300,O003273,P071,1,141.44,141.44
OI0005301,O003274,P072,2,14.56,29.12
OI0005302,O003275,P103,1,65.04,65.04
OI0005303,O003276,P053,1,40.97,40.97
OI0005304,O003277,P033,2,87.02,174.04
OI0005305,O003278,P014,1,102.77,102.77
OI0005306,O003278,P067,1,46.95,46.95
OI0005307,O003278,P033,1,87.02,87.02
OI0005308,O003279,P106,1,47.23,47.23
OI0005309,O003280,P119,1,34.08,34.08
OI0005310,O003281,P095,1,69.05,69.05
OI0005311,O003282,P117,1,27.82,27.82
OI0005312,O003283,P052,3,44.73,134.19
OI0005313,O003283,P070,1,47.52,47.52
OI0005314,O003284,P003,1,36.05,36.05
OI0005315,O003284,P054,1,53.62,53.62
OI0005316,O003285,P065,1,41.82,41.82
OI0005317,O003286,P057,1,112.54,112.54
OI0005318,O003287,P001,1,66.04,66.04
OI0005319,O003288,P010,3,44.59,133.77
OI0005320,O003289,P049,1,42.57,42.57
OI0005321,O003290,P033,1,87.02,87.02
OI0005322,O003291,P090,1,55.52,55.52
OI0005323,O003291,P113,1,35.73,35.73
OI0005324,O003292,P104,1,44.1,44.1
OI0005325,O003293,P079,1,23.65,23.65
OI0005326,O003293,P120,1,46.49,46.49
OI0005327,O003294,P024,1,84.49,84.49
OI0005328,O003295,P031,1,32.22,32.22
OI0005329,O003295,P059,1,68.57,68.57
OI0005330,O003295,P075,2,44.36,88.72
OI0005331,O003295,P052,1,44.73,44.73
OI0005332,O003296,P056,1,18.69,18.69
OI0005333,O003297,P068,1,29.23,29.23
OI0005334,O003297,P042,2,41.11,82.22
OI0005335,O003298,P015,1,31.17,31.17
OI0005336,O003299,P070,2,47.52,95.04
OI0005337,O003299,P030,1,57.05,57.05
OI0005338,O003300,P026,1,27.66,27.66
OI0005339,O003301,P033,3,87.02,261.06
OI0005340,O003302,P111,1,29.11,29.11
OI0005341,O003303,P049,2,42.57,85.14
OI0005342,O003304,P027,1,12.05,12.05
OI0005343,O003304,P086,1,80.82,80.82
OI0005344,O003305,P012,1,51.32,51.32
OI0005345,O003306,P084,1,30.69,30.69
OI0005346,O003307,P038,1,64.8,64.8
OI0005347,O003307,P007,1,39.99,39.99
OI0005348,O003307,P035,1,23.65,23.65
OI0005349,O003308,P102,1,56.61,56.61
OI0005350,O003308,P043,1,23.06,23.06
OI0005351,O003308,P103,1,65.04,65.04
OI0005352,O003309,P012,1,51.32,51.32
OI0005353,O003309,P010,1,44.59,44.59
OI0005354,O003310,P090,1,55.52,55.52
OI0005355,O003311,P084,1,30.69,30.69
OI0005356,O003311,P113,1,35.73,35.73
OI0005357,O003312,P002,1,30.14,30.14
OI0005358,O003313,P028,1,129.35,129.35
OI0005359,O003314,P034,1,35.52,35.52
OI0005360,O003315,P054,1,53.62,53.62
OI0005361,O003316,P051,1,11.22,11.22
OI0005362,O003317,P047,1,23.25,23.25
OI0005363,O003318,P103,1,65.04,65.04
OI0005364,O003318,P093,1,45.3,45.3
OI0005365,O003319,P076,1,38.28,38.28
OI0005366,O003320,P046,1,38.99,38.99
OI0005367,O003320,P019,1,13.12,13.12
OI0005368,O003320,P104,1,44.1,44.1
OI0005369,O003321,P021,1,51.23,51.23
OI0005370,O003322,P029,1,25.98,25.98
OI0005371,O003323,P005,1,49.25,49.25
OI0005372,O003324,P055,1,69.18,69.18
OI0005373,O003325,P056,2,18.69,37.38
OI0005374,O003326,P098,1,57.37,57.37
OI0005375,O003326,P078,1,34.46,34.46
OI0005376,O003326,P009,1,37.92,37.92
OI0005377,O003327,P077,1,144.76,144.76
OI0005378,O003328,P059,1,68.57,68.57
OI0005379,O003329,P114,1,27.37,27.37
OI0005380,O003330,P013,1,12.37,12.37
OI0005381,O003331,P117,2,27.82,55.64
OI0005382,O003331,P061,1,33.13,33.13
OI0005383,O003332,P024,1,84.49,84.49
OI0005384,O003333,P110,1,82.9,82.9
OI0005385,O003333,P057,1,112.54,112.54
OI0005386,O003334,P089,1,26.52,26.52
OI0005387,O003334,P020,1,30.3,30.3
OI0005388,O003335,P063,1,28.7,28.7
OI0005389,O003336,P084,1,30.69,30.69
OI0005390,O003336,P031,1,32.22,32.22
OI0005391,O003337,P106,1,47.23,47.23
OI0005392,O003338,P067,1,46.95,46.95
OI0005393,O003338,P002,1,30.14,30.14
OI0005394,O003339,P009,1,37.92,37.92
OI0005395,O003339,P050,1,19.41,19.41
OI0005396,O003339,P091,1,37.89,37.89
OI0005397,O003340,P014,1,102.77,102.77
OI0005398,O003340,P109,1,81.27,81.27
OI0005399,O003340,P108,2,34.32,68.64
OI0005400,O003341,P081,2,22.73,45.46
OI0005401,O003341,P100,1,26.88,26.88
OI0005402,O003341,P116,1,38.35,38.35
OI0005403,O003342,P118,1,22.9,22.9
OI0005404,O003343,P060,1,41.59,41.59
OI0005405,O003343,P066,1,34.67,34.67
OI0005406,O003344,P031,1,32.22,32.22
OI0005407,O003345,P095,1,69.05,69.05
OI0005408,O003346,P116,1,38.35,38.35
OI0005409,O003347,P120,1,46.49,46.49
OI0005410,O003347,P015,1,31.17,31.17
OI0005411,O003347,P034,1,35.52,35.52
OI0005412,O003348,P050,1,19.41,19.41
OI0005413,O003349,P117,1,27.82,27.82
OI0005414,O003350,P120,1,46.49,46.49
OI0005415,O003351,P038,1,64.8,64.8
OI0005416,O003352,P090,1,55.52,55.52
OI0005417,O003352,P107,1,52.87,52.87
OI0005418,O003353,P119,1,34.08,34.08
OI0005419,O003354,P106,1,47.23,47.23
OI0005420,O003355,P038,2,64.8,129.6
OI0005421,O003356,P020,2,30.3,60.6
OI0005422,O003357,P002,2,30.14,60.28
OI0005423,O003358,P100,1,26.88,26.88
OI0005424,O003358,P109,1,81.27,81.27
OI0005425,O003359,P117,2,27.82,55.64
OI0005426,O003359,P099,2,46.77,93.54
OI0005427,O003360,P065,1,41.82,41.82
OI0005428,O003360,P002,1,30.14,30.14
OI0005429,O003361,P019,1,13.12,13.12
OI0005430,O003362,P102,1,56.61,56.61
OI0005431,O003363,P034,1,35.52,35.52
OI0005432,O003363,P101,1,43.91,43.91
OI0005433,O003363,P103,1,65.04,65.04
OI0005434,O003364,P032,1,17.4,17.4
OI0005435,O003364,P119,1,34.08,34.08
OI0005436,O003365,P089,1,26.52,26.52
OI0005437,O003366,P081,1,22.73,22.73
OI0005438,O003367,P080,1,64.69,64.69
OI0005439,O003368,P092,1,58.39,58.39
OI0005440,O003368,P061,2,33.13,66.26
OI0005441,O003368,P058,1,47.56,47.56
OI0005442,O003369,P099,1,46.77,46.77
OI0005443,O003370,P019,1,13.12,13.12
OI0005444,O003371,P032,1,17.4,17.4
OI0005445,O003371,P036,1,16.55,16.55
OI0005446,O003372,P055,1,69.18,69.18
OI0005447,O003373,P032,1,17.4,17.4
OI0005448,O003374,P090,1,55.52,55.52
OI0005449,O003374,P065,1,41.82,41.82
OI0005450,O003374,P099,2,46.77,93.54
OI0005451,O003374,P020,1,30.3,30.3
OI0005452,O003375,P107,1,52.87,52.87
OI0005453,O003375,P041,1,25.86,25.86
OI0005454,O003375,P027,1,12.05,12.05
OI0005455,O003376,P068,1,29.23,29.23
OI0005456,O003376,P092,1,58.39,58.39
OI0005457,O003376,P093,1,45.3,45.3
OI0005458,O003377,P059,1,68.57,68.57
OI0005459,O003377,P075,1,44.36,44.36
OI0005460,O003378,P031,2,32.22,64.44
OI0005461,O003378,P110,1,82.9,82.9
OI0005462,O003379,P068,1,29.23,29.23
OI0005463,O003380,P106,1,47.23,47.23
OI0005464,O003381,P088,3,28.36,85.08
OI0005465,O003382,P002,2,30.14,60.28
OI0005466,O003383,P038,1,64.8,64.8
OI0005467,O003384,P045,1,30.38,30.38
OI0005468,O003384,P009,1,37.92,37.92
OI0005469,O003384,P054,1,53.62,53.62
OI0005470,O003384,P101,1,43.91,43.91
OI0005471,O003385,P085,2,11.15,22.3
OI0005472,O003386,P044,1,63.71,63.71
OI0005473,O003387,P076,2,38.28,76.56
OI0005474,O003387,P033,1,87.02,87.02
OI0005475,O003388,P054,1,53.62,53.62
OI0005476,O003389,P001,1,66.04,66.04
OI0005477,O003389,P100,2,26.88,53.76
OI0005478,O003390,P071,3,141.44,424.32
OI0005479,O003391,P019,1,13.12,13.12
OI0005480,O003392,P069,1,24.0,24.0
OI0005481,O003392,P026,1,27.66,27.66
OI0005482,O003393,P083,1,30.7,30.7
OI0005483,O003394,P010,1,44.59,44.59
OI0005484,O003394,P009,2,37.92,75.84
OI0005485,O003395,P099,1,46.77,46.77
OI0005486,O003396,P009,2,37.92,75.84
OI0005487,O003396,P026,1,27.66,27.66
OI0005488,O003396,P097,1,20.46,20.46
OI0005489,O003396,P079,1,23.65,23.65
OI0005490,O003397,P116,1,38.35,38.35
OI0005491,O003398,P104,2,44.1,88.2
OI0005492,O003399,P054,1,53.62,53.62
OI0005493,O003400,P083,1,30.7,30.7
OI0005494,O003401,P052,1,44.73,44.73
OI0005495,O003402,P097,1,20.46,20.46
OI0005496,O003402,P118,1,22.9,22.9
OI0005497,O003403,P115,1,42.04,42.04
OI0005498,O003404,P038,1,64.8,64.8
OI0005499,O003405,P084,1,30.69,30.69
OI0005500,O003405,P021,1,51.23,51.23
OI0005501,O003406,P025,1,37.52,37.52
OI0005502,O003406,P055,1,69.18,69.18
OI0005503,O003407,P031,1,32.22,32.22
OI0005504,O003407,P067,1,46.95,46.95
OI0005505,O003407,P110,1,82.9,82.9
OI0005506,O003408,P005,1,49.25,49.25
OI0005507,O003409,P117,1,27.82,27.82
OI0005508,O003409,P119,1,34.08,34.08
OI0005509,O003410,P090,2,55.52,111.04
OI0005510,O003411,P109,1,81.27,81.27
OI0005511,O003411,P046,1,38.99,38.99
OI0005512,O003412,P097,1,20.46,20.46
OI0005513,O003412,P005,1,49.25,49.25
OI0005514,O003413,P028,1,129.35,129.35
OI0005515,O003413,P027,1,12.05,12.05
OI0005516,O003414,P040,1,40.11,40.11
OI0005517,O003415,P028,1,129.35,129.35
OI0005518,O003416,P100,2,26.88,53.76
OI0005519,O003417,P072,1,14.56,14.56
OI0005520,O003418,P056,1,18.69,18.69
OI0005521,O003418,P054,1,53.62,53.62
OI0005522,O003419,P079,1,23.65,23.65
OI0005523,O003419,P003,1,36.05,36.05
OI0005524,O003420,P045,2,30.38,60.76
OI0005525,O003421,P084,1,30.69,30.69
OI0005526,O003422,P070,1,47.52,47.52
OI0005527,O003423,P078,1,34.46,34.46
OI0005528,O003424,P052,1,44.73,44.73
OI0005529,O003425,P002,1,30.14,30.14
OI0005530,O003426,P061,1,33.13,33.13
OI0005531,O003427,P032,1,17.4,17.4
OI0005532,O003428,P008,1,46.52,46.52
OI0005533,O003429,P120,1,46.49,46.49
OI0005534,O003429,P058,1,47.56,47.56
OI0005535,O003430,P051,2,11.22,22.44
OI0005536,O003431,P045,1,30.38,30.38
OI0005537,O003432,P042,1,41.11,41.11
OI0005538,O003433,P068,2,29.23,58.46
OI0005539,O003433,P066,1,34.67,34.67
OI0005540,O003434,P027,1,12.05,12.05
OI0005541,O003435,P024,1,84.49,84.49
OI0005542,O003435,P002,1,30.14,30.14
OI0005543,O003435,P065,1,41.82,41.82
OI0005544,O003435,P015,1,31.17,31.17
OI0005545,O003436,P095,1,69.05,69.05
OI0005546,O003436,P105,1,73.93,73.93
OI0005547,O003437,P043,1,23.06,23.06
OI0005548,O003437,P016,2,59.7,119.4
OI0005549,O003437,P013,1,12.37,12.37
OI0005550,O003438,P051,1,11.22,11.22
OI0005551,O003439,P115,1,42.04,42.04
OI0005552,O003439,P053,2,40.97,81.94
OI0005553,O003439,P120,1,46.49,46.49
OI0005554,O003439,P036,1,16.55,16.55
OI0005555,O003440,P013,3,12.37,37.11
OI0005556,O003441,P072,1,14.56,14.56
OI0005557,O003442,P011,1,39.95,39.95
OI0005558,O003442,P052,2,44.73,89.46
OI0005559,O003443,P112,1,35.49,35.49
OI0005560,O003444,P041,1,25.86,25.86
OI0005561,O003445,P109,1,81.27,81.27
OI0005562,O003446,P058,1,47.56,47.56
OI0005563,O003446,P120,1,46.49,46.49
OI0005564,O003447,P055,1,69.18,69.18
OI0005565,O003447,P092,2,58.39,116.78
OI0005566,O003447,P016,1,59.7,59.7
OI0005567,O003448,P052,1,44.73,44.73
OI0005568,O003448,P004,1,66.5,66.5
OI0005569,O003449,P065,1,41.82,41.82
OI0005570,O003450,P057,1,112.54,112.54
OI0005571,O003451,P107,1,52.87,52.87
OI0005572,O003451,P099,1,46.77,46.77
OI0005573,O003452,P003,1,36.05,36.05
OI0005574,O003453,P014,2,102.77,205.54
OI0005575,O003454,P011,1,39.95,39.95
OI0005576,O003455,P079,1,23.65,23.65
OI0005577,O003455,P021,2,51.23,102.46
OI0005578,O003456,P072,1,14.56,14.56
OI0005579,O003456,P085,2,11.15,22.3
OI0005580,O003457,P111,1,29.11,29.11
OI0005581,O003457,P096,1,86.58,86.58
OI0005582,O003458,P054,1,53.62,53.62
OI0005583,O003459,P027,1,12.05,12.05
OI0005584,O003460,P049,1,42.57,42.57
OI0005585,O003460,P040,1,40.11,40.11
OI0005586,O003461,P028,1,129.35,129.35
OI0005587,O003461,P033,2,87.02,174.04
OI0005588,O003461,P012,2,51.32,102.64
OI0005589,O003461,P069,1,24.0,24.0
OI0005590,O003462,P043,1,23.06,23.06
OI0005591,O003463,P009,2,37.92,75.84
OI0005592,O003463,P076,1,38.28,38.28
OI0005593,O003464,P118,1,22.9,22.9
OI0005594,O003464,P060,1,41.59,41.59
OI0005595,O003465,P081,1,22.73,22.73
OI0005596,O003466,P090,2,55.52,111.04
OI0005597,O003466,P078,1,34.46,34.46
OI0005598,O003467,P047,3,23.25,69.75
OI0005599,O003467,P117,1,27.82,27.82
OI0005600,O003468,P075,1,44.36,44.36
OI0005601,O003469,P028,1,129.35,129.35
OI0005602,O003470,P037,2,33.58,67.16
OI0005603,O003470,P118,1,22.9,22.9
OI0005604,O003470,P082,1,34.81,34.81
OI0005605,O003470,P014,1,102.77,102.77
OI0005606,O003471,P018,1,12.14,12.14
OI0005607,O003472,P086,1,80.82,80.82
OI0005608,O003472,P120,2,46.49,92.98
OI0005609,O003472,P114,1,27.37,27.37
OI0005610,O003473,P066,1,34.67,34.67
OI0005611,O003474,P119,1,34.08,34.08
OI0005612,O003475,P104,1,44.1,44.1
OI0005613,O003476,P064,1,16.79,16.79
OI0005614,O003476,P086,1,80.82,80.82
OI0005615,O003477,P050,1,19.41,19.41
OI0005616,O003478,P011,1,39.95,39.95
OI0005617,O003479,P011,1,39.95,39.95
OI0005618,O003479,P090,1,55.52,55.52
OI0005619,O003480,P110,1,82.9,82.9
OI0005620,O003481,P101,1,43.91,43.91
OI0005621,O003481,P117,2,27.82,55.64
OI0005622,O003482,P101,1,43.91,43.91
OI0005623,O003483,P094,1,17.7,17.7
OI0005624,O003484,P026,1,27.66,27.66
OI0005625,O003485,P030,1,57.05,57.05
OI0005626,O003486,P084,1,30.69,30.69
OI0005627,O003487,P098,1,57.37,57.37
OI0005628,O003487,P118,1,22.9,22.9
OI0005629,O003488,P027,1,12.05,12.05
OI0005630,O003488,P054,1,53.62,53.62
OI0005631,O003488,P080,2,64.69,129.38
OI0005632,O003488,P115,2,42.04,84.08
OI0005633,O003489,P006,1,132.21,132.21
OI0005634,O003490,P120,2,46.49,92.98
OI0005635,O003490,P063,1,28.7,28.7
OI0005636,O003490,P023,2,54.75,109.5
OI0005637,O003491,P016,1,59.7,59.7
OI0005638,O003491,P080,2,64.69,129.38
OI0005639,O003492,P028,1,129.35,129.35
OI0005640,O003493,P032,1,17.4,17.4
OI0005641,O003494,P061,1,33.13,33.13
OI0005642,O003494,P031,1,32.22,32.22
OI0005643,O003495,P017,2,18.94,37.88
OI0005644,O003495,P031,2,32.22,64.44
OI0005645,O003496,P065,1,41.82,41.82
OI0005646,O003496,P045,1,30.38,30.38
OI0005647,O003497,P080,3,64.69,194.07
OI0005648,O003498,P014,1,102.77,102.77
OI0005649,O003499,P011,1,39.95,39.95
OI0005650,O003499,P048,2,37.04,74.08
OI0005651,O003500,P114,1,27.37,27.37
OI0005652,O003501,P084,1,30.69,30.69
OI0005653,O003502,P117,3,27.82,83.46
OI0005654,O003503,P005,1,49.25,49.25
OI0005655,O003503,P066,2,34.67,69.34
OI0005656,O003504,P075,1,44.36,44.36
OI0005657,O003505,P115,1,42.04,42.04
OI0005658,O003506,P083,1,30.7,30.7
OI0005659,O003507,P093,1,45.3,45.3
OI0005660,O003507,P048,1,37.04,37.04
OI0005661,O003507,P073,2,45.97,91.94
OI0005662,O003508,P035,1,23.65,23.65
OI0005663,O003509,P019,2,13.12,26.24
OI0005664,O003510,P054,1,53.62,53.62
OI0005665,O003511,P050,1,19.41,19.41
OI0005666,O003511,P072,1,14.56,14.56
OI0005667,O003512,P019,1,13.12,13.12
OI0005668,O003513,P072,1,14.56,14.56
OI0005669,O003513,P081,2,22.73,45.46
OI0005670,O003514,P117,1,27.82,27.82
OI0005671,O003515,P089,1,26.52,26.52
OI0005672,O003515,P029,1,25.98,25.98
OI0005673,O003515,P059,1,68.57,68.57
OI0005674,O003515,P022,1,43.57,43.57
OI0005675,O003516,P100,1,26.88,26.88
OI0005676,O003516,P053,1,40.97,40.97
OI0005677,O003517,P010,2,44.59,89.18
OI0005678,O003518,P012,1,51.32,51.32
OI0005679,O003518,P032,1,17.4,17.4
OI0005680,O003519,P012,1,51.32,51.32
OI0005681,O003519,P019,2,13.12,26.24
OI0005682,O003520,P065,2,41.82,83.64
OI0005683,O003520,P104,1,44.1,44.1
OI0005684,O003521,P023,1,54.75,54.75
OI0005685,O003521,P039,1,31.96,31.96
OI0005686,O003522,P040,1,40.11,40.11
OI0005687,O003522,P082,1,34.81,34.81
OI0005688,O003523,P046,1,38.99,38.99
OI0005689,O003523,P077,1,144.76,144.76
OI0005690,O003524,P010,1,44.59,44.59
OI0005691,O003525,P012,1,51.32,51.32
OI0005692,O003526,P017,1,18.94,18.94
OI0005693,O003527,P070,1,47.52,47.52
OI0005694,O003527,P068,1,29.23,29.23
OI0005695,O003528,P029,1,25.98,25.98
OI0005696,O003528,P035,1,23.65,23.65
OI0005697,O003528,P048,1,37.04,37.04
OI0005698,O003528,P087,1,29.25,29.25
OI0005699,O003529,P059,1,68.57,68.57
OI0005700,O003529,P110,2,82.9,165.8
OI0005701,O003529,P025,1,37.52,37.52
OI0005702,O003530,P097,1,20.46,20.46
OI0005703,O003531,P023,1,54.75,54.75
OI0005704,O003532,P008,1,46.52,46.52
OI0005705,O003533,P017,1,18.94,18.94
OI0005706,O003534,P066,1,34.67,34.67
OI0005707,O003535,P106,1,47.23,47.23
OI0005708,O003536,P005,1,49.25,49.25
OI0005709,O003536,P117,1,27.82,27.82
OI0005710,O003537,P001,1,66.04,66.04
OI0005711,O003537,P047,1,23.25,23.25
OI0005712,O003538,P041,1,25.86,25.86
OI0005713,O003539,P119,1,34.08,34.08
OI0005714,O003539,P086,3,80.82,242.46
OI0005715,O003540,P120,1,46.49,46.49
OI0005716,O003541,P107,1,52.87,52.87
OI0005717,O003542,P001,2,66.04,132.08
OI0005718,O003543,P040,1,40.11,40.11
OI0005719,O003544,P040,1,40.11,40.11
OI0005720,O003545,P099,1,46.77,46.77
OI0005721,O003546,P021,1,51.23,51.23
OI0005722,O003546,P077,2,144.76,289.52
OI0005723,O003547,P089,2,26.52,53.04
OI0005724,O003547,P085,1,11.15,11.15
OI0005725,O003548,P104,1,44.1,44.1
OI0005726,O003549,P054,1,53.62,53.62
OI0005727,O003550,P028,1,129.35,129.35
OI0005728,O003551,P003,1,36.05,36.05
OI0005729,O003552,P110,2,82.9,165.8
OI0005730,O003553,P020,1,30.3,30.3
OI0005731,O003554,P113,2,35.73,71.46
OI0005732,O003555,P041,1,25.86,25.86
OI0005733,O003556,P046,1,38.99,38.99
OI0005734,O003556,P034,1,35.52,35.52
OI0005735,O003556,P090,1,55.52,55.52
OI0005736,O003557,P089,3,26.52,79.56
OI0005737,O003557,P064,1,16.79,16.79
OI0005738,O003558,P005,1,49.25,49.25
OI0005739,O003559,P074,1,32.9,32.9
OI0005740,O003559,P106,2,47.23,94.46
OI0005741,O003560,P114,1,27.37,27.37
OI0005742,O003561,P103,1,65.04,65.04
OI0005743,O003562,P112,1,35.49,35.49
OI0005744,O003563,P010,2,44.59,89.18
OI0005745,O003564,P017,2,18.94,37.88
OI0005746,O003565,P029,1,25.98,25.98
OI0005747,O003566,P001,2,66.04,132.08
OI0005748,O003567,P082,1,34.81,34.81
OI0005749,O003568,P091,1,37.89,37.89
OI0005750,O003568,P003,1,36.05,36.05
OI0005751,O003569,P116,1,38.35,38.35
OI0005752,O003570,P117,1,27.82,27.82
OI0005753,O003570,P011,2,39.95,79.9
OI0005754,O003571,P001,1,66.04,66.04
OI0005755,O003571,P097,1,20.46,20.46
OI0005756,O003572,P081,1,22.73,22.73
OI0005757,O003573,P041,1,25.86,25.86
OI0005758,O003574,P088,1,28.36,28.36
OI0005759,O003575,P062,2,53.16,106.32
OI0005760,O003576,P065,1,41.82,41.82
OI0005761,O003577,P063,3,28.7,86.1
OI0005762,O003578,P090,2,55.52,111.04
OI0005763,O003579,P034,1,35.52,35.52
OI0005764,O003580,P116,2,38.35,76.7
OI0005765,O003581,P095,2,69.05,138.1
OI0005766,O003582,P033,1,87.02,87.02
OI0005767,O003583,P020,1,30.3,30.3
OI0005768,O003584,P013,1,12.37,12.37
OI0005769,O003585,P053,1,40.97,40.97
OI0005770,O003586,P094,1,17.7,17.7
OI0005771,O003587,P109,2,81.27,162.54
OI0005772,O003587,P054,1,53.62,53.62
OI0005773,O003588,P118,1,22.9,22.9
OI0005774,O003589,P073,1,45.97,45.97
OI0005775,O003590,P046,1,38.99,38.99
OI0005776,O003590,P019,1,13.12,13.12
OI0005777,O003590,P026,1,27.66,27.66
OI0005778,O003591,P073,1,45.97,45.97
OI0005779,O003591,P081,1,22.73,22.73
OI0005780,O003592,P064,1,16.79,16.79
OI0005781,O003593,P062,1,53.16,53.16
OI0005782,O003594,P113,1,35.73,35.73
OI0005783,O003595,P072,1,14.56,14.56
OI0005784,O003596,P075,1,44.36,44.36
OI0005785,O003597,P096,2,86.58,173.16
OI0005786,O003598,P022,1,43.57,43.57
OI0005787,O003599,P109,2,81.27,162.54
OI0005788,O003599,P114,1,27.37,27.37
OI0005789,O003600,P033,2,87.02,174.04
OI0005790,O003601,P065,1,41.82,41.82
OI0005791,O003601,P022,1,43.57,43.57
OI0005792,O003602,P054,1,53.62,53.62
OI0005793,O003602,P033,3,87.02,261.06
OI0005794,O003603,P029,3,25.98,77.94
OI0005795,O003603,P007,1,39.99,39.99
OI0005796,O003604,P045,1,30.38,30.38
OI0005797,O003605,P057,1,112.54,112.54
OI0005798,O003606,P070,1,47.52,47.52
OI0005799,O003607,P101,1,43.91,43.91
OI0005800,O003607,P096,1,86.58,86.58
OI0005801,O003607,P009,1,37.92,37.92
OI0005802,O003608,P042,2,41.11,82.22
OI0005803,O003609,P069,2,24.0,48.0
OI0005804,O003609,P080,1,64.69,64.69
OI0005805,O003610,P082,1,34.81,34.81
OI0005806,O003611,P002,1,30.14,30.14
OI0005807,O003612,P062,1,53.16,53.16
OI0005808,O003612,P070,1,47.52,47.52
OI0005809,O003613,P106,1,47.23,47.23
OI0005810,O003613,P077,1,144.76,144.76
OI0005811,O003614,P058,2,47.56,95.12
OI0005812,O003615,P033,1,87.02,87.02
OI0005813,O003616,P119,1,34.08,34.08
OI0005814,O003616,P057,1,112.54,112.54
OI0005815,O003617,P044,2,63.71,127.42
OI0005816,O003617,P009,1,37.92,37.92
OI0005817,O003618,P074,1,32.9,32.9
OI0005818,O003619,P067,1,46.95,46.95
OI0005819,O003620,P026,1,27.66,27.66
OI0005820,O003620,P104,1,44.1,44.1
OI0005821,O003621,P036,1,16.55,16.55
OI0005822,O003622,P099,2,46.77,93.54
OI0005823,O003622,P110,1,82.9,82.9
OI0005824,O003622,P031,1,32.22,32.22
OI0005825,O003623,P115,1,42.04,42.04
OI0005826,O003623,P002,1,30.14,30.14
OI0005827,O003623,P110,1,82.9,82.9
OI0005828,O003624,P039,3,31.96,95.88
OI0005829,O003625,P101,1,43.91,43.91
OI0005830,O003626,P119,2,34.08,68.16
OI0005831,O003627,P032,2,17.4,34.8
OI0005832,O003627,P086,1,80.82,80.82
OI0005833,O003628,P037,1,33.58,33.58
OI0005834,O003628,P092,1,58.39,58.39
OI0005835,O003629,P072,1,14.56,14.56
OI0005836,O003630,P037,1,33.58,33.58
OI0005837,O003631,P048,1,37.04,37.04
OI0005838,O003631,P063,1,28.7,28.7
OI0005839,O003631,P117,1,27.82,27.82
OI0005840,O003631,P058,1,47.56,47.56
OI0005841,O003632,P085,1,11.15,11.15
OI0005842,O003633,P016,1,59.7,59.7
OI0005843,O003634,P115,3,42.04,126.12
OI0005844,O003634,P109,3,81.27,243.81
OI0005845,O003635,P045,1,30.38,30.38
OI0005846,O003636,P087,1,29.25,29.25
OI0005847,O003637,P091,1,37.89,37.89
OI0005848,O003637,P100,1,26.88,26.88
OI0005849,O003638,P073,1,45.97,45.97
OI0005850,O003639,P062,1,53.16,53.16
OI0005851,O003640,P016,1,59.7,59.7
OI0005852,O003641,P074,1,32.9,32.9
OI0005853,O003642,P105,2,73.93,147.86
OI0005854,O003643,P037,1,33.58,33.58
OI0005855,O003643,P061,1,33.13,33.13
OI0005856,O003644,P013,1,12.37,12.37
OI0005857,O003645,P001,1,66.04,66.04
OI0005858,O003646,P071,1,141.44,141.44
OI0005859,O003647,P112,1,35.49,35.49
OI0005860,O003648,P067,1,46.95,46.95
OI0005861,O003649,P032,1,17.4,17.4
OI0005862,O003650,P105,1,73.93,73.93
OI0005863,O003650,P075,1,44.36,44.36
OI0005864,O003650,P023,1,54.75,54.75
OI0005865,O003650,P016,1,59.7,59.7
OI0005866,O003651,P106,1,47.23,47.23
OI0005867,O003652,P090,3,55.52,166.56
OI0005868,O003652,P072,2,14.56,29.12
OI0005869,O003653,P114,1,27.37,27.37
OI0005870,O003654,P104,2,44.1,88.2
OI0005871,O003655,P088,1,28.36,28.36
OI0005872,O003656,P011,1,39.95,39.95
OI0005873,O003657,P069,1,24.0,24.0
OI0005874,O003658,P021,1,51.23,51.23
OI0005875,O003658,P052,1,44.73,44.73
OI0005876,O003659,P120,1,46.49,46.49
OI0005877,O003659,P075,1,44.36,44.36
OI0005878,O003660,P104,2,44.1,88.2
OI0005879,O003660,P038,1,64.8,64.8
OI0005880,O003661,P048,1,37.04,37.04
OI0005881,O003661,P105,1,73.93,73.93
OI0005882,O003662,P109,1,81.27,81.27
OI0005883,O003663,P117,1,27.82,27.82
OI0005884,O003663,P020,2,30.3,60.6
OI0005885,O003664,P039,1,31.96,31.96
OI0005886,O003665,P095,1,69.05,69.05
OI0005887,O003665,P023,2,54.75,109.5
OI0005888,O003666,P101,1,43.91,43.91
OI0005889,O003667,P086,1,80.82,80.82
OI0005890,O003668,P046,1,38.99,38.99
OI0005891,O003669,P112,2,35.49,70.98
OI0005892,O003670,P112,1,35.49,35.49
OI0005893,O003671,P112,1,35.49,35.49
OI0005894,O003672,P105,2,73.93,147.86
OI0005895,O003673,P105,1,73.93,73.93
OI0005896,O003673,P039,1,31.96,31.96
OI0005897,O003673,P004,1,66.5,66.5
OI0005898,O003674,P118,1,22.9,22.9
OI0005899,O003675,P108,1,34.32,34.32
OI0005900,O003675,P070,1,47.52,47.52
OI0005901,O003676,P075,1,44.36,44.36
OI0005902,O003676,P033,1,87.02,87.02
OI0005903,O003676,P081,1,22.73,22.73
OI0005904,O003677,P017,2,18.94,37.88
OI0005905,O003677,P101,1,43.91,43.91
OI0005906,O003678,P086,1,80.82,80.82
OI0005907,O003678,P106,2,47.23,94.46
OI0005908,O003679,P074,1,32.9,32.9
OI0005909,O003680,P069,1,24.0,24.0
OI0005910,O003680,P071,3,141.44,424.32
OI0005911,O003681,P058,1,47.56,47.56
OI0005912,O003682,P064,3,16.79,50.37
OI0005913,O003682,P105,2,73.93,147.86
OI0005914,O003683,P087,1,29.25,29.25
OI0005915,O003684,P068,1,29.23,29.23
OI0005916,O003685,P023,1,54.75,54.75
OI0005917,O003686,P093,1,45.3,45.3
OI0005918,O003687,P089,2,26.52,53.04
OI0005919,O003688,P025,2,37.52,75.04
OI0005920,O003689,P085,1,11.15,11.15
OI0005921,O003690,P003,1,36.05,36.05
OI0005922,O003690,P089,2,26.52,53.04
OI0005923,O003691,P077,1,144.76,144.76
OI0005924,O003692,P011,3,39.95,119.85
OI0005925,O003692,P089,1,26.52,26.52
OI0005926,O003692,P107,2,52.87,105.74
OI0005927,O003693,P056,1,18.69,18.69
OI0005928,O003694,P033,1,87.02,87.02
OI0005929,O003694,P052,1,44.73,44.73
OI0005930,O003695,P091,1,37.89,37.89
OI0005931,O003695,P066,1,34.67,34.67
OI0005932,O003696,P009,2,37.92,75.84
OI0005933,O003697,P014,1,102.77,102.77
OI0005934,O003697,P114,1,27.37,27.37
OI0005935,O003698,P095,1,69.05,69.05
OI0005936,O003699,P092,1,58.39,58.39
OI0005937,O003700,P104,1,44.1,44.1
OI0005938,O003701,P119,2,34.08,68.16
OI0005939,O003702,P068,1,29.23,29.23
OI0005940,O003703,P027,1,12.05,12.05
OI0005941,O003704,P102,1,56.61,56.61
OI0005942,O003705,P038,3,64.8,194.4
OI0005943,O003706,P058,1,47.56,47.56
OI0005944,O003707,P074,1,32.9,32.9
OI0005945,O003708,P113,1,35.73,35.73
OI0005946,O003709,P116,1,38.35,38.35
OI0005947,O003709,P085,1,11.15,11.15
OI0005948,O003710,P049,1,42.57,42.57
OI0005949,O003711,P088,2,28.36,56.72
OI0005950,O003711,P110,1,82.9,82.9
OI0005951,O003711,P085,1,11.15,11.15
OI0005952,O003712,P005,3,49.25,147.75
OI0005953,O003712,P020,1,30.3,30.3
OI0005954,O003713,P037,1,33.58,33.58
OI0005955,O003714,P018,1,12.14,12.14
OI0005956,O003715,P062,1,53.16,53.16
OI0005957,O003715,P046,1,38.99,38.99
OI0005958,O003716,P058,1,47.56,47.56
OI0005959,O003717,P017,2,18.94,37.88
OI0005960,O003717,P048,2,37.04,74.08
OI0005961,O003718,P097,1,20.46,20.46
OI0005962,O003718,P030,2,57.05,114.1
OI0005963,O003719,P014,1,102.77,102.77
OI0005964,O003720,P087,2,29.25,58.5
OI0005965,O003720,P027,1,12.05,12.05
OI0005966,O003720,P111,1,29.11,29.11
OI0005967,O003721,P104,1,44.1,44.1
OI0005968,O003722,P091,1,37.89,37.89
OI0005969,O003723,P100,1,26.88,26.88
OI0005970,O003723,P110,1,82.9,82.9
OI0005971,O003723,P081,1,22.73,22.73
OI0005972,O003724,P108,1,34.32,34.32
OI0005973,O003725,P025,1,37.52,37.52
OI0005974,O003726,P019,1,13.12,13.12
OI0005975,O003726,P113,2,35.73,71.46
OI0005976,O003727,P018,1,12.14,12.14
OI0005977,O003728,P008,1,46.52,46.52
OI0005978,O003729,P019,1,13.12,13.12
OI0005979,O003730,P018,1,12.14,12.14
OI0005980,O003730,P120,1,46.49,46.49
OI0005981,O003731,P088,1,28.36,28.36
OI0005982,O003731,P060,1,41.59,41.59
OI0005983,O003732,P024,1,84.49,84.49
OI0005984,O003732,P019,2,13.12,26.24
OI0005985,O003732,P060,1,41.59,41.59
OI0005986,O003733,P008,1,46.52,46.52
OI0005987,O003733,P062,1,53.16,53.16
OI0005988,O003734,P015,1,31.17,31.17
OI0005989,O003735,P089,1,26.52,26.52
OI0005990,O003735,P102,1,56.61,56.61
OI0005991,O003736,P118,1,22.9,22.9
OI0005992,O003736,P113,1,35.73,35.73
OI0005993,O003737,P041,3,25.86,77.58
OI0005994,O003738,P110,1,82.9,82.9
OI0005995,O003739,P052,1,44.73,44.73
OI0005996,O003739,P111,1,29.11,29.11
OI0005997,O003740,P093,1,45.3,45.3
OI0005998,O003741,P054,1,53.62,53.62
OI0005999,O003742,P089,1,26.52,26.52
OI0006000,O003743,P010,1,44.59,44.59
OI0006001,O003743,P082,1,34.81,34.81
OI0006002,O003744,P081,1,22.73,22.73
OI0006003,O003744,P073,1,45.97,45.97
OI0006004,O003745,P046,1,38.99,38.99
OI0006005,O003745,P057,1,112.54,112.54
OI0006006,O003746,P102,1,56.61,56.61
OI0006007,O003746,P066,1,34.67,34.67
OI0006008,O003746,P115,1,42.04,42.04
OI0006009,O003747,P022,1,43.57,43.57
OI0006010,O003747,P004,2,66.5,133.0
OI0006011,O003747,P057,1,112.54,112.54
OI0006012,O003748,P056,1,18.69,18.69
OI0006013,O003748,P017,1,18.94,18.94
OI0006014,O003748,P032,1,17.4,17.4
OI0006015,O003749,P081,1,22.73,22.73
OI0006016,O003750,P088,1,28.36,28.36
OI0006017,O003751,P061,1,33.13,33.13
OI0006018,O003752,P065,1,41.82,41.82
OI0006019,O003753,P049,1,42.57,42.57
OI0006020,O003754,P010,2,44.59,89.18
OI0006021,O003755,P109,1,81.27,81.27
OI0006022,O003756,P037,1,33.58,33.58
OI0006023,O003756,P107,1,52.87,52.87
OI0006024,O003757,P039,1,31.96,31.96
OI0006025,O003757,P011,1,39.95,39.95
OI0006026,O003758,P051,1,11.22,11.22
OI0006027,O003758,P003,1,36.05,36.05
OI0006028,O003759,P071,1,141.44,141.44
OI0006029,O003760,P021,1,51.23,51.23
OI0006030,O003761,P067,3,46.95,140.85
OI0006031,O003761,P009,2,37.92,75.84
OI0006032,O003762,P116,1,38.35,38.35
OI0006033,O003763,P004,1,66.5,66.5
OI0006034,O003763,P060,2,41.59,83.18
OI0006035,O003764,P044,1,63.71,63.71
OI0006036,O003764,P085,1,11.15,11.15
OI0006037,O003764,P109,1,81.27,81.27
OI0006038,O003765,P065,1,41.82,41.82
OI0006039,O003765,P041,1,25.86,25.86
OI0006040,O003766,P019,2,13.12,26.24
OI0006041,O003766,P034,1,35.52,35.52
OI0006042,O003766,P026,1,27.66,27.66
OI0006043,O003767,P008,2,46.52,93.04
OI0006044,O003767,P108,2,34.32,68.64
OI0006045,O003768,P091,1,37.89,37.89
OI0006046,O003769,P029,1,25.98,25.98
OI0006047,O003770,P033,2,87.02,174.04
OI0006048,O003771,P056,2,18.69,37.38
OI0006049,O003772,P083,1,30.7,30.7
OI0006050,O003773,P094,1,17.7,17.7
OI0006051,O003773,P111,2,29.11,58.22
OI0006052,O003774,P076,2,38.28,76.56
OI0006053,O003775,P097,1,20.46,20.46
OI0006054,O003775,P043,1,23.06,23.06
OI0006055,O003775,P025,3,37.52,112.56
OI0006056,O003776,P062,1,53.16,53.16
OI0006057,O003776,P104,1,44.1,44.1
OI0006058,O003777,P036,1,16.55,16.55
OI0006059,O003777,P101,1,43.91,43.91
OI0006060,O003778,P035,1,23.65,23.65
OI0006061,O003778,P039,1,31.96,31.96
OI0006062,O003779,P032,2,17.4,34.8
OI0006063,O003780,P086,1,80.82,80.82
OI0006064,O003781,P050,1,19.41,19.41
OI0006065,O003782,P014,2,102.77,205.54
OI0006066,O003782,P118,1,22.9,22.9
OI0006067,O003783,P118,1,22.9,22.9
OI0006068,O003783,P012,2,51.32,102.64
OI0006069,O003784,P054,1,53.62,53.62
OI0006070,O003784,P065,1,41.82,41.82
OI0006071,O003784,P099,1,46.77,46.77
OI0006072,O003784,P044,1,63.71,63.71
OI0006073,O003785,P020,1,30.3,30.3
OI0006074,O003786,P101,3,43.91,131.73
OI0006075,O003787,P030,2,57.05,114.1
OI0006076,O003788,P050,1,19.41,19.41
OI0006077,O003788,P020,3,30.3,90.9
OI0006078,O003789,P046,1,38.99,38.99
OI0006079,O003789,P043,1,23.06,23.06
OI0006080,O003789,P064,2,16.79,33.58
OI0006081,O003790,P001,2,66.04,132.08
OI0006082,O003790,P013,1,12.37,12.37
OI0006083,O003791,P024,1,84.49,84.49
OI0006084,O003792,P099,1,46.77,46.77
OI0006085,O003792,P021,2,51.23,102.46
OI0006086,O003793,P114,2,27.37,54.74
OI0006087,O003793,P097,1,20.46,20.46
OI0006088,O003794,P014,1,102.77,102.77
OI0006089,O003795,P036,1,16.55,16.55
OI0006090,O003796,P111,1,29.11,29.11
OI0006091,O003796,P035,1,23.65,23.65
OI0006092,O003797,P024,1,84.49,84.49
OI0006093,O003797,P008,1,46.52,46.52
OI0006094,O003798,P025,1,37.52,37.52
OI0006095,O003798,P027,1,12.05,12.05
OI0006096,O003798,P106,1,47.23,47.23
OI0006097,O003799,P087,1,29.25,29.25
OI0006098,O003800,P038,1,64.8,64.8
OI0006099,O003800,P077,1,144.76,144.76
OI0006100,O003801,P118,2,22.9,45.8
OI0006101,O003802,P045,1,30.38,30.38
OI0006102,O003802,P095,1,69.05,69.05
OI0006103,O003802,P003,1,36.05,36.05
OI0006104,O003803,P004,2,66.5,133.0
OI0006105,O003804,P028,1,129.35,129.35
OI0006106,O003805,P083,1,30.7,30.7
OI0006107,O003805,P037,1,33.58,33.58
OI0006108,O003806,P081,1,22.73,22.73
OI0006109,O003806,P098,1,57.37,57.37
OI0006110,O003807,P097,1,20.46,20.46
OI0006111,O003808,P010,1,44.59,44.59
OI0006112,O003808,P043,1,23.06,23.06
OI0006113,O003809,P017,1,18.94,18.94
OI0006114,O003809,P012,1,51.32,51.32
OI0006115,O003809,P035,1,23.65,23.65
OI0006116,O003810,P046,1,38.99,38.99
OI0006117,O003810,P010,1,44.59,44.59
OI0006118,O003811,P023,1,54.75,54.75
OI0006119,O003811,P014,1,102.77,102.77
OI0006120,O003811,P075,1,44.36,44.36
OI0006121,O003812,P089,2,26.52,53.04
OI0006122,O003813,P075,1,44.36,44.36
OI0006123,O003813,P011,2,39.95,79.9
OI0006124,O003813,P120,1,46.49,46.49
OI0006125,O003813,P014,1,102.77,102.77
OI0006126,O003814,P002,1,30.14,30.14
OI0006127,O003814,P024,1,84.49,84.49
OI0006128,O003814,P107,1,52.87,52.87
OI0006129,O003815,P005,1,49.25,49.25
OI0006130,O003816,P067,2,46.95,93.9
OI0006131,O003816,P022,1,43.57,43.57
OI0006132,O003816,P029,1,25.98,25.98
OI0006133,O003816,P013,1,12.37,12.37
OI0006134,O003817,P053,1,40.97,40.97
OI0006135,O003817,P079,2,23.65,47.3
OI0006136,O003817,P054,1,53.62,53.62
OI0006137,O003817,P096,3,86.58,259.74
OI0006138,O003818,P049,3,42.57,127.71
OI0006139,O003818,P094,1,17.7,17.7
OI0006140,O003819,P094,1,17.7,17.7
OI0006141,O003819,P083,1,30.7,30.7
OI0006142,O003819,P057,1,112.54,112.54
OI0006143,O003820,P047,1,23.25,23.25
OI0006144,O003821,P013,1,12.37,12.37
OI0006145,O003822,P098,2,57.37,114.74
OI0006146,O003823,P001,3,66.04,198.12
OI0006147,O003824,P070,1,47.52,47.52
OI0006148,O003824,P020,1,30.3,30.3
OI0006149,O003825,P057,1,112.54,112.54
OI0006150,O003825,P098,1,57.37,57.37
OI0006151,O003826,P018,1,12.14,12.14
OI0006152,O003826,P118,1,22.9,22.9
OI0006153,O003827,P064,1,16.79,16.79
OI0006154,O003828,P071,1,141.44,141.44
OI0006155,O003829,P075,1,44.36,44.36
OI0006156,O003830,P058,1,47.56,47.56
OI0006157,O003831,P087,1,29.25,29.25
OI0006158,O003832,P043,1,23.06,23.06
OI0006159,O003833,P101,1,43.91,43.91
OI0006160,O003834,P028,1,129.35,129.35
OI0006161,O003835,P010,1,44.59,44.59
OI0006162,O003836,P006,1,132.21,132.21
OI0006163,O003836,P105,1,73.93,73.93
OI0006164,O003836,P020,1,30.3,30.3
OI0006165,O003837,P040,1,40.11,40.11
OI0006166,O003838,P028,1,129.35,129.35
OI0006167,O003838,P030,1,57.05,57.05
OI0006168,O003839,P096,1,86.58,86.58
OI0006169,O003839,P081,2,22.73,45.46
OI0006170,O003839,P022,1,43.57,43.57
OI0006171,O003840,P104,1,44.1,44.1
OI0006172,O003841,P115,1,42.04,42.04
OI0006173,O003841,P016,1,59.7,59.7
OI0006174,O003842,P117,1,27.82,27.82
OI0006175,O003842,P033,1,87.02,87.02
OI0006176,O003842,P023,1,54.75,54.75
OI0006177,O003843,P002,1,30.14,30.14
OI0006178,O003844,P007,2,39.99,79.98
OI0006179,O003844,P006,1,132.21,132.21
OI0006180,O003845,P114,2,27.37,54.74
OI0006181,O003846,P020,1,30.3,30.3
OI0006182,O003846,P058,1,47.56,47.56
OI0006183,O003846,P103,1,65.04,65.04
OI0006184,O003847,P038,2,64.8,129.6
OI0006185,O003847,P022,3,43.57,130.71
OI0006186,O003847,P116,2,38.35,76.7
OI0006187,O003848,P004,1,66.5,66.5
OI0006188,O003849,P069,1,24.0,24.0
OI0006189,O003850,P092,1,58.39,58.39
OI0006190,O003850,P048,1,37.04,37.04
OI0006191,O003851,P043,1,23.06,23.06
OI0006192,O003851,P105,1,73.93,73.93
OI0006193,O003852,P090,1,55.52,55.52
OI0006194,O003853,P083,2,30.7,61.4
OI0006195,O003854,P072,2,14.56,29.12
OI0006196,O003855,P022,1,43.57,43.57
OI0006197,O003855,P051,1,11.22,11.22
OI0006198,O003856,P044,1,63.71,63.71
OI0006199,O003857,P073,1,45.97,45.97
OI0006200,O003858,P108,1,34.32,34.32
OI0006201,O003859,P084,1,30.69,30.69
OI0006202,O003860,P028,1,129.35,129.35
OI0006203,O003861,P027,1,12.05,12.05
OI0006204,O003862,P109,1,81.27,81.27
OI0006205,O003862,P008,3,46.52,139.56
OI0006206,O003863,P027,1,12.05,12.05
OI0006207,O003864,P092,1,58.39,58.39
OI0006208,O003865,P115,1,42.04,42.04
OI0006209,O003866,P117,1,27.82,27.82
OI0006210,O003866,P032,1,17.4,17.4
OI0006211,O003867,P078,1,34.46,34.46
OI0006212,O003868,P005,1,49.25,49.25
OI0006213,O003869,P053,1,40.97,40.97
OI0006214,O003870,P103,1,65.04,65.04
OI0006215,O003870,P003,1,36.05,36.05
OI0006216,O003871,P034,1,35.52,35.52
OI0006217,O003872,P064,1,16.79,16.79
OI0006218,O003873,P042,1,41.11,41.11
OI0006219,O003874,P055,1,69.18,69.18
OI0006220,O003874,P087,1,29.25,29.25
OI0006221,O003875,P057,1,112.54,112.54
OI0006222,O003875,P028,1,129.35,129.35
OI0006223,O003876,P075,1,44.36,44.36
OI0006224,O003877,P068,1,29.23,29.23
OI0006225,O003877,P012,1,51.32,51.32
OI0006226,O003878,P098,1,57.37,57.37
OI0006227,O003878,P048,1,37.04,37.04
OI0006228,O003879,P120,1,46.49,46.49
OI0006229,O003880,P064,1,16.79,16.79
OI0006230,O003881,P120,1,46.49,46.49
OI0006231,O003881,P055,1,69.18,69.18
OI0006232,O003882,P032,1,17.4,17.4
OI0006233,O003883,P087,1,29.25,29.25
OI0006234,O003883,P025,1,37.52,37.52
OI0006235,O003884,P077,1,144.76,144.76
OI0006236,O003885,P057,1,112.54,112.54
OI0006237,O003885,P080,1,64.69,64.69
OI0006238,O003885,P112,1,35.49,35.49
OI0006239,O003886,P017,1,18.94,18.94
OI0006240,O003887,P090,2,55.52,111.04
OI0006241,O003888,P052,1,44.73,44.73
OI0006242,O003889,P065,1,41.82,41.82
OI0006243,O003889,P067,1,46.95,46.95
OI0006244,O003890,P004,1,66.5,66.5
OI0006245,O003891,P030,1,57.05,57.05
OI0006246,O003892,P030,1,57.05,57.05
OI0006247,O003893,P114,1,27.37,27.37
OI0006248,O003894,P095,1,69.05,69.05
OI0006249,O003894,P086,3,80.82,242.46
OI0006250,O003895,P074,1,32.9,32.9
OI0006251,O003895,P062,1,53.16,53.16
OI0006252,O003895,P114,1,27.37,27.37
OI0006253,O003895,P063,1,28.7,28.7
OI0006254,O003896,P074,1,32.9,32.9
OI0006255,O003897,P066,1,34.67,34.67
OI0006256,O003897,P024,2,84.49,168.98
OI0006257,O003898,P101,1,43.91,43.91
OI0006258,O003899,P056,3,18.69,56.07
OI0006259,O003900,P061,1,33.13,33.13
OI0006260,O003901,P065,1,41.82,41.82
OI0006261,O003901,P081,2,22.73,45.46
OI0006262,O003902,P064,3,16.79,50.37
OI0006263,O003902,P029,1,25.98,25.98
OI0006264,O003903,P029,1,25.98,25.98
OI0006265,O003903,P063,1,28.7,28.7
OI0006266,O003903,P016,3,59.7,179.1
OI0006267,O003904,P081,1,22.73,22.73
OI0006268,O003905,P013,2,12.37,24.74
OI0006269,O003906,P102,1,56.61,56.61
OI0006270,O003906,P118,1,22.9,22.9
OI0006271,O003906,P046,1,38.99,38.99
OI0006272,O003907,P055,1,69.18,69.18
OI0006273,O003907,P049,1,42.57,42.57
OI0006274,O003908,P007,1,39.99,39.99
OI0006275,O003908,P109,1,81.27,81.27
OI0006276,O003909,P085,1,11.15,11.15
OI0006277,O003910,P094,1,17.7,17.7
OI0006278,O003910,P100,1,26.88,26.88
OI0006279,O003911,P043,1,23.06,23.06
OI0006280,O003911,P048,1,37.04,37.04
OI0006281,O003911,P031,1,32.22,32.22
OI0006282,O003912,P084,1,30.69,30.69
OI0006283,O003913,P046,1,38.99,38.99
OI0006284,O003914,P001,2,66.04,132.08
OI0006285,O003915,P103,1,65.04,65.04
OI0006286,O003915,P006,1,132.21,132.21
OI0006287,O003916,P106,1,47.23,47.23
OI0006288,O003917,P048,1,37.04,37.04
OI0006289,O003917,P018,1,12.14,12.14
OI0006290,O003918,P011,1,39.95,39.95
OI0006291,O003919,P009,1,37.92,37.92
OI0006292,O003919,P103,1,65.04,65.04
OI0006293,O003920,P070,1,47.52,47.52
OI0006294,O003921,P054,1,53.62,53.62
OI0006295,O003922,P034,1,35.52,35.52
OI0006296,O003923,P081,1,22.73,22.73
OI0006297,O003923,P092,1,58.39,58.39
OI0006298,O003923,P070,1,47.52,47.52
OI0006299,O003924,P076,1,38.28,38.28
OI0006300,O003924,P063,1,28.7,28.7
OI0006301,O003925,P022,2,43.57,87.14
OI0006302,O003925,P099,1,46.77,46.77
OI0006303,O003925,P027,1,12.05,12.05
OI0006304,O003926,P077,1,144.76,144.76
OI0006305,O003927,P013,1,12.37,12.37
OI0006306,O003928,P016,1,59.7,59.7
OI0006307,O003929,P100,1,26.88,26.88
OI0006308,O003929,P067,2,46.95,93.9
OI0006309,O003929,P087,1,29.25,29.25
OI0006310,O003930,P101,1,43.91,43.91
OI0006311,O003931,P082,1,34.81,34.81
OI0006312,O003931,P039,1,31.96,31.96
OI0006313,O003931,P028,1,129.35,129.35
OI0006314,O003932,P045,1,30.38,30.38
OI0006315,O003933,P048,1,37.04,37.04
OI0006316,O003933,P105,1,73.93,73.93
OI0006317,O003933,P099,1,46.77,46.77
OI0006318,O003934,P013,1,12.37,12.37
OI0006319,O003935,P036,1,16.55,16.55
OI0006320,O003936,P003,2,36.05,72.1
OI0006321,O003936,P026,1,27.66,27.66
OI0006322,O003937,P070,1,47.52,47.52
OI0006323,O003937,P064,1,16.79,16.79
OI0006324,O003938,P070,1,47.52,47.52
OI0006325,O003938,P049,1,42.57,42.57
OI0006326,O003939,P118,1,22.9,22.9
OI0006327,O003940,P020,1,30.3,30.3
OI0006328,O003941,P073,2,45.97,91.94
OI0006329,O003942,P048,1,37.04,37.04
OI0006330,O003943,P044,1,63.71,63.71
OI0006331,O003944,P020,1,30.3,30.3
OI0006332,O003944,P035,1,23.65,23.65
OI0006333,O003945,P047,1,23.25,23.25
OI0006334,O003946,P089,1,26.52,26.52
OI0006335,O003947,P067,2,46.95,93.9
OI0006336,O003948,P044,2,63.71,127.42
OI0006337,O003948,P075,2,44.36,88.72
OI0006338,O003949,P092,1,58.39,58.39
OI0006339,O003950,P022,2,43.57,87.14
OI0006340,O003951,P112,1,35.49,35.49
OI0006341,O003952,P022,1,43.57,43.57
OI0006342,O003953,P082,1,34.81,34.81
OI0006343,O003954,P061,1,33.13,33.13
OI0006344,O003955,P087,1,29.25,29.25
OI0006345,O003955,P019,1,13.12,13.12
OI0006346,O003955,P094,1,17.7,17.7
OI0006347,O003956,P073,1,45.97,45.97
OI0006348,O003956,P112,1,35.49,35.49
OI0006349,O003957,P055,2,69.18,138.36
OI0006350,O003958,P076,2,38.28,76.56
OI0006351,O003958,P005,1,49.25,49.25
OI0006352,O003958,P072,1,14.56,14.56
OI0006353,O003959,P088,1,28.36,28.36
OI0006354,O003959,P029,1,25.98,25.98
OI0006355,O003959,P015,1,31.17,31.17
OI0006356,O003960,P002,1,30.14,30.14
OI0006357,O003961,P006,1,132.21,132.21
OI0006358,O003961,P050,1,19.41,19.41
OI0006359,O003962,P011,1,39.95,39.95
OI0006360,O003962,P049,1,42.57,42.57
OI0006361,O003963,P117,1,27.82,27.82
OI0006362,O003963,P043,3,23.06,69.18
OI0006363,O003964,P020,1,30.3,30.3
OI0006364,O003965,P055,1,69.18,69.18
OI0006365,O003965,P109,1,81.27,81.27
OI0006366,O003966,P092,1,58.39,58.39
OI0006367,O003966,P105,1,73.93,73.93
OI0006368,O003966,P004,1,66.5,66.5
OI0006369,O003966,P080,1,64.69,64.69
OI0006370,O003967,P119,2,34.08,68.16
OI0006371,O003967,P078,1,34.46,34.46
OI0006372,O003967,P063,3,28.7,86.1
OI0006373,O003968,P027,1,12.05,12.05
OI0006374,O003968,P039,1,31.96,31.96
OI0006375,O003968,P077,1,144.76,144.76
OI0006376,O003969,P103,1,65.04,65.04
OI0006377,O003970,P086,2,80.82,161.64
OI0006378,O003970,P060,1,41.59,41.59
OI0006379,O003971,P118,1,22.9,22.9
OI0006380,O003972,P075,1,44.36,44.36
OI0006381,O003973,P100,2,26.88,53.76
OI0006382,O003974,P089,2,26.52,53.04
OI0006383,O003975,P050,1,19.41,19.41
OI0006384,O003976,P014,1,102.77,102.77
OI0006385,O003976,P019,1,13.12,13.12
OI0006386,O003977,P109,2,81.27,162.54
OI0006387,O003978,P072,1,14.56,14.56
OI0006388,O003978,P090,1,55.52,55.52
OI0006389,O003978,P080,1,64.69,64.69
OI0006390,O003979,P033,1,87.02,87.02
OI0006391,O003980,P029,1,25.98,25.98
OI0006392,O003980,P065,1,41.82,41.82
OI0006393,O003980,P011,1,39.95,39.95
OI0006394,O003981,P066,1,34.67,34.67
OI0006395,O003981,P004,1,66.5,66.5
OI0006396,O003982,P031,1,32.22,32.22
OI0006397,O003982,P099,1,46.77,46.77
OI0006398,O003983,P064,1,16.79,16.79
OI0006399,O003984,P096,1,86.58,86.58
OI0006400,O003984,P005,1,49.25,49.25
OI0006401,O003984,P099,1,46.77,46.77
OI0006402,O003984,P086,1,80.82,80.82
OI0006403,O003985,P111,1,29.11,29.11
OI0006404,O003986,P034,1,35.52,35.52
OI0006405,O003987,P064,1,16.79,16.79
OI0006406,O003987,P062,1,53.16,53.16
OI0006407,O003987,P106,1,47.23,47.23
OI0006408,O003988,P015,3,31.17,93.51
OI0006409,O003989,P115,1,42.04,42.04
OI0006410,O003989,P087,1,29.25,29.25
OI0006411,O003989,P093,2,45.3,90.6
OI0006412,O003990,P069,1,24.0,24.0
OI0006413,O003990,P093,1,45.3,45.3
OI0006414,O003990,P031,1,32.22,32.22
OI0006415,O003991,P098,1,57.37,57.37
OI0006416,O003992,P021,1,51.23,51.23
OI0006417,O003993,P068,1,29.23,29.23
OI0006418,O003993,P119,2,34.08,68.16
OI0006419,O003994,P013,3,12.37,37.11
OI0006420,O003994,P105,1,73.93,73.93
OI0006421,O003995,P099,2,46.77,93.54
OI0006422,O003995,P075,2,44.36,88.72
OI0006423,O003996,P078,2,34.46,68.92
OI0006424,O003996,P013,1,12.37,12.37
OI0006425,O003997,P092,1,58.39,58.39
OI0006426,O003997,P098,1,57.37,57.37
OI0006427,O003998,P103,1,65.04,65.04
OI0006428,O003998,P111,1,29.11,29.11
OI0006429,O003999,P065,1,41.82,41.82
OI0006430,O004000,P030,1,57.05,57.05
OI0006431,O004001,P055,1,69.18,69.18
OI0006432,O004002,P077,1,144.76,144.76
OI0006433,O004003,P091,1,37.89,37.89
OI0006434,O004004,P045,1,30.38,30.38
OI0006435,O004005,P109,1,81.27,81.27
OI0006436,O004005,P028,1,129.35,129.35
OI0006437,O004006,P048,1,37.04,37.04
OI0006438,O004007,P115,1,42.04,42.04
OI0006439,O004008,P117,1,27.82,27.82
OI0006440,O004008,P020,1,30.3,30.3
OI0006441,O004009,P103,1,65.04,65.04
OI0006442,O004009,P063,2,28.7,57.4
OI0006443,O004010,P064,2,16.79,33.58
OI0006444,O004011,P020,1,30.3,30.3
OI0006445,O004012,P089,1,26.52,26.52
OI0006446,O004012,P097,1,20.46,20.46
OI0006447,O004013,P083,1,30.7,30.7
OI0006448,O004013,P045,1,30.38,30.38
OI0006449,O004014,P086,1,80.82,80.82
OI0006450,O004014,P120,1,46.49,46.49
OI0006451,O004014,P062,1,53.16,53.16
OI0006452,O004015,P016,1,59.7,59.7
OI0006453,O004015,P098,1,57.37,57.37
OI0006454,O004015,P078,1,34.46,34.46
OI0006455,O004016,P107,1,52.87,52.87
OI0006456,O004016,P081,1,22.73,22.73
OI0006457,O004016,P094,1,17.7,17.7
OI0006458,O004016,P119,1,34.08,34.08
OI0006459,O004017,P120,1,46.49,46.49
OI0006460,O004018,P049,1,42.57,42.57
OI0006461,O004019,P064,1,16.79,16.79
OI0006462,O004019,P084,2,30.69,61.38
OI0006463,O004019,P011,1,39.95,39.95
OI0006464,O004020,P038,1,64.8,64.8
OI0006465,O004021,P040,1,40.11,40.11
OI0006466,O004022,P057,1,112.54,112.54
OI0006467,O004023,P059,1,68.57,68.57
OI0006468,O004024,P114,1,27.37,27.37
OI0006469,O004025,P021,1,51.23,51.23
OI0006470,O004026,P085,1,11.15,11.15
OI0006471,O004026,P030,1,57.05,57.05
OI0006472,O004027,P029,1,25.98,25.98
OI0006473,O004027,P103,1,65.04,65.04
OI0006474,O004028,P042,1,41.11,41.11
OI0006475,O004028,P072,1,14.56,14.56
OI0006476,O004029,P118,1,22.9,22.9
OI0006477,O004030,P083,1,30.7,30.7
OI0006478,O004031,P044,1,63.71,63.71
OI0006479,O004032,P106,1,47.23,47.23
OI0006480,O004033,P052,1,44.73,44.73
OI0006481,O004034,P066,2,34.67,69.34
OI0006482,O004035,P084,1,30.69,30.69
OI0006483,O004035,P044,1,63.71,63.71
OI0006484,O004036,P093,1,45.3,45.3
OI0006485,O004037,P075,1,44.36,44.36
OI0006486,O004037,P068,1,29.23,29.23
OI0006487,O004037,P051,1,11.22,11.22
OI0006488,O004038,P075,1,44.36,44.36
OI0006489,O004039,P095,1,69.05,69.05
OI0006490,O004040,P049,1,42.57,42.57
OI0006491,O004041,P012,1,51.32,51.32
OI0006492,O004042,P093,2,45.3,90.6
OI0006493,O004043,P015,2,31.17,62.34
OI0006494,O004044,P015,2,31.17,62.34
OI0006495,O004044,P021,3,51.23,153.69
OI0006496,O004045,P114,1,27.37,27.37
OI0006497,O004045,P103,1,65.04,65.04
OI0006498,O004046,P013,1,12.37,12.37
OI0006499,O004046,P089,1,26.52,26.52
OI0006500,O004047,P059,1,68.57,68.57
OI0006501,O004048,P114,1,27.37,27.37
OI0006502,O004049,P111,1,29.11,29.11
OI0006503,O004049,P059,1,68.57,68.57
OI0006504,O004050,P116,3,38.35,115.05
OI0006505,O004051,P049,1,42.57,42.57
OI0006506,O004052,P006,1,132.21,132.21
OI0006507,O004052,P059,1,68.57,68.57
OI0006508,O004052,P104,1,44.1,44.1
OI0006509,O004053,P017,1,18.94,18.94
OI0006510,O004053,P011,1,39.95,39.95
OI0006511,O004053,P108,1,34.32,34.32
OI0006512,O004054,P031,1,32.22,32.22
OI0006513,O004054,P049,1,42.57,42.57
OI0006514,O004055,P020,1,30.3,30.3
OI0006515,O004056,P120,1,46.49,46.49
OI0006516,O004057,P011,1,39.95,39.95
OI0006517,O004058,P098,3,57.37,172.11
OI0006518,O004059,P009,1,37.92,37.92
OI0006519,O004060,P106,1,47.23,47.23
OI0006520,O004060,P100,1,26.88,26.88
OI0006521,O004061,P090,1,55.52,55.52
OI0006522,O004062,P032,2,17.4,34.8
OI0006523,O004063,P066,1,34.67,34.67
OI0006524,O004063,P025,1,37.52,37.52
OI0006525,O004064,P079,1,23.65,23.65
OI0006526,O004065,P040,2,40.11,80.22
OI0006527,O004065,P112,1,35.49,35.49
OI0006528,O004066,P012,1,51.32,51.32
OI0006529,O004066,P048,1,37.04,37.04
OI0006530,O004067,P057,3,112.54,337.62
OI0006531,O004068,P010,1,44.59,44.59
OI0006532,O004068,P082,1,34.81,34.81
OI0006533,O004069,P054,1,53.62,53.62
OI0006534,O004069,P105,1,73.93,73.93
OI0006535,O004070,P093,3,45.3,135.9
OI0006536,O004071,P028,1,129.35,129.35
OI0006537,O004072,P066,1,34.67,34.67
OI0006538,O004073,P115,1,42.04,42.04
OI0006539,O004073,P109,1,81.27,81.27
OI0006540,O004073,P099,1,46.77,46.77
OI0006541,O004073,P100,1,26.88,26.88
OI0006542,O004074,P053,1,40.97,40.97
OI0006543,O004074,P047,3,23.25,69.75
OI0006544,O004075,P103,1,65.04,65.04
OI0006545,O004076,P035,1,23.65,23.65
OI0006546,O004076,P007,1,39.99,39.99
OI0006547,O004076,P082,1,34.81,34.81
OI0006548,O004077,P114,1,27.37,27.37
OI0006549,O004078,P077,3,144.76,434.28
OI0006550,O004079,P011,1,39.95,39.95
OI0006551,O004080,P065,1,41.82,41.82
OI0006552,O004081,P089,1,26.52,26.52
OI0006553,O004082,P070,1,47.52,47.52
OI0006554,O004083,P002,1,30.14,30.14
OI0006555,O004084,P084,2,30.69,61.38
OI0006556,O004084,P037,1,33.58,33.58
OI0006557,O004085,P048,3,37.04,111.12
OI0006558,O004085,P041,1,25.86,25.86
OI0006559,O004085,P038,1,64.8,64.8
OI0006560,O004086,P064,1,16.79,16.79
OI0006561,O004087,P033,1,87.02,87.02
OI0006562,O004087,P037,1,33.58,33.58
OI0006563,O004087,P118,1,22.9,22.9
OI0006564,O004088,P088,1,28.36,28.36
OI0006565,O004088,P079,1,23.65,23.65
OI0006566,O004089,P031,1,32.22,32.22
OI0006567,O004090,P092,1,58.39,58.39
OI0006568,O004090,P021,1,51.23,51.23
OI0006569,O004090,P009,1,37.92,37.92
OI0006570,O004091,P115,1,42.04,42.04
OI0006571,O004092,P118,2,22.9,45.8
OI0006572,O004092,P042,1,41.11,41.11
OI0006573,O004093,P045,2,30.38,60.76
OI0006574,O004094,P009,1,37.92,37.92
OI0006575,O004095,P024,1,84.49,84.49
OI0006576,O004095,P102,1,56.61,56.61
OI0006577,O004095,P086,1,80.82,80.82
OI0006578,O004096,P023,1,54.75,54.75
OI0006579,O004097,P074,1,32.9,32.9
OI0006580,O004098,P083,1,30.7,30.7
OI0006581,O004099,P106,1,47.23,47.23
OI0006582,O004100,P113,1,35.73,35.73
OI0006583,O004101,P012,1,51.32,51.32
OI0006584,O004102,P079,1,23.65,23.65
OI0006585,O004103,P119,1,34.08,34.08
OI0006586,O004103,P003,1,36.05,36.05
OI0006587,O004104,P035,1,23.65,23.65
OI0006588,O004105,P097,1,20.46,20.46
OI0006589,O004105,P085,1,11.15,11.15
OI0006590,O004106,P056,1,18.69,18.69
OI0006591,O004107,P106,1,47.23,47.23
OI0006592,O004108,P107,1,52.87,52.87
OI0006593,O004109,P064,2,16.79,33.58
OI0006594,O004110,P052,1,44.73,44.73
OI0006595,O004110,P110,1,82.9,82.9
OI0006596,O004111,P073,1,45.97,45.97
OI0006597,O004112,P105,1,73.93,73.93
OI0006598,O004113,P071,1,141.44,141.44
OI0006599,O004114,P055,2,69.18,138.36
OI0006600,O004114,P095,1,69.05,69.05
OI0006601,O004114,P088,1,28.36,28.36
OI0006602,O004114,P048,1,37.04,37.04
OI0006603,O004115,P086,1,80.82,80.82
OI0006604,O004115,P003,1,36.05,36.05
OI0006605,O004116,P076,1,38.28,38.28
OI0006606,O004116,P075,3,44.36,133.08
OI0006607,O004116,P118,1,22.9,22.9
OI0006608,O004116,P066,1,34.67,34.67
OI0006609,O004117,P086,1,80.82,80.82
OI0006610,O004118,P067,1,46.95,46.95
OI0006611,O004119,P013,1,12.37,12.37
OI0006612,O004120,P114,1,27.37,27.37
OI0006613,O004121,P113,2,35.73,71.46
OI0006614,O004122,P099,1,46.77,46.77
OI0006615,O004122,P055,1,69.18,69.18
OI0006616,O004122,P075,1,44.36,44.36
OI0006617,O004123,P008,1,46.52,46.52
OI0006618,O004123,P075,1,44.36,44.36
OI0006619,O004124,P105,1,73.93,73.93
OI0006620,O004125,P064,2,16.79,33.58
OI0006621,O004126,P056,3,18.69,56.07
OI0006622,O004126,P032,1,17.4,17.4
OI0006623,O004127,P020,1,30.3,30.3
OI0006624,O004128,P057,1,112.54,112.54
OI0006625,O004129,P043,1,23.06,23.06
OI0006626,O004129,P032,1,17.4,17.4
OI0006627,O004129,P048,1,37.04,37.04
OI0006628,O004130,P007,1,39.99,39.99
OI0006629,O004130,P078,1,34.46,34.46
OI0006630,O004130,P021,1,51.23,51.23
OI0006631,O004131,P118,1,22.9,22.9
OI0006632,O004131,P099,1,46.77,46.77
OI0006633,O004131,P014,1,102.77,102.77
OI0006634,O004132,P029,1,25.98,25.98
OI0006635,O004133,P034,1,35.52,35.52
OI0006636,O004133,P099,2,46.77,93.54
OI0006637,O004134,P001,1,66.04,66.04
OI0006638,O004135,P103,1,65.04,65.04
OI0006639,O004136,P081,2,22.73,45.46
OI0006640,O004137,P078,1,34.46,34.46
OI0006641,O004138,P079,1,23.65,23.65
OI0006642,O004139,P013,1,12.37,12.37
OI0006643,O004139,P060,1,41.59,41.59
OI0006644,O004140,P003,1,36.05,36.05
OI0006645,O004140,P004,2,66.5,133.0
OI0006646,O004140,P071,1,141.44,141.44
OI0006647,O004140,P058,1,47.56,47.56
OI0006648,O004141,P052,1,44.73,44.73
OI0006649,O004142,P112,1,35.49,35.49
OI0006650,O004143,P077,1,144.76,144.76
OI0006651,O004143,P090,1,55.52,55.52
OI0006652,O004143,P081,2,22.73,45.46
OI0006653,O004144,P075,1,44.36,44.36
OI0006654,O004145,P064,1,16.79,16.79
OI0006655,O004145,P058,1,47.56,47.56
OI0006656,O004146,P033,2,87.02,174.04
OI0006657,O004147,P065,1,41.82,41.82
OI0006658,O004147,P062,3,53.16,159.48
OI0006659,O004148,P113,1,35.73,35.73
OI0006660,O004149,P090,1,55.52,55.52
OI0006661,O004150,P001,1,66.04,66.04
OI0006662,O004150,P007,1,39.99,39.99
OI0006663,O004151,P015,1,31.17,31.17
OI0006664,O004152,P100,1,26.88,26.88
OI0006665,O004153,P023,1,54.75,54.75
OI0006666,O004154,P029,1,25.98,25.98
OI0006667,O004154,P073,1,45.97,45.97
OI0006668,O004154,P109,3,81.27,243.81
OI0006669,O004154,P094,1,17.7,17.7
OI0006670,O004155,P057,3,112.54,337.62
OI0006671,O004156,P063,1,28.7,28.7
OI0006672,O004157,P089,1,26.52,26.52
OI0006673,O004158,P114,2,27.37,54.74
OI0006674,O004159,P010,1,44.59,44.59
OI0006675,O004160,P104,1,44.1,44.1
OI0006676,O004160,P038,1,64.8,64.8
OI0006677,O004161,P096,1,86.58,86.58
OI0006678,O004162,P115,1,42.04,42.04
OI0006679,O004163,P067,1,46.95,46.95
OI0006680,O004164,P035,2,23.65,47.3
OI0006681,O004164,P105,1,73.93,73.93
OI0006682,O004164,P073,1,45.97,45.97
OI0006683,O004165,P107,1,52.87,52.87
OI0006684,O004165,P074,1,32.9,32.9
OI0006685,O004166,P099,1,46.77,46.77
OI0006686,O004166,P077,1,144.76,144.76
OI0006687,O004167,P042,1,41.11,41.11
OI0006688,O004168,P054,1,53.62,53.62
OI0006689,O004169,P034,1,35.52,35.52
OI0006690,O004170,P118,1,22.9,22.9
OI0006691,O004171,P004,1,66.5,66.5
OI0006692,O004171,P027,1,12.05,12.05
OI0006693,O004172,P120,1,46.49,46.49
OI0006694,O004172,P050,1,19.41,19.41
OI0006695,O004173,P010,1,44.59,44.59
OI0006696,O004173,P090,1,55.52,55.52
OI0006697,O004173,P096,1,86.58,86.58
OI0006698,O004174,P067,1,46.95,46.95
OI0006699,O004174,P070,2,47.52,95.04
OI0006700,O004174,P043,1,23.06,23.06
OI0006701,O004174,P039,1,31.96,31.96
OI0006702,O004175,P041,1,25.86,25.86
OI0006703,O004176,P050,1,19.41,19.41
OI0006704,O004177,P049,1,42.57,42.57
OI0006705,O004177,P053,1,40.97,40.97
OI0006706,O004178,P101,2,43.91,87.82
OI0006707,O004179,P006,3,132.21,396.63
OI0006708,O004180,P042,1,41.11,41.11
OI0006709,O004181,P107,3,52.87,158.61
OI0006710,O004181,P105,1,73.93,73.93
OI0006711,O004181,P071,1,141.44,141.44
OI0006712,O004181,P084,1,30.69,30.69
OI0006713,O004182,P060,1,41.59,41.59
OI0006714,O004182,P033,1,87.02,87.02
OI0006715,O004183,P018,1,12.14,12.14
OI0006716,O004184,P057,1,112.54,112.54
OI0006717,O004185,P031,1,32.22,32.22
OI0006718,O004186,P043,1,23.06,23.06
OI0006719,O004187,P047,1,23.25,23.25
OI0006720,O004187,P077,1,144.76,144.76
OI0006721,O004188,P026,3,27.66,82.98
OI0006722,O004189,P116,1,38.35,38.35
OI0006723,O004189,P066,1,34.67,34.67
OI0006724,O004189,P037,1,33.58,33.58
OI0006725,O004190,P114,2,27.37,54.74
OI0006726,O004191,P016,2,59.7,119.4
OI0006727,O004192,P097,1,20.46,20.46
OI0006728,O004193,P024,1,84.49,84.49
OI0006729,O004193,P032,1,17.4,17.4
OI0006730,O004194,P065,1,41.82,41.82
OI0006731,O004195,P047,1,23.25,23.25
OI0006732,O004195,P015,1,31.17,31.17
OI0006733,O004196,P042,2,41.11,82.22
OI0006734,O004197,P092,1,58.39,58.39
OI0006735,O004197,P067,1,46.95,46.95
OI0006736,O004198,P071,1,141.44,141.44
OI0006737,O004199,P059,1,68.57,68.57
OI0006738,O004199,P015,1,31.17,31.17
OI0006739,O004200,P088,2,28.36,56.72
OI0006740,O004200,P079,2,23.65,47.3
OI0006741,O004200,P120,1,46.49,46.49
OI0006742,O004201,P055,1,69.18,69.18
OI0006743,O004202,P028,1,129.35,129.35
OI0006744,O004203,P045,1,30.38,30.38
OI0006745,O004204,P016,1,59.7,59.7
OI0006746,O004205,P052,1,44.73,44.73
OI0006747,O004205,P008,1,46.52,46.52
OI0006748,O004205,P015,1,31.17,31.17
OI0006749,O004205,P025,1,37.52,37.52
OI0006750,O004206,P017,1,18.94,18.94
OI0006751,O004207,P120,1,46.49,46.49
OI0006752,O004207,P005,1,49.25,49.25
OI0006753,O004207,P075,2,44.36,88.72
OI0006754,O004208,P018,1,12.14,12.14
OI0006755,O004208,P041,1,25.86,25.86
OI0006756,O004208,P064,1,16.79,16.79
OI0006757,O004209,P055,2,69.18,138.36
OI0006758,O004209,P032,1,17.4,17.4
OI0006759,O004210,P066,2,34.67,69.34
OI0006760,O004211,P039,1,31.96,31.96
OI0006761,O004212,P066,1,34.67,34.67
OI0006762,O004212,P064,1,16.79,16.79
OI0006763,O004212,P012,1,51.32,51.32
OI0006764,O004213,P079,1,23.65,23.65
OI0006765,O004214,P084,2,30.69,61.38
OI0006766,O004214,P083,2,30.7,61.4
OI0006767,O004214,P023,1,54.75,54.75
OI0006768,O004215,P090,1,55.52,55.52
OI0006769,O004216,P097,1,20.46,20.46
OI0006770,O004217,P120,1,46.49,46.49
OI0006771,O004218,P118,1,22.9,22.9
OI0006772,O004219,P039,1,31.96,31.96
OI0006773,O004219,P002,1,30.14,30.14
OI0006774,O004220,P026,1,27.66,27.66
OI0006775,O004220,P004,1,66.5,66.5
OI0006776,O004221,P046,3,38.99,116.97
OI0006777,O004221,P061,1,33.13,33.13
OI0006778,O004222,P012,1,51.32,51.32
OI0006779,O004222,P080,2,64.69,129.38
OI0006780,O004223,P045,1,30.38,30.38
OI0006781,O004223,P073,1,45.97,45.97
OI0006782,O004224,P057,3,112.54,337.62
OI0006783,O004225,P115,1,42.04,42.04
OI0006784,O004226,P102,1,56.61,56.61
OI0006785,O004226,P049,1,42.57,42.57
OI0006786,O004226,P034,1,35.52,35.52
OI0006787,O004227,P103,2,65.04,130.08
OI0006788,O004228,P064,1,16.79,16.79
OI0006789,O004229,P002,1,30.14,30.14
OI0006790,O004230,P055,1,69.18,69.18
OI0006791,O004231,P085,1,11.15,11.15
OI0006792,O004232,P018,1,12.14,12.14
OI0006793,O004233,P110,1,82.9,82.9
OI0006794,O004233,P120,1,46.49,46.49
OI0006795,O004233,P079,1,23.65,23.65
OI0006796,O004234,P119,1,34.08,34.08
OI0006797,O004234,P066,1,34.67,34.67
OI0006798,O004234,P074,1,32.9,32.9
OI0006799,O004235,P048,1,37.04,37.04
OI0006800,O004235,P066,1,34.67,34.67
OI0006801,O004236,P021,1,51.23,51.23
OI0006802,O004237,P112,1,35.49,35.49
OI0006803,O004238,P080,1,64.69,64.69
OI0006804,O004238,P076,1,38.28,38.28
OI0006805,O004239,P085,1,11.15,11.15
OI0006806,O004240,P039,1,31.96,31.96
OI0006807,O004240,P102,1,56.61,56.61
OI0006808,O004241,P033,1,87.02,87.02
OI0006809,O004241,P042,1,41.11,41.11
OI0006810,O004241,P093,1,45.3,45.3
OI0006811,O004242,P022,2,43.57,87.14
OI0006812,O004243,P070,1,47.52,47.52
OI0006813,O004243,P076,1,38.28,38.28
OI0006814,O004244,P103,1,65.04,65.04
OI0006815,O004245,P057,1,112.54,112.54
OI0006816,O004246,P098,1,57.37,57.37
OI0006817,O004247,P118,1,22.9,22.9
OI0006818,O004248,P109,1,81.27,81.27
OI0006819,O004248,P111,1,29.11,29.11
OI0006820,O004249,P029,1,25.98,25.98
OI0006821,O004250,P091,1,37.89,37.89
OI0006822,O004251,P051,1,11.22,11.22
OI0006823,O004252,P069,1,24.0,24.0
OI0006824,O004253,P074,1,32.9,32.9
OI0006825,O004254,P048,1,37.04,37.04
OI0006826,O004254,P006,1,132.21,132.21
OI0006827,O004254,P002,1,30.14,30.14
OI0006828,O004255,P065,1,41.82,41.82
OI0006829,O004255,P078,1,34.46,34.46
OI0006830,O004255,P090,1,55.52,55.52
OI0006831,O004256,P044,1,63.71,63.71
OI0006832,O004256,P028,1,129.35,129.35
OI0006833,O004257,P107,1,52.87,52.87
OI0006834,O004258,P052,1,44.73,44.73
OI0006835,O004258,P101,1,43.91,43.91
OI0006836,O004259,P058,1,47.56,47.56
OI0006837,O004259,P118,1,22.9,22.9
OI0006838,O004259,P002,1,30.14,30.14
OI0006839,O004260,P041,1,25.86,25.86
OI0006840,O004260,P109,1,81.27,81.27
OI0006841,O004261,P106,1,47.23,47.23
OI0006842,O004262,P096,1,86.58,86.58
OI0006843,O004262,P027,1,12.05,12.05
OI0006844,O004262,P032,1,17.4,17.4
OI0006845,O004263,P035,2,23.65,47.3
OI0006846,O004264,P033,1,87.02,87.02
OI0006847,O004264,P055,2,69.18,138.36
OI0006848,O004265,P044,1,63.71,63.71
OI0006849,O004266,P079,1,23.65,23.65
OI0006850,O004267,P061,1,33.13,33.13
OI0006851,O004268,P033,1,87.02,87.02
OI0006852,O004268,P043,1,23.06,23.06
OI0006853,O004269,P096,1,86.58,86.58
OI0006854,O004269,P069,1,24.0,24.0
OI0006855,O004270,P058,1,47.56,47.56
OI0006856,O004270,P049,1,42.57,42.57
OI0006857,O004271,P090,1,55.52,55.52
OI0006858,O004272,P028,1,129.35,129.35
OI0006859,O004273,P107,1,52.87,52.87
OI0006860,O004273,P054,1,53.62,53.62
OI0006861,O004274,P058,2,47.56,95.12
OI0006862,O004275,P037,1,33.58,33.58
OI0006863,O004275,P010,1,44.59,44.59
OI0006864,O004276,P001,1,66.04,66.04
OI0006865,O004277,P009,1,37.92,37.92
OI0006866,O004277,P001,1,66.04,66.04
OI0006867,O004278,P021,1,51.23,51.23
OI0006868,O004279,P039,1,31.96,31.96
OI0006869,O004280,P024,1,84.49,84.49
OI0006870,O004280,P015,1,31.17,31.17
OI0006871,O004280,P005,1,49.25,49.25
OI0006872,O004281,P023,1,54.75,54.75
OI0006873,O004282,P094,1,17.7,17.7
OI0006874,O004283,P009,1,37.92,37.92
OI0006875,O004283,P082,1,34.81,34.81
OI0006876,O004284,P094,1,17.7,17.7
OI0006877,O004285,P016,1,59.7,59.7
OI0006878,O004285,P017,1,18.94,18.94
OI0006879,O004285,P096,1,86.58,86.58
OI0006880,O004286,P055,1,69.18,69.18
OI0006881,O004287,P049,1,42.57,42.57
OI0006882,O004287,P103,1,65.04,65.04
OI0006883,O004287,P034,2,35.52,71.04
OI0006884,O004288,P106,1,47.23,47.23
OI0006885,O004289,P004,1,66.5,66.5
OI0006886,O004290,P087,1,29.25,29.25
OI0006887,O004291,P089,1,26.52,26.52
OI0006888,O004291,P019,1,13.12,13.12
OI0006889,O004292,P034,3,35.52,106.56
OI0006890,O004293,P016,1,59.7,59.7
OI0006891,O004293,P113,1,35.73,35.73
OI0006892,O004293,P024,2,84.49,168.98
OI0006893,O004294,P097,1,20.46,20.46
OI0006894,O004295,P087,1,29.25,29.25
OI0006895,O004296,P077,1,144.76,144.76
OI0006896,O004296,P088,1,28.36,28.36
OI0006897,O004296,P009,1,37.92,37.92
OI0006898,O004297,P072,2,14.56,29.12
OI0006899,O004297,P068,1,29.23,29.23
OI0006900,O004298,P081,3,22.73,68.19
OI0006901,O004298,P067,2,46.95,93.9
OI0006902,O004298,P041,1,25.86,25.86
OI0006903,O004298,P066,1,34.67,34.67
OI0006904,O004299,P069,1,24.0,24.0
OI0006905,O004299,P013,2,12.37,24.74
OI0006906,O004300,P108,1,34.32,34.32
OI0006907,O004301,P094,1,17.7,17.7
OI0006908,O004301,P051,1,11.22,11.22
OI0006909,O004302,P096,1,86.58,86.58
OI0006910,O004303,P043,1,23.06,23.06
OI0006911,O004304,P066,1,34.67,34.67
OI0006912,O004304,P029,1,25.98,25.98
OI0006913,O004304,P102,1,56.61,56.61
OI0006914,O004305,P110,2,82.9,165.8
OI0006915,O004306,P034,1,35.52,35.52
OI0006916,O004306,P010,1,44.59,44.59
OI0006917,O004307,P098,1,57.37,57.37
OI0006918,O004307,P045,1,30.38,30.38
OI0006919,O004308,P094,1,17.7,17.7
OI0006920,O004309,P009,1,37.92,37.92
OI0006921,O004310,P037,1,33.58,33.58
OI0006922,O004311,P065,1,41.82,41.82
OI0006923,O004312,P077,1,144.76,144.76
OI0006924,O004313,P041,1,25.86,25.86
OI0006925,O004313,P065,1,41.82,41.82
OI0006926,O004314,P045,1,30.38,30.38
OI0006927,O004314,P087,1,29.25,29.25
OI0006928,O004314,P001,1,66.04,66.04
OI0006929,O004315,P111,1,29.11,29.11
OI0006930,O004316,P043,1,23.06,23.06
OI0006931,O004316,P016,1,59.7,59.7
OI0006932,O004317,P071,1,141.44,141.44
OI0006933,O004317,P062,1,53.16,53.16
OI0006934,O004318,P089,1,26.52,26.52
OI0006935,O004319,P067,1,46.95,46.95
OI0006936,O004319,P016,1,59.7,59.7
OI0006937,O004320,P079,1,23.65,23.65
OI0006938,O004320,P015,1,31.17,31.17
OI0006939,O004321,P005,1,49.25,49.25
OI0006940,O004322,P027,1,12.05,12.05
OI0006941,O004323,P103,1,65.04,65.04
OI0006942,O004323,P075,1,44.36,44.36
OI0006943,O004324,P024,1,84.49,84.49
OI0006944,O004325,P031,1,32.22,32.22
OI0006945,O004326,P091,2,37.89,75.78
OI0006946,O004326,P094,1,17.7,17.7
OI0006947,O004327,P074,1,32.9,32.9
OI0006948,O004328,P024,2,84.49,168.98
OI0006949,O004329,P068,2,29.23,58.46
OI0006950,O004329,P118,1,22.9,22.9
OI0006951,O004330,P103,1,65.04,65.04
OI0006952,O004330,P100,3,26.88,80.64
OI0006953,O004330,P091,1,37.89,37.89
OI0006954,O004331,P060,1,41.59,41.59
OI0006955,O004332,P035,2,23.65,47.3
OI0006956,O004333,P068,1,29.23,29.23
OI0006957,O004333,P073,1,45.97,45.97
OI0006958,O004333,P043,2,23.06,46.12
OI0006959,O004334,P102,1,56.61,56.61
OI0006960,O004335,P023,1,54.75,54.75
OI0006961,O004335,P105,1,73.93,73.93
OI0006962,O004336,P111,1,29.11,29.11
OI0006963,O004336,P100,1,26.88,26.88
OI0006964,O004336,P089,1,26.52,26.52
OI0006965,O004337,P101,1,43.91,43.91
OI0006966,O004338,P094,1,17.7,17.7
OI0006967,O004339,P105,2,73.93,147.86
OI0006968,O004340,P026,1,27.66,27.66
OI0006969,O004341,P004,1,66.5,66.5
OI0006970,O004342,P088,1,28.36,28.36
OI0006971,O004342,P009,2,37.92,75.84
OI0006972,O004342,P097,1,20.46,20.46
OI0006973,O004343,P039,1,31.96,31.96
OI0006974,O004343,P018,1,12.14,12.14
OI0006975,O004343,P017,1,18.94,18.94
OI0006976,O004344,P006,1,132.21,132.21
OI0006977,O004345,P032,1,17.4,17.4
OI0006978,O004345,P048,1,37.04,37.04
OI0006979,O004346,P100,1,26.88,26.88
OI0006980,O004346,P089,1,26.52,26.52
OI0006981,O004347,P086,1,80.82,80.82
OI0006982,O004348,P081,1,22.73,22.73
OI0006983,O004349,P119,1,34.08,34.08
OI0006984,O004350,P033,1,87.02,87.02
OI0006985,O004350,P016,1,59.7,59.7
OI0006986,O004351,P031,1,32.22,32.22
OI0006987,O004352,P093,1,45.3,45.3
OI0006988,O004353,P001,1,66.04,66.04
OI0006989,O004354,P034,1,35.52,35.52
OI0006990,O004354,P080,1,64.69,64.69
OI0006991,O004354,P019,1,13.12,13.12
OI0006992,O004355,P079,2,23.65,47.3
OI0006993,O004356,P114,1,27.37,27.37
OI0006994,O004356,P007,2,39.99,79.98
OI0006995,O004356,P082,1,34.81,34.81
OI0006996,O004357,P081,1,22.73,22.73
OI0006997,O004358,P113,1,35.73,35.73
OI0006998,O004359,P061,1,33.13,33.13
OI0006999,O004359,P035,1,23.65,23.65
OI0007000,O004360,P065,2,41.82,83.64
OI0007001,O004361,P067,1,46.95,46.95
OI0007002,O004362,P093,1,45.3,45.3
OI0007003,O004362,P098,1,57.37,57.37
OI0007004,O004362,P054,1,53.62,53.62
OI0007005,O004363,P069,1,24.0,24.0
OI0007006,O004364,P103,1,65.04,65.04
OI0007007,O004364,P097,1,20.46,20.46
OI0007008,O004365,P068,1,29.23,29.23
OI0007009,O004365,P024,1,84.49,84.49
OI0007010,O004366,P003,1,36.05,36.05
OI0007011,O004367,P103,1,65.04,65.04
OI0007012,O004368,P005,3,49.25,147.75
OI0007013,O004369,P058,1,47.56,47.56
OI0007014,O004370,P048,2,37.04,74.08
OI0007015,O004371,P075,1,44.36,44.36
OI0007016,O004372,P022,2,43.57,87.14
OI0007017,O004373,P004,1,66.5,66.5
OI0007018,O004374,P062,1,53.16,53.16
OI0007019,O004375,P051,1,11.22,11.22
OI0007020,O004375,P106,1,47.23,47.23
OI0007021,O004376,P062,1,53.16,53.16
OI0007022,O004377,P051,1,11.22,11.22
OI0007023,O004378,P021,2,51.23,102.46
OI0007024,O004379,P107,1,52.87,52.87
OI0007025,O004380,P043,2,23.06,46.12
OI0007026,O004381,P073,1,45.97,45.97
OI0007027,O004382,P039,2,31.96,63.92
OI0007028,O004383,P053,2,40.97,81.94
OI0007029,O004384,P043,1,23.06,23.06
OI0007030,O004384,P103,1,65.04,65.04
OI0007031,O004385,P047,2,23.25,46.5
OI0007032,O004386,P105,1,73.93,73.93
OI0007033,O004387,P073,1,45.97,45.97
OI0007034,O004388,P037,1,33.58,33.58
OI0007035,O004389,P071,1,141.44,141.44
OI0007036,O004390,P105,1,73.93,73.93
OI0007037,O004391,P057,2,112.54,225.08
OI0007038,O004391,P062,1,53.16,53.16
OI0007039,O004392,P073,1,45.97,45.97
OI0007040,O004393,P016,2,59.7,119.4
OI0007041,O004393,P101,2,43.91,87.82
OI0007042,O004394,P057,1,112.54,112.54
OI0007043,O004394,P105,2,73.93,147.86
OI0007044,O004395,P017,1,18.94,18.94
OI0007045,O004396,P020,1,30.3,30.3
OI0007046,O004396,P003,1,36.05,36.05
OI0007047,O004396,P097,2,20.46,40.92
OI0007048,O004396,P093,1,45.3,45.3
OI0007049,O004397,P022,2,43.57,87.14
OI0007050,O004398,P107,1,52.87,52.87
OI0007051,O004398,P059,1,68.57,68.57
OI0007052,O004399,P111,1,29.11,29.11
OI0007053,O004399,P116,1,38.35,38.35
OI0007054,O004399,P031,1,32.22,32.22
OI0007055,O004399,P067,1,46.95,46.95
OI0007056,O004400,P084,1,30.69,30.69
OI0007057,O004400,P052,1,44.73,44.73
OI0007058,O004400,P014,1,102.77,102.77
OI0007059,O004401,P080,1,64.69,64.69
OI0007060,O004401,P022,1,43.57,43.57
OI0007061,O004401,P079,1,23.65,23.65
OI0007062,O004401,P102,1,56.61,56.61
OI0007063,O004402,P114,1,27.37,27.37
OI0007064,O004403,P099,1,46.77,46.77
OI0007065,O004404,P094,2,17.7,35.4
OI0007066,O004405,P044,1,63.71,63.71
OI0007067,O004406,P103,1,65.04,65.04
OI0007068,O004407,P048,1,37.04,37.04
OI0007069,O004407,P079,1,23.65,23.65
OI0007070,O004408,P053,1,40.97,40.97
OI0007071,O004408,P029,1,25.98,25.98
OI0007072,O004409,P108,1,34.32,34.32
OI0007073,O004410,P094,1,17.7,17.7
OI0007074,O004411,P011,1,39.95,39.95
OI0007075,O004411,P010,1,44.59,44.59
OI0007076,O004411,P104,1,44.1,44.1
OI0007077,O004412,P055,1,69.18,69.18
OI0007078,O004413,P046,1,38.99,38.99
OI0007079,O004413,P086,1,80.82,80.82
OI0007080,O004414,P025,1,37.52,37.52
OI0007081,O004415,P107,1,52.87,52.87
OI0007082,O004416,P071,1,141.44,141.44
OI0007083,O004417,P120,1,46.49,46.49
OI0007084,O004417,P090,1,55.52,55.52
OI0007085,O004418,P012,1,51.32,51.32
OI0007086,O004419,P066,1,34.67,34.67
OI0007087,O004419,P015,1,31.17,31.17
OI0007088,O004419,P115,1,42.04,42.04
OI0007089,O004420,P053,2,40.97,81.94
OI0007090,O004421,P046,1,38.99,38.99
OI0007091,O004421,P103,1,65.04,65.04
OI0007092,O004422,P056,1,18.69,18.69
OI0007093,O004423,P030,1,57.05,57.05
OI0007094,O004424,P015,1,31.17,31.17
OI0007095,O004424,P013,1,12.37,12.37
OI0007096,O004425,P105,2,73.93,147.86
OI0007097,O004425,P049,1,42.57,42.57
OI0007098,O004426,P058,1,47.56,47.56
OI0007099,O004427,P027,1,12.05,12.05
OI0007100,O004428,P047,1,23.25,23.25
OI0007101,O004428,P110,1,82.9,82.9
OI0007102,O004429,P013,2,12.37,24.74
OI0007103,O004429,P063,1,28.7,28.7
OI0007104,O004430,P108,2,34.32,68.64
OI0007105,O004430,P103,1,65.04,65.04
OI0007106,O004431,P078,1,34.46,34.46
OI0007107,O004432,P008,1,46.52,46.52
OI0007108,O004433,P118,1,22.9,22.9
OI0007109,O004434,P112,1,35.49,35.49
OI0007110,O004435,P018,1,12.14,12.14
OI0007111,O004435,P029,1,25.98,25.98
OI0007112,O004436,P005,1,49.25,49.25
OI0007113,O004436,P084,1,30.69,30.69
OI0007114,O004436,P082,1,34.81,34.81
OI0007115,O004437,P105,1,73.93,73.93
OI0007116,O004437,P008,1,46.52,46.52
OI0007117,O004438,P018,2,12.14,24.28
OI0007118,O004438,P112,1,35.49,35.49
OI0007119,O004439,P107,1,52.87,52.87
OI0007120,O004439,P023,1,54.75,54.75
OI0007121,O004440,P103,1,65.04,65.04
OI0007122,O004441,P063,1,28.7,28.7
OI0007123,O004442,P108,1,34.32,34.32
OI0007124,O004443,P118,1,22.9,22.9
OI0007125,O004444,P079,3,23.65,70.95
OI0007126,O004445,P103,2,65.04,130.08
OI0007127,O004446,P067,2,46.95,93.9
OI0007128,O004446,P117,1,27.82,27.82
OI0007129,O004447,P040,1,40.11,40.11
OI0007130,O004448,P108,1,34.32,34.32
OI0007131,O004449,P025,1,37.52,37.52
OI0007132,O004449,P082,1,34.81,34.81
OI0007133,O004450,P077,1,144.76,144.76
OI0007134,O004451,P083,1,30.7,30.7
OI0007135,O004452,P088,1,28.36,28.36
OI0007136,O004453,P017,1,18.94,18.94
OI0007137,O004453,P048,1,37.04,37.04
OI0007138,O004454,P083,1,30.7,30.7
OI0007139,O004455,P025,3,37.52,112.56
OI0007140,O004455,P012,1,51.32,51.32
OI0007141,O004456,P099,1,46.77,46.77
OI0007142,O004456,P021,1,51.23,51.23
OI0007143,O004456,P010,1,44.59,44.59
OI0007144,O004456,P118,1,22.9,22.9
OI0007145,O004457,P046,1,38.99,38.99
OI0007146,O004457,P116,1,38.35,38.35
OI0007147,O004458,P092,1,58.39,58.39
OI0007148,O004458,P077,1,144.76,144.76
OI0007149,O004459,P078,1,34.46,34.46
OI0007150,O004459,P072,2,14.56,29.12
OI0007151,O004459,P094,1,17.7,17.7
OI0007152,O004460,P031,2,32.22,64.44
OI0007153,O004460,P004,1,66.5,66.5
OI0007154,O004461,P111,1,29.11,29.11
OI0007155,O004461,P027,1,12.05,12.05
OI0007156,O004462,P090,1,55.52,55.52
OI0007157,O004463,P071,1,141.44,141.44
OI0007158,O004464,P072,1,14.56,14.56
OI0007159,O004464,P091,1,37.89,37.89
OI0007160,O004465,P003,1,36.05,36.05
OI0007161,O004465,P067,2,46.95,93.9
OI0007162,O004466,P046,1,38.99,38.99
OI0007163,O004466,P062,2,53.16,106.32
OI0007164,O004467,P064,1,16.79,16.79
OI0007165,O004468,P042,1,41.11,41.11
OI0007166,O004469,P063,1,28.7,28.7
OI0007167,O004469,P095,1,69.05,69.05
OI0007168,O004470,P021,1,51.23,51.23
OI0007169,O004471,P028,2,129.35,258.7
OI0007170,O004471,P080,2,64.69,129.38
OI0007171,O004471,P035,1,23.65,23.65
OI0007172,O004472,P017,1,18.94,18.94
OI0007173,O004473,P063,1,28.7,28.7
OI0007174,O004473,P103,1,65.04,65.04
OI0007175,O004473,P088,1,28.36,28.36
OI0007176,O004474,P023,2,54.75,109.5
OI0007177,O004475,P092,1,58.39,58.39
OI0007178,O004476,P029,1,25.98,25.98
OI0007179,O004477,P026,2,27.66,55.32
OI0007180,O004477,P030,1,57.05,57.05
OI0007181,O004477,P032,1,17.4,17.4
OI0007182,O004478,P044,1,63.71,63.71
OI0007183,O004479,P046,2,38.99,77.98
OI0007184,O004480,P005,1,49.25,49.25
OI0007185,O004480,P039,1,31.96,31.96
OI0007186,O004481,P062,1,53.16,53.16
OI0007187,O004482,P048,1,37.04,37.04
OI0007188,O004483,P061,1,33.13,33.13
OI0007189,O004484,P051,1,11.22,11.22
OI0007190,O004485,P037,1,33.58,33.58
OI0007191,O004485,P044,1,63.71,63.71
OI0007192,O004486,P096,1,86.58,86.58
OI0007193,O004486,P001,1,66.04,66.04
OI0007194,O004487,P113,2,35.73,71.46
OI0007195,O004488,P073,1,45.97,45.97
OI0007196,O004488,P057,2,112.54,225.08
OI0007197,O004489,P064,3,16.79,50.37
OI0007198,O004489,P021,1,51.23,51.23
OI0007199,O004489,P051,2,11.22,22.44
OI0007200,O004490,P040,1,40.11,40.11
OI0007201,O004491,P047,1,23.25,23.25
OI0007202,O004492,P025,3,37.52,112.56
OI0007203,O004493,P020,2,30.3,60.6
OI0007204,O004494,P023,3,54.75,164.25
OI0007205,O004495,P027,1,12.05,12.05
OI0007206,O004495,P012,1,51.32,51.32
OI0007207,O004496,P002,1,30.14,30.14
OI0007208,O004497,P016,1,59.7,59.7
OI0007209,O004498,P118,1,22.9,22.9
OI0007210,O004498,P055,1,69.18,69.18
OI0007211,O004499,P080,1,64.69,64.69
OI0007212,O004499,P052,1,44.73,44.73
OI0007213,O004499,P089,1,26.52,26.52
OI0007214,O004500,P106,1,47.23,47.23
OI0007215,O004501,P108,1,34.32,34.32
OI0007216,O004501,P116,1,38.35,38.35
OI0007217,O004502,P066,1,34.67,34.67
OI0007218,O004502,P020,1,30.3,30.3
OI0007219,O004502,P112,1,35.49,35.49
OI0007220,O004503,P016,1,59.7,59.7
OI0007221,O004504,P118,1,22.9,22.9
OI0007222,O004505,P005,1,49.25,49.25
OI0007223,O004506,P049,1,42.57,42.57
OI0007224,O004507,P029,1,25.98,25.98
OI0007225,O004507,P076,1,38.28,38.28
OI0007226,O004507,P061,1,33.13,33.13
OI0007227,O004508,P010,1,44.59,44.59
OI0007228,O004509,P009,1,37.92,37.92
OI0007229,O004509,P055,1,69.18,69.18
OI0007230,O004510,P048,1,37.04,37.04
OI0007231,O004511,P091,1,37.89,37.89
OI0007232,O004511,P045,1,30.38,30.38
OI0007233,O004512,P102,1,56.61,56.61
OI0007234,O004512,P091,1,37.89,37.89
OI0007235,O004512,P106,2,47.23,94.46
OI0007236,O004512,P048,2,37.04,74.08
OI0007237,O004513,P066,1,34.67,34.67
OI0007238,O004513,P001,3,66.04,198.12
OI0007239,O004513,P055,2,69.18,138.36
OI0007240,O004514,P010,1,44.59,44.59
OI0007241,O004514,P093,1,45.3,45.3
OI0007242,O004515,P004,2,66.5,133.0
OI0007243,O004516,P043,1,23.06,23.06
OI0007244,O004517,P024,3,84.49,253.47
OI0007245,O004517,P086,1,80.82,80.82
OI0007246,O004518,P103,1,65.04,65.04
OI0007247,O004518,P011,1,39.95,39.95
OI0007248,O004518,P052,1,44.73,44.73
OI0007249,O004519,P100,1,26.88,26.88
OI0007250,O004519,P026,1,27.66,27.66
OI0007251,O004520,P014,1,102.77,102.77
OI0007252,O004520,P047,1,23.25,23.25
OI0007253,O004520,P086,1,80.82,80.82
OI0007254,O004521,P082,1,34.81,34.81
OI0007255,O004521,P117,1,27.82,27.82
OI0007256,O004522,P081,3,22.73,68.19
OI0007257,O004523,P018,1,12.14,12.14
OI0007258,O004523,P053,1,40.97,40.97
OI0007259,O004524,P013,2,12.37,24.74
OI0007260,O004524,P071,1,141.44,141.44
OI0007261,O004525,P054,1,53.62,53.62
OI0007262,O004526,P089,1,26.52,26.52
OI0007263,O004527,P089,1,26.52,26.52
OI0007264,O004527,P095,1,69.05,69.05
OI0007265,O004528,P044,1,63.71,63.71
OI0007266,O004529,P120,2,46.49,92.98
OI0007267,O004530,P033,3,87.02,261.06
OI0007268,O004530,P077,1,144.76,144.76
OI0007269,O004530,P044,1,63.71,63.71
OI0007270,O004531,P065,1,41.82,41.82
OI0007271,O004532,P032,1,17.4,17.4
OI0007272,O004533,P070,1,47.52,47.52
OI0007273,O004534,P105,1,73.93,73.93
OI0007274,O004534,P073,1,45.97,45.97
OI0007275,O004534,P072,1,14.56,14.56
OI0007276,O004535,P086,2,80.82,161.64
OI0007277,O004536,P027,1,12.05,12.05
OI0007278,O004536,P010,1,44.59,44.59
OI0007279,O004537,P119,1,34.08,34.08
OI0007280,O004538,P118,1,22.9,22.9
OI0007281,O004538,P064,1,16.79,16.79
OI0007282,O004538,P107,1,52.87,52.87
OI0007283,O004539,P036,1,16.55,16.55
OI0007284,O004540,P046,1,38.99,38.99
OI0007285,O004540,P110,1,82.9,82.9
OI0007286,O004540,P030,1,57.05,57.05
OI0007287,O004541,P091,1,37.89,37.89
OI0007288,O004541,P065,1,41.82,41.82
OI0007289,O004542,P018,1,12.14,12.14
OI0007290,O004542,P115,1,42.04,42.04
OI0007291,O004543,P101,2,43.91,87.82
OI0007292,O004543,P032,1,17.4,17.4
OI0007293,O004544,P105,1,73.93,73.93
OI0007294,O004545,P002,1,30.14,30.14
OI0007295,O004546,P025,1,37.52,37.52
OI0007296,O004547,P047,2,23.25,46.5
OI0007297,O004547,P074,1,32.9,32.9
OI0007298,O004548,P111,2,29.11,58.22
OI0007299,O004549,P039,1,31.96,31.96
OI0007300,O004549,P057,1,112.54,112.54
OI0007301,O004550,P070,1,47.52,47.52
OI0007302,O004551,P019,1,13.12,13.12
OI0007303,O004551,P005,1,49.25,49.25
OI0007304,O004552,P003,1,36.05,36.05
OI0007305,O004553,P095,1,69.05,69.05
OI0007306,O004554,P080,1,64.69,64.69
OI0007307,O004554,P029,1,25.98,25.98
OI0007308,O004554,P118,2,22.9,45.8
OI0007309,O004555,P077,1,144.76,144.76
OI0007310,O004556,P007,1,39.99,39.99
OI0007311,O004557,P103,2,65.04,130.08
OI0007312,O004558,P011,1,39.95,39.95
OI0007313,O004559,P120,1,46.49,46.49
OI0007314,O004559,P059,1,68.57,68.57
OI0007315,O004560,P118,1,22.9,22.9
OI0007316,O004561,P095,1,69.05,69.05
OI0007317,O004562,P091,1,37.89,37.89
OI0007318,O004562,P075,1,44.36,44.36
OI0007319,O004562,P110,1,82.9,82.9
OI0007320,O004563,P009,2,37.92,75.84
OI0007321,O004564,P116,1,38.35,38.35
OI0007322,O004565,P028,3,129.35,388.05
OI0007323,O004565,P076,3,38.28,114.84
OI0007324,O004566,P051,1,11.22,11.22
OI0007325,O004567,P008,1,46.52,46.52
OI0007326,O004568,P074,1,32.9,32.9
OI0007327,O004569,P059,2,68.57,137.14
OI0007328,O004570,P113,2,35.73,71.46
OI0007329,O004571,P035,2,23.65,47.3
OI0007330,O004572,P087,1,29.25,29.25
OI0007331,O004573,P023,2,54.75,109.5
OI0007332,O004574,P063,1,28.7,28.7
OI0007333,O004575,P085,1,11.15,11.15
OI0007334,O004575,P071,1,141.44,141.44
OI0007335,O004575,P055,3,69.18,207.54
OI0007336,O004576,P003,1,36.05,36.05
OI0007337,O004576,P027,1,12.05,12.05
OI0007338,O004576,P055,1,69.18,69.18
OI0007339,O004576,P038,1,64.8,64.8
OI0007340,O004577,P009,1,37.92,37.92
OI0007341,O004578,P021,2,51.23,102.46
OI0007342,O004579,P020,1,30.3,30.3
OI0007343,O004580,P115,1,42.04,42.04
OI0007344,O004580,P017,1,18.94,18.94
OI0007345,O004581,P044,1,63.71,63.71
OI0007346,O004582,P007,1,39.99,39.99
OI0007347,O004582,P009,2,37.92,75.84
OI0007348,O004583,P038,1,64.8,64.8
OI0007349,O004583,P007,1,39.99,39.99
OI0007350,O004584,P085,1,11.15,11.15
OI0007351,O004585,P032,1,17.4,17.4
OI0007352,O004586,P091,1,37.89,37.89
OI0007353,O004586,P109,3,81.27,243.81
OI0007354,O004586,P035,1,23.65,23.65
OI0007355,O004587,P090,1,55.52,55.52
OI0007356,O004587,P047,1,23.25,23.25
OI0007357,O004588,P101,2,43.91,87.82
OI0007358,O004589,P100,1,26.88,26.88
OI0007359,O004590,P086,2,80.82,161.64
OI0007360,O004590,P109,3,81.27,243.81
OI0007361,O004591,P053,1,40.97,40.97
OI0007362,O004592,P004,1,66.5,66.5
OI0007363,O004593,P008,1,46.52,46.52
OI0007364,O004593,P015,1,31.17,31.17
OI0007365,O004593,P050,1,19.41,19.41
OI0007366,O004594,P070,1,47.52,47.52
OI0007367,O004594,P109,1,81.27,81.27
OI0007368,O004594,P085,2,11.15,22.3
OI0007369,O004595,P013,1,12.37,12.37
OI0007370,O004596,P026,1,27.66,27.66
OI0007371,O004596,P076,1,38.28,38.28
OI0007372,O004596,P062,1,53.16,53.16
OI0007373,O004597,P052,1,44.73,44.73
OI0007374,O004597,P106,1,47.23,47.23
OI0007375,O004598,P054,1,53.62,53.62
OI0007376,O004598,P114,1,27.37,27.37
OI0007377,O004599,P098,1,57.37,57.37
OI0007378,O004599,P066,1,34.67,34.67
OI0007379,O004600,P006,1,132.21,132.21
OI0007380,O004601,P060,1,41.59,41.59
OI0007381,O004602,P052,1,44.73,44.73
OI0007382,O004603,P014,1,102.77,102.77
OI0007383,O004604,P038,1,64.8,64.8
OI0007384,O004605,P007,1,39.99,39.99
OI0007385,O004605,P105,1,73.93,73.93
OI0007386,O004606,P101,1,43.91,43.91
OI0007387,O004606,P040,1,40.11,40.11
OI0007388,O004607,P063,2,28.7,57.4
OI0007389,O004608,P037,1,33.58,33.58
OI0007390,O004608,P119,2,34.08,68.16
OI0007391,O004608,P020,1,30.3,30.3
OI0007392,O004609,P100,3,26.88,80.64
OI0007393,O004610,P058,1,47.56,47.56
OI0007394,O004611,P087,1,29.25,29.25
OI0007395,O004612,P079,1,23.65,23.65
OI0007396,O004612,P030,1,57.05,57.05
OI0007397,O004612,P053,1,40.97,40.97
OI0007398,O004612,P102,1,56.61,56.61
OI0007399,O004613,P094,1,17.7,17.7
OI0007400,O004614,P111,3,29.11,87.33
OI0007401,O004615,P053,1,40.97,40.97
OI0007402,O004616,P031,1,32.22,32.22
OI0007403,O004616,P083,1,30.7,30.7
OI0007404,O004617,P072,1,14.56,14.56
OI0007405,O004617,P062,1,53.16,53.16
OI0007406,O004618,P017,1,18.94,18.94
OI0007407,O004619,P119,1,34.08,34.08
OI0007408,O004620,P021,1,51.23,51.23
OI0007409,O004621,P078,1,34.46,34.46
OI0007410,O004622,P083,1,30.7,30.7
OI0007411,O004622,P033,1,87.02,87.02
OI0007412,O004623,P097,1,20.46,20.46
OI0007413,O004624,P001,1,66.04,66.04
OI0007414,O004624,P072,1,14.56,14.56
OI0007415,O004624,P091,1,37.89,37.89
OI0007416,O004624,P040,1,40.11,40.11
OI0007417,O004625,P120,1,46.49,46.49
OI0007418,O004626,P081,1,22.73,22.73
OI0007419,O004627,P023,1,54.75,54.75
OI0007420,O004627,P077,1,144.76,144.76
OI0007421,O004628,P001,1,66.04,66.04
OI0007422,O004628,P012,1,51.32,51.32
OI0007423,O004629,P049,2,42.57,85.14
OI0007424,O004630,P014,1,102.77,102.77
OI0007425,O004631,P041,1,25.86,25.86
OI0007426,O004632,P071,1,141.44,141.44
OI0007427,O004633,P086,1,80.82,80.82
OI0007428,O004633,P098,1,57.37,57.37
OI0007429,O004634,P070,1,47.52,47.52
OI0007430,O004634,P043,1,23.06,23.06
OI0007431,O004635,P013,1,12.37,12.37
OI0007432,O004636,P036,1,16.55,16.55
OI0007433,O004637,P025,1,37.52,37.52
OI0007434,O004638,P030,1,57.05,57.05
OI0007435,O004639,P009,1,37.92,37.92
OI0007436,O004640,P068,2,29.23,58.46
OI0007437,O004640,P101,1,43.91,43.91
OI0007438,O004641,P051,1,11.22,11.22
OI0007439,O004641,P097,2,20.46,40.92
OI0007440,O004642,P078,2,34.46,68.92
OI0007441,O004643,P120,1,46.49,46.49
OI0007442,O004644,P034,1,35.52,35.52
OI0007443,O004645,P011,1,39.95,39.95
OI0007444,O004646,P052,1,44.73,44.73
OI0007445,O004647,P037,1,33.58,33.58
OI0007446,O004647,P091,2,37.89,75.78
OI0007447,O004647,P093,1,45.3,45.3
OI0007448,O004648,P037,1,33.58,33.58
OI0007449,O004648,P054,1,53.62,53.62
OI0007450,O004648,P019,1,13.12,13.12
OI0007451,O004648,P018,1,12.14,12.14
OI0007452,O004649,P118,1,22.9,22.9
OI0007453,O004649,P016,1,59.7,59.7
OI0007454,O004650,P028,1,129.35,129.35
OI0007455,O004651,P014,1,102.77,102.77
OI0007456,O004651,P015,2,31.17,62.34
OI0007457,O004652,P041,2,25.86,51.72
OI0007458,O004652,P053,1,40.97,40.97
OI0007459,O004652,P090,2,55.52,111.04
OI0007460,O004652,P039,1,31.96,31.96
OI0007461,O004653,P115,1,42.04,42.04
OI0007462,O004654,P103,1,65.04,65.04
OI0007463,O004654,P093,1,45.3,45.3
OI0007464,O004655,P025,1,37.52,37.52
OI0007465,O004655,P072,1,14.56,14.56
OI0007466,O004655,P119,1,34.08,34.08
OI0007467,O004656,P001,1,66.04,66.04
OI0007468,O004657,P113,1,35.73,35.73
OI0007469,O004658,P002,1,30.14,30.14
OI0007470,O004658,P081,1,22.73,22.73
OI0007471,O004659,P051,1,11.22,11.22
OI0007472,O004659,P056,1,18.69,18.69
OI0007473,O004659,P038,1,64.8,64.8
OI0007474,O004659,P033,1,87.02,87.02
OI0007475,O004660,P104,1,44.1,44.1
OI0007476,O004661,P055,1,69.18,69.18
OI0007477,O004662,P077,1,144.76,144.76
OI0007478,O004662,P091,1,37.89,37.89
OI0007479,O004663,P028,1,129.35,129.35
OI0007480,O004663,P042,1,41.11,41.11
OI0007481,O004663,P104,1,44.1,44.1
OI0007482,O004664,P098,2,57.37,114.74
OI0007483,O004665,P070,1,47.52,47.52
OI0007484,O004666,P106,1,47.23,47.23
OI0007485,O004667,P012,1,51.32,51.32
OI0007486,O004668,P047,1,23.25,23.25
OI0007487,O004668,P053,1,40.97,40.97
OI0007488,O004669,P078,1,34.46,34.46
OI0007489,O004670,P080,1,64.69,64.69
OI0007490,O004670,P107,1,52.87,52.87
OI0007491,O004670,P038,1,64.8,64.8
OI0007492,O004670,P083,3,30.7,92.1
OI0007493,O004671,P024,1,84.49,84.49
OI0007494,O004672,P043,1,23.06,23.06
OI0007495,O004673,P049,1,42.57,42.57
OI0007496,O004673,P027,1,12.05,12.05
OI0007497,O004674,P119,1,34.08,34.08
OI0007498,O004674,P090,1,55.52,55.52
OI0007499,O004675,P034,1,35.52,35.52
OI0007500,O004675,P074,1,32.9,32.9
OI0007501,O004676,P095,2,69.05,138.1
OI0007502,O004677,P046,2,38.99,77.98
OI0007503,O004678,P055,1,69.18,69.18
OI0007504,O004678,P033,1,87.02,87.02
OI0007505,O004678,P090,1,55.52,55.52
OI0007506,O004679,P044,1,63.71,63.71
OI0007507,O004679,P114,1,27.37,27.37
OI0007508,O004680,P086,1,80.82,80.82
OI0007509,O004681,P119,1,34.08,34.08
OI0007510,O004682,P025,1,37.52,37.52
OI0007511,O004683,P065,1,41.82,41.82
OI0007512,O004683,P059,1,68.57,68.57
OI0007513,O004683,P044,1,63.71,63.71
OI0007514,O004683,P060,1,41.59,41.59
OI0007515,O004684,P076,1,38.28,38.28
OI0007516,O004685,P105,1,73.93,73.93
OI0007517,O004685,P026,2,27.66,55.32
OI0007518,O004686,P073,1,45.97,45.97
OI0007519,O004687,P059,1,68.57,68.57
OI0007520,O004688,P081,1,22.73,22.73
OI0007521,O004688,P055,1,69.18,69.18
OI0007522,O004688,P070,1,47.52,47.52
OI0007523,O004689,P011,1,39.95,39.95
OI0007524,O004690,P011,1,39.95,39.95
OI0007525,O004691,P077,2,144.76,289.52
OI0007526,O004692,P046,1,38.99,38.99
OI0007527,O004693,P100,1,26.88,26.88
OI0007528,O004694,P042,1,41.11,41.11
OI0007529,O004694,P060,1,41.59,41.59
OI0007530,O004695,P070,2,47.52,95.04
OI0007531,O004695,P119,1,34.08,34.08
OI0007532,O004696,P047,1,23.25,23.25
OI0007533,O004696,P119,1,34.08,34.08
OI0007534,O004696,P016,1,59.7,59.7
OI0007535,O004696,P065,2,41.82,83.64
OI0007536,O004697,P094,1,17.7,17.7
OI0007537,O004697,P084,1,30.69,30.69
OI0007538,O004698,P099,1,46.77,46.77
OI0007539,O004699,P029,1,25.98,25.98
OI0007540,O004700,P068,1,29.23,29.23
OI0007541,O004701,P005,2,49.25,98.5
OI0007542,O004701,P015,1,31.17,31.17
OI0007543,O004702,P119,1,34.08,34.08
OI0007544,O004703,P047,1,23.25,23.25
OI0007545,O004704,P083,1,30.7,30.7
OI0007546,O004705,P061,1,33.13,33.13
OI0007547,O004706,P036,1,16.55,16.55
OI0007548,O004707,P036,1,16.55,16.55
OI0007549,O004708,P111,1,29.11,29.11
OI0007550,O004708,P021,1,51.23,51.23
OI0007551,O004709,P015,1,31.17,31.17
OI0007552,O004710,P026,2,27.66,55.32
OI0007553,O004710,P118,1,22.9,22.9
OI0007554,O004711,P095,2,69.05,138.1
OI0007555,O004711,P084,1,30.69,30.69
OI0007556,O004712,P103,1,65.04,65.04
OI0007557,O004713,P073,1,45.97,45.97
OI0007558,O004713,P119,2,34.08,68.16
OI0007559,O004713,P041,1,25.86,25.86
OI0007560,O004713,P003,1,36.05,36.05
OI0007561,O004714,P025,1,37.52,37.52
OI0007562,O004715,P080,1,64.69,64.69
OI0007563,O004715,P079,1,23.65,23.65
OI0007564,O004716,P085,1,11.15,11.15
OI0007565,O004716,P037,1,33.58,33.58
OI0007566,O004717,P029,1,25.98,25.98
OI0007567,O004717,P040,2,40.11,80.22
OI0007568,O004717,P035,1,23.65,23.65
OI0007569,O004718,P036,1,16.55,16.55
OI0007570,O004719,P098,1,57.37,57.37
OI0007571,O004720,P016,2,59.7,119.4
OI0007572,O004721,P067,1,46.95,46.95
OI0007573,O004722,P028,1,129.35,129.35
OI0007574,O004723,P083,1,30.7,30.7
OI0007575,O004723,P039,1,31.96,31.96
OI0007576,O004723,P056,1,18.69,18.69
OI0007577,O004724,P047,1,23.25,23.25
OI0007578,O004725,P072,1,14.56,14.56
OI0007579,O004726,P076,1,38.28,38.28
OI0007580,O004726,P053,1,40.97,40.97
OI0007581,O004727,P089,1,26.52,26.52
OI0007582,O004727,P078,2,34.46,68.92
OI0007583,O004728,P089,1,26.52,26.52
OI0007584,O004728,P005,1,49.25,49.25
OI0007585,O004728,P113,1,35.73,35.73
OI0007586,O004728,P002,1,30.14,30.14
OI0007587,O004729,P032,1,17.4,17.4
OI0007588,O004730,P072,1,14.56,14.56
OI0007589,O004731,P046,2,38.99,77.98
OI0007590,O004732,P006,1,132.21,132.21
OI0007591,O004733,P028,1,129.35,129.35
OI0007592,O004734,P110,1,82.9,82.9
OI0007593,O004734,P093,1,45.3,45.3
OI0007594,O004734,P009,1,37.92,37.92
OI0007595,O004734,P102,1,56.61,56.61
OI0007596,O004735,P019,2,13.12,26.24
OI0007597,O004736,P103,1,65.04,65.04
OI0007598,O004736,P047,1,23.25,23.25
OI0007599,O004737,P072,1,14.56,14.56
OI0007600,O004738,P026,1,27.66,27.66
OI0007601,O004739,P092,1,58.39,58.39
OI0007602,O004740,P071,1,141.44,141.44
OI0007603,O004741,P035,1,23.65,23.65
OI0007604,O004742,P115,1,42.04,42.04
OI0007605,O004742,P012,1,51.32,51.32
OI0007606,O004743,P050,1,19.41,19.41
OI0007607,O004744,P073,1,45.97,45.97
OI0007608,O004744,P112,1,35.49,35.49
OI0007609,O004744,P028,1,129.35,129.35
OI0007610,O004745,P081,3,22.73,68.19
OI0007611,O004746,P082,1,34.81,34.81
OI0007612,O004747,P055,1,69.18,69.18
OI0007613,O004747,P011,1,39.95,39.95
OI0007614,O004748,P072,1,14.56,14.56
OI0007615,O004748,P003,1,36.05,36.05
OI0007616,O004749,P061,1,33.13,33.13
OI0007617,O004750,P058,1,47.56,47.56
OI0007618,O004751,P110,1,82.9,82.9
OI0007619,O004751,P028,2,129.35,258.7
OI0007620,O004752,P115,1,42.04,42.04
OI0007621,O004753,P064,1,16.79,16.79
OI0007622,O004753,P040,1,40.11,40.11
OI0007623,O004754,P088,1,28.36,28.36
OI0007624,O004755,P078,1,34.46,34.46
OI0007625,O004755,P068,1,29.23,29.23
OI0007626,O004755,P044,1,63.71,63.71
OI0007627,O004755,P112,1,35.49,35.49
OI0007628,O004756,P031,1,32.22,32.22
OI0007629,O004756,P013,1,12.37,12.37
OI0007630,O004757,P080,1,64.69,64.69
OI0007631,O004757,P048,1,37.04,37.04
OI0007632,O004758,P044,1,63.71,63.71
OI0007633,O004759,P053,2,40.97,81.94
OI0007634,O004759,P097,1,20.46,20.46
OI0007635,O004760,P028,1,129.35,129.35
OI0007636,O004760,P099,1,46.77,46.77
OI0007637,O004761,P021,1,51.23,51.23
OI0007638,O004761,P038,1,64.8,64.8
OI0007639,O004762,P057,1,112.54,112.54
OI0007640,O004762,P031,1,32.22,32.22
OI0007641,O004763,P089,1,26.52,26.52
OI0007642,O004764,P105,1,73.93,73.93
OI0007643,O004765,P019,2,13.12,26.24
OI0007644,O004765,P043,1,23.06,23.06
OI0007645,O004766,P088,1,28.36,28.36
OI0007646,O004767,P074,2,32.9,65.8
OI0007647,O004768,P069,2,24.0,48.0
OI0007648,O004769,P103,1,65.04,65.04
OI0007649,O004769,P067,1,46.95,46.95
OI0007650,O004770,P018,1,12.14,12.14
OI0007651,O004770,P059,2,68.57,137.14
OI0007652,O004770,P080,1,64.69,64.69
OI0007653,O004771,P120,1,46.49,46.49
OI0007654,O004772,P041,1,25.86,25.86
OI0007655,O004773,P055,1,69.18,69.18
OI0007656,O004773,P103,1,65.04,65.04
OI0007657,O004774,P088,2,28.36,56.72
OI0007658,O004775,P112,1,35.49,35.49
OI0007659,O004775,P018,2,12.14,24.28
OI0007660,O004776,P012,1,51.32,51.32
OI0007661,O004777,P035,1,23.65,23.65
OI0007662,O004777,P112,1,35.49,35.49
OI0007663,O004777,P018,3,12.14,36.42
OI0007664,O004778,P078,1,34.46,34.46
OI0007665,O004779,P001,1,66.04,66.04
OI0007666,O004779,P070,1,47.52,47.52
OI0007667,O004779,P087,1,29.25,29.25
OI0007668,O004779,P009,1,37.92,37.92
OI0007669,O004780,P044,1,63.71,63.71
OI0007670,O004781,P004,1,66.5,66.5
OI0007671,O004781,P083,2,30.7,61.4
OI0007672,O004781,P114,3,27.37,82.11
OI0007673,O004782,P024,1,84.49,84.49
OI0007674,O004783,P096,1,86.58,86.58
OI0007675,O004784,P054,2,53.62,107.24
OI0007676,O004784,P113,1,35.73,35.73
OI0007677,O004784,P110,1,82.9,82.9
OI0007678,O004785,P097,1,20.46,20.46
OI0007679,O004785,P063,1,28.7,28.7
OI0007680,O004785,P096,1,86.58,86.58
OI0007681,O004785,P112,1,35.49,35.49
OI0007682,O004786,P094,1,17.7,17.7
OI0007683,O004787,P001,1,66.04,66.04
OI0007684,O004787,P026,1,27.66,27.66
OI0007685,O004787,P049,1,42.57,42.57
OI0007686,O004788,P039,1,31.96,31.96
OI0007687,O004789,P069,1,24.0,24.0
OI0007688,O004790,P042,1,41.11,41.11
OI0007689,O004790,P027,3,12.05,36.15
OI0007690,O004791,P059,1,68.57,68.57
OI0007691,O004791,P031,1,32.22,32.22
OI0007692,O004791,P047,1,23.25,23.25
OI0007693,O004792,P113,1,35.73,35.73
OI0007694,O004793,P111,1,29.11,29.11
OI0007695,O004793,P062,1,53.16,53.16
OI0007696,O004794,P084,1,30.69,30.69
OI0007697,O004795,P024,1,84.49,84.49
OI0007698,O004796,P040,1,40.11,40.11
OI0007699,O004797,P011,1,39.95,39.95
OI0007700,O004797,P034,1,35.52,35.52
OI0007701,O004797,P077,1,144.76,144.76
OI0007702,O004797,P073,1,45.97,45.97
OI0007703,O004798,P068,1,29.23,29.23
OI0007704,O004799,P120,1,46.49,46.49
OI0007705,O004800,P043,1,23.06,23.06
OI0007706,O004801,P029,1,25.98,25.98
OI0007707,O004801,P005,2,49.25,98.5
OI0007708,O004801,P014,1,102.77,102.77
OI0007709,O004802,P080,1,64.69,64.69
OI0007710,O004803,P068,1,29.23,29.23
OI0007711,O004804,P051,1,11.22,11.22
OI0007712,O004805,P015,1,31.17,31.17
OI0007713,O004806,P044,1,63.71,63.71
OI0007714,O004806,P039,1,31.96,31.96
OI0007715,O004806,P079,1,23.65,23.65
OI0007716,O004807,P028,3,129.35,388.05
OI0007717,O004808,P031,1,32.22,32.22
OI0007718,O004809,P110,2,82.9,165.8
OI0007719,O004810,P021,1,51.23,51.23
OI0007720,O004810,P039,1,31.96,31.96
OI0007721,O004810,P014,1,102.77,102.77
OI0007722,O004810,P068,3,29.23,87.69
OI0007723,O004811,P058,1,47.56,47.56
OI0007724,O004811,P085,1,11.15,11.15
OI0007725,O004812,P009,1,37.92,37.92
OI0007726,O004812,P064,1,16.79,16.79
OI0007727,O004813,P070,2,47.52,95.04
OI0007728,O004814,P065,1,41.82,41.82
OI0007729,O004814,P115,2,42.04,84.08
OI0007730,O004815,P050,1,19.41,19.41
OI0007731,O004815,P099,2,46.77,93.54
OI0007732,O004815,P108,1,34.32,34.32
OI0007733,O004815,P036,1,16.55,16.55
OI0007734,O004816,P081,1,22.73,22.73
OI0007735,O004817,P087,1,29.25,29.25
OI0007736,O004817,P104,2,44.1,88.2
OI0007737,O004817,P115,1,42.04,42.04
OI0007738,O004818,P038,1,64.8,64.8
OI0007739,O004819,P061,1,33.13,33.13
OI0007740,O004820,P061,1,33.13,33.13
OI0007741,O004821,P003,1,36.05,36.05
OI0007742,O004821,P068,1,29.23,29.23
OI0007743,O004821,P119,1,34.08,34.08
OI0007744,O004822,P118,1,22.9,22.9
OI0007745,O004823,P026,1,27.66,27.66
OI0007746,O004824,P042,1,41.11,41.11
OI0007747,O004825,P002,2,30.14,60.28
OI0007748,O004826,P018,1,12.14,12.14
OI0007749,O004827,P013,3,12.37,37.11
OI0007750,O004828,P070,1,47.52,47.52
OI0007751,O004828,P020,1,30.3,30.3
OI0007752,O004828,P026,1,27.66,27.66
OI0007753,O004828,P032,1,17.4,17.4
OI0007754,O004829,P056,1,18.69,18.69
OI0007755,O004830,P026,1,27.66,27.66
OI0007756,O004831,P104,1,44.1,44.1
OI0007757,O004832,P056,1,18.69,18.69
OI0007758,O004833,P067,1,46.95,46.95
OI0007759,O004834,P030,1,57.05,57.05
OI0007760,O004835,P109,1,81.27,81.27
OI0007761,O004835,P118,1,22.9,22.9
OI0007762,O004836,P078,1,34.46,34.46
OI0007763,O004837,P062,1,53.16,53.16
OI0007764,O004837,P055,1,69.18,69.18
OI0007765,O004838,P047,2,23.25,46.5
OI0007766,O004839,P089,1,26.52,26.52
OI0007767,O004839,P110,1,82.9,82.9
OI0007768,O004840,P080,1,64.69,64.69
OI0007769,O004841,P113,1,35.73,35.73
OI0007770,O004842,P038,2,64.8,129.6
OI0007771,O004843,P034,1,35.52,35.52
OI0007772,O004844,P103,1,65.04,65.04
OI0007773,O004844,P041,1,25.86,25.86
OI0007774,O004845,P087,1,29.25,29.25
OI0007775,O004845,P020,1,30.3,30.3
OI0007776,O004846,P073,2,45.97,91.94
OI0007777,O004847,P094,2,17.7,35.4
OI0007778,O004847,P042,1,41.11,41.11
OI0007779,O004848,P052,1,44.73,44.73
OI0007780,O004849,P050,1,19.41,19.41
OI0007781,O004850,P056,1,18.69,18.69
OI0007782,O004851,P107,1,52.87,52.87
OI0007783,O004852,P011,1,39.95,39.95
OI0007784,O004853,P080,1,64.69,64.69
OI0007785,O004853,P082,1,34.81,34.81
OI0007786,O004854,P096,1,86.58,86.58
OI0007787,O004854,P039,1,31.96,31.96
OI0007788,O004855,P117,3,27.82,83.46
OI0007789,O004855,P084,1,30.69,30.69
OI0007790,O004856,P113,1,35.73,35.73
OI0007791,O004856,P119,1,34.08,34.08
OI0007792,O004857,P074,3,32.9,98.7
OI0007793,O004858,P111,1,29.11,29.11
OI0007794,O004859,P113,2,35.73,71.46
OI0007795,O004860,P049,1,42.57,42.57
OI0007796,O004860,P067,1,46.95,46.95
OI0007797,O004860,P034,1,35.52,35.52
OI0007798,O004861,P029,1,25.98,25.98
OI0007799,O004862,P085,1,11.15,11.15
OI0007800,O004862,P062,1,53.16,53.16
OI0007801,O004863,P097,1,20.46,20.46
OI0007802,O004863,P103,2,65.04,130.08
OI0007803,O004863,P015,1,31.17,31.17
OI0007804,O004863,P010,1,44.59,44.59
OI0007805,O004864,P086,1,80.82,80.82
OI0007806,O004865,P028,1,129.35,129.35
OI0007807,O004865,P004,1,66.5,66.5
OI0007808,O004866,P027,1,12.05,12.05
OI0007809,O004866,P048,2,37.04,74.08
OI0007810,O004867,P001,3,66.04,198.12
OI0007811,O004868,P013,1,12.37,12.37
OI0007812,O004869,P057,1,112.54,112.54
OI0007813,O004869,P080,2,64.69,129.38
OI0007814,O004869,P045,1,30.38,30.38
OI0007815,O004870,P047,1,23.25,23.25
OI0007816,O004870,P099,1,46.77,46.77
OI0007817,O004871,P037,1,33.58,33.58
OI0007818,O004872,P057,2,112.54,225.08
OI0007819,O004872,P010,1,44.59,44.59
OI0007820,O004873,P027,1,12.05,12.05
OI0007821,O004874,P098,1,57.37,57.37
OI0007822,O004874,P020,1,30.3,30.3
OI0007823,O004875,P019,1,13.12,13.12
OI0007824,O004875,P029,1,25.98,25.98
OI0007825,O004875,P069,1,24.0,24.0
OI0007826,O004876,P055,1,69.18,69.18
OI0007827,O004876,P007,3,39.99,119.97
OI0007828,O004876,P026,1,27.66,27.66
OI0007829,O004877,P095,1,69.05,69.05
OI0007830,O004877,P035,1,23.65,23.65
OI0007831,O004878,P064,1,16.79,16.79
OI0007832,O004878,P080,1,64.69,64.69
OI0007833,O004879,P038,1,64.8,64.8
OI0007834,O004880,P026,1,27.66,27.66
OI0007835,O004880,P039,1,31.96,31.96
OI0007836,O004880,P097,1,20.46,20.46
OI0007837,O004880,P038,1,64.8,64.8
OI0007838,O004881,P082,1,34.81,34.81
OI0007839,O004881,P015,1,31.17,31.17
OI0007840,O004882,P038,1,64.8,64.8
OI0007841,O004882,P101,1,43.91,43.91
OI0007842,O004883,P085,1,11.15,11.15
OI0007843,O004883,P042,1,41.11,41.11
OI0007844,O004884,P023,3,54.75,164.25
OI0007845,O004885,P054,1,53.62,53.62
OI0007846,O004886,P024,1,84.49,84.49
OI0007847,O004886,P101,1,43.91,43.91
OI0007848,O004887,P066,1,34.67,34.67
OI0007849,O004888,P096,1,86.58,86.58
OI0007850,O004889,P055,1,69.18,69.18
OI0007851,O004890,P044,1,63.71,63.71
OI0007852,O004890,P039,1,31.96,31.96
OI0007853,O004890,P092,1,58.39,58.39
OI0007854,O004891,P022,3,43.57,130.71
OI0007855,O004892,P077,1,144.76,144.76
OI0007856,O004892,P037,1,33.58,33.58
OI0007857,O004893,P079,2,23.65,47.3
OI0007858,O004894,P117,2,27.82,55.64
OI0007859,O004894,P034,1,35.52,35.52
OI0007860,O004895,P005,1,49.25,49.25
OI0007861,O004896,P099,1,46.77,46.77
OI0007862,O004896,P112,1,35.49,35.49
OI0007863,O004897,P091,1,37.89,37.89
OI0007864,O004897,P017,1,18.94,18.94
OI0007865,O004898,P010,1,44.59,44.59
OI0007866,O004898,P009,1,37.92,37.92
OI0007867,O004899,P097,1,20.46,20.46
OI0007868,O004900,P083,1,30.7,30.7
OI0007869,O004901,P070,2,47.52,95.04
OI0007870,O004902,P047,1,23.25,23.25
OI0007871,O004902,P088,1,28.36,28.36
OI0007872,O004902,P033,1,87.02,87.02
OI0007873,O004903,P081,1,22.73,22.73
OI0007874,O004903,P087,2,29.25,58.5
OI0007875,O004904,P022,1,43.57,43.57
OI0007876,O004905,P088,1,28.36,28.36
OI0007877,O004906,P076,1,38.28,38.28
OI0007878,O004907,P039,1,31.96,31.96
OI0007879,O004908,P077,1,144.76,144.76
OI0007880,O004909,P028,1,129.35,129.35
OI0007881,O004910,P074,1,32.9,32.9
OI0007882,O004911,P089,1,26.52,26.52
OI0007883,O004911,P006,1,132.21,132.21
OI0007884,O004912,P050,1,19.41,19.41
OI0007885,O004912,P081,1,22.73,22.73
OI0007886,O004913,P007,1,39.99,39.99
OI0007887,O004914,P008,1,46.52,46.52
OI0007888,O004914,P069,1,24.0,24.0
OI0007889,O004915,P026,1,27.66,27.66
OI0007890,O004916,P117,3,27.82,83.46
OI0007891,O004917,P050,1,19.41,19.41
OI0007892,O004918,P035,1,23.65,23.65
OI0007893,O004919,P090,1,55.52,55.52
OI0007894,O004920,P004,2,66.5,133.0
OI0007895,O004920,P094,1,17.7,17.7
OI0007896,O004921,P050,1,19.41,19.41
OI0007897,O004921,P018,1,12.14,12.14
OI0007898,O004921,P107,1,52.87,52.87
OI0007899,O004922,P044,1,63.71,63.71
OI0007900,O004922,P005,1,49.25,49.25
OI0007901,O004922,P089,1,26.52,26.52
OI0007902,O004923,P056,1,18.69,18.69
OI0007903,O004923,P050,2,19.41,38.82
OI0007904,O004924,P114,1,27.37,27.37
OI0007905,O004925,P038,1,64.8,64.8
OI0007906,O004926,P084,1,30.69,30.69
OI0007907,O004927,P040,1,40.11,40.11
OI0007908,O004927,P024,2,84.49,168.98
OI0007909,O004928,P024,1,84.49,84.49
OI0007910,O004929,P030,1,57.05,57.05
OI0007911,O004929,P063,1,28.7,28.7
OI0007912,O004929,P076,2,38.28,76.56
OI0007913,O004929,P112,1,35.49,35.49
OI0007914,O004930,P089,1,26.52,26.52
OI0007915,O004930,P023,1,54.75,54.75
OI0007916,O004931,P091,1,37.89,37.89
OI0007917,O004932,P116,2,38.35,76.7
OI0007918,O004933,P048,2,37.04,74.08
OI0007919,O004933,P031,1,32.22,32.22
OI0007920,O004933,P025,1,37.52,37.52
OI0007921,O004934,P014,1,102.77,102.77
OI0007922,O004935,P049,1,42.57,42.57
OI0007923,O004935,P014,1,102.77,102.77
OI0007924,O004936,P059,1,68.57,68.57
OI0007925,O004937,P050,2,19.41,38.82
OI0007926,O004937,P014,1,102.77,102.77
OI0007927,O004938,P099,1,46.77,46.77
OI0007928,O004939,P053,1,40.97,40.97
OI0007929,O004940,P108,1,34.32,34.32
OI0007930,O004940,P103,1,65.04,65.04
OI0007931,O004941,P065,1,41.82,41.82
OI0007932,O004942,P045,1,30.38,30.38
OI0007933,O004943,P015,1,31.17,31.17
OI0007934,O004943,P028,1,129.35,129.35
OI0007935,O004943,P009,1,37.92,37.92
OI0007936,O004944,P102,1,56.61,56.61
OI0007937,O004945,P085,1,11.15,11.15
OI0007938,O004946,P025,1,37.52,37.52
OI0007939,O004946,P017,2,18.94,37.88
OI0007940,O004947,P080,1,64.69,64.69
OI0007941,O004948,P003,1,36.05,36.05
OI0007942,O004949,P072,1,14.56,14.56
OI0007943,O004950,P112,1,35.49,35.49
OI0007944,O004950,P019,2,13.12,26.24
OI0007945,O004951,P118,1,22.9,22.9
OI0007946,O004951,P026,2,27.66,55.32
OI0007947,O004952,P105,1,73.93,73.93
OI0007948,O004953,P022,1,43.57,43.57
OI0007949,O004953,P045,1,30.38,30.38
OI0007950,O004953,P049,1,42.57,42.57
OI0007951,O004954,P069,1,24.0,24.0
OI0007952,O004954,P042,2,41.11,82.22
OI0007953,O004955,P083,1,30.7,30.7
OI0007954,O004956,P070,1,47.52,47.52
OI0007955,O004957,P052,1,44.73,44.73
OI0007956,O004958,P042,1,41.11,41.11
OI0007957,O004959,P024,1,84.49,84.49
OI0007958,O004960,P057,1,112.54,112.54
OI0007959,O004961,P062,1,53.16,53.16
OI0007960,O004962,P041,1,25.86,25.86
OI0007961,O004962,P051,1,11.22,11.22
OI0007962,O004962,P019,1,13.12,13.12
OI0007963,O004963,P074,1,32.9,32.9
OI0007964,O004964,P042,1,41.11,41.11
OI0007965,O004965,P021,3,51.23,153.69
OI0007966,O004966,P116,1,38.35,38.35
OI0007967,O004967,P079,1,23.65,23.65
OI0007968,O004968,P031,1,32.22,32.22
OI0007969,O004968,P103,1,65.04,65.04
OI0007970,O004968,P044,1,63.71,63.71
OI0007971,O004969,P074,1,32.9,32.9
OI0007972,O004970,P056,1,18.69,18.69
OI0007973,O004970,P081,1,22.73,22.73
OI0007974,O004970,P005,1,49.25,49.25
OI0007975,O004971,P011,1,39.95,39.95
OI0007976,O004972,P059,1,68.57,68.57
OI0007977,O004973,P024,1,84.49,84.49
OI0007978,O004974,P023,1,54.75,54.75
OI0007979,O004975,P091,1,37.89,37.89
OI0007980,O004976,P043,1,23.06,23.06
OI0007981,O004977,P094,1,17.7,17.7
OI0007982,O004977,P042,1,41.11,41.11
OI0007983,O004978,P050,1,19.41,19.41
OI0007984,O004978,P017,2,18.94,37.88
OI0007985,O004978,P019,1,13.12,13.12
OI0007986,O004979,P001,1,66.04,66.04
OI0007987,O004980,P099,3,46.77,140.31
OI0007988,O004980,P057,1,112.54,112.54
OI0007989,O004981,P086,1,80.82,80.82
OI0007990,O004982,P098,1,57.37,57.37
OI0007991,O004983,P059,1,68.57,68.57
OI0007992,O004983,P074,1,32.9,32.9
OI0007993,O004984,P052,2,44.73,89.46
OI0007994,O004984,P109,1,81.27,81.27
OI0007995,O004984,P077,1,144.76,144.76
OI0007996,O004985,P103,1,65.04,65.04
OI0007997,O004986,P065,1,41.82,41.82
OI0007998,O004987,P063,1,28.7,28.7
OI0007999,O004987,P103,1,65.04,65.04
OI0008000,O004987,P092,1,58.39,58.39
OI0008001,O004987,P021,1,51.23,51.23
OI0008002,O004988,P095,2,69.05,138.1
OI0008003,O004988,P092,1,58.39,58.39
OI0008004,O004988,P107,1,52.87,52.87
OI0008005,O004989,P056,2,18.69,37.38
OI0008006,O004989,P107,1,52.87,52.87
OI0008007,O004989,P087,1,29.25,29.25
OI0008008,O004990,P105,2,73.93,147.86
OI0008009,O004991,P065,1,41.82,41.82
OI0008010,O004991,P074,2,32.9,65.8
OI0008011,O004992,P098,2,57.37,114.74
OI0008012,O004992,P002,1,30.14,30.14
OI0008013,O004992,P102,1,56.61,56.61
OI0008014,O004993,P071,1,141.44,141.44
OI0008015,O004994,P085,2,11.15,22.3
OI0008016,O004995,P069,1,24.0,24.0
OI0008017,O004995,P019,1,13.12,13.12
OI0008018,O004995,P065,1,41.82,41.82
OI0008019,O004996,P041,1,25.86,25.86
OI0008020,O004997,P119,2,34.08,68.16
OI0008021,O004997,P022,1,43.57,43.57
OI0008022,O004998,P052,1,44.73,44.73
OI0008023,O004998,P007,1,39.99,39.99
OI0008024,O004998,P031,1,32.22,32.22
OI0008025,O004999,P046,1,38.99,38.99
OI0008026,O004999,P092,1,58.39,58.39
OI0008027,O004999,P074,1,32.9,32.9
OI0008028,O005000,P095,1,69.05,69.05
OI0008029,O005000,P019,1,13.12,13.12
OI0008030,O005001,P039,1,31.96,31.96
OI0008031,O005001,P029,1,25.98,25.98
OI0008032,O005002,P021,1,51.23,51.23
OI0008033,O005003,P072,1,14.56,14.56
OI0008034,O005004,P041,1,25.86,25.86
OI0008035,O005004,P026,1,27.66,27.66
OI0008036,O005004,P003,1,36.05,36.05
OI0008037,O005005,P120,2,46.49,92.98
OI0008038,O005005,P069,1,24.0,24.0
OI0008039,O005006,P091,1,37.89,37.89
OI0008040,O005006,P056,1,18.69,18.69
OI0008041,O005006,P059,1,68.57,68.57
OI0008042,O005007,P083,1,30.7,30.7
OI0008043,O005007,P045,1,30.38,30.38
OI0008044,O005008,P009,1,37.92,37.92
OI0008045,O005009,P055,2,69.18,138.36
OI0008046,O005010,P109,1,81.27,81.27
OI0008047,O005010,P045,1,30.38,30.38
OI0008048,O005010,P102,1,56.61,56.61
OI0008049,O005011,P079,1,23.65,23.65
OI0008050,O005011,P027,1,12.05,12.05
OI0008051,O005012,P066,1,34.67,34.67
OI0008052,O005013,P035,1,23.65,23.65
OI0008053,O005013,P067,1,46.95,46.95
OI0008054,O005014,P041,2,25.86,51.72
OI0008055,O005014,P024,1,84.49,84.49
OI0008056,O005014,P117,1,27.82,27.82
OI0008057,O005014,P064,1,16.79,16.79
OI0008058,O005015,P004,1,66.5,66.5
OI0008059,O005016,P030,2,57.05,114.1
OI0008060,O005016,P055,1,69.18,69.18
OI0008061,O005017,P060,1,41.59,41.59
OI0008062,O005017,P031,1,32.22,32.22
OI0008063,O005018,P013,1,12.37,12.37
OI0008064,O005018,P061,1,33.13,33.13
OI0008065,O005019,P102,2,56.61,113.22
OI0008066,O005019,P041,1,25.86,25.86
OI0008067,O005020,P113,1,35.73,35.73
OI0008068,O005020,P115,1,42.04,42.04
OI0008069,O005021,P009,1,37.92,37.92
OI0008070,O005021,P029,1,25.98,25.98
OI0008071,O005022,P083,1,30.7,30.7
OI0008072,O005022,P117,1,27.82,27.82
OI0008073,O005023,P024,1,84.49,84.49
OI0008074,O005023,P114,1,27.37,27.37
OI0008075,O005023,P005,1,49.25,49.25
OI0008076,O005024,P054,1,53.62,53.62
OI0008077,O005025,P026,1,27.66,27.66
OI0008078,O005025,P096,3,86.58,259.74
OI0008079,O005026,P093,1,45.3,45.3
OI0008080,O005026,P079,1,23.65,23.65
OI0008081,O005026,P028,1,129.35,129.35
OI0008082,O005026,P029,1,25.98,25.98
OI0008083,O005027,P033,1,87.02,87.02
OI0008084,O005028,P118,1,22.9,22.9
OI0008085,O005028,P054,1,53.62,53.62
OI0008086,O005029,P102,1,56.61,56.61
OI0008087,O005030,P104,1,44.1,44.1
OI0008088,O005031,P005,1,49.25,49.25
OI0008089,O005032,P028,2,129.35,258.7
OI0008090,O005032,P087,1,29.25,29.25
OI0008091,O005032,P038,1,64.8,64.8
OI0008092,O005033,P050,1,19.41,19.41
OI0008093,O005033,P080,2,64.69,129.38
OI0008094,O005034,P117,1,27.82,27.82
OI0008095,O005035,P071,1,141.44,141.44
OI0008096,O005036,P016,1,59.7,59.7
OI0008097,O005037,P021,1,51.23,51.23
OI0008098,O005037,P070,1,47.52,47.52
OI0008099,O005037,P017,2,18.94,37.88
OI0008100,O005037,P101,1,43.91,43.91
OI0008101,O005038,P100,1,26.88,26.88
OI0008102,O005038,P109,3,81.27,243.81
OI0008103,O005038,P036,1,16.55,16.55
OI0008104,O005038,P078,1,34.46,34.46
OI0008105,O005039,P105,1,73.93,73.93
OI0008106,O005039,P044,1,63.71,63.71
OI0008107,O005039,P080,1,64.69,64.69
OI0008108,O005040,P046,1,38.99,38.99
OI0008109,O005041,P079,1,23.65,23.65
OI0008110,O005042,P099,1,46.77,46.77
OI0008111,O005042,P056,1,18.69,18.69
OI0008112,O005042,P085,1,11.15,11.15
OI0008113,O005043,P106,1,47.23,47.23
OI0008114,O005043,P001,1,66.04,66.04
OI0008115,O005044,P073,1,45.97,45.97
OI0008116,O005045,P114,1,27.37,27.37
OI0008117,O005045,P065,1,41.82,41.82
OI0008118,O005046,P061,1,33.13,33.13
OI0008119,O005047,P035,1,23.65,23.65
OI0008120,O005048,P111,2,29.11,58.22
OI0008121,O005048,P009,2,37.92,75.84
OI0008122,O005048,P037,2,33.58,67.16
OI0008123,O005048,P050,1,19.41,19.41
OI0008124,O005049,P046,1,38.99,38.99
OI0008125,O005049,P092,1,58.39,58.39
OI0008126,O005049,P052,1,44.73,44.73
OI0008127,O005049,P080,1,64.69,64.69
OI0008128,O005050,P001,1,66.04,66.04
OI0008129,O005051,P055,1,69.18,69.18
OI0008130,O005052,P039,1,31.96,31.96
OI0008131,O005053,P031,1,32.22,32.22
OI0008132,O005054,P069,1,24.0,24.0
OI0008133,O005055,P005,1,49.25,49.25
OI0008134,O005056,P040,1,40.11,40.11
OI0008135,O005057,P075,1,44.36,44.36
OI0008136,O005058,P055,2,69.18,138.36
OI0008137,O005059,P061,1,33.13,33.13
OI0008138,O005059,P070,1,47.52,47.52
OI0008139,O005060,P026,3,27.66,82.98
OI0008140,O005060,P084,1,30.69,30.69
OI0008141,O005061,P033,1,87.02,87.02
OI0008142,O005062,P006,1,132.21,132.21
OI0008143,O005063,P106,2,47.23,94.46
OI0008144,O005063,P007,3,39.99,119.97
OI0008145,O005064,P033,1,87.02,87.02
OI0008146,O005065,P056,1,18.69,18.69
OI0008147,O005066,P053,1,40.97,40.97
OI0008148,O005067,P106,2,47.23,94.46
OI0008149,O005068,P043,1,23.06,23.06
OI0008150,O005068,P085,1,11.15,11.15
OI0008151,O005068,P039,1,31.96,31.96
OI0008152,O005068,P005,1,49.25,49.25
OI0008153,O005069,P079,1,23.65,23.65
OI0008154,O005070,P081,1,22.73,22.73
OI0008155,O005071,P027,1,12.05,12.05
OI0008156,O005072,P089,1,26.52,26.52
OI0008157,O005073,P012,1,51.32,51.32
OI0008158,O005074,P071,1,141.44,141.44
OI0008159,O005075,P082,1,34.81,34.81
OI0008160,O005076,P033,3,87.02,261.06
OI0008161,O005077,P111,1,29.11,29.11
OI0008162,O005077,P084,1,30.69,30.69
OI0008163,O005077,P054,2,53.62,107.24
OI0008164,O005078,P055,3,69.18,207.54
OI0008165,O005079,P011,1,39.95,39.95
OI0008166,O005080,P053,1,40.97,40.97
OI0008167,O005080,P120,1,46.49,46.49
OI0008168,O005080,P100,1,26.88,26.88
OI0008169,O005081,P037,1,33.58,33.58
OI0008170,O005081,P044,1,63.71,63.71
OI0008171,O005082,P100,1,26.88,26.88
OI0008172,O005082,P087,1,29.25,29.25
OI0008173,O005083,P072,1,14.56,14.56
OI0008174,O005083,P056,1,18.69,18.69
OI0008175,O005084,P075,1,44.36,44.36
OI0008176,O005085,P005,2,49.25,98.5
OI0008177,O005086,P110,2,82.9,165.8
OI0008178,O005087,P013,1,12.37,12.37
OI0008179,O005087,P111,2,29.11,58.22
OI0008180,O005088,P064,1,16.79,16.79
OI0008181,O005088,P033,1,87.02,87.02
OI0008182,O005089,P085,1,11.15,11.15
OI0008183,O005090,P098,2,57.37,114.74
OI0008184,O005090,P078,1,34.46,34.46
OI0008185,O005090,P072,1,14.56,14.56
OI0008186,O005090,P059,1,68.57,68.57
OI0008187,O005091,P079,3,23.65,70.95
OI0008188,O005092,P114,1,27.37,27.37
OI0008189,O005092,P060,1,41.59,41.59
OI0008190,O005092,P031,1,32.22,32.22
OI0008191,O005093,P089,1,26.52,26.52
OI0008192,O005094,P116,1,38.35,38.35
OI0008193,O005094,P046,1,38.99,38.99
OI0008194,O005095,P100,1,26.88,26.88
OI0008195,O005096,P027,1,12.05,12.05
OI0008196,O005097,P082,2,34.81,69.62
OI0008197,O005098,P110,1,82.9,82.9
OI0008198,O005098,P065,1,41.82,41.82
OI0008199,O005098,P081,1,22.73,22.73
OI0008200,O005099,P105,1,73.93,73.93
OI0008201,O005100,P103,1,65.04,65.04
OI0008202,O005100,P118,1,22.9,22.9
OI0008203,O005101,P023,1,54.75,54.75
OI0008204,O005102,P041,1,25.86,25.86
OI0008205,O005103,P031,1,32.22,32.22
OI0008206,O005104,P096,1,86.58,86.58
OI0008207,O005105,P111,1,29.11,29.11
OI0008208,O005106,P099,1,46.77,46.77
OI0008209,O005106,P114,2,27.37,54.74
OI0008210,O005107,P120,3,46.49,139.47
OI0008211,O005107,P009,1,37.92,37.92
OI0008212,O005108,P045,1,30.38,30.38
OI0008213,O005108,P089,1,26.52,26.52
OI0008214,O005109,P019,1,13.12,13.12
OI0008215,O005110,P037,1,33.58,33.58
OI0008216,O005111,P078,1,34.46,34.46
OI0008217,O005112,P032,1,17.4,17.4
OI0008218,O005113,P053,1,40.97,40.97
OI0008219,O005113,P060,1,41.59,41.59
OI0008220,O005114,P097,1,20.46,20.46
OI0008221,O005115,P070,1,47.52,47.52
OI0008222,O005115,P096,1,86.58,86.58
OI0008223,O005116,P045,2,30.38,60.76
OI0008224,O005116,P089,1,26.52,26.52
OI0008225,O005117,P081,1,22.73,22.73
OI0008226,O005117,P060,1,41.59,41.59
OI0008227,O005118,P086,2,80.82,161.64
OI0008228,O005119,P107,1,52.87,52.87
OI0008229,O005119,P115,2,42.04,84.08
OI0008230,O005119,P034,2,35.52,71.04
OI0008231,O005119,P057,2,112.54,225.08
OI0008232,O005120,P093,1,45.3,45.3
OI0008233,O005120,P091,1,37.89,37.89
OI0008234,O005120,P119,1,34.08,34.08
OI0008235,O005121,P100,1,26.88,26.88
OI0008236,O005121,P038,1,64.8,64.8
OI0008237,O005121,P053,1,40.97,40.97
OI0008238,O005121,P079,1,23.65,23.65
OI0008239,O005122,P002,1,30.14,30.14
OI0008240,O005122,P080,1,64.69,64.69
OI0008241,O005123,P061,1,33.13,33.13
OI0008242,O005123,P049,1,42.57,42.57
OI0008243,O005123,P050,1,19.41,19.41
OI0008244,O005124,P066,1,34.67,34.67
OI0008245,O005125,P074,1,32.9,32.9
OI0008246,O005126,P076,1,38.28,38.28
OI0008247,O005126,P065,1,41.82,41.82
OI0008248,O005126,P084,1,30.69,30.69
OI0008249,O005127,P114,1,27.37,27.37
OI0008250,O005127,P115,2,42.04,84.08
OI0008251,O005128,P033,1,87.02,87.02
OI0008252,O005128,P086,1,80.82,80.82
OI0008253,O005129,P041,1,25.86,25.86
OI0008254,O005129,P095,1,69.05,69.05
OI0008255,O005130,P013,1,12.37,12.37
OI0008256,O005131,P083,1,30.7,30.7
OI0008257,O005132,P065,1,41.82,41.82
OI0008258,O005133,P043,1,23.06,23.06
OI0008259,O005133,P096,1,86.58,86.58
OI0008260,O005134,P085,1,11.15,11.15
OI0008261,O005135,P092,1,58.39,58.39
OI0008262,O005135,P046,1,38.99,38.99
OI0008263,O005136,P098,1,57.37,57.37
OI0008264,O005136,P008,1,46.52,46.52
OI0008265,O005136,P045,1,30.38,30.38
OI0008266,O005136,P017,1,18.94,18.94
OI0008267,O005137,P108,1,34.32,34.32
OI0008268,O005137,P045,1,30.38,30.38
OI0008269,O005138,P067,1,46.95,46.95
OI0008270,O005139,P103,1,65.04,65.04
OI0008271,O005140,P103,1,65.04,65.04
OI0008272,O005140,P061,1,33.13,33.13
OI0008273,O005141,P048,1,37.04,37.04
OI0008274,O005141,P011,1,39.95,39.95
OI0008275,O005141,P104,1,44.1,44.1
OI0008276,O005141,P062,1,53.16,53.16
OI0008277,O005142,P004,1,66.5,66.5
OI0008278,O005142,P056,1,18.69,18.69
OI0008279,O005142,P025,1,37.52,37.52
OI0008280,O005143,P071,1,141.44,141.44
OI0008281,O005143,P080,1,64.69,64.69
OI0008282,O005143,P041,1,25.86,25.86
OI0008283,O005144,P041,1,25.86,25.86
OI0008284,O005145,P059,1,68.57,68.57
OI0008285,O005146,P045,1,30.38,30.38
OI0008286,O005147,P048,2,37.04,74.08
OI0008287,O005147,P105,2,73.93,147.86
OI0008288,O005148,P116,1,38.35,38.35
OI0008289,O005149,P061,1,33.13,33.13
OI0008290,O005149,P089,1,26.52,26.52
OI0008291,O005149,P085,1,11.15,11.15
OI0008292,O005150,P096,1,86.58,86.58
OI0008293,O005151,P046,1,38.99,38.99
OI0008294,O005152,P017,1,18.94,18.94
OI0008295,O005152,P071,1,141.44,141.44
OI0008296,O005153,P048,2,37.04,74.08
OI0008297,O005153,P115,3,42.04,126.12
OI0008298,O005154,P109,1,81.27,81.27
OI0008299,O005155,P040,1,40.11,40.11
OI0008300,O005156,P052,2,44.73,89.46
OI0008301,O005157,P042,1,41.11,41.11
OI0008302,O005158,P057,3,112.54,337.62
OI0008303,O005159,P071,1,141.44,141.44
OI0008304,O005159,P014,2,102.77,205.54
OI0008305,O005160,P058,1,47.56,47.56
OI0008306,O005160,P104,1,44.1,44.1
OI0008307,O005160,P088,1,28.36,28.36
OI0008308,O005161,P058,1,47.56,47.56
OI0008309,O005162,P038,1,64.8,64.8
OI0008310,O005163,P011,1,39.95,39.95
OI0008311,O005163,P082,1,34.81,34.81
OI0008312,O005164,P071,1,141.44,141.44
OI0008313,O005164,P015,1,31.17,31.17
OI0008314,O005164,P075,1,44.36,44.36
OI0008315,O005164,P110,1,82.9,82.9
OI0008316,O005165,P062,2,53.16,106.32
OI0008317,O005165,P096,1,86.58,86.58
OI0008318,O005165,P049,1,42.57,42.57
OI0008319,O005165,P022,3,43.57,130.71
OI0008320,O005166,P053,1,40.97,40.97
OI0008321,O005166,P078,1,34.46,34.46
OI0008322,O005167,P031,1,32.22,32.22
OI0008323,O005168,P061,1,33.13,33.13
OI0008324,O005168,P063,1,28.7,28.7
OI0008325,O005168,P115,1,42.04,42.04
OI0008326,O005169,P104,1,44.1,44.1
OI0008327,O005169,P074,2,32.9,65.8
OI0008328,O005169,P073,1,45.97,45.97
OI0008329,O005169,P031,1,32.22,32.22
OI0008330,O005170,P042,1,41.11,41.11
OI0008331,O005170,P074,2,32.9,65.8
OI0008332,O005170,P049,1,42.57,42.57
OI0008333,O005171,P060,1,41.59,41.59
OI0008334,O005172,P093,1,45.3,45.3
OI0008335,O005173,P067,1,46.95,46.95
OI0008336,O005174,P004,1,66.5,66.5
OI0008337,O005174,P002,1,30.14,30.14
OI0008338,O005175,P089,1,26.52,26.52
OI0008339,O005175,P019,1,13.12,13.12
OI0008340,O005176,P068,1,29.23,29.23
OI0008341,O005177,P067,1,46.95,46.95
OI0008342,O005177,P089,1,26.52,26.52
OI0008343,O005178,P016,1,59.7,59.7
OI0008344,O005179,P105,1,73.93,73.93
OI0008345,O005180,P094,1,17.7,17.7
OI0008346,O005180,P009,1,37.92,37.92
OI0008347,O005181,P116,1,38.35,38.35
OI0008348,O005181,P088,1,28.36,28.36
OI0008349,O005182,P086,1,80.82,80.82
OI0008350,O005182,P047,1,23.25,23.25
OI0008351,O005183,P096,1,86.58,86.58
OI0008352,O005184,P018,1,12.14,12.14
OI0008353,O005185,P112,1,35.49,35.49
OI0008354,O005186,P062,1,53.16,53.16
OI0008355,O005186,P044,2,63.71,127.42
OI0008356,O005187,P011,1,39.95,39.95
OI0008357,O005188,P072,1,14.56,14.56
OI0008358,O005189,P003,1,36.05,36.05
OI0008359,O005189,P090,1,55.52,55.52
OI0008360,O005190,P094,1,17.7,17.7
OI0008361,O005190,P051,1,11.22,11.22
OI0008362,O005190,P095,2,69.05,138.1
OI0008363,O005191,P071,1,141.44,141.44
OI0008364,O005192,P035,1,23.65,23.65
OI0008365,O005193,P016,2,59.7,119.4
OI0008366,O005194,P097,1,20.46,20.46
OI0008367,O005195,P035,1,23.65,23.65
OI0008368,O005195,P096,1,86.58,86.58
OI0008369,O005196,P055,1,69.18,69.18
OI0008370,O005197,P087,2,29.25,58.5
OI0008371,O005197,P053,1,40.97,40.97
OI0008372,O005197,P080,1,64.69,64.69
OI0008373,O005198,P098,1,57.37,57.37
OI0008374,O005199,P103,1,65.04,65.04
OI0008375,O005199,P039,1,31.96,31.96
OI0008376,O005199,P023,1,54.75,54.75
OI0008377,O005199,P075,1,44.36,44.36
OI0008378,O005200,P003,1,36.05,36.05
OI0008379,O005201,P076,1,38.28,38.28
OI0008380,O005201,P013,1,12.37,12.37
OI0008381,O005201,P108,1,34.32,34.32
OI0008382,O005202,P024,1,84.49,84.49
OI0008383,O005203,P032,1,17.4,17.4
OI0008384,O005203,P011,2,39.95,79.9
OI0008385,O005203,P013,1,12.37,12.37
OI0008386,O005204,P093,1,45.3,45.3
OI0008387,O005204,P115,1,42.04,42.04
OI0008388,O005204,P099,1,46.77,46.77
OI0008389,O005205,P019,1,13.12,13.12
OI0008390,O005206,P035,2,23.65,47.3
OI0008391,O005206,P028,1,129.35,129.35
OI0008392,O005206,P003,1,36.05,36.05
OI0008393,O005207,P020,3,30.3,90.9
OI0008394,O005208,P067,1,46.95,46.95
OI0008395,O005209,P005,1,49.25,49.25
OI0008396,O005209,P027,1,12.05,12.05
OI0008397,O005209,P063,1,28.7,28.7
OI0008398,O005210,P010,1,44.59,44.59
OI0008399,O005211,P024,1,84.49,84.49
OI0008400,O005211,P077,1,144.76,144.76
OI0008401,O005212,P114,1,27.37,27.37
OI0008402,O005212,P108,1,34.32,34.32
OI0008403,O005212,P016,3,59.7,179.1
OI0008404,O005213,P056,1,18.69,18.69
OI0008405,O005214,P002,1,30.14,30.14
OI0008406,O005215,P075,1,44.36,44.36
OI0008407,O005216,P041,1,25.86,25.86
OI0008408,O005216,P120,1,46.49,46.49
OI0008409,O005217,P120,1,46.49,46.49
OI0008410,O005218,P047,2,23.25,46.5
OI0008411,O005218,P094,2,17.7,35.4
OI0008412,O005219,P052,1,44.73,44.73
OI0008413,O005219,P057,1,112.54,112.54
OI0008414,O005220,P048,1,37.04,37.04
OI0008415,O005221,P062,2,53.16,106.32
OI0008416,O005222,P049,1,42.57,42.57
OI0008417,O005222,P102,1,56.61,56.61
OI0008418,O005223,P038,1,64.8,64.8
OI0008419,O005223,P084,1,30.69,30.69
OI0008420,O005224,P014,1,102.77,102.77
OI0008421,O005225,P095,2,69.05,138.1
OI0008422,O005225,P106,1,47.23,47.23
OI0008423,O005226,P120,1,46.49,46.49
OI0008424,O005227,P102,2,56.61,113.22
OI0008425,O005228,P107,1,52.87,52.87
OI0008426,O005229,P071,1,141.44,141.44
OI0008427,O005230,P019,1,13.12,13.12
OI0008428,O005230,P069,2,24.0,48.0
OI0008429,O005231,P116,1,38.35,38.35
OI0008430,O005232,P116,2,38.35,76.7
OI0008431,O005233,P047,1,23.25,23.25
OI0008432,O005234,P076,2,38.28,76.56
OI0008433,O005235,P010,1,44.59,44.59
OI0008434,O005236,P025,1,37.52,37.52
OI0008435,O005237,P001,1,66.04,66.04
OI0008436,O005237,P063,1,28.7,28.7
OI0008437,O005237,P087,2,29.25,58.5
OI0008438,O005238,P094,1,17.7,17.7
OI0008439,O005239,P109,1,81.27,81.27
OI0008440,O005239,P111,1,29.11,29.11
OI0008441,O005240,P070,1,47.52,47.52
OI0008442,O005241,P058,1,47.56,47.56
OI0008443,O005241,P003,1,36.05,36.05
OI0008444,O005242,P088,1,28.36,28.36
OI0008445,O005242,P018,1,12.14,12.14
OI0008446,O005242,P033,1,87.02,87.02
OI0008447,O005243,P044,1,63.71,63.71
OI0008448,O005244,P016,1,59.7,59.7
OI0008449,O005245,P002,1,30.14,30.14
OI0008450,O005245,P031,1,32.22,32.22
OI0008451,O005246,P007,1,39.99,39.99
OI0008452,O005246,P050,1,19.41,19.41
OI0008453,O005247,P058,1,47.56,47.56
OI0008454,O005248,P024,1,84.49,84.49
OI0008455,O005249,P073,1,45.97,45.97
OI0008456,O005250,P028,1,129.35,129.35
OI0008457,O005251,P013,1,12.37,12.37
OI0008458,O005252,P094,1,17.7,17.7
OI0008459,O005252,P060,1,41.59,41.59
OI0008460,O005252,P106,2,47.23,94.46
OI0008461,O005253,P050,1,19.41,19.41
OI0008462,O005254,P098,1,57.37,57.37
OI0008463,O005255,P062,1,53.16,53.16
OI0008464,O005256,P064,1,16.79,16.79
OI0008465,O005256,P050,1,19.41,19.41
OI0008466,O005256,P041,1,25.86,25.86
OI0008467,O005257,P060,2,41.59,83.18
OI0008468,O005258,P099,1,46.77,46.77
OI0008469,O005259,P107,1,52.87,52.87
OI0008470,O005259,P047,3,23.25,69.75
OI0008471,O005260,P053,2,40.97,81.94
OI0008472,O005261,P022,1,43.57,43.57
OI0008473,O005262,P095,1,69.05,69.05
OI0008474,O005263,P032,1,17.4,17.4
OI0008475,O005263,P009,1,37.92,37.92
OI0008476,O005263,P049,1,42.57,42.57
OI0008477,O005264,P080,2,64.69,129.38
OI0008478,O005264,P107,1,52.87,52.87
OI0008479,O005265,P051,1,11.22,11.22
OI0008480,O005265,P018,1,12.14,12.14
OI0008481,O005266,P076,1,38.28,38.28
OI0008482,O005267,P074,2,32.9,65.8
OI0008483,O005268,P037,1,33.58,33.58
OI0008484,O005268,P071,1,141.44,141.44
OI0008485,O005269,P004,2,66.5,133.0
OI0008486,O005269,P022,1,43.57,43.57
OI0008487,O005270,P036,1,16.55,16.55
OI0008488,O005271,P041,1,25.86,25.86
OI0008489,O005271,P055,1,69.18,69.18
OI0008490,O005272,P013,1,12.37,12.37
OI0008491,O005273,P085,3,11.15,33.45
OI0008492,O005273,P060,1,41.59,41.59
OI0008493,O005274,P017,1,18.94,18.94
OI0008494,O005275,P075,1,44.36,44.36
OI0008495,O005276,P012,2,51.32,102.64
OI0008496,O005276,P081,1,22.73,22.73
OI0008497,O005277,P087,1,29.25,29.25
OI0008498,O005277,P110,1,82.9,82.9
OI0008499,O005278,P006,1,132.21,132.21
OI0008500,O005279,P107,1,52.87,52.87
OI0008501,O005280,P039,1,31.96,31.96
OI0008502,O005280,P003,1,36.05,36.05
OI0008503,O005280,P068,1,29.23,29.23
OI0008504,O005280,P038,1,64.8,64.8
OI0008505,O005281,P041,1,25.86,25.86
OI0008506,O005281,P118,1,22.9,22.9
OI0008507,O005282,P035,1,23.65,23.65
OI0008508,O005282,P060,1,41.59,41.59
OI0008509,O005283,P088,1,28.36,28.36
OI0008510,O005283,P084,1,30.69,30.69
OI0008511,O005284,P024,1,84.49,84.49
OI0008512,O005285,P075,1,44.36,44.36
OI0008513,O005285,P003,1,36.05,36.05
OI0008514,O005286,P078,1,34.46,34.46
OI0008515,O005287,P011,1,39.95,39.95
OI0008516,O005288,P054,1,53.62,53.62
OI0008517,O005289,P036,1,16.55,16.55
OI0008518,O005289,P082,1,34.81,34.81
OI0008519,O005290,P069,2,24.0,48.0
OI0008520,O005291,P014,1,102.77,102.77
OI0008521,O005291,P016,2,59.7,119.4
OI0008522,O005292,P110,1,82.9,82.9
OI0008523,O005293,P096,3,86.58,259.74
OI0008524,O005294,P061,2,33.13,66.26
OI0008525,O005295,P069,1,24.0,24.0
OI0008526,O005295,P060,1,41.59,41.59
OI0008527,O005296,P118,1,22.9,22.9
OI0008528,O005296,P039,1,31.96,31.96
OI0008529,O005296,P092,2,58.39,116.78
OI0008530,O005297,P021,1,51.23,51.23
OI0008531,O005297,P067,1,46.95,46.95
OI0008532,O005298,P024,1,84.49,84.49
OI0008533,O005299,P001,1,66.04,66.04
OI0008534,O005300,P061,1,33.13,33.13
OI0008535,O005300,P084,1,30.69,30.69
OI0008536,O005300,P013,3,12.37,37.11
OI0008537,O005301,P068,1,29.23,29.23
OI0008538,O005302,P115,2,42.04,84.08
OI0008539,O005303,P111,1,29.11,29.11
OI0008540,O005303,P015,1,31.17,31.17
OI0008541,O005304,P087,1,29.25,29.25
OI0008542,O005305,P089,1,26.52,26.52
OI0008543,O005305,P019,1,13.12,13.12
OI0008544,O005306,P067,1,46.95,46.95
OI0008545,O005306,P085,1,11.15,11.15
OI0008546,O005307,P114,1,27.37,27.37
OI0008547,O005308,P054,1,53.62,53.62
OI0008548,O005309,P084,1,30.69,30.69
OI0008549,O005309,P013,1,12.37,12.37
OI0008550,O005310,P045,1,30.38,30.38
OI0008551,O005311,P085,1,11.15,11.15
OI0008552,O005312,P115,1,42.04,42.04
OI0008553,O005312,P110,1,82.9,82.9
OI0008554,O005313,P016,1,59.7,59.7
OI0008555,O005314,P106,1,47.23,47.23
OI0008556,O005315,P113,1,35.73,35.73
OI0008557,O005316,P039,1,31.96,31.96
OI0008558,O005317,P106,1,47.23,47.23
OI0008559,O005318,P109,1,81.27,81.27
OI0008560,O005319,P079,2,23.65,47.3
OI0008561,O005320,P022,1,43.57,43.57
OI0008562,O005321,P059,1,68.57,68.57
OI0008563,O005322,P038,1,64.8,64.8
OI0008564,O005322,P030,1,57.05,57.05
OI0008565,O005323,P058,1,47.56,47.56
OI0008566,O005324,P042,2,41.11,82.22
OI0008567,O005325,P039,2,31.96,63.92
OI0008568,O005326,P115,1,42.04,42.04
OI0008569,O005326,P032,2,17.4,34.8
OI0008570,O005327,P073,1,45.97,45.97
OI0008571,O005328,P065,1,41.82,41.82
OI0008572,O005328,P031,1,32.22,32.22
OI0008573,O005328,P100,2,26.88,53.76
OI0008574,O005329,P011,1,39.95,39.95
OI0008575,O005329,P038,1,64.8,64.8
OI0008576,O005329,P114,2,27.37,54.74
OI0008577,O005330,P082,1,34.81,34.81
OI0008578,O005331,P082,1,34.81,34.81
OI0008579,O005331,P061,1,33.13,33.13
OI0008580,O005331,P009,1,37.92,37.92
OI0008581,O005332,P008,2,46.52,93.04
OI0008582,O005332,P110,1,82.9,82.9
OI0008583,O005333,P032,1,17.4,17.4
OI0008584,O005334,P003,1,36.05,36.05
OI0008585,O005335,P014,2,102.77,205.54
OI0008586,O005335,P073,3,45.97,137.91
OI0008587,O005336,P053,1,40.97,40.97
OI0008588,O005337,P102,1,56.61,56.61
OI0008589,O005338,P066,1,34.67,34.67
OI0008590,O005339,P010,1,44.59,44.59
OI0008591,O005339,P105,1,73.93,73.93
OI0008592,O005340,P016,1,59.7,59.7
OI0008593,O005340,P117,1,27.82,27.82
OI0008594,O005341,P104,2,44.1,88.2
OI0008595,O005341,P014,1,102.77,102.77
OI0008596,O005342,P044,1,63.71,63.71
OI0008597,O005343,P064,1,16.79,16.79
OI0008598,O005344,P032,2,17.4,34.8
OI0008599,O005344,P046,2,38.99,77.98
OI0008600,O005344,P085,1,11.15,11.15
OI0008601,O005345,P066,1,34.67,34.67
OI0008602,O005346,P025,1,37.52,37.52
OI0008603,O005347,P029,1,25.98,25.98
OI0008604,O005347,P117,1,27.82,27.82
OI0008605,O005348,P016,1,59.7,59.7
OI0008606,O005348,P064,1,16.79,16.79
OI0008607,O005348,P089,1,26.52,26.52
OI0008608,O005349,P007,1,39.99,39.99
OI0008609,O005350,P118,1,22.9,22.9
OI0008610,O005350,P008,1,46.52,46.52
OI0008611,O005351,P117,1,27.82,27.82
OI0008612,O005352,P068,1,29.23,29.23
OI0008613,O005353,P088,1,28.36,28.36
OI0008614,O005353,P068,1,29.23,29.23
OI0008615,O005354,P028,1,129.35,129.35
OI0008616,O005355,P082,1,34.81,34.81
OI0008617,O005356,P092,2,58.39,116.78
OI0008618,O005357,P091,1,37.89,37.89
OI0008619,O005357,P113,1,35.73,35.73
OI0008620,O005357,P046,1,38.99,38.99
OI0008621,O005357,P042,1,41.11,41.11
OI0008622,O005358,P100,1,26.88,26.88
OI0008623,O005359,P033,1,87.02,87.02
OI0008624,O005359,P044,2,63.71,127.42
OI0008625,O005360,P001,1,66.04,66.04
OI0008626,O005360,P015,1,31.17,31.17
OI0008627,O005360,P018,1,12.14,12.14
OI0008628,O005360,P106,1,47.23,47.23
OI0008629,O005361,P102,1,56.61,56.61
OI0008630,O005362,P094,2,17.7,35.4
OI0008631,O005363,P001,1,66.04,66.04
OI0008632,O005363,P002,1,30.14,30.14
OI0008633,O005364,P021,3,51.23,153.69
OI0008634,O005364,P091,1,37.89,37.89
OI0008635,O005365,P057,1,112.54,112.54
OI0008636,O005365,P026,1,27.66,27.66
OI0008637,O005366,P117,2,27.82,55.64
OI0008638,O005367,P054,1,53.62,53.62
OI0008639,O005368,P063,1,28.7,28.7
OI0008640,O005369,P060,1,41.59,41.59
OI0008641,O005370,P038,1,64.8,64.8
OI0008642,O005370,P039,1,31.96,31.96
OI0008643,O005371,P075,1,44.36,44.36
OI0008644,O005371,P014,1,102.77,102.77
OI0008645,O005372,P095,1,69.05,69.05
OI0008646,O005372,P117,1,27.82,27.82
OI0008647,O005373,P058,1,47.56,47.56
OI0008648,O005373,P017,1,18.94,18.94
OI0008649,O005373,P057,3,112.54,337.62
OI0008650,O005374,P117,1,27.82,27.82
OI0008651,O005375,P100,1,26.88,26.88
OI0008652,O005375,P023,1,54.75,54.75
OI0008653,O005376,P104,1,44.1,44.1
OI0008654,O005376,P119,1,34.08,34.08
OI0008655,O005376,P009,1,37.92,37.92
OI0008656,O005377,P061,1,33.13,33.13
OI0008657,O005378,P111,1,29.11,29.11
OI0008658,O005378,P072,1,14.56,14.56
OI0008659,O005379,P027,1,12.05,12.05
OI0008660,O005380,P001,1,66.04,66.04
OI0008661,O005381,P005,1,49.25,49.25
OI0008662,O005382,P108,1,34.32,34.32
OI0008663,O005382,P035,1,23.65,23.65
OI0008664,O005382,P047,1,23.25,23.25
OI0008665,O005383,P080,1,64.69,64.69
OI0008666,O005383,P064,1,16.79,16.79
OI0008667,O005383,P090,1,55.52,55.52
OI0008668,O005384,P104,1,44.1,44.1
OI0008669,O005385,P034,2,35.52,71.04
OI0008670,O005385,P099,2,46.77,93.54
OI0008671,O005386,P117,1,27.82,27.82
OI0008672,O005387,P075,2,44.36,88.72
OI0008673,O005388,P049,1,42.57,42.57
OI0008674,O005389,P070,1,47.52,47.52
OI0008675,O005390,P064,1,16.79,16.79
OI0008676,O005391,P084,1,30.69,30.69
OI0008677,O005391,P030,1,57.05,57.05
OI0008678,O005392,P014,1,102.77,102.77
OI0008679,O005392,P063,1,28.7,28.7
OI0008680,O005392,P120,1,46.49,46.49
OI0008681,O005393,P082,1,34.81,34.81
OI0008682,O005394,P058,1,47.56,47.56
OI0008683,O005394,P106,1,47.23,47.23
OI0008684,O005395,P089,1,26.52,26.52
OI0008685,O005396,P115,1,42.04,42.04
OI0008686,O005397,P057,1,112.54,112.54
OI0008687,O005397,P031,1,32.22,32.22
OI0008688,O005398,P017,1,18.94,18.94
OI0008689,O005398,P058,1,47.56,47.56
OI0008690,O005399,P087,2,29.25,58.5
OI0008691,O005399,P009,1,37.92,37.92
OI0008692,O005399,P058,1,47.56,47.56
OI0008693,O005399,P110,1,82.9,82.9
OI0008694,O005400,P031,1,32.22,32.22
OI0008695,O005400,P057,1,112.54,112.54
OI0008696,O005401,P050,1,19.41,19.41
OI0008697,O005401,P016,1,59.7,59.7
OI0008698,O005402,P074,1,32.9,32.9
OI0008699,O005402,P028,2,129.35,258.7
OI0008700,O005402,P043,1,23.06,23.06
OI0008701,O005403,P017,3,18.94,56.82
OI0008702,O005403,P081,1,22.73,22.73
OI0008703,O005404,P097,2,20.46,40.92
OI0008704,O005404,P082,1,34.81,34.81
OI0008705,O005405,P083,1,30.7,30.7
OI0008706,O005405,P082,1,34.81,34.81
OI0008707,O005405,P009,1,37.92,37.92
OI0008708,O005406,P045,1,30.38,30.38
OI0008709,O005406,P081,1,22.73,22.73
OI0008710,O005407,P002,1,30.14,30.14
OI0008711,O005407,P078,1,34.46,34.46
OI0008712,O005408,P053,1,40.97,40.97
OI0008713,O005409,P030,2,57.05,114.1
OI0008714,O005409,P102,2,56.61,113.22
OI0008715,O005409,P071,1,141.44,141.44
OI0008716,O005410,P077,1,144.76,144.76
OI0008717,O005410,P035,1,23.65,23.65
OI0008718,O005411,P001,1,66.04,66.04
OI0008719,O005412,P026,1,27.66,27.66
OI0008720,O005413,P024,1,84.49,84.49
OI0008721,O005414,P034,1,35.52,35.52
OI0008722,O005415,P022,1,43.57,43.57
OI0008723,O005415,P024,2,84.49,168.98
OI0008724,O005416,P038,1,64.8,64.8
OI0008725,O005417,P115,1,42.04,42.04
OI0008726,O005417,P081,1,22.73,22.73
OI0008727,O005418,P039,1,31.96,31.96
OI0008728,O005418,P010,1,44.59,44.59
OI0008729,O005419,P052,1,44.73,44.73
OI0008730,O005419,P105,1,73.93,73.93
OI0008731,O005420,P099,1,46.77,46.77
OI0008732,O005421,P014,1,102.77,102.77
OI0008733,O005422,P080,2,64.69,129.38
OI0008734,O005423,P051,1,11.22,11.22
OI0008735,O005424,P119,1,34.08,34.08
OI0008736,O005425,P041,1,25.86,25.86
OI0008737,O005426,P002,1,30.14,30.14
OI0008738,O005427,P116,1,38.35,38.35
OI0008739,O005428,P102,1,56.61,56.61
OI0008740,O005428,P065,1,41.82,41.82
OI0008741,O005429,P062,1,53.16,53.16
OI0008742,O005429,P054,1,53.62,53.62
OI0008743,O005429,P014,1,102.77,102.77
OI0008744,O005430,P045,1,30.38,30.38
OI0008745,O005431,P031,1,32.22,32.22
OI0008746,O005432,P009,1,37.92,37.92
OI0008747,O005433,P030,1,57.05,57.05
OI0008748,O005434,P066,1,34.67,34.67
OI0008749,O005434,P070,1,47.52,47.52
OI0008750,O005435,P010,1,44.59,44.59
OI0008751,O005436,P101,1,43.91,43.91
OI0008752,O005436,P113,2,35.73,71.46
OI0008753,O005437,P010,1,44.59,44.59
OI0008754,O005437,P031,2,32.22,64.44
OI0008755,O005437,P045,1,30.38,30.38
OI0008756,O005437,P067,3,46.95,140.85
OI0008757,O005438,P116,1,38.35,38.35
OI0008758,O005438,P012,1,51.32,51.32
OI0008759,O005439,P052,1,44.73,44.73
OI0008760,O005439,P076,1,38.28,38.28
OI0008761,O005439,P106,1,47.23,47.23
OI0008762,O005440,P108,1,34.32,34.32
OI0008763,O005441,P096,1,86.58,86.58
OI0008764,O005442,P111,1,29.11,29.11
OI0008765,O005443,P033,1,87.02,87.02
OI0008766,O005444,P092,3,58.39,175.17
OI0008767,O005445,P035,2,23.65,47.3
OI0008768,O005446,P069,1,24.0,24.0
OI0008769,O005446,P107,3,52.87,158.61
OI0008770,O005447,P018,1,12.14,12.14
OI0008771,O005447,P027,1,12.05,12.05
OI0008772,O005448,P005,1,49.25,49.25
OI0008773,O005449,P092,1,58.39,58.39
OI0008774,O005449,P028,1,129.35,129.35
OI0008775,O005449,P106,1,47.23,47.23
OI0008776,O005449,P022,2,43.57,87.14
OI0008777,O005450,P106,1,47.23,47.23
OI0008778,O005450,P073,1,45.97,45.97
OI0008779,O005450,P088,3,28.36,85.08
OI0008780,O005451,P049,1,42.57,42.57
OI0008781,O005452,P052,1,44.73,44.73
OI0008782,O005452,P108,1,34.32,34.32
OI0008783,O005452,P038,1,64.8,64.8
OI0008784,O005453,P044,3,63.71,191.13
OI0008785,O005454,P036,1,16.55,16.55
OI0008786,O005455,P060,1,41.59,41.59
OI0008787,O005455,P048,1,37.04,37.04
OI0008788,O005456,P078,1,34.46,34.46
OI0008789,O005456,P009,2,37.92,75.84
OI0008790,O005457,P038,1,64.8,64.8
OI0008791,O005458,P033,1,87.02,87.02
OI0008792,O005459,P043,1,23.06,23.06
OI0008793,O005459,P102,1,56.61,56.61
OI0008794,O005460,P098,1,57.37,57.37
OI0008795,O005460,P038,1,64.8,64.8
OI0008796,O005461,P083,1,30.7,30.7
OI0008797,O005462,P113,1,35.73,35.73
OI0008798,O005463,P106,1,47.23,47.23
OI0008799,O005463,P003,1,36.05,36.05
OI0008800,O005464,P054,1,53.62,53.62
OI0008801,O005464,P099,1,46.77,46.77
OI0008802,O005465,P033,1,87.02,87.02
OI0008803,O005465,P076,1,38.28,38.28
OI0008804,O005466,P011,1,39.95,39.95
OI0008805,O005467,P033,2,87.02,174.04
OI0008806,O005468,P042,1,41.11,41.11
OI0008807,O005468,P089,1,26.52,26.52
OI0008808,O005468,P010,1,44.59,44.59
OI0008809,O005469,P080,1,64.69,64.69
OI0008810,O005470,P030,1,57.05,57.05
OI0008811,O005471,P026,1,27.66,27.66
OI0008812,O005472,P086,1,80.82,80.82
OI0008813,O005472,P094,1,17.7,17.7
OI0008814,O005473,P062,1,53.16,53.16
OI0008815,O005474,P065,1,41.82,41.82
OI0008816,O005474,P064,2,16.79,33.58
OI0008817,O005474,P032,1,17.4,17.4
OI0008818,O005475,P023,1,54.75,54.75
OI0008819,O005476,P002,1,30.14,30.14
OI0008820,O005477,P013,1,12.37,12.37
OI0008821,O005477,P078,1,34.46,34.46
OI0008822,O005478,P064,1,16.79,16.79
OI0008823,O005478,P032,1,17.4,17.4
OI0008824,O005478,P103,1,65.04,65.04
OI0008825,O005479,P093,2,45.3,90.6
OI0008826,O005480,P063,1,28.7,28.7
OI0008827,O005481,P084,1,30.69,30.69
OI0008828,O005482,P117,1,27.82,27.82
OI0008829,O005483,P095,1,69.05,69.05
OI0008830,O005484,P042,1,41.11,41.11
OI0008831,O005485,P062,2,53.16,106.32
OI0008832,O005485,P081,1,22.73,22.73
OI0008833,O005485,P096,1,86.58,86.58
OI0008834,O005485,P014,1,102.77,102.77
OI0008835,O005486,P093,1,45.3,45.3
OI0008836,O005487,P040,1,40.11,40.11
OI0008837,O005488,P011,1,39.95,39.95
OI0008838,O005489,P114,2,27.37,54.74
OI0008839,O005490,P015,1,31.17,31.17
OI0008840,O005491,P091,1,37.89,37.89
OI0008841,O005491,P068,1,29.23,29.23
OI0008842,O005492,P048,1,37.04,37.04
OI0008843,O005493,P085,1,11.15,11.15
OI0008844,O005494,P018,1,12.14,12.14
OI0008845,O005494,P042,3,41.11,123.33
OI0008846,O005494,P119,1,34.08,34.08
OI0008847,O005494,P088,1,28.36,28.36
OI0008848,O005495,P017,1,18.94,18.94
OI0008849,O005496,P080,1,64.69,64.69
OI0008850,O005497,P064,1,16.79,16.79
OI0008851,O005498,P073,2,45.97,91.94
OI0008852,O005499,P077,1,144.76,144.76
OI0008853,O005500,P075,1,44.36,44.36
OI0008854,O005500,P011,1,39.95,39.95
OI0008855,O005501,P019,1,13.12,13.12
OI0008856,O005502,P081,1,22.73,22.73
OI0008857,O005502,P106,1,47.23,47.23
OI0008858,O005502,P117,1,27.82,27.82
OI0008859,O005503,P037,1,33.58,33.58
OI0008860,O005503,P030,1,57.05,57.05
OI0008861,O005504,P051,2,11.22,22.44
OI0008862,O005504,P034,1,35.52,35.52
OI0008863,O005505,P028,1,129.35,129.35
OI0008864,O005506,P001,1,66.04,66.04
OI0008865,O005506,P103,1,65.04,65.04
OI0008866,O005507,P009,1,37.92,37.92
OI0008867,O005508,P060,1,41.59,41.59
OI0008868,O005509,P027,1,12.05,12.05
OI0008869,O005509,P084,1,30.69,30.69
OI0008870,O005510,P007,1,39.99,39.99
OI0008871,O005511,P022,1,43.57,43.57
OI0008872,O005511,P096,1,86.58,86.58
OI0008873,O005511,P085,1,11.15,11.15
OI0008874,O005512,P032,1,17.4,17.4
OI0008875,O005513,P085,2,11.15,22.3
OI0008876,O005513,P068,1,29.23,29.23
OI0008877,O005513,P033,1,87.02,87.02
OI0008878,O005514,P088,1,28.36,28.36
OI0008879,O005514,P064,1,16.79,16.79
OI0008880,O005514,P019,1,13.12,13.12
OI0008881,O005514,P085,1,11.15,11.15
OI0008882,O005515,P093,2,45.3,90.6
OI0008883,O005516,P002,1,30.14,30.14
OI0008884,O005517,P109,1,81.27,81.27
OI0008885,O005517,P117,1,27.82,27.82
OI0008886,O005518,P074,1,32.9,32.9
OI0008887,O005518,P002,3,30.14,90.42
OI0008888,O005519,P033,1,87.02,87.02
OI0008889,O005519,P062,1,53.16,53.16
OI0008890,O005520,P069,1,24.0,24.0
OI0008891,O005521,P105,1,73.93,73.93
OI0008892,O005521,P034,1,35.52,35.52
OI0008893,O005522,P031,1,32.22,32.22
OI0008894,O005522,P015,2,31.17,62.34
OI0008895,O005523,P083,1,30.7,30.7
OI0008896,O005524,P041,3,25.86,77.58
OI0008897,O005525,P104,1,44.1,44.1
OI0008898,O005525,P017,2,18.94,37.88
OI0008899,O005526,P036,1,16.55,16.55
OI0008900,O005527,P113,1,35.73,35.73
OI0008901,O005528,P072,2,14.56,29.12
OI0008902,O005528,P010,1,44.59,44.59
OI0008903,O005529,P046,1,38.99,38.99
OI0008904,O005530,P010,1,44.59,44.59
OI0008905,O005531,P025,1,37.52,37.52
OI0008906,O005532,P033,1,87.02,87.02
OI0008907,O005532,P012,1,51.32,51.32
OI0008908,O005533,P069,1,24.0,24.0
OI0008909,O005534,P072,1,14.56,14.56
OI0008910,O005535,P013,1,12.37,12.37
OI0008911,O005536,P040,1,40.11,40.11
OI0008912,O005537,P044,1,63.71,63.71
OI0008913,O005537,P081,1,22.73,22.73
OI0008914,O005537,P112,1,35.49,35.49
OI0008915,O005538,P080,1,64.69,64.69
OI0008916,O005538,P030,2,57.05,114.1
OI0008917,O005539,P010,1,44.59,44.59
OI0008918,O005539,P019,1,13.12,13.12
OI0008919,O005539,P118,1,22.9,22.9
OI0008920,O005540,P112,1,35.49,35.49
OI0008921,O005541,P032,1,17.4,17.4
OI0008922,O005542,P099,1,46.77,46.77
OI0008923,O005542,P101,1,43.91,43.91
OI0008924,O005543,P071,2,141.44,282.88
OI0008925,O005543,P017,1,18.94,18.94
OI0008926,O005543,P038,2,64.8,129.6
OI0008927,O005544,P087,1,29.25,29.25
OI0008928,O005544,P017,1,18.94,18.94
OI0008929,O005545,P078,1,34.46,34.46
OI0008930,O005546,P044,1,63.71,63.71
OI0008931,O005546,P063,1,28.7,28.7
OI0008932,O005547,P065,1,41.82,41.82
OI0008933,O005548,P042,1,41.11,41.11
OI0008934,O005548,P041,1,25.86,25.86
OI0008935,O005549,P033,1,87.02,87.02
OI0008936,O005550,P087,1,29.25,29.25
OI0008937,O005551,P119,1,34.08,34.08
OI0008938,O005552,P097,3,20.46,61.38
OI0008939,O005552,P069,1,24.0,24.0
OI0008940,O005553,P071,1,141.44,141.44
OI0008941,O005554,P062,1,53.16,53.16
OI0008942,O005555,P120,1,46.49,46.49
OI0008943,O005555,P028,1,129.35,129.35
OI0008944,O005556,P068,1,29.23,29.23
OI0008945,O005556,P053,1,40.97,40.97
OI0008946,O005557,P052,1,44.73,44.73
OI0008947,O005557,P070,1,47.52,47.52
OI0008948,O005558,P117,1,27.82,27.82
OI0008949,O005559,P007,1,39.99,39.99
OI0008950,O005560,P041,1,25.86,25.86
OI0008951,O005561,P049,1,42.57,42.57
OI0008952,O005562,P107,1,52.87,52.87
OI0008953,O005563,P078,2,34.46,68.92
OI0008954,O005564,P035,1,23.65,23.65
OI0008955,O005564,P091,1,37.89,37.89
OI0008956,O005565,P055,2,69.18,138.36
OI0008957,O005565,P059,1,68.57,68.57
OI0008958,O005566,P021,1,51.23,51.23
OI0008959,O005566,P113,1,35.73,35.73
OI0008960,O005567,P027,1,12.05,12.05
OI0008961,O005567,P071,1,141.44,141.44
OI0008962,O005567,P087,1,29.25,29.25
OI0008963,O005568,P103,2,65.04,130.08
OI0008964,O005568,P068,1,29.23,29.23
OI0008965,O005569,P002,1,30.14,30.14
OI0008966,O005570,P040,1,40.11,40.11
OI0008967,O005570,P100,1,26.88,26.88
OI0008968,O005570,P035,2,23.65,47.3
OI0008969,O005570,P029,1,25.98,25.98
OI0008970,O005571,P005,2,49.25,98.5
OI0008971,O005572,P040,1,40.11,40.11
OI0008972,O005573,P064,1,16.79,16.79
OI0008973,O005573,P012,1,51.32,51.32
OI0008974,O005573,P089,2,26.52,53.04
OI0008975,O005574,P035,1,23.65,23.65
OI0008976,O005575,P058,1,47.56,47.56
OI0008977,O005576,P073,1,45.97,45.97
OI0008978,O005576,P090,2,55.52,111.04
OI0008979,O005576,P048,1,37.04,37.04
OI0008980,O005577,P026,1,27.66,27.66
OI0008981,O005577,P101,1,43.91,43.91
OI0008982,O005578,P038,2,64.8,129.6
OI0008983,O005578,P032,1,17.4,17.4
OI0008984,O005579,P086,2,80.82,161.64
OI0008985,O005580,P053,1,40.97,40.97
OI0008986,O005580,P044,1,63.71,63.71
OI0008987,O005581,P017,1,18.94,18.94
OI0008988,O005582,P037,1,33.58,33.58
OI0008989,O005583,P009,1,37.92,37.92
OI0008990,O005583,P060,1,41.59,41.59
OI0008991,O005583,P005,1,49.25,49.25
OI0008992,O005584,P077,2,144.76,289.52
OI0008993,O005585,P092,1,58.39,58.39
OI0008994,O005586,P031,1,32.22,32.22
OI0008995,O005587,P039,1,31.96,31.96
OI0008996,O005587,P012,2,51.32,102.64
OI0008997,O005588,P104,1,44.1,44.1
OI0008998,O005589,P102,1,56.61,56.61
OI0008999,O005589,P020,1,30.3,30.3
OI0009000,O005589,P011,1,39.95,39.95
OI0009001,O005590,P114,1,27.37,27.37
OI0009002,O005591,P077,2,144.76,289.52
OI0009003,O005592,P117,1,27.82,27.82
OI0009004,O005592,P090,1,55.52,55.52
OI0009005,O005592,P009,1,37.92,37.92
OI0009006,O005592,P101,3,43.91,131.73
OI0009007,O005593,P038,2,64.8,129.6
OI0009008,O005593,P112,1,35.49,35.49
OI0009009,O005594,P025,1,37.52,37.52
OI0009010,O005594,P080,1,64.69,64.69
OI0009011,O005595,P094,1,17.7,17.7
OI0009012,O005596,P063,1,28.7,28.7
OI0009013,O005596,P078,1,34.46,34.46
OI0009014,O005596,P073,1,45.97,45.97
OI0009015,O005597,P118,1,22.9,22.9
OI0009016,O005598,P066,1,34.67,34.67
OI0009017,O005599,P055,2,69.18,138.36
OI0009018,O005600,P064,1,16.79,16.79
OI0009019,O005601,P029,1,25.98,25.98
OI0009020,O005601,P081,2,22.73,45.46
OI0009021,O005602,P043,1,23.06,23.06
OI0009022,O005603,P080,1,64.69,64.69
OI0009023,O005603,P001,1,66.04,66.04
OI0009024,O005604,P080,1,64.69,64.69
OI0009025,O005604,P050,1,19.41,19.41
OI0009026,O005605,P113,2,35.73,71.46
OI0009027,O005606,P037,1,33.58,33.58
OI0009028,O005607,P117,1,27.82,27.82
OI0009029,O005608,P017,1,18.94,18.94
OI0009030,O005609,P096,1,86.58,86.58
OI0009031,O005609,P075,2,44.36,88.72
OI0009032,O005609,P106,1,47.23,47.23
OI0009033,O005610,P059,2,68.57,137.14
OI0009034,O005611,P016,1,59.7,59.7
OI0009035,O005611,P118,1,22.9,22.9
OI0009036,O005611,P012,1,51.32,51.32
OI0009037,O005611,P040,1,40.11,40.11
OI0009038,O005612,P058,1,47.56,47.56
OI0009039,O005613,P073,1,45.97,45.97
OI0009040,O005614,P015,1,31.17,31.17
OI0009041,O005614,P088,1,28.36,28.36
OI0009042,O005614,P028,1,129.35,129.35
OI0009043,O005615,P115,2,42.04,84.08
OI0009044,O005615,P095,1,69.05,69.05
OI0009045,O005616,P037,1,33.58,33.58
OI0009046,O005617,P034,2,35.52,71.04
OI0009047,O005618,P060,1,41.59,41.59
OI0009048,O005619,P009,2,37.92,75.84
OI0009049,O005619,P039,3,31.96,95.88
OI0009050,O005620,P053,2,40.97,81.94
OI0009051,O005620,P099,1,46.77,46.77
OI0009052,O005621,P030,1,57.05,57.05
OI0009053,O005622,P030,1,57.05,57.05
OI0009054,O005623,P071,1,141.44,141.44
OI0009055,O005624,P014,1,102.77,102.77
OI0009056,O005624,P049,2,42.57,85.14
OI0009057,O005625,P114,1,27.37,27.37
OI0009058,O005625,P019,1,13.12,13.12
OI0009059,O005625,P053,1,40.97,40.97
OI0009060,O005625,P013,1,12.37,12.37
OI0009061,O005626,P003,2,36.05,72.1
OI0009062,O005626,P017,1,18.94,18.94
OI0009063,O005627,P078,1,34.46,34.46
OI0009064,O005627,P108,1,34.32,34.32
OI0009065,O005627,P082,1,34.81,34.81
OI0009066,O005628,P030,1,57.05,57.05
OI0009067,O005628,P053,1,40.97,40.97
OI0009068,O005629,P019,3,13.12,39.36
OI0009069,O005629,P058,2,47.56,95.12
OI0009070,O005629,P071,1,141.44,141.44
OI0009071,O005630,P078,1,34.46,34.46
OI0009072,O005631,P019,1,13.12,13.12
OI0009073,O005631,P008,1,46.52,46.52
OI0009074,O005631,P068,1,29.23,29.23
OI0009075,O005631,P023,2,54.75,109.5
OI0009076,O005632,P072,1,14.56,14.56
OI0009077,O005632,P090,1,55.52,55.52
OI0009078,O005633,P116,1,38.35,38.35
OI0009079,O005634,P042,1,41.11,41.11
OI0009080,O005634,P019,1,13.12,13.12
OI0009081,O005635,P004,1,66.5,66.5
OI0009082,O005635,P020,2,30.3,60.6
OI0009083,O005636,P065,1,41.82,41.82
OI0009084,O005636,P012,1,51.32,51.32
OI0009085,O005636,P051,1,11.22,11.22
OI0009086,O005637,P084,1,30.69,30.69
OI0009087,O005637,P043,1,23.06,23.06
OI0009088,O005638,P095,1,69.05,69.05
OI0009089,O005639,P053,1,40.97,40.97
OI0009090,O005640,P041,1,25.86,25.86
OI0009091,O005641,P079,2,23.65,47.3
OI0009092,O005642,P092,1,58.39,58.39
OI0009093,O005643,P088,2,28.36,56.72
OI0009094,O005643,P037,2,33.58,67.16
OI0009095,O005644,P069,1,24.0,24.0
OI0009096,O005645,P055,1,69.18,69.18
OI0009097,O005645,P087,1,29.25,29.25
OI0009098,O005646,P083,1,30.7,30.7
OI0009099,O005647,P077,1,144.76,144.76
OI0009100,O005648,P108,1,34.32,34.32
OI0009101,O005649,P017,1,18.94,18.94
OI0009102,O005649,P087,2,29.25,58.5
OI0009103,O005649,P029,2,25.98,51.96
OI0009104,O005649,P093,1,45.3,45.3
OI0009105,O005650,P011,1,39.95,39.95
OI0009106,O005651,P001,1,66.04,66.04
OI0009107,O005651,P075,1,44.36,44.36
OI0009108,O005652,P100,1,26.88,26.88
OI0009109,O005652,P094,1,17.7,17.7
OI0009110,O005653,P078,3,34.46,103.38
OI0009111,O005654,P051,1,11.22,11.22
OI0009112,O005655,P050,1,19.41,19.41
OI0009113,O005656,P069,3,24.0,72.0
OI0009114,O005656,P113,1,35.73,35.73
OI0009115,O005657,P052,1,44.73,44.73
OI0009116,O005657,P017,1,18.94,18.94
OI0009117,O005658,P078,1,34.46,34.46
OI0009118,O005659,P045,1,30.38,30.38
OI0009119,O005659,P062,1,53.16,53.16
OI0009120,O005660,P017,1,18.94,18.94
OI0009121,O005660,P093,1,45.3,45.3
OI0009122,O005661,P052,1,44.73,44.73
OI0009123,O005661,P096,1,86.58,86.58
OI0009124,O005661,P044,1,63.71,63.71
OI0009125,O005662,P092,2,58.39,116.78
OI0009126,O005663,P014,1,102.77,102.77
OI0009127,O005663,P115,1,42.04,42.04
OI0009128,O005664,P059,1,68.57,68.57
OI0009129,O005665,P069,1,24.0,24.0
OI0009130,O005666,P097,1,20.46,20.46
OI0009131,O005666,P033,1,87.02,87.02
OI0009132,O005666,P114,1,27.37,27.37
OI0009133,O005667,P084,2,30.69,61.38
OI0009134,O005668,P031,1,32.22,32.22
OI0009135,O005669,P013,1,12.37,12.37
OI0009136,O005670,P034,1,35.52,35.52
OI0009137,O005670,P033,1,87.02,87.02
OI0009138,O005671,P014,2,102.77,205.54
OI0009139,O005672,P030,1,57.05,57.05
OI0009140,O005673,P017,2,18.94,37.88
OI0009141,O005674,P114,1,27.37,27.37
OI0009142,O005674,P068,1,29.23,29.23
OI0009143,O005674,P112,1,35.49,35.49
OI0009144,O005675,P099,1,46.77,46.77
OI0009145,O005675,P104,1,44.1,44.1
OI0009146,O005675,P108,1,34.32,34.32
OI0009147,O005675,P089,1,26.52,26.52
OI0009148,O005676,P080,1,64.69,64.69
OI0009149,O005677,P111,2,29.11,58.22
OI0009150,O005678,P089,1,26.52,26.52
OI0009151,O005679,P042,1,41.11,41.11
OI0009152,O005679,P100,1,26.88,26.88
OI0009153,O005680,P072,1,14.56,14.56
OI0009154,O005680,P007,1,39.99,39.99
OI0009155,O005681,P031,1,32.22,32.22
OI0009156,O005682,P046,3,38.99,116.97
OI0009157,O005683,P035,1,23.65,23.65
OI0009158,O005684,P110,1,82.9,82.9
OI0009159,O005684,P054,1,53.62,53.62
OI0009160,O005685,P041,1,25.86,25.86
OI0009161,O005686,P012,1,51.32,51.32
OI0009162,O005687,P069,1,24.0,24.0
OI0009163,O005688,P066,2,34.67,69.34
OI0009164,O005689,P041,1,25.86,25.86
OI0009165,O005689,P078,1,34.46,34.46
OI0009166,O005690,P036,1,16.55,16.55
OI0009167,O005690,P079,1,23.65,23.65
OI0009168,O005690,P091,1,37.89,37.89
OI0009169,O005691,P082,1,34.81,34.81
OI0009170,O005691,P087,2,29.25,58.5
OI0009171,O005691,P052,1,44.73,44.73
OI0009172,O005691,P013,1,12.37,12.37
OI0009173,O005692,P008,2,46.52,93.04
OI0009174,O005692,P062,1,53.16,53.16
OI0009175,O005693,P083,2,30.7,61.4
OI0009176,O005694,P119,1,34.08,34.08
OI0009177,O005694,P048,2,37.04,74.08
OI0009178,O005694,P001,1,66.04,66.04
OI0009179,O005694,P040,1,40.11,40.11
OI0009180,O005695,P082,1,34.81,34.81
OI0009181,O005695,P015,1,31.17,31.17
OI0009182,O005696,P082,1,34.81,34.81
OI0009183,O005697,P006,2,132.21,264.42
OI0009184,O005698,P108,1,34.32,34.32
OI0009185,O005698,P068,1,29.23,29.23
OI0009186,O005699,P047,1,23.25,23.25
OI0009187,O005699,P065,1,41.82,41.82
OI0009188,O005699,P101,1,43.91,43.91
OI0009189,O005700,P096,1,86.58,86.58
OI0009190,O005701,P115,3,42.04,126.12
OI0009191,O005701,P042,2,41.11,82.22
OI0009192,O005702,P064,1,16.79,16.79
OI0009193,O005702,P055,1,69.18,69.18
OI0009194,O005702,P004,1,66.5,66.5
OI0009195,O005703,P058,1,47.56,47.56
OI0009196,O005703,P049,1,42.57,42.57
OI0009197,O005703,P116,1,38.35,38.35
OI0009198,O005704,P069,1,24.0,24.0
OI0009199,O005705,P001,1,66.04,66.04
OI0009200,O005706,P035,1,23.65,23.65
OI0009201,O005707,P048,2,37.04,74.08
OI0009202,O005708,P108,1,34.32,34.32
OI0009203,O005708,P045,1,30.38,30.38
OI0009204,O005708,P004,3,66.5,199.5
OI0009205,O005708,P014,1,102.77,102.77
OI0009206,O005709,P102,1,56.61,56.61
OI0009207,O005710,P065,1,41.82,41.82
OI0009208,O005710,P008,1,46.52,46.52
OI0009209,O005711,P039,1,31.96,31.96
OI0009210,O005711,P072,2,14.56,29.12
OI0009211,O005711,P057,1,112.54,112.54
OI0009212,O005711,P021,1,51.23,51.23
OI0009213,O005712,P009,2,37.92,75.84
OI0009214,O005713,P002,1,30.14,30.14
OI0009215,O005714,P011,1,39.95,39.95
OI0009216,O005715,P032,1,17.4,17.4
OI0009217,O005715,P043,1,23.06,23.06
OI0009218,O005716,P051,1,11.22,11.22
OI0009219,O005716,P077,1,144.76,144.76
OI0009220,O005717,P069,1,24.0,24.0
OI0009221,O005718,P050,1,19.41,19.41
OI0009222,O005719,P055,1,69.18,69.18
OI0009223,O005720,P095,1,69.05,69.05
OI0009224,O005720,P048,2,37.04,74.08
OI0009225,O005720,P066,1,34.67,34.67
OI0009226,O005720,P021,1,51.23,51.23
OI0009227,O005721,P045,1,30.38,30.38
OI0009228,O005721,P049,1,42.57,42.57
OI0009229,O005722,P120,1,46.49,46.49
OI0009230,O005722,P088,1,28.36,28.36
OI0009231,O005723,P084,1,30.69,30.69
OI0009232,O005723,P059,1,68.57,68.57
OI0009233,O005723,P074,1,32.9,32.9
OI0009234,O005723,P099,3,46.77,140.31
OI0009235,O005724,P010,2,44.59,89.18
OI0009236,O005725,P065,2,41.82,83.64
OI0009237,O005726,P038,1,64.8,64.8
OI0009238,O005726,P069,1,24.0,24.0
OI0009239,O005726,P107,1,52.87,52.87
OI0009240,O005726,P066,1,34.67,34.67
OI0009241,O005727,P100,1,26.88,26.88
OI0009242,O005727,P108,1,34.32,34.32
OI0009243,O005727,P031,1,32.22,32.22
OI0009244,O005727,P057,1,112.54,112.54
OI0009245,O005728,P114,1,27.37,27.37
OI0009246,O005729,P109,1,81.27,81.27
OI0009247,O005730,P049,1,42.57,42.57
OI0009248,O005730,P052,1,44.73,44.73
OI0009249,O005731,P042,1,41.11,41.11
OI0009250,O005732,P051,1,11.22,11.22
OI0009251,O005733,P114,2,27.37,54.74
OI0009252,O005734,P078,1,34.46,34.46
OI0009253,O005735,P012,1,51.32,51.32
OI0009254,O005736,P009,2,37.92,75.84
OI0009255,O005737,P081,2,22.73,45.46
OI0009256,O005738,P031,1,32.22,32.22
OI0009257,O005738,P017,1,18.94,18.94
OI0009258,O005739,P116,3,38.35,115.05
OI0009259,O005739,P060,2,41.59,83.18
OI0009260,O005740,P019,1,13.12,13.12
OI0009261,O005741,P099,2,46.77,93.54
OI0009262,O005742,P036,1,16.55,16.55
OI0009263,O005742,P013,1,12.37,12.37
OI0009264,O005743,P070,2,47.52,95.04
OI0009265,O005743,P078,1,34.46,34.46
OI0009266,O005743,P004,1,66.5,66.5
OI0009267,O005744,P046,1,38.99,38.99
OI0009268,O005745,P059,1,68.57,68.57
OI0009269,O005746,P006,2,132.21,264.42
OI0009270,O005747,P097,1,20.46,20.46
OI0009271,O005748,P015,1,31.17,31.17
OI0009272,O005748,P115,1,42.04,42.04
OI0009273,O005748,P119,1,34.08,34.08
OI0009274,O005749,P080,2,64.69,129.38
OI0009275,O005749,P073,1,45.97,45.97
OI0009276,O005750,P091,1,37.89,37.89
OI0009277,O005750,P096,2,86.58,173.16
OI0009278,O005751,P065,1,41.82,41.82
OI0009279,O005752,P116,1,38.35,38.35
OI0009280,O005752,P019,1,13.12,13.12
OI0009281,O005753,P085,1,11.15,11.15
OI0009282,O005754,P074,1,32.9,32.9
OI0009283,O005755,P062,1,53.16,53.16
OI0009284,O005755,P024,1,84.49,84.49
OI0009285,O005756,P008,1,46.52,46.52
OI0009286,O005757,P013,1,12.37,12.37
OI0009287,O005757,P053,2,40.97,81.94
OI0009288,O005758,P063,1,28.7,28.7
OI0009289,O005758,P091,1,37.89,37.89
OI0009290,O005758,P047,1,23.25,23.25
OI0009291,O005759,P078,1,34.46,34.46
OI0009292,O005759,P115,1,42.04,42.04
OI0009293,O005760,P021,1,51.23,51.23
OI0009294,O005760,P117,2,27.82,55.64
OI0009295,O005761,P032,1,17.4,17.4
OI0009296,O005761,P063,1,28.7,28.7
OI0009297,O005761,P081,1,22.73,22.73
OI0009298,O005762,P118,1,22.9,22.9
OI0009299,O005763,P089,1,26.52,26.52
OI0009300,O005764,P101,1,43.91,43.91
OI0009301,O005764,P015,1,31.17,31.17
OI0009302,O005765,P053,1,40.97,40.97
OI0009303,O005765,P098,1,57.37,57.37
OI0009304,O005766,P095,1,69.05,69.05
OI0009305,O005767,P026,1,27.66,27.66
OI0009306,O005768,P114,2,27.37,54.74
OI0009307,O005769,P060,1,41.59,41.59
OI0009308,O005769,P079,1,23.65,23.65
OI0009309,O005770,P103,1,65.04,65.04
OI0009310,O005770,P102,1,56.61,56.61
OI0009311,O005771,P043,1,23.06,23.06
OI0009312,O005771,P097,1,20.46,20.46
OI0009313,O005771,P047,3,23.25,69.75
OI0009314,O005772,P057,2,112.54,225.08
OI0009315,O005773,P023,1,54.75,54.75
OI0009316,O005774,P018,2,12.14,24.28
OI0009317,O005775,P071,1,141.44,141.44
OI0009318,O005775,P080,1,64.69,64.69
OI0009319,O005775,P008,1,46.52,46.52
OI0009320,O005776,P114,1,27.37,27.37
OI0009321,O005776,P037,1,33.58,33.58
OI0009322,O005776,P085,2,11.15,22.3
OI0009323,O005777,P119,1,34.08,34.08
OI0009324,O005777,P065,1,41.82,41.82
OI0009325,O005778,P073,1,45.97,45.97
OI0009326,O005778,P022,1,43.57,43.57
OI0009327,O005779,P060,1,41.59,41.59
OI0009328,O005780,P019,1,13.12,13.12
OI0009329,O005780,P029,1,25.98,25.98
OI0009330,O005780,P111,1,29.11,29.11
OI0009331,O005781,P107,1,52.87,52.87
OI0009332,O005782,P012,3,51.32,153.96
OI0009333,O005783,P035,2,23.65,47.3
OI0009334,O005783,P051,1,11.22,11.22
OI0009335,O005784,P045,1,30.38,30.38
OI0009336,O005785,P021,1,51.23,51.23
OI0009337,O005785,P038,1,64.8,64.8
OI0009338,O005786,P009,1,37.92,37.92
OI0009339,O005787,P013,1,12.37,12.37
OI0009340,O005787,P081,1,22.73,22.73
OI0009341,O005788,P104,1,44.1,44.1
OI0009342,O005788,P074,2,32.9,65.8
OI0009343,O005789,P106,1,47.23,47.23
OI0009344,O005789,P008,2,46.52,93.04
OI0009345,O005790,P049,1,42.57,42.57
OI0009346,O005791,P031,1,32.22,32.22
OI0009347,O005791,P036,1,16.55,16.55
OI0009348,O005791,P041,1,25.86,25.86
OI0009349,O005792,P036,1,16.55,16.55
OI0009350,O005793,P097,2,20.46,40.92
OI0009351,O005794,P103,1,65.04,65.04
OI0009352,O005794,P022,1,43.57,43.57
OI0009353,O005795,P017,1,18.94,18.94
OI0009354,O005796,P100,3,26.88,80.64
OI0009355,O005797,P050,1,19.41,19.41
OI0009356,O005798,P028,1,129.35,129.35
OI0009357,O005799,P086,1,80.82,80.82
OI0009358,O005799,P035,1,23.65,23.65
OI0009359,O005800,P035,1,23.65,23.65
OI0009360,O005800,P073,1,45.97,45.97
OI0009361,O005801,P024,1,84.49,84.49
OI0009362,O005802,P082,1,34.81,34.81
OI0009363,O005803,P109,1,81.27,81.27
OI0009364,O005804,P048,1,37.04,37.04
OI0009365,O005805,P037,1,33.58,33.58
OI0009366,O005806,P034,1,35.52,35.52
OI0009367,O005806,P021,1,51.23,51.23
OI0009368,O005807,P049,1,42.57,42.57
OI0009369,O005808,P108,2,34.32,68.64
OI0009370,O005808,P078,1,34.46,34.46
OI0009371,O005809,P068,1,29.23,29.23
OI0009372,O005810,P074,2,32.9,65.8
OI0009373,O005811,P104,1,44.1,44.1
OI0009374,O005811,P109,1,81.27,81.27
OI0009375,O005811,P080,1,64.69,64.69
OI0009376,O005812,P096,1,86.58,86.58
OI0009377,O005813,P063,1,28.7,28.7
OI0009378,O005813,P005,1,49.25,49.25
OI0009379,O005813,P079,1,23.65,23.65
OI0009380,O005813,P027,1,12.05,12.05
OI0009381,O005814,P101,2,43.91,87.82
OI0009382,O005815,P002,2,30.14,60.28
OI0009383,O005816,P070,1,47.52,47.52
OI0009384,O005817,P090,1,55.52,55.52
OI0009385,O005817,P035,1,23.65,23.65
OI0009386,O005818,P108,1,34.32,34.32
OI0009387,O005819,P025,1,37.52,37.52
OI0009388,O005819,P106,1,47.23,47.23
OI0009389,O005820,P014,1,102.77,102.77
OI0009390,O005821,P072,1,14.56,14.56
OI0009391,O005821,P094,2,17.7,35.4
OI0009392,O005821,P078,1,34.46,34.46
OI0009393,O005822,P024,1,84.49,84.49
OI0009394,O005823,P045,1,30.38,30.38
OI0009395,O005824,P006,1,132.21,132.21
OI0009396,O005825,P112,1,35.49,35.49
OI0009397,O005826,P021,1,51.23,51.23
OI0009398,O005827,P041,2,25.86,51.72
OI0009399,O005828,P086,2,80.82,161.64
OI0009400,O005829,P042,1,41.11,41.11
OI0009401,O005829,P002,1,30.14,30.14
OI0009402,O005830,P053,1,40.97,40.97
OI0009403,O005831,P085,2,11.15,22.3
OI0009404,O005832,P045,1,30.38,30.38
OI0009405,O005832,P115,1,42.04,42.04
OI0009406,O005833,P097,2,20.46,40.92
OI0009407,O005834,P014,1,102.77,102.77
OI0009408,O005835,P117,1,27.82,27.82
OI0009409,O005836,P054,1,53.62,53.62
OI0009410,O005837,P073,1,45.97,45.97
OI0009411,O005837,P102,2,56.61,113.22
OI0009412,O005837,P040,1,40.11,40.11
OI0009413,O005838,P064,1,16.79,16.79
OI0009414,O005839,P046,1,38.99,38.99
OI0009415,O005840,P010,2,44.59,89.18
OI0009416,O005841,P085,1,11.15,11.15
OI0009417,O005841,P014,1,102.77,102.77
OI0009418,O005842,P072,1,14.56,14.56
OI0009419,O005842,P062,2,53.16,106.32
OI0009420,O005843,P088,1,28.36,28.36
OI0009421,O005843,P094,2,17.7,35.4
OI0009422,O005844,P071,1,141.44,141.44
OI0009423,O005844,P023,1,54.75,54.75
OI0009424,O005845,P077,1,144.76,144.76
OI0009425,O005846,P087,1,29.25,29.25
OI0009426,O005847,P012,2,51.32,102.64
OI0009427,O005847,P028,1,129.35,129.35
OI0009428,O005847,P086,1,80.82,80.82
OI0009429,O005848,P016,1,59.7,59.7
OI0009430,O005849,P087,1,29.25,29.25
OI0009431,O005849,P120,3,46.49,139.47
OI0009432,O005850,P002,1,30.14,30.14
OI0009433,O005851,P071,2,141.44,282.88
OI0009434,O005852,P088,2,28.36,56.72
OI0009435,O005853,P103,2,65.04,130.08
OI0009436,O005854,P060,1,41.59,41.59
OI0009437,O005855,P089,1,26.52,26.52
OI0009438,O005855,P039,3,31.96,95.88
OI0009439,O005856,P115,1,42.04,42.04
OI0009440,O005857,P006,1,132.21,132.21
OI0009441,O005857,P020,1,30.3,30.3
OI0009442,O005857,P065,1,41.82,41.82
OI0009443,O005858,P021,1,51.23,51.23
OI0009444,O005859,P001,3,66.04,198.12
OI0009445,O005859,P052,3,44.73,134.19
OI0009446,O005859,P050,1,19.41,19.41
OI0009447,O005860,P049,1,42.57,42.57
OI0009448,O005861,P107,2,52.87,105.74
OI0009449,O005862,P065,1,41.82,41.82
OI0009450,O005863,P025,1,37.52,37.52
OI0009451,O005864,P006,1,132.21,132.21
OI0009452,O005864,P015,1,31.17,31.17
OI0009453,O005864,P030,1,57.05,57.05
OI0009454,O005864,P061,1,33.13,33.13
OI0009455,O005865,P071,1,141.44,141.44
OI0009456,O005865,P021,2,51.23,102.46
OI0009457,O005866,P081,2,22.73,45.46
OI0009458,O005867,P016,1,59.7,59.7
OI0009459,O005868,P070,1,47.52,47.52
OI0009460,O005868,P004,1,66.5,66.5
OI0009461,O005869,P047,1,23.25,23.25
OI0009462,O005869,P117,2,27.82,55.64
OI0009463,O005869,P040,1,40.11,40.11
OI0009464,O005870,P021,1,51.23,51.23
OI0009465,O005870,P034,1,35.52,35.52
OI0009466,O005871,P019,1,13.12,13.12
OI0009467,O005872,P067,1,46.95,46.95
OI0009468,O005873,P017,1,18.94,18.94
OI0009469,O005873,P037,2,33.58,67.16
OI0009470,O005873,P025,2,37.52,75.04
OI0009471,O005873,P033,1,87.02,87.02
OI0009472,O005874,P064,1,16.79,16.79
OI0009473,O005874,P068,1,29.23,29.23
OI0009474,O005875,P107,1,52.87,52.87
OI0009475,O005875,P095,1,69.05,69.05
OI0009476,O005876,P101,1,43.91,43.91
OI0009477,O005877,P033,1,87.02,87.02
OI0009478,O005877,P065,2,41.82,83.64
OI0009479,O005878,P109,1,81.27,81.27
OI0009480,O005878,P026,1,27.66,27.66
OI0009481,O005879,P118,1,22.9,22.9
OI0009482,O005880,P041,2,25.86,51.72
OI0009483,O005880,P042,1,41.11,41.11
OI0009484,O005881,P050,1,19.41,19.41
OI0009485,O005882,P064,1,16.79,16.79
OI0009486,O005882,P041,1,25.86,25.86
OI0009487,O005882,P042,1,41.11,41.11
OI0009488,O005883,P047,1,23.25,23.25
OI0009489,O005883,P076,2,38.28,76.56
OI0009490,O005884,P017,2,18.94,37.88
OI0009491,O005884,P056,3,18.69,56.07
OI0009492,O005885,P109,1,81.27,81.27
OI0009493,O005886,P082,2,34.81,69.62
OI0009494,O005886,P030,1,57.05,57.05
OI0009495,O005887,P093,1,45.3,45.3
OI0009496,O005887,P116,2,38.35,76.7
OI0009497,O005888,P007,1,39.99,39.99
OI0009498,O005889,P093,1,45.3,45.3
OI0009499,O005889,P105,1,73.93,73.93
OI0009500,O005890,P101,1,43.91,43.91
OI0009501,O005891,P104,1,44.1,44.1
OI0009502,O005891,P054,2,53.62,107.24
OI0009503,O005892,P061,1,33.13,33.13
OI0009504,O005892,P114,1,27.37,27.37
OI0009505,O005892,P086,2,80.82,161.64
OI0009506,O005893,P009,1,37.92,37.92
OI0009507,O005894,P083,1,30.7,30.7
OI0009508,O005895,P108,1,34.32,34.32
OI0009509,O005896,P016,1,59.7,59.7
OI0009510,O005897,P006,1,132.21,132.21
OI0009511,O005898,P114,1,27.37,27.37
OI0009512,O005899,P100,1,26.88,26.88
OI0009513,O005900,P112,1,35.49,35.49
OI0009514,O005900,P037,1,33.58,33.58
OI0009515,O005901,P052,1,44.73,44.73
OI0009516,O005902,P026,1,27.66,27.66
OI0009517,O005903,P023,1,54.75,54.75
OI0009518,O005904,P120,1,46.49,46.49
OI0009519,O005905,P080,1,64.69,64.69
OI0009520,O005906,P105,1,73.93,73.93
OI0009521,O005907,P105,1,73.93,73.93
OI0009522,O005908,P069,1,24.0,24.0
OI0009523,O005909,P080,1,64.69,64.69
OI0009524,O005909,P058,1,47.56,47.56
OI0009525,O005909,P028,1,129.35,129.35
OI0009526,O005909,P050,1,19.41,19.41
OI0009527,O005910,P008,1,46.52,46.52
OI0009528,O005910,P071,1,141.44,141.44
OI0009529,O005910,P013,2,12.37,24.74
OI0009530,O005911,P104,1,44.1,44.1
OI0009531,O005912,P101,2,43.91,87.82
OI0009532,O005912,P053,1,40.97,40.97
OI0009533,O005913,P029,2,25.98,51.96
OI0009534,O005913,P115,1,42.04,42.04
OI0009535,O005914,P033,1,87.02,87.02
OI0009536,O005915,P087,1,29.25,29.25
OI0009537,O005916,P061,1,33.13,33.13
OI0009538,O005916,P034,1,35.52,35.52
OI0009539,O005917,P065,1,41.82,41.82
OI0009540,O005918,P063,1,28.7,28.7
OI0009541,O005919,P088,1,28.36,28.36
OI0009542,O005919,P072,2,14.56,29.12
OI0009543,O005920,P073,2,45.97,91.94
OI0009544,O005920,P044,1,63.71,63.71
OI0009545,O005921,P054,1,53.62,53.62
OI0009546,O005922,P048,1,37.04,37.04
OI0009547,O005923,P099,1,46.77,46.77
OI0009548,O005924,P094,1,17.7,17.7
OI0009549,O005924,P056,1,18.69,18.69
OI0009550,O005925,P088,3,28.36,85.08
OI0009551,O005926,P104,1,44.1,44.1
OI0009552,O005926,P007,1,39.99,39.99
OI0009553,O005927,P087,1,29.25,29.25
OI0009554,O005928,P098,1,57.37,57.37
OI0009555,O005928,P036,1,16.55,16.55
OI0009556,O005928,P105,1,73.93,73.93
OI0009557,O005929,P071,1,141.44,141.44
OI0009558,O005930,P013,1,12.37,12.37
OI0009559,O005931,P056,1,18.69,18.69
OI0009560,O005931,P057,1,112.54,112.54
OI0009561,O005932,P065,1,41.82,41.82
OI0009562,O005933,P070,1,47.52,47.52
OI0009563,O005934,P109,1,81.27,81.27
OI0009564,O005934,P001,1,66.04,66.04
OI0009565,O005935,P004,1,66.5,66.5
OI0009566,O005935,P062,1,53.16,53.16
OI0009567,O005936,P036,1,16.55,16.55
OI0009568,O005937,P017,1,18.94,18.94
OI0009569,O005937,P040,1,40.11,40.11
OI0009570,O005938,P102,1,56.61,56.61
OI0009571,O005938,P079,2,23.65,47.3
OI0009572,O005938,P038,1,64.8,64.8
OI0009573,O005939,P073,1,45.97,45.97
OI0009574,O005939,P118,1,22.9,22.9
OI0009575,O005940,P067,2,46.95,93.9
OI0009576,O005941,P064,1,16.79,16.79
OI0009577,O005941,P001,2,66.04,132.08
OI0009578,O005942,P043,1,23.06,23.06
OI0009579,O005943,P008,1,46.52,46.52
OI0009580,O005943,P056,3,18.69,56.07
OI0009581,O005943,P032,1,17.4,17.4
OI0009582,O005944,P110,1,82.9,82.9
OI0009583,O005944,P063,3,28.7,86.1
OI0009584,O005945,P046,1,38.99,38.99
OI0009585,O005945,P117,1,27.82,27.82
OI0009586,O005946,P075,1,44.36,44.36
OI0009587,O005946,P092,1,58.39,58.39
OI0009588,O005947,P009,1,37.92,37.92
OI0009589,O005948,P104,1,44.1,44.1
OI0009590,O005948,P052,1,44.73,44.73
OI0009591,O005949,P043,1,23.06,23.06
OI0009592,O005950,P073,1,45.97,45.97
OI0009593,O005951,P097,1,20.46,20.46
OI0009594,O005952,P080,1,64.69,64.69
OI0009595,O005952,P082,1,34.81,34.81
OI0009596,O005953,P096,1,86.58,86.58
OI0009597,O005954,P071,1,141.44,141.44
OI0009598,O005954,P072,1,14.56,14.56
OI0009599,O005955,P030,1,57.05,57.05
OI0009600,O005955,P020,2,30.3,60.6
OI0009601,O005955,P032,1,17.4,17.4
OI0009602,O005956,P066,1,34.67,34.67
OI0009603,O005956,P017,1,18.94,18.94
OI0009604,O005956,P072,1,14.56,14.56
OI0009605,O005956,P068,1,29.23,29.23
OI0009606,O005957,P004,1,66.5,66.5
OI0009607,O005957,P023,1,54.75,54.75
OI0009608,O005958,P090,1,55.52,55.52
OI0009609,O005958,P100,1,26.88,26.88
OI0009610,O005959,P063,1,28.7,28.7
OI0009611,O005960,P109,2,81.27,162.54
OI0009612,O005961,P003,2,36.05,72.1
OI0009613,O005961,P009,1,37.92,37.92
OI0009614,O005962,P039,1,31.96,31.96
OI0009615,O005962,P080,1,64.69,64.69
OI0009616,O005963,P022,1,43.57,43.57
OI0009617,O005963,P012,2,51.32,102.64
OI0009618,O005964,P018,1,12.14,12.14
OI0009619,O005964,P075,1,44.36,44.36
OI0009620,O005965,P004,2,66.5,133.0
OI0009621,O005966,P030,1,57.05,57.05
OI0009622,O005967,P002,1,30.14,30.14
OI0009623,O005967,P095,1,69.05,69.05
OI0009624,O005967,P081,1,22.73,22.73
OI0009625,O005968,P083,1,30.7,30.7
OI0009626,O005969,P087,1,29.25,29.25
OI0009627,O005970,P116,1,38.35,38.35
OI0009628,O005970,P049,2,42.57,85.14
OI0009629,O005970,P055,2,69.18,138.36
OI0009630,O005971,P021,1,51.23,51.23
OI0009631,O005972,P013,1,12.37,12.37
OI0009632,O005972,P064,2,16.79,33.58
OI0009633,O005973,P004,2,66.5,133.0
OI0009634,O005973,P106,1,47.23,47.23
OI0009635,O005974,P016,1,59.7,59.7
OI0009636,O005975,P017,1,18.94,18.94
OI0009637,O005975,P070,1,47.52,47.52
OI0009638,O005975,P101,1,43.91,43.91
OI0009639,O005976,P047,1,23.25,23.25
OI0009640,O005976,P102,3,56.61,169.83
OI0009641,O005977,P055,1,69.18,69.18
OI0009642,O005977,P036,1,16.55,16.55
OI0009643,O005977,P070,1,47.52,47.52
OI0009644,O005978,P052,1,44.73,44.73
OI0009645,O005978,P094,1,17.7,17.7
OI0009646,O005978,P012,1,51.32,51.32
OI0009647,O005978,P077,1,144.76,144.76
OI0009648,O005979,P050,1,19.41,19.41
OI0009649,O005979,P093,2,45.3,90.6
OI0009650,O005980,P120,1,46.49,46.49
OI0009651,O005981,P032,2,17.4,34.8
OI0009652,O005982,P054,1,53.62,53.62
OI0009653,O005982,P030,1,57.05,57.05
OI0009654,O005983,P108,1,34.32,34.32
OI0009655,O005984,P021,1,51.23,51.23
OI0009656,O005984,P072,1,14.56,14.56
OI0009657,O005984,P080,1,64.69,64.69
OI0009658,O005984,P010,1,44.59,44.59
OI0009659,O005985,P082,1,34.81,34.81
OI0009660,O005986,P114,3,27.37,82.11
OI0009661,O005987,P120,2,46.49,92.98
OI0009662,O005988,P021,1,51.23,51.23
OI0009663,O005988,P049,1,42.57,42.57
OI0009664,O005989,P029,1,25.98,25.98
OI0009665,O005990,P027,1,12.05,12.05
OI0009666,O005991,P055,1,69.18,69.18
OI0009667,O005992,P090,1,55.52,55.52
OI0009668,O005993,P119,1,34.08,34.08
OI0009669,O005994,P059,1,68.57,68.57
OI0009670,O005995,P003,1,36.05,36.05
OI0009671,O005996,P114,1,27.37,27.37
OI0009672,O005996,P066,3,34.67,104.01
OI0009673,O005997,P002,1,30.14,30.14
OI0009674,O005998,P067,1,46.95,46.95
OI0009675,O005999,P011,1,39.95,39.95
OI0009676,O006000,P058,1,47.56,47.56
OI0009677,O006001,P053,1,40.97,40.97
OI0009678,O006002,P025,1,37.52,37.52
OI0009679,O006003,P070,2,47.52,95.04
OI0009680,O006004,P056,1,18.69,18.69
OI0009681,O006005,P007,1,39.99,39.99
OI0009682,O006006,P013,1,12.37,12.37
OI0009683,O006007,P041,1,25.86,25.86
OI0009684,O006007,P105,1,73.93,73.93
OI0009685,O006007,P087,1,29.25,29.25
OI0009686,O006008,P079,1,23.65,23.65
OI0009687,O006009,P039,1,31.96,31.96
OI0009688,O006010,P051,1,11.22,11.22
OI0009689,O006011,P075,1,44.36,44.36
OI0009690,O006012,P092,1,58.39,58.39
OI0009691,O006013,P093,1,45.3,45.3
OI0009692,O006013,P012,1,51.32,51.32
OI0009693,O006013,P090,1,55.52,55.52
OI0009694,O006014,P024,1,84.49,84.49
OI0009695,O006015,P010,2,44.59,89.18
OI0009696,O006016,P032,1,17.4,17.4
OI0009697,O006017,P070,1,47.52,47.52
OI0009698,O006018,P115,3,42.04,126.12
OI0009699,O006019,P074,2,32.9,65.8
OI0009700,O006020,P025,1,37.52,37.52
OI0009701,O006021,P104,1,44.1,44.1
OI0009702,O006022,P012,1,51.32,51.32
OI0009703,O006022,P007,1,39.99,39.99
OI0009704,O006023,P093,1,45.3,45.3
OI0009705,O006024,P005,1,49.25,49.25
OI0009706,O006025,P097,1,20.46,20.46
OI0009707,O006025,P105,1,73.93,73.93
OI0009708,O006026,P090,1,55.52,55.52
OI0009709,O006027,P013,1,12.37,12.37
OI0009710,O006028,P078,1,34.46,34.46
OI0009711,O006029,P038,2,64.8,129.6
OI0009712,O006029,P108,1,34.32,34.32
OI0009713,O006029,P115,1,42.04,42.04
OI0009714,O006030,P079,1,23.65,23.65
OI0009715,O006031,P084,2,30.69,61.38
OI0009716,O006032,P050,1,19.41,19.41
OI0009717,O006032,P070,1,47.52,47.52
OI0009718,O006033,P011,1,39.95,39.95
OI0009719,O006033,P115,2,42.04,84.08
OI0009720,O006034,P033,1,87.02,87.02
OI0009721,O006034,P046,1,38.99,38.99
OI0009722,O006035,P038,1,64.8,64.8
OI0009723,O006036,P058,2,47.56,95.12
OI0009724,O006036,P069,1,24.0,24.0
OI0009725,O006036,P105,1,73.93,73.93
OI0009726,O006037,P040,1,40.11,40.11
OI0009727,O006037,P021,1,51.23,51.23
OI0009728,O006037,P082,1,34.81,34.81
OI0009729,O006037,P019,1,13.12,13.12
OI0009730,O006038,P105,1,73.93,73.93
OI0009731,O006038,P022,1,43.57,43.57
OI0009732,O006038,P049,1,42.57,42.57
OI0009733,O006039,P074,1,32.9,32.9
OI0009734,O006039,P043,1,23.06,23.06
OI0009735,O006039,P025,1,37.52,37.52
OI0009736,O006039,P118,1,22.9,22.9
OI0009737,O006040,P070,1,47.52,47.52
OI0009738,O006041,P060,1,41.59,41.59
OI0009739,O006042,P076,1,38.28,38.28
OI0009740,O006043,P078,1,34.46,34.46
OI0009741,O006044,P077,1,144.76,144.76
OI0009742,O006045,P056,1,18.69,18.69
OI0009743,O006046,P098,1,57.37,57.37
OI0009744,O006047,P062,1,53.16,53.16
OI0009745,O006047,P108,1,34.32,34.32
OI0009746,O006048,P004,1,66.5,66.5
OI0009747,O006049,P107,1,52.87,52.87
OI0009748,O006050,P013,1,12.37,12.37
OI0009749,O006051,P041,2,25.86,51.72
OI0009750,O006052,P106,1,47.23,47.23
OI0009751,O006052,P085,1,11.15,11.15
OI0009752,O006052,P018,1,12.14,12.14
OI0009753,O006053,P072,1,14.56,14.56
OI0009754,O006054,P103,1,65.04,65.04
OI0009755,O006054,P050,1,19.41,19.41
OI0009756,O006054,P071,3,141.44,424.32
OI0009757,O006055,P051,1,11.22,11.22
OI0009758,O006055,P014,1,102.77,102.77
OI0009759,O006056,P034,1,35.52,35.52
OI0009760,O006057,P048,1,37.04,37.04
OI0009761,O006058,P040,2,40.11,80.22
OI0009762,O006059,P030,1,57.05,57.05
OI0009763,O006060,P110,1,82.9,82.9
OI0009764,O006061,P077,1,144.76,144.76
OI0009765,O006062,P013,1,12.37,12.37
OI0009766,O006062,P002,1,30.14,30.14
OI0009767,O006063,P070,1,47.52,47.52
OI0009768,O006064,P030,1,57.05,57.05
OI0009769,O006065,P052,1,44.73,44.73
OI0009770,O006066,P078,1,34.46,34.46
OI0009771,O006067,P014,1,102.77,102.77
OI0009772,O006068,P095,1,69.05,69.05
OI0009773,O006068,P040,1,40.11,40.11
OI0009774,O006068,P111,1,29.11,29.11
OI0009775,O006069,P009,1,37.92,37.92
OI0009776,O006069,P118,1,22.9,22.9
OI0009777,O006070,P023,1,54.75,54.75
OI0009778,O006070,P056,1,18.69,18.69
OI0009779,O006071,P103,1,65.04,65.04
OI0009780,O006071,P111,1,29.11,29.11
OI0009781,O006072,P056,1,18.69,18.69
OI0009782,O006073,P068,1,29.23,29.23
OI0009783,O006074,P055,1,69.18,69.18
OI0009784,O006075,P113,1,35.73,35.73
OI0009785,O006076,P030,1,57.05,57.05
OI0009786,O006077,P056,1,18.69,18.69
OI0009787,O006078,P015,1,31.17,31.17
OI0009788,O006079,P043,1,23.06,23.06
OI0009789,O006079,P028,1,129.35,129.35
OI0009790,O006079,P070,1,47.52,47.52
OI0009791,O006079,P086,1,80.82,80.82
OI0009792,O006080,P062,1,53.16,53.16
OI0009793,O006081,P109,1,81.27,81.27
OI0009794,O006082,P020,1,30.3,30.3
OI0009795,O006083,P069,1,24.0,24.0
OI0009796,O006083,P014,1,102.77,102.77
OI0009797,O006084,P013,1,12.37,12.37
OI0009798,O006085,P091,1,37.89,37.89
OI0009799,O006086,P072,2,14.56,29.12
OI0009800,O006086,P036,1,16.55,16.55
OI0009801,O006086,P057,1,112.54,112.54
OI0009802,O006087,P024,2,84.49,168.98
OI0009803,O006087,P013,1,12.37,12.37
OI0009804,O006087,P087,1,29.25,29.25
OI0009805,O006088,P062,1,53.16,53.16
OI0009806,O006088,P037,1,33.58,33.58
OI0009807,O006089,P072,1,14.56,14.56
OI0009808,O006090,P054,1,53.62,53.62
OI0009809,O006091,P101,1,43.91,43.91
OI0009810,O006092,P034,1,35.52,35.52
OI0009811,O006092,P010,1,44.59,44.59
OI0009812,O006093,P065,1,41.82,41.82
OI0009813,O006093,P026,2,27.66,55.32
OI0009814,O006093,P058,2,47.56,95.12
OI0009815,O006094,P108,1,34.32,34.32
OI0009816,O006095,P047,1,23.25,23.25
OI0009817,O006095,P031,1,32.22,32.22
OI0009818,O006096,P053,1,40.97,40.97
OI0009819,O006097,P106,1,47.23,47.23
OI0009820,O006097,P045,1,30.38,30.38
OI0009821,O006097,P038,1,64.8,64.8
OI0009822,O006097,P011,1,39.95,39.95
OI0009823,O006098,P073,1,45.97,45.97
OI0009824,O006099,P037,1,33.58,33.58
OI0009825,O006099,P087,1,29.25,29.25
OI0009826,O006100,P058,2,47.56,95.12
OI0009827,O006101,P094,1,17.7,17.7
OI0009828,O006102,P109,1,81.27,81.27
OI0009829,O006103,P097,1,20.46,20.46
OI0009830,O006103,P099,1,46.77,46.77
OI0009831,O006103,P060,2,41.59,83.18
OI0009832,O006103,P019,1,13.12,13.12
OI0009833,O006104,P110,1,82.9,82.9
OI0009834,O006105,P061,1,33.13,33.13
OI0009835,O006106,P091,1,37.89,37.89
OI0009836,O006107,P012,1,51.32,51.32
OI0009837,O006108,P034,1,35.52,35.52
OI0009838,O006109,P114,1,27.37,27.37
OI0009839,O006110,P094,1,17.7,17.7
OI0009840,O006111,P084,1,30.69,30.69
OI0009841,O006111,P095,1,69.05,69.05
OI0009842,O006112,P098,1,57.37,57.37
OI0009843,O006112,P022,2,43.57,87.14
OI0009844,O006112,P085,2,11.15,22.3
OI0009845,O006113,P020,1,30.3,30.3
OI0009846,O006113,P015,1,31.17,31.17
OI0009847,O006114,P110,1,82.9,82.9
OI0009848,O006115,P091,1,37.89,37.89
OI0009849,O006115,P042,1,41.11,41.11
OI0009850,O006116,P035,1,23.65,23.65
OI0009851,O006117,P032,1,17.4,17.4
OI0009852,O006118,P102,1,56.61,56.61
OI0009853,O006118,P113,1,35.73,35.73
OI0009854,O006119,P001,1,66.04,66.04
OI0009855,O006120,P046,1,38.99,38.99
OI0009856,O006120,P070,1,47.52,47.52
OI0009857,O006121,P071,1,141.44,141.44
OI0009858,O006121,P032,1,17.4,17.4
OI0009859,O006121,P086,1,80.82,80.82
OI0009860,O006122,P063,1,28.7,28.7
OI0009861,O006123,P058,1,47.56,47.56
OI0009862,O006123,P053,1,40.97,40.97
OI0009863,O006124,P001,1,66.04,66.04
OI0009864,O006124,P058,1,47.56,47.56
OI0009865,O006124,P005,1,49.25,49.25
OI0009866,O006125,P028,1,129.35,129.35
OI0009867,O006125,P004,1,66.5,66.5
OI0009868,O006126,P063,1,28.7,28.7
OI0009869,O006127,P083,1,30.7,30.7
OI0009870,O006128,P046,1,38.99,38.99
OI0009871,O006128,P025,1,37.52,37.52
OI0009872,O006129,P074,1,32.9,32.9
OI0009873,O006129,P079,1,23.65,23.65
OI0009874,O006130,P030,1,57.05,57.05
OI0009875,O006130,P087,1,29.25,29.25
OI0009876,O006131,P069,1,24.0,24.0
OI0009877,O006132,P082,1,34.81,34.81
OI0009878,O006133,P027,1,12.05,12.05
OI0009879,O006134,P120,1,46.49,46.49
OI0009880,O006134,P108,1,34.32,34.32
OI0009881,O006134,P040,1,40.11,40.11
OI0009882,O006135,P025,1,37.52,37.52
OI0009883,O006135,P005,2,49.25,98.5
OI0009884,O006135,P065,1,41.82,41.82
OI0009885,O006136,P027,1,12.05,12.05
OI0009886,O006137,P007,1,39.99,39.99
OI0009887,O006137,P087,1,29.25,29.25
OI0009888,O006138,P108,2,34.32,68.64
OI0009889,O006138,P008,1,46.52,46.52
OI0009890,O006138,P018,1,12.14,12.14
OI0009891,O006138,P044,1,63.71,63.71
OI0009892,O006139,P056,2,18.69,37.38
OI0009893,O006139,P115,1,42.04,42.04
OI0009894,O006140,P114,1,27.37,27.37
OI0009895,O006141,P031,1,32.22,32.22
OI0009896,O006142,P032,2,17.4,34.8
OI0009897,O006143,P056,1,18.69,18.69
OI0009898,O006144,P040,3,40.11,120.33
OI0009899,O006145,P085,1,11.15,11.15
OI0009900,O006145,P102,2,56.61,113.22
OI0009901,O006145,P080,2,64.69,129.38
OI0009902,O006146,P089,1,26.52,26.52
OI0009903,O006147,P050,1,19.41,19.41
OI0009904,O006147,P032,1,17.4,17.4
OI0009905,O006147,P087,1,29.25,29.25
OI0009906,O006148,P072,1,14.56,14.56
OI0009907,O006148,P043,1,23.06,23.06
OI0009908,O006149,P052,1,44.73,44.73
OI0009909,O006149,P031,1,32.22,32.22
OI0009910,O006150,P021,2,51.23,102.46
OI0009911,O006150,P033,1,87.02,87.02
OI0009912,O006150,P115,1,42.04,42.04
OI0009913,O006151,P029,1,25.98,25.98
OI0009914,O006152,P008,1,46.52,46.52
OI0009915,O006153,P053,1,40.97,40.97
OI0009916,O006153,P102,1,56.61,56.61
OI0009917,O006154,P080,1,64.69,64.69
OI0009918,O006155,P037,1,33.58,33.58
OI0009919,O006155,P077,2,144.76,289.52
OI0009920,O006155,P022,1,43.57,43.57
OI0009921,O006156,P010,1,44.59,44.59
OI0009922,O006156,P050,1,19.41,19.41
OI0009923,O006157,P083,1,30.7,30.7
OI0009924,O006158,P053,2,40.97,81.94
OI0009925,O006159,P029,1,25.98,25.98
OI0009926,O006159,P053,1,40.97,40.97
OI0009927,O006159,P014,1,102.77,102.77
OI0009928,O006160,P027,1,12.05,12.05
OI0009929,O006160,P012,2,51.32,102.64
OI0009930,O006160,P120,1,46.49,46.49
OI0009931,O006161,P111,1,29.11,29.11
OI0009932,O006162,P119,1,34.08,34.08
OI0009933,O006163,P059,1,68.57,68.57
OI0009934,O006164,P034,1,35.52,35.52
OI0009935,O006165,P051,1,11.22,11.22
OI0009936,O006165,P011,1,39.95,39.95
OI0009937,O006166,P030,1,57.05,57.05
OI0009938,O006167,P017,1,18.94,18.94
OI0009939,O006168,P059,1,68.57,68.57
OI0009940,O006168,P076,2,38.28,76.56
OI0009941,O006169,P088,1,28.36,28.36
OI0009942,O006169,P072,1,14.56,14.56
OI0009943,O006169,P109,1,81.27,81.27
OI0009944,O006170,P067,1,46.95,46.95
OI0009945,O006171,P009,1,37.92,37.92
OI0009946,O006172,P044,1,63.71,63.71
OI0009947,O006173,P039,1,31.96,31.96
OI0009948,O006173,P105,2,73.93,147.86
OI0009949,O006174,P103,1,65.04,65.04
OI0009950,O006175,P095,1,69.05,69.05
OI0009951,O006176,P019,1,13.12,13.12
OI0009952,O006177,P006,1,132.21,132.21
OI0009953,O006178,P087,2,29.25,58.5
OI0009954,O006178,P054,1,53.62,53.62
OI0009955,O006178,P093,1,45.3,45.3
OI0009956,O006179,P050,1,19.41,19.41
OI0009957,O006180,P023,1,54.75,54.75
OI0009958,O006180,P118,1,22.9,22.9
OI0009959,O006181,P090,1,55.52,55.52
OI0009960,O006182,P007,1,39.99,39.99
OI0009961,O006182,P109,2,81.27,162.54
OI0009962,O006183,P044,1,63.71,63.71
OI0009963,O006184,P019,1,13.12,13.12
OI0009964,O006185,P087,1,29.25,29.25
OI0009965,O006186,P057,1,112.54,112.54
OI0009966,O006186,P084,1,30.69,30.69
OI0009967,O006187,P115,1,42.04,42.04
OI0009968,O006188,P010,1,44.59,44.59
OI0009969,O006189,P111,1,29.11,29.11
OI0009970,O006189,P089,1,26.52,26.52
OI0009971,O006189,P007,1,39.99,39.99
OI0009972,O006190,P112,1,35.49,35.49
OI0009973,O006191,P046,1,38.99,38.99
OI0009974,O006192,P118,1,22.9,22.9
OI0009975,O006192,P064,1,16.79,16.79
OI0009976,O006192,P025,1,37.52,37.52
OI0009977,O006193,P020,1,30.3,30.3
OI0009978,O006193,P026,1,27.66,27.66
OI0009979,O006193,P010,2,44.59,89.18
OI0009980,O006194,P078,1,34.46,34.46
OI0009981,O006194,P100,1,26.88,26.88
OI0009982,O006195,P067,1,46.95,46.95
OI0009983,O006196,P085,1,11.15,11.15
OI0009984,O006196,P095,2,69.05,138.1
OI0009985,O006197,P054,1,53.62,53.62
OI0009986,O006197,P032,1,17.4,17.4
OI0009987,O006197,P071,1,141.44,141.44
OI0009988,O006197,P084,1,30.69,30.69
OI0009989,O006198,P017,3,18.94,56.82
OI0009990,O006199,P098,1,57.37,57.37
OI0009991,O006199,P109,2,81.27,162.54
OI0009992,O006200,P081,1,22.73,22.73
OI0009993,O006201,P083,1,30.7,30.7
OI0009994,O006201,P019,1,13.12,13.12
OI0009995,O006202,P109,1,81.27,81.27
OI0009996,O006202,P056,1,18.69,18.69
OI0009997,O006203,P001,1,66.04,66.04
OI0009998,O006204,P067,1,46.95,46.95
OI0009999,O006205,P046,1,38.99,38.99
OI0010000,O006206,P112,2,35.49,70.98
OI0010001,O006207,P102,1,56.61,56.61
OI0010002,O006207,P049,1,42.57,42.57
OI0010003,O006208,P019,1,13.12,13.12
OI0010004,O006208,P034,1,35.52,35.52
OI0010005,O006208,P100,1,26.88,26.88
OI0010006,O006209,P023,1,54.75,54.75
OI0010007,O006209,P004,2,66.5,133.0
OI0010008,O006210,P028,1,129.35,129.35
OI0010009,O006210,P045,1,30.38,30.38
OI0010010,O006210,P025,1,37.52,37.52
OI0010011,O006211,P002,1,30.14,30.14
OI0010012,O006212,P100,1,26.88,26.88
OI0010013,O006212,P071,1,141.44,141.44
OI0010014,O006212,P025,1,37.52,37.52
OI0010015,O006212,P021,1,51.23,51.23
OI0010016,O006213,P078,1,34.46,34.46
OI0010017,O006213,P105,1,73.93,73.93
OI0010018,O006214,P118,1,22.9,22.9
OI0010019,O006215,P093,2,45.3,90.6
OI0010020,O006216,P075,1,44.36,44.36
OI0010021,O006217,P055,1,69.18,69.18
OI0010022,O006217,P036,2,16.55,33.1
OI0010023,O006218,P038,2,64.8,129.6
OI0010024,O006218,P047,1,23.25,23.25
OI0010025,O006218,P039,1,31.96,31.96
OI0010026,O006218,P032,1,17.4,17.4
OI0010027,O006219,P045,1,30.38,30.38
OI0010028,O006219,P041,2,25.86,51.72
OI0010029,O006219,P075,1,44.36,44.36
OI0010030,O006220,P071,1,141.44,141.44
OI0010031,O006221,P118,1,22.9,22.9
OI0010032,O006221,P036,1,16.55,16.55
OI0010033,O006222,P027,1,12.05,12.05
OI0010034,O006223,P024,1,84.49,84.49
OI0010035,O006224,P067,1,46.95,46.95
OI0010036,O006224,P001,1,66.04,66.04
OI0010037,O006225,P081,2,22.73,45.46
OI0010038,O006225,P108,1,34.32,34.32
OI0010039,O006226,P001,1,66.04,66.04
OI0010040,O006227,P005,3,49.25,147.75
OI0010041,O006227,P011,1,39.95,39.95
OI0010042,O006228,P097,1,20.46,20.46
OI0010043,O006228,P093,1,45.3,45.3
OI0010044,O006229,P049,1,42.57,42.57
OI0010045,O006230,P011,1,39.95,39.95
OI0010046,O006231,P005,1,49.25,49.25
OI0010047,O006232,P086,1,80.82,80.82
OI0010048,O006233,P015,1,31.17,31.17
OI0010049,O006234,P070,1,47.52,47.52
OI0010050,O006235,P090,2,55.52,111.04
OI0010051,O006236,P109,1,81.27,81.27
OI0010052,O006237,P014,1,102.77,102.77
OI0010053,O006237,P084,1,30.69,30.69
OI0010054,O006238,P060,1,41.59,41.59
OI0010055,O006238,P030,1,57.05,57.05
OI0010056,O006239,P064,1,16.79,16.79
OI0010057,O006240,P062,2,53.16,106.32
OI0010058,O006240,P047,1,23.25,23.25
OI0010059,O006240,P059,2,68.57,137.14
OI0010060,O006241,P012,1,51.32,51.32
OI0010061,O006241,P046,1,38.99,38.99
OI0010062,O006242,P114,1,27.37,27.37
OI0010063,O006242,P080,1,64.69,64.69
OI0010064,O006242,P049,1,42.57,42.57
OI0010065,O006243,P057,1,112.54,112.54
OI0010066,O006243,P098,1,57.37,57.37
OI0010067,O006244,P028,2,129.35,258.7
OI0010068,O006245,P108,2,34.32,68.64
OI0010069,O006246,P077,1,144.76,144.76
OI0010070,O006246,P050,1,19.41,19.41
OI0010071,O006246,P012,1,51.32,51.32
OI0010072,O006247,P028,1,129.35,129.35
OI0010073,O006248,P088,1,28.36,28.36
OI0010074,O006248,P043,3,23.06,69.18
OI0010075,O006248,P047,1,23.25,23.25
OI0010076,O006249,P056,1,18.69,18.69
OI0010077,O006250,P116,2,38.35,76.7
OI0010078,O006250,P053,1,40.97,40.97
OI0010079,O006251,P022,2,43.57,87.14
OI0010080,O006252,P065,1,41.82,41.82
OI0010081,O006253,P086,3,80.82,242.46
OI0010082,O006254,P035,1,23.65,23.65
OI0010083,O006254,P078,1,34.46,34.46
OI0010084,O006254,P017,1,18.94,18.94
OI0010085,O006255,P104,1,44.1,44.1
OI0010086,O006255,P013,2,12.37,24.74
OI0010087,O006256,P033,1,87.02,87.02
OI0010088,O006257,P069,2,24.0,48.0
OI0010089,O006257,P016,1,59.7,59.7
OI0010090,O006258,P064,1,16.79,16.79
OI0010091,O006259,P104,1,44.1,44.1
OI0010092,O006259,P027,1,12.05,12.05
OI0010093,O006260,P100,1,26.88,26.88
OI0010094,O006260,P020,1,30.3,30.3
OI0010095,O006261,P097,1,20.46,20.46
OI0010096,O006261,P048,1,37.04,37.04
OI0010097,O006262,P064,1,16.79,16.79
OI0010098,O006262,P104,1,44.1,44.1
OI0010099,O006263,P084,1,30.69,30.69
OI0010100,O006263,P011,1,39.95,39.95
OI0010101,O006263,P075,1,44.36,44.36
OI0010102,O006264,P071,2,141.44,282.88
OI0010103,O006264,P023,1,54.75,54.75
OI0010104,O006265,P093,1,45.3,45.3
OI0010105,O006266,P024,1,84.49,84.49
OI0010106,O006267,P040,1,40.11,40.11
OI0010107,O006268,P111,1,29.11,29.11
OI0010108,O006269,P042,1,41.11,41.11
OI0010109,O006269,P071,1,141.44,141.44
OI0010110,O006270,P045,1,30.38,30.38
OI0010111,O006271,P027,1,12.05,12.05
OI0010112,O006272,P041,1,25.86,25.86
OI0010113,O006272,P018,1,12.14,12.14
OI0010114,O006273,P047,1,23.25,23.25
OI0010115,O006274,P056,1,18.69,18.69
OI0010116,O006275,P071,1,141.44,141.44
OI0010117,O006276,P103,1,65.04,65.04
OI0010118,O006276,P111,1,29.11,29.11
OI0010119,O006277,P003,2,36.05,72.1
OI0010120,O006278,P053,1,40.97,40.97
OI0010121,O006279,P120,1,46.49,46.49
OI0010122,O006280,P007,3,39.99,119.97
OI0010123,O006280,P057,1,112.54,112.54
OI0010124,O006280,P038,1,64.8,64.8
OI0010125,O006281,P117,2,27.82,55.64
OI0010126,O006281,P016,1,59.7,59.7
OI0010127,O006282,P033,1,87.02,87.02
OI0010128,O006283,P011,1,39.95,39.95
OI0010129,O006284,P075,1,44.36,44.36
OI0010130,O006284,P086,1,80.82,80.82
OI0010131,O006285,P080,1,64.69,64.69
OI0010132,O006285,P018,1,12.14,12.14
OI0010133,O006286,P003,1,36.05,36.05
OI0010134,O006287,P065,1,41.82,41.82
OI0010135,O006288,P067,1,46.95,46.95
OI0010136,O006289,P103,1,65.04,65.04
OI0010137,O006289,P042,2,41.11,82.22
OI0010138,O006290,P085,1,11.15,11.15
OI0010139,O006291,P007,1,39.99,39.99
OI0010140,O006291,P118,1,22.9,22.9
OI0010141,O006291,P008,2,46.52,93.04
OI0010142,O006292,P058,1,47.56,47.56
OI0010143,O006293,P003,1,36.05,36.05
OI0010144,O006293,P063,1,28.7,28.7
OI0010145,O006294,P020,1,30.3,30.3
OI0010146,O006294,P118,1,22.9,22.9
OI0010147,O006295,P035,1,23.65,23.65
OI0010148,O006295,P011,1,39.95,39.95
OI0010149,O006296,P028,1,129.35,129.35
OI0010150,O006297,P120,2,46.49,92.98
OI0010151,O006298,P093,2,45.3,90.6
OI0010152,O006299,P021,1,51.23,51.23
OI0010153,O006300,P039,1,31.96,31.96
OI0010154,O006301,P055,1,69.18,69.18
OI0010155,O006302,P048,1,37.04,37.04
OI0010156,O006303,P045,1,30.38,30.38
OI0010157,O006304,P117,1,27.82,27.82
OI0010158,O006304,P058,1,47.56,47.56
OI0010159,O006305,P119,1,34.08,34.08
OI0010160,O006305,P060,1,41.59,41.59
OI0010161,O006306,P041,1,25.86,25.86
OI0010162,O006306,P050,1,19.41,19.41
OI0010163,O006307,P080,1,64.69,64.69
OI0010164,O006307,P061,2,33.13,66.26
OI0010165,O006308,P063,3,28.7,86.1
OI0010166,O006308,P030,1,57.05,57.05
OI0010167,O006309,P011,1,39.95,39.95
OI0010168,O006309,P010,1,44.59,44.59
OI0010169,O006310,P039,1,31.96,31.96
OI0010170,O006311,P083,1,30.7,30.7
OI0010171,O006311,P047,1,23.25,23.25
OI0010172,O006312,P051,2,11.22,22.44
OI0010173,O006312,P102,1,56.61,56.61
OI0010174,O006312,P005,1,49.25,49.25
OI0010175,O006313,P020,1,30.3,30.3
OI0010176,O006313,P042,1,41.11,41.11
OI0010177,O006314,P118,1,22.9,22.9
OI0010178,O006315,P033,1,87.02,87.02
OI0010179,O006315,P107,1,52.87,52.87
OI0010180,O006315,P070,1,47.52,47.52
OI0010181,O006316,P069,2,24.0,48.0
OI0010182,O006317,P047,2,23.25,46.5
OI0010183,O006318,P001,1,66.04,66.04
OI0010184,O006319,P074,1,32.9,32.9
OI0010185,O006320,P110,1,82.9,82.9
OI0010186,O006320,P026,1,27.66,27.66
OI0010187,O006321,P033,1,87.02,87.02
OI0010188,O006322,P051,2,11.22,22.44
OI0010189,O006323,P069,2,24.0,48.0
OI0010190,O006324,P090,1,55.52,55.52
OI0010191,O006325,P064,2,16.79,33.58
OI0010192,O006326,P100,1,26.88,26.88
OI0010193,O006326,P087,1,29.25,29.25
OI0010194,O006327,P002,1,30.14,30.14
OI0010195,O006327,P093,1,45.3,45.3
OI0010196,O006327,P037,1,33.58,33.58
OI0010197,O006327,P008,1,46.52,46.52
OI0010198,O006328,P003,1,36.05,36.05
OI0010199,O006329,P049,1,42.57,42.57
OI0010200,O006330,P083,2,30.7,61.4
OI0010201,O006331,P029,1,25.98,25.98
OI0010202,O006331,P021,1,51.23,51.23
OI0010203,O006332,P108,1,34.32,34.32
OI0010204,O006333,P116,1,38.35,38.35
OI0010205,O006334,P021,2,51.23,102.46
OI0010206,O006335,P017,1,18.94,18.94
OI0010207,O006336,P059,1,68.57,68.57
OI0010208,O006337,P076,2,38.28,76.56
OI0010209,O006337,P086,1,80.82,80.82
OI0010210,O006337,P053,1,40.97,40.97
OI0010211,O006337,P066,1,34.67,34.67
OI0010212,O006338,P104,1,44.1,44.1
OI0010213,O006339,P066,2,34.67,69.34
OI0010214,O006339,P107,1,52.87,52.87
OI0010215,O006340,P054,1,53.62,53.62
OI0010216,O006341,P038,1,64.8,64.8
OI0010217,O006342,P030,1,57.05,57.05
OI0010218,O006342,P034,1,35.52,35.52
OI0010219,O006343,P107,1,52.87,52.87
OI0010220,O006343,P094,1,17.7,17.7
OI0010221,O006343,P001,1,66.04,66.04
OI0010222,O006344,P032,1,17.4,17.4
OI0010223,O006345,P089,1,26.52,26.52
OI0010224,O006345,P102,1,56.61,56.61
OI0010225,O006346,P049,2,42.57,85.14
OI0010226,O006346,P046,1,38.99,38.99
OI0010227,O006347,P061,1,33.13,33.13
OI0010228,O006347,P075,1,44.36,44.36
OI0010229,O006348,P011,1,39.95,39.95
OI0010230,O006349,P080,1,64.69,64.69
OI0010231,O006349,P075,1,44.36,44.36
OI0010232,O006350,P118,1,22.9,22.9
OI0010233,O006351,P042,1,41.11,41.11
OI0010234,O006352,P015,1,31.17,31.17
OI0010235,O006353,P012,1,51.32,51.32
OI0010236,O006354,P014,1,102.77,102.77
OI0010237,O006355,P083,1,30.7,30.7
OI0010238,O006355,P081,1,22.73,22.73
OI0010239,O006355,P024,1,84.49,84.49
OI0010240,O006356,P024,1,84.49,84.49
OI0010241,O006356,P014,1,102.77,102.77
OI0010242,O006357,P080,3,64.69,194.07
OI0010243,O006358,P117,1,27.82,27.82
OI0010244,O006359,P050,1,19.41,19.41
OI0010245,O006360,P080,1,64.69,64.69
OI0010246,O006361,P115,1,42.04,42.04
OI0010247,O006361,P026,2,27.66,55.32
OI0010248,O006362,P027,1,12.05,12.05
OI0010249,O006363,P036,1,16.55,16.55
OI0010250,O006364,P034,1,35.52,35.52
OI0010251,O006365,P114,1,27.37,27.37
OI0010252,O006366,P016,1,59.7,59.7
OI0010253,O006366,P118,1,22.9,22.9
OI0010254,O006366,P002,1,30.14,30.14
OI0010255,O006367,P075,1,44.36,44.36
OI0010256,O006368,P095,1,69.05,69.05
OI0010257,O006368,P036,2,16.55,33.1
OI0010258,O006368,P068,1,29.23,29.23
OI0010259,O006369,P083,2,30.7,61.4
OI0010260,O006370,P045,1,30.38,30.38
OI0010261,O006371,P106,1,47.23,47.23
OI0010262,O006372,P115,1,42.04,42.04
OI0010263,O006372,P079,1,23.65,23.65
OI0010264,O006372,P067,1,46.95,46.95
OI0010265,O006373,P089,1,26.52,26.52
OI0010266,O006374,P066,1,34.67,34.67
OI0010267,O006375,P101,1,43.91,43.91
OI0010268,O006376,P092,1,58.39,58.39
OI0010269,O006377,P019,1,13.12,13.12
OI0010270,O006378,P101,1,43.91,43.91
OI0010271,O006378,P115,1,42.04,42.04
OI0010272,O006378,P072,1,14.56,14.56
OI0010273,O006379,P040,1,40.11,40.11
OI0010274,O006380,P022,1,43.57,43.57
OI0010275,O006380,P050,1,19.41,19.41
OI0010276,O006381,P046,3,38.99,116.97
OI0010277,O006382,P063,1,28.7,28.7
OI0010278,O006383,P040,1,40.11,40.11
OI0010279,O006384,P054,1,53.62,53.62
OI0010280,O006384,P089,2,26.52,53.04
OI0010281,O006385,P076,1,38.28,38.28
OI0010282,O006385,P095,1,69.05,69.05
OI0010283,O006386,P059,1,68.57,68.57
OI0010284,O006386,P054,1,53.62,53.62
OI0010285,O006387,P088,1,28.36,28.36
OI0010286,O006388,P013,3,12.37,37.11
OI0010287,O006388,P055,3,69.18,207.54
OI0010288,O006389,P003,1,36.05,36.05
OI0010289,O006389,P097,1,20.46,20.46
OI0010290,O006389,P081,1,22.73,22.73
OI0010291,O006389,P085,1,11.15,11.15
OI0010292,O006390,P101,1,43.91,43.91
OI0010293,O006391,P035,1,23.65,23.65
OI0010294,O006392,P048,2,37.04,74.08
OI0010295,O006393,P046,1,38.99,38.99
OI0010296,O006394,P082,1,34.81,34.81
OI0010297,O006394,P119,1,34.08,34.08
OI0010298,O006395,P012,1,51.32,51.32
OI0010299,O006396,P078,1,34.46,34.46
OI0010300,O006397,P012,1,51.32,51.32
OI0010301,O006398,P072,1,14.56,14.56
OI0010302,O006398,P019,1,13.12,13.12
OI0010303,O006399,P086,1,80.82,80.82
OI0010304,O006400,P038,1,64.8,64.8
OI0010305,O006401,P073,1,45.97,45.97
OI0010306,O006402,P001,2,66.04,132.08
OI0010307,O006402,P066,1,34.67,34.67
OI0010308,O006403,P034,1,35.52,35.52
OI0010309,O006403,P102,1,56.61,56.61
OI0010310,O006403,P025,2,37.52,75.04
OI0010311,O006404,P021,1,51.23,51.23
OI0010312,O006404,P075,1,44.36,44.36
OI0010313,O006405,P052,2,44.73,89.46
OI0010314,O006405,P070,1,47.52,47.52
OI0010315,O006406,P051,1,11.22,11.22
OI0010316,O006407,P117,1,27.82,27.82
OI0010317,O006407,P109,1,81.27,81.27
OI0010318,O006408,P059,1,68.57,68.57
OI0010319,O006408,P078,1,34.46,34.46
OI0010320,O006409,P088,1,28.36,28.36
OI0010321,O006410,P010,1,44.59,44.59
OI0010322,O006410,P035,1,23.65,23.65
OI0010323,O006411,P089,1,26.52,26.52
OI0010324,O006412,P014,1,102.77,102.77
OI0010325,O006412,P020,1,30.3,30.3
OI0010326,O006412,P049,1,42.57,42.57
OI0010327,O006413,P095,1,69.05,69.05
OI0010328,O006413,P092,1,58.39,58.39
OI0010329,O006414,P064,2,16.79,33.58
OI0010330,O006415,P074,1,32.9,32.9
OI0010331,O006416,P036,1,16.55,16.55
OI0010332,O006417,P015,1,31.17,31.17
OI0010333,O006418,P047,1,23.25,23.25
OI0010334,O006419,P007,1,39.99,39.99
OI0010335,O006420,P009,1,37.92,37.92
OI0010336,O006420,P029,1,25.98,25.98
OI0010337,O006421,P004,1,66.5,66.5
OI0010338,O006421,P038,1,64.8,64.8
OI0010339,O006422,P023,1,54.75,54.75
OI0010340,O006423,P020,1,30.3,30.3
OI0010341,O006424,P041,1,25.86,25.86
OI0010342,O006424,P037,1,33.58,33.58
OI0010343,O006425,P030,1,57.05,57.05
OI0010344,O006426,P117,1,27.82,27.82
OI0010345,O006426,P052,1,44.73,44.73
OI0010346,O006426,P065,2,41.82,83.64
OI0010347,O006427,P080,3,64.69,194.07
OI0010348,O006428,P047,1,23.25,23.25
OI0010349,O006428,P020,3,30.3,90.9
OI0010350,O006429,P078,1,34.46,34.46
OI0010351,O006430,P053,2,40.97,81.94
OI0010352,O006430,P114,1,27.37,27.37
OI0010353,O006431,P041,1,25.86,25.86
OI0010354,O006432,P060,1,41.59,41.59
OI0010355,O006433,P033,2,87.02,174.04
OI0010356,O006433,P054,1,53.62,53.62
OI0010357,O006434,P054,1,53.62,53.62
OI0010358,O006434,P010,1,44.59,44.59
OI0010359,O006434,P102,1,56.61,56.61
OI0010360,O006435,P055,1,69.18,69.18
OI0010361,O006435,P101,1,43.91,43.91
OI0010362,O006435,P052,1,44.73,44.73
OI0010363,O006436,P013,1,12.37,12.37
OI0010364,O006436,P075,1,44.36,44.36
OI0010365,O006436,P068,1,29.23,29.23
OI0010366,O006436,P005,1,49.25,49.25
OI0010367,O006437,P115,1,42.04,42.04
OI0010368,O006437,P037,1,33.58,33.58
OI0010369,O006438,P017,1,18.94,18.94
OI0010370,O006439,P052,1,44.73,44.73
OI0010371,O006439,P002,1,30.14,30.14
OI0010372,O006440,P045,1,30.38,30.38
OI0010373,O006441,P116,1,38.35,38.35
OI0010374,O006442,P027,2,12.05,24.1
OI0010375,O006443,P059,1,68.57,68.57
OI0010376,O006444,P100,1,26.88,26.88
OI0010377,O006444,P011,1,39.95,39.95
OI0010378,O006445,P001,1,66.04,66.04
OI0010379,O006445,P071,1,141.44,141.44
OI0010380,O006446,P069,1,24.0,24.0
OI0010381,O006447,P065,2,41.82,83.64
OI0010382,O006447,P074,1,32.9,32.9
OI0010383,O006447,P045,1,30.38,30.38
OI0010384,O006448,P022,1,43.57,43.57
OI0010385,O006448,P037,1,33.58,33.58
OI0010386,O006448,P087,3,29.25,87.75
OI0010387,O006448,P048,1,37.04,37.04
OI0010388,O006449,P110,1,82.9,82.9
OI0010389,O006449,P097,1,20.46,20.46
OI0010390,O006449,P071,1,141.44,141.44
OI0010391,O006450,P098,2,57.37,114.74
OI0010392,O006451,P089,1,26.52,26.52
OI0010393,O006452,P101,2,43.91,87.82
OI0010394,O006453,P013,2,12.37,24.74
OI0010395,O006453,P118,1,22.9,22.9
OI0010396,O006454,P115,1,42.04,42.04
OI0010397,O006455,P009,1,37.92,37.92
OI0010398,O006455,P094,1,17.7,17.7
OI0010399,O006456,P042,3,41.11,123.33
OI0010400,O006457,P002,1,30.14,30.14
OI0010401,O006458,P029,3,25.98,77.94
OI0010402,O006458,P087,1,29.25,29.25
OI0010403,O006458,P033,1,87.02,87.02
OI0010404,O006459,P025,1,37.52,37.52
OI0010405,O006460,P016,1,59.7,59.7
OI0010406,O006460,P106,1,47.23,47.23
OI0010407,O006460,P113,2,35.73,71.46
OI0010408,O006461,P101,1,43.91,43.91
OI0010409,O006461,P090,1,55.52,55.52
OI0010410,O006462,P051,1,11.22,11.22
OI0010411,O006463,P011,1,39.95,39.95
OI0010412,O006463,P053,1,40.97,40.97
OI0010413,O006464,P030,1,57.05,57.05
OI0010414,O006465,P114,1,27.37,27.37
OI0010415,O006466,P110,1,82.9,82.9
OI0010416,O006467,P005,1,49.25,49.25
OI0010417,O006468,P008,1,46.52,46.52
OI0010418,O006469,P054,1,53.62,53.62
OI0010419,O006470,P119,1,34.08,34.08
OI0010420,O006470,P087,1,29.25,29.25
OI0010421,O006470,P101,3,43.91,131.73
OI0010422,O006471,P047,1,23.25,23.25
OI0010423,O006472,P004,1,66.5,66.5
OI0010424,O006473,P037,2,33.58,67.16
OI0010425,O006473,P051,1,11.22,11.22
OI0010426,O006474,P007,1,39.99,39.99
OI0010427,O006474,P109,1,81.27,81.27
OI0010428,O006475,P054,3,53.62,160.86
OI0010429,O006476,P037,1,33.58,33.58
OI0010430,O006477,P115,1,42.04,42.04
OI0010431,O006478,P078,1,34.46,34.46
OI0010432,O006478,P028,1,129.35,129.35
OI0010433,O006478,P087,1,29.25,29.25
OI0010434,O006478,P073,1,45.97,45.97
OI0010435,O006479,P051,2,11.22,22.44
OI0010436,O006480,P030,2,57.05,114.1
OI0010437,O006480,P046,1,38.99,38.99
OI0010438,O006480,P014,1,102.77,102.77
OI0010439,O006480,P116,3,38.35,115.05
OI0010440,O006481,P115,1,42.04,42.04
OI0010441,O006482,P093,1,45.3,45.3
OI0010442,O006482,P095,1,69.05,69.05
OI0010443,O006483,P011,1,39.95,39.95
OI0010444,O006483,P090,1,55.52,55.52
OI0010445,O006484,P055,1,69.18,69.18
OI0010446,O006485,P114,1,27.37,27.37
OI0010447,O006485,P017,1,18.94,18.94
OI0010448,O006486,P012,1,51.32,51.32
OI0010449,O006486,P109,1,81.27,81.27
OI0010450,O006487,P090,1,55.52,55.52
OI0010451,O006487,P023,1,54.75,54.75
OI0010452,O006488,P067,1,46.95,46.95
OI0010453,O006489,P001,1,66.04,66.04
OI0010454,O006490,P111,1,29.11,29.11
OI0010455,O006491,P034,1,35.52,35.52
OI0010456,O006491,P027,2,12.05,24.1
OI0010457,O006491,P006,1,132.21,132.21
OI0010458,O006491,P104,2,44.1,88.2
OI0010459,O006492,P095,3,69.05,207.15
OI0010460,O006492,P006,1,132.21,132.21
OI0010461,O006493,P028,1,129.35,129.35
OI0010462,O006494,P006,1,132.21,132.21
OI0010463,O006494,P045,1,30.38,30.38
OI0010464,O006494,P062,1,53.16,53.16
OI0010465,O006495,P041,1,25.86,25.86
OI0010466,O006496,P030,2,57.05,114.1
OI0010467,O006497,P083,1,30.7,30.7
OI0010468,O006498,P112,1,35.49,35.49
OI0010469,O006499,P004,3,66.5,199.5
OI0010470,O006499,P118,1,22.9,22.9
OI0010471,O006500,P075,1,44.36,44.36
OI0010472,O006500,P002,1,30.14,30.14
OI0010473,O006501,P025,1,37.52,37.52
OI0010474,O006502,P008,1,46.52,46.52
OI0010475,O006503,P086,1,80.82,80.82
OI0010476,O006504,P013,1,12.37,12.37
OI0010477,O006504,P084,1,30.69,30.69
OI0010478,O006505,P089,1,26.52,26.52
OI0010479,O006506,P037,1,33.58,33.58
OI0010480,O006507,P030,1,57.05,57.05
OI0010481,O006507,P045,1,30.38,30.38
OI0010482,O006507,P068,2,29.23,58.46
OI0010483,O006508,P101,3,43.91,131.73
OI0010484,O006509,P101,1,43.91,43.91
OI0010485,O006509,P083,2,30.7,61.4
OI0010486,O006510,P120,1,46.49,46.49
OI0010487,O006511,P101,2,43.91,87.82
OI0010488,O006511,P042,1,41.11,41.11
OI0010489,O006512,P017,2,18.94,37.88
OI0010490,O006513,P028,1,129.35,129.35
OI0010491,O006514,P007,1,39.99,39.99
OI0010492,O006514,P092,1,58.39,58.39
OI0010493,O006514,P025,1,37.52,37.52
OI0010494,O006515,P112,1,35.49,35.49
OI0010495,O006516,P019,3,13.12,39.36
OI0010496,O006517,P044,1,63.71,63.71
OI0010497,O006518,P049,1,42.57,42.57
OI0010498,O006518,P040,1,40.11,40.11
OI0010499,O006519,P075,1,44.36,44.36
OI0010500,O006520,P023,1,54.75,54.75
OI0010501,O006521,P071,1,141.44,141.44
OI0010502,O006522,P108,1,34.32,34.32
OI0010503,O006522,P040,3,40.11,120.33
OI0010504,O006522,P062,2,53.16,106.32
OI0010505,O006523,P056,1,18.69,18.69
OI0010506,O006523,P050,1,19.41,19.41
OI0010507,O006523,P017,3,18.94,56.82
OI0010508,O006524,P057,1,112.54,112.54
OI0010509,O006524,P088,1,28.36,28.36
OI0010510,O006524,P018,1,12.14,12.14
OI0010511,O006524,P103,1,65.04,65.04
OI0010512,O006525,P059,1,68.57,68.57
OI0010513,O006525,P087,1,29.25,29.25
OI0010514,O006526,P100,1,26.88,26.88
OI0010515,O006526,P074,1,32.9,32.9
OI0010516,O006526,P118,1,22.9,22.9
OI0010517,O006527,P047,1,23.25,23.25
OI0010518,O006527,P008,1,46.52,46.52
OI0010519,O006528,P040,3,40.11,120.33
OI0010520,O006529,P100,1,26.88,26.88
OI0010521,O006530,P084,2,30.69,61.38
OI0010522,O006530,P030,1,57.05,57.05
OI0010523,O006530,P074,1,32.9,32.9
OI0010524,O006530,P067,2,46.95,93.9
OI0010525,O006531,P051,1,11.22,11.22
OI0010526,O006532,P116,1,38.35,38.35
OI0010527,O006532,P109,1,81.27,81.27
OI0010528,O006533,P115,1,42.04,42.04
OI0010529,O006534,P047,1,23.25,23.25
OI0010530,O006535,P041,2,25.86,51.72
OI0010531,O006536,P085,1,11.15,11.15
OI0010532,O006536,P115,2,42.04,84.08
OI0010533,O006536,P077,1,144.76,144.76
OI0010534,O006537,P041,1,25.86,25.86
OI0010535,O006537,P097,1,20.46,20.46
OI0010536,O006537,P117,1,27.82,27.82
OI0010537,O006538,P069,1,24.0,24.0
OI0010538,O006538,P085,1,11.15,11.15
OI0010539,O006539,P065,1,41.82,41.82
OI0010540,O006539,P102,1,56.61,56.61
OI0010541,O006540,P021,1,51.23,51.23
OI0010542,O006541,P096,1,86.58,86.58
OI0010543,O006541,P022,1,43.57,43.57
OI0010544,O006541,P079,1,23.65,23.65
OI0010545,O006542,P072,1,14.56,14.56
OI0010546,O006542,P047,1,23.25,23.25
OI0010547,O006543,P053,1,40.97,40.97
OI0010548,O006543,P108,1,34.32,34.32
OI0010549,O006544,P084,1,30.69,30.69
OI0010550,O006544,P022,1,43.57,43.57
OI0010551,O006545,P049,1,42.57,42.57
OI0010552,O006545,P061,1,33.13,33.13
OI0010553,O006546,P113,1,35.73,35.73
OI0010554,O006547,P063,1,28.7,28.7
OI0010555,O006548,P097,1,20.46,20.46
OI0010556,O006548,P076,1,38.28,38.28
OI0010557,O006548,P013,1,12.37,12.37
OI0010558,O006548,P092,1,58.39,58.39
OI0010559,O006549,P066,2,34.67,69.34
OI0010560,O006549,P083,1,30.7,30.7
OI0010561,O006550,P120,1,46.49,46.49
OI0010562,O006550,P069,1,24.0,24.0
OI0010563,O006551,P001,1,66.04,66.04
OI0010564,O006552,P060,2,41.59,83.18
OI0010565,O006552,P114,1,27.37,27.37
OI0010566,O006552,P105,1,73.93,73.93
OI0010567,O006553,P045,1,30.38,30.38
OI0010568,O006554,P014,1,102.77,102.77
OI0010569,O006555,P011,1,39.95,39.95
OI0010570,O006556,P120,1,46.49,46.49
OI0010571,O006557,P068,1,29.23,29.23
OI0010572,O006558,P069,1,24.0,24.0
OI0010573,O006559,P096,1,86.58,86.58
OI0010574,O006560,P028,1,129.35,129.35
OI0010575,O006560,P032,1,17.4,17.4
OI0010576,O006560,P098,2,57.37,114.74
OI0010577,O006561,P119,1,34.08,34.08
OI0010578,O006561,P059,1,68.57,68.57
OI0010579,O006562,P039,1,31.96,31.96
OI0010580,O006563,P077,1,144.76,144.76
OI0010581,O006563,P108,1,34.32,34.32
OI0010582,O006564,P094,1,17.7,17.7
OI0010583,O006565,P065,1,41.82,41.82
OI0010584,O006566,P029,1,25.98,25.98
OI0010585,O006567,P106,1,47.23,47.23
OI0010586,O006567,P089,1,26.52,26.52
OI0010587,O006567,P055,1,69.18,69.18
OI0010588,O006567,P043,1,23.06,23.06
OI0010589,O006568,P077,1,144.76,144.76
OI0010590,O006568,P039,1,31.96,31.96
OI0010591,O006568,P072,1,14.56,14.56
OI0010592,O006569,P071,1,141.44,141.44
OI0010593,O006570,P097,1,20.46,20.46
OI0010594,O006571,P049,1,42.57,42.57
OI0010595,O006571,P116,1,38.35,38.35
OI0010596,O006571,P097,2,20.46,40.92
OI0010597,O006571,P011,1,39.95,39.95
OI0010598,O006572,P022,1,43.57,43.57
OI0010599,O006573,P004,1,66.5,66.5
OI0010600,O006574,P038,1,64.8,64.8
OI0010601,O006575,P044,2,63.71,127.42
OI0010602,O006576,P015,1,31.17,31.17
OI0010603,O006576,P001,1,66.04,66.04
OI0010604,O006576,P062,1,53.16,53.16
OI0010605,O006576,P058,1,47.56,47.56
OI0010606,O006577,P105,1,73.93,73.93
OI0010607,O006577,P052,1,44.73,44.73
OI0010608,O006578,P062,1,53.16,53.16
OI0010609,O006578,P074,3,32.9,98.7
OI0010610,O006578,P047,1,23.25,23.25
OI0010611,O006579,P022,1,43.57,43.57
OI0010612,O006579,P099,2,46.77,93.54
OI0010613,O006579,P053,1,40.97,40.97
OI0010614,O006580,P010,1,44.59,44.59
OI0010615,O006580,P019,1,13.12,13.12
OI0010616,O006581,P111,1,29.11,29.11
OI0010617,O006581,P013,1,12.37,12.37
OI0010618,O006582,P112,2,35.49,70.98
OI0010619,O006583,P065,1,41.82,41.82
OI0010620,O006584,P012,1,51.32,51.32
OI0010621,O006585,P002,1,30.14,30.14
OI0010622,O006586,P057,1,112.54,112.54
OI0010623,O006587,P077,1,144.76,144.76
OI0010624,O006588,P097,1,20.46,20.46
OI0010625,O006589,P085,1,11.15,11.15
OI0010626,O006589,P034,1,35.52,35.52
OI0010627,O006589,P089,1,26.52,26.52
OI0010628,O006589,P040,1,40.11,40.11
OI0010629,O006590,P079,1,23.65,23.65
OI0010630,O006590,P009,1,37.92,37.92
OI0010631,O006591,P075,1,44.36,44.36
OI0010632,O006592,P033,1,87.02,87.02
OI0010633,O006592,P046,1,38.99,38.99
OI0010634,O006593,P010,1,44.59,44.59
OI0010635,O006594,P107,2,52.87,105.74
OI0010636,O006595,P052,1,44.73,44.73
OI0010637,O006596,P044,1,63.71,63.71
OI0010638,O006597,P102,1,56.61,56.61
OI0010639,O006597,P027,1,12.05,12.05
OI0010640,O006598,P109,2,81.27,162.54
OI0010641,O006599,P097,2,20.46,40.92
OI0010642,O006600,P101,1,43.91,43.91
OI0010643,O006600,P014,1,102.77,102.77
OI0010644,O006600,P002,2,30.14,60.28
OI0010645,O006601,P057,1,112.54,112.54
OI0010646,O006602,P009,1,37.92,37.92
OI0010647,O006602,P023,1,54.75,54.75
OI0010648,O006602,P085,1,11.15,11.15
OI0010649,O006602,P055,1,69.18,69.18
OI0010650,O006603,P004,1,66.5,66.5
OI0010651,O006604,P067,1,46.95,46.95
OI0010652,O006604,P081,2,22.73,45.46
OI0010653,O006605,P054,1,53.62,53.62
OI0010654,O006606,P017,1,18.94,18.94
OI0010655,O006607,P005,1,49.25,49.25
OI0010656,O006608,P103,2,65.04,130.08
OI0010657,O006608,P018,1,12.14,12.14
OI0010658,O006608,P081,1,22.73,22.73
OI0010659,O006608,P040,1,40.11,40.11
OI0010660,O006609,P046,2,38.99,77.98
OI0010661,O006609,P085,1,11.15,11.15
OI0010662,O006609,P095,2,69.05,138.1
OI0010663,O006610,P038,2,64.8,129.6
OI0010664,O006611,P097,1,20.46,20.46
OI0010665,O006611,P034,2,35.52,71.04
OI0010666,O006612,P093,1,45.3,45.3
OI0010667,O006612,P094,1,17.7,17.7
OI0010668,O006612,P047,1,23.25,23.25
OI0010669,O006613,P023,1,54.75,54.75
OI0010670,O006613,P085,1,11.15,11.15
OI0010671,O006613,P082,1,34.81,34.81
OI0010672,O006613,P089,1,26.52,26.52
OI0010673,O006614,P073,1,45.97,45.97
OI0010674,O006615,P083,1,30.7,30.7
OI0010675,O006616,P097,1,20.46,20.46
OI0010676,O006617,P043,2,23.06,46.12
OI0010677,O006618,P050,1,19.41,19.41
OI0010678,O006619,P012,1,51.32,51.32
OI0010679,O006620,P114,1,27.37,27.37
OI0010680,O006621,P032,1,17.4,17.4
OI0010681,O006622,P102,2,56.61,113.22
OI0010682,O006623,P089,2,26.52,53.04
OI0010683,O006623,P113,3,35.73,107.19
OI0010684,O006624,P042,1,41.11,41.11
OI0010685,O006625,P094,1,17.7,17.7
OI0010686,O006625,P048,1,37.04,37.04
OI0010687,O006626,P097,2,20.46,40.92
OI0010688,O006627,P073,1,45.97,45.97
OI0010689,O006627,P026,2,27.66,55.32
OI0010690,O006628,P120,1,46.49,46.49
OI0010691,O006629,P044,1,63.71,63.71
OI0010692,O006630,P094,1,17.7,17.7
OI0010693,O006631,P007,1,39.99,39.99
OI0010694,O006632,P088,2,28.36,56.72
OI0010695,O006632,P052,1,44.73,44.73
OI0010696,O006632,P053,2,40.97,81.94
OI0010697,O006633,P078,1,34.46,34.46
OI0010698,O006634,P096,1,86.58,86.58
OI0010699,O006634,P051,1,11.22,11.22
OI0010700,O006635,P098,1,57.37,57.37
OI0010701,O006636,P017,2,18.94,37.88
OI0010702,O006637,P043,1,23.06,23.06
OI0010703,O006637,P081,1,22.73,22.73
OI0010704,O006638,P067,1,46.95,46.95
OI0010705,O006639,P051,1,11.22,11.22
OI0010706,O006640,P006,1,132.21,132.21
OI0010707,O006640,P093,1,45.3,45.3
OI0010708,O006641,P014,2,102.77,205.54
OI0010709,O006642,P061,1,33.13,33.13
OI0010710,O006643,P048,2,37.04,74.08
OI0010711,O006643,P043,1,23.06,23.06
OI0010712,O006643,P038,1,64.8,64.8
OI0010713,O006644,P061,1,33.13,33.13
OI0010714,O006644,P094,1,17.7,17.7
OI0010715,O006645,P016,2,59.7,119.4
OI0010716,O006646,P037,1,33.58,33.58
OI0010717,O006646,P023,2,54.75,109.5
OI0010718,O006647,P069,2,24.0,48.0
OI0010719,O006647,P073,1,45.97,45.97
OI0010720,O006648,P029,1,25.98,25.98
OI0010721,O006649,P022,1,43.57,43.57
OI0010722,O006650,P036,1,16.55,16.55
OI0010723,O006651,P095,3,69.05,207.15
OI0010724,O006652,P052,1,44.73,44.73
OI0010725,O006652,P060,1,41.59,41.59
OI0010726,O006653,P027,1,12.05,12.05
OI0010727,O006654,P039,1,31.96,31.96
OI0010728,O006655,P007,2,39.99,79.98
OI0010729,O006656,P092,1,58.39,58.39
OI0010730,O006657,P026,1,27.66,27.66
OI0010731,O006657,P088,3,28.36,85.08
OI0010732,O006658,P103,1,65.04,65.04
OI0010733,O006659,P069,1,24.0,24.0
OI0010734,O006659,P053,1,40.97,40.97
OI0010735,O006660,P033,1,87.02,87.02
OI0010736,O006661,P090,1,55.52,55.52
OI0010737,O006661,P107,1,52.87,52.87
OI0010738,O006662,P019,1,13.12,13.12
OI0010739,O006662,P055,2,69.18,138.36
OI0010740,O006662,P088,1,28.36,28.36
OI0010741,O006663,P081,1,22.73,22.73
OI0010742,O006664,P037,1,33.58,33.58
OI0010743,O006665,P080,1,64.69,64.69
OI0010744,O006666,P028,1,129.35,129.35
OI0010745,O006667,P049,1,42.57,42.57
OI0010746,O006668,P050,1,19.41,19.41
OI0010747,O006669,P019,1,13.12,13.12
OI0010748,O006670,P015,1,31.17,31.17
OI0010749,O006671,P098,1,57.37,57.37
OI0010750,O006671,P043,1,23.06,23.06
OI0010751,O006672,P093,1,45.3,45.3
OI0010752,O006672,P059,1,68.57,68.57
OI0010753,O006673,P005,1,49.25,49.25
OI0010754,O006673,P114,1,27.37,27.37
OI0010755,O006674,P050,1,19.41,19.41
OI0010756,O006675,P068,1,29.23,29.23
OI0010757,O006676,P088,1,28.36,28.36
OI0010758,O006676,P062,1,53.16,53.16
OI0010759,O006677,P116,1,38.35,38.35
OI0010760,O006678,P059,1,68.57,68.57
OI0010761,O006679,P120,1,46.49,46.49
OI0010762,O006680,P088,1,28.36,28.36
OI0010763,O006681,P045,1,30.38,30.38
OI0010764,O006682,P017,1,18.94,18.94
OI0010765,O006683,P011,2,39.95,79.9
OI0010766,O006684,P031,1,32.22,32.22
OI0010767,O006684,P036,1,16.55,16.55
OI0010768,O006685,P003,1,36.05,36.05
OI0010769,O006686,P021,1,51.23,51.23
OI0010770,O006687,P026,1,27.66,27.66
OI0010771,O006688,P054,1,53.62,53.62
OI0010772,O006689,P043,1,23.06,23.06
OI0010773,O006689,P101,2,43.91,87.82
OI0010774,O006690,P014,1,102.77,102.77
OI0010775,O006691,P084,1,30.69,30.69
OI0010776,O006691,P116,1,38.35,38.35
OI0010777,O006692,P119,1,34.08,34.08
OI0010778,O006693,P036,1,16.55,16.55
OI0010779,O006694,P084,1,30.69,30.69
OI0010780,O006695,P068,1,29.23,29.23
OI0010781,O006696,P101,1,43.91,43.91
OI0010782,O006697,P069,1,24.0,24.0
OI0010783,O006698,P039,2,31.96,63.92
OI0010784,O006699,P033,1,87.02,87.02
OI0010785,O006700,P045,1,30.38,30.38
OI0010786,O006701,P092,1,58.39,58.39
OI0010787,O006702,P069,2,24.0,48.0
OI0010788,O006703,P029,1,25.98,25.98
OI0010789,O006703,P101,1,43.91,43.91
OI0010790,O006703,P040,1,40.11,40.11
OI0010791,O006704,P078,1,34.46,34.46
OI0010792,O006704,P036,1,16.55,16.55
OI0010793,O006704,P046,1,38.99,38.99
OI0010794,O006705,P104,1,44.1,44.1
OI0010795,O006705,P089,1,26.52,26.52
OI0010796,O006706,P116,2,38.35,76.7
OI0010797,O006706,P077,1,144.76,144.76
OI0010798,O006707,P021,1,51.23,51.23
OI0010799,O006708,P008,1,46.52,46.52
OI0010800,O006709,P059,1,68.57,68.57
OI0010801,O006709,P051,1,11.22,11.22
OI0010802,O006709,P028,2,129.35,258.7
OI0010803,O006710,P040,1,40.11,40.11
OI0010804,O006711,P025,2,37.52,75.04
OI0010805,O006712,P108,1,34.32,34.32
OI0010806,O006713,P058,1,47.56,47.56
OI0010807,O006713,P033,1,87.02,87.02
OI0010808,O006714,P028,2,129.35,258.7
OI0010809,O006715,P067,1,46.95,46.95
OI0010810,O006716,P071,1,141.44,141.44
OI0010811,O006716,P085,1,11.15,11.15
OI0010812,O006716,P028,2,129.35,258.7
OI0010813,O006716,P102,1,56.61,56.61
OI0010814,O006717,P060,1,41.59,41.59
OI0010815,O006717,P021,1,51.23,51.23
OI0010816,O006718,P023,1,54.75,54.75
OI0010817,O006719,P090,1,55.52,55.52
OI0010818,O006720,P018,1,12.14,12.14
OI0010819,O006720,P013,1,12.37,12.37
OI0010820,O006720,P008,1,46.52,46.52
OI0010821,O006721,P088,1,28.36,28.36
OI0010822,O006722,P058,1,47.56,47.56
OI0010823,O006722,P093,2,45.3,90.6
OI0010824,O006723,P098,2,57.37,114.74
OI0010825,O006724,P018,2,12.14,24.28
OI0010826,O006724,P104,1,44.1,44.1
OI0010827,O006725,P112,1,35.49,35.49
OI0010828,O006726,P108,1,34.32,34.32
OI0010829,O006727,P058,2,47.56,95.12
OI0010830,O006728,P027,1,12.05,12.05
OI0010831,O006728,P084,1,30.69,30.69
OI0010832,O006729,P089,1,26.52,26.52
OI0010833,O006729,P116,1,38.35,38.35
OI0010834,O006729,P067,2,46.95,93.9
OI0010835,O006729,P082,1,34.81,34.81
OI0010836,O006730,P114,1,27.37,27.37
OI0010837,O006731,P003,1,36.05,36.05
OI0010838,O006731,P022,1,43.57,43.57
OI0010839,O006731,P027,1,12.05,12.05
OI0010840,O006732,P013,1,12.37,12.37
OI0010841,O006732,P031,1,32.22,32.22
OI0010842,O006733,P095,1,69.05,69.05
OI0010843,O006734,P038,1,64.8,64.8
OI0010844,O006734,P028,1,129.35,129.35
OI0010845,O006734,P021,1,51.23,51.23
OI0010846,O006735,P066,1,34.67,34.67
OI0010847,O006736,P016,1,59.7,59.7
OI0010848,O006736,P054,1,53.62,53.62
OI0010849,O006737,P106,1,47.23,47.23
OI0010850,O006737,P071,1,141.44,141.44
OI0010851,O006738,P111,1,29.11,29.11
OI0010852,O006739,P070,1,47.52,47.52
OI0010853,O006740,P091,1,37.89,37.89
OI0010854,O006741,P104,2,44.1,88.2
OI0010855,O006742,P086,1,80.82,80.82
OI0010856,O006742,P099,1,46.77,46.77
OI0010857,O006742,P017,1,18.94,18.94
OI0010858,O006742,P006,2,132.21,264.42
OI0010859,O006743,P002,1,30.14,30.14
OI0010860,O006744,P007,1,39.99,39.99
OI0010861,O006745,P010,1,44.59,44.59
OI0010862,O006745,P054,1,53.62,53.62
OI0010863,O006746,P001,1,66.04,66.04
OI0010864,O006746,P114,1,27.37,27.37
OI0010865,O006747,P037,1,33.58,33.58
OI0010866,O006747,P066,2,34.67,69.34
OI0010867,O006748,P114,1,27.37,27.37
OI0010868,O006749,P004,1,66.5,66.5
OI0010869,O006750,P010,3,44.59,133.77
OI0010870,O006750,P036,1,16.55,16.55
OI0010871,O006751,P091,1,37.89,37.89
OI0010872,O006752,P064,1,16.79,16.79
OI0010873,O006753,P108,1,34.32,34.32
OI0010874,O006753,P045,1,30.38,30.38
OI0010875,O006753,P022,1,43.57,43.57
OI0010876,O006754,P096,1,86.58,86.58
OI0010877,O006755,P080,2,64.69,129.38
OI0010878,O006756,P008,1,46.52,46.52
OI0010879,O006756,P103,1,65.04,65.04
OI0010880,O006757,P001,1,66.04,66.04
OI0010881,O006758,P004,1,66.5,66.5
OI0010882,O006759,P008,2,46.52,93.04
OI0010883,O006759,P056,1,18.69,18.69
OI0010884,O006759,P118,1,22.9,22.9
OI0010885,O006759,P073,2,45.97,91.94
OI0010886,O006760,P067,1,46.95,46.95
OI0010887,O006761,P008,1,46.52,46.52
OI0010888,O006762,P056,1,18.69,18.69
OI0010889,O006763,P025,1,37.52,37.52
OI0010890,O006763,P037,1,33.58,33.58
OI0010891,O006763,P036,1,16.55,16.55
OI0010892,O006764,P026,1,27.66,27.66
OI0010893,O006764,P044,1,63.71,63.71
OI0010894,O006765,P052,1,44.73,44.73
OI0010895,O006765,P024,1,84.49,84.49
OI0010896,O006766,P024,1,84.49,84.49
OI0010897,O006767,P066,1,34.67,34.67
OI0010898,O006767,P045,1,30.38,30.38
OI0010899,O006768,P100,1,26.88,26.88
OI0010900,O006769,P003,1,36.05,36.05
OI0010901,O006770,P070,2,47.52,95.04
OI0010902,O006771,P027,1,12.05,12.05
OI0010903,O006771,P078,1,34.46,34.46
OI0010904,O006772,P058,1,47.56,47.56
OI0010905,O006772,P113,2,35.73,71.46
OI0010906,O006773,P102,1,56.61,56.61
OI0010907,O006774,P065,1,41.82,41.82
OI0010908,O006774,P082,1,34.81,34.81
OI0010909,O006775,P028,2,129.35,258.7
OI0010910,O006775,P071,1,141.44,141.44
OI0010911,O006776,P050,1,19.41,19.41
OI0010912,O006777,P010,1,44.59,44.59
OI0010913,O006778,P038,1,64.8,64.8
OI0010914,O006779,P079,3,23.65,70.95
OI0010915,O006779,P110,1,82.9,82.9
OI0010916,O006779,P062,1,53.16,53.16
OI0010917,O006780,P018,1,12.14,12.14
OI0010918,O006781,P070,1,47.52,47.52
OI0010919,O006782,P118,2,22.9,45.8
OI0010920,O006782,P074,2,32.9,65.8
OI0010921,O006783,P034,1,35.52,35.52
OI0010922,O006784,P026,1,27.66,27.66
OI0010923,O006784,P002,3,30.14,90.42
OI0010924,O006785,P026,1,27.66,27.66
OI0010925,O006785,P082,1,34.81,34.81
OI0010926,O006786,P071,1,141.44,141.44
OI0010927,O006787,P045,1,30.38,30.38
OI0010928,O006787,P025,1,37.52,37.52
OI0010929,O006787,P094,2,17.7,35.4
OI0010930,O006787,P117,1,27.82,27.82
OI0010931,O006788,P094,1,17.7,17.7
OI0010932,O006788,P093,1,45.3,45.3
OI0010933,O006789,P097,1,20.46,20.46
OI0010934,O006790,P109,1,81.27,81.27
OI0010935,O006791,P025,1,37.52,37.52
OI0010936,O006791,P019,1,13.12,13.12
OI0010937,O006792,P119,1,34.08,34.08
OI0010938,O006793,P074,1,32.9,32.9
OI0010939,O006794,P108,1,34.32,34.32
OI0010940,O006794,P101,1,43.91,43.91
OI0010941,O006795,P058,2,47.56,95.12
OI0010942,O006795,P009,2,37.92,75.84
OI0010943,O006796,P103,1,65.04,65.04
OI0010944,O006797,P017,1,18.94,18.94
OI0010945,O006798,P067,1,46.95,46.95
OI0010946,O006799,P080,1,64.69,64.69
OI0010947,O006799,P027,2,12.05,24.1
OI0010948,O006799,P120,1,46.49,46.49
OI0010949,O006800,P054,1,53.62,53.62
OI0010950,O006801,P027,1,12.05,12.05
OI0010951,O006801,P044,1,63.71,63.71
OI0010952,O006801,P029,1,25.98,25.98
OI0010953,O006802,P008,1,46.52,46.52
OI0010954,O006803,P025,2,37.52,75.04
OI0010955,O006803,P069,1,24.0,24.0
OI0010956,O006804,P032,2,17.4,34.8
OI0010957,O006804,P111,1,29.11,29.11
OI0010958,O006804,P038,2,64.8,129.6
OI0010959,O006805,P004,2,66.5,133.0
OI0010960,O006805,P099,1,46.77,46.77
OI0010961,O006805,P054,1,53.62,53.62
OI0010962,O006805,P009,1,37.92,37.92
OI0010963,O006806,P090,1,55.52,55.52
OI0010964,O006806,P004,1,66.5,66.5
OI0010965,O006807,P028,1,129.35,129.35
OI0010966,O006808,P029,1,25.98,25.98
OI0010967,O006809,P055,1,69.18,69.18
OI0010968,O006810,P013,1,12.37,12.37
OI0010969,O006811,P112,1,35.49,35.49
OI0010970,O006812,P032,1,17.4,17.4
OI0010971,O006813,P072,1,14.56,14.56
OI0010972,O006814,P108,1,34.32,34.32
OI0010973,O006815,P106,1,47.23,47.23
OI0010974,O006816,P098,1,57.37,57.37
OI0010975,O006816,P027,1,12.05,12.05
OI0010976,O006817,P107,1,52.87,52.87
OI0010977,O006817,P092,3,58.39,175.17
OI0010978,O006817,P071,1,141.44,141.44
OI0010979,O006818,P093,1,45.3,45.3
OI0010980,O006818,P085,1,11.15,11.15
OI0010981,O006818,P039,1,31.96,31.96
OI0010982,O006819,P079,1,23.65,23.65
OI0010983,O006820,P027,1,12.05,12.05
OI0010984,O006820,P028,3,129.35,388.05
OI0010985,O006821,P113,1,35.73,35.73
OI0010986,O006821,P073,1,45.97,45.97
OI0010987,O006822,P005,2,49.25,98.5
OI0010988,O006823,P101,1,43.91,43.91
OI0010989,O006823,P034,1,35.52,35.52
OI0010990,O006823,P098,2,57.37,114.74
OI0010991,O006824,P104,1,44.1,44.1
OI0010992,O006825,P039,1,31.96,31.96
OI0010993,O006825,P033,1,87.02,87.02
OI0010994,O006826,P003,1,36.05,36.05
OI0010995,O006827,P105,1,73.93,73.93
OI0010996,O006828,P112,1,35.49,35.49
OI0010997,O006829,P112,1,35.49,35.49
OI0010998,O006830,P018,1,12.14,12.14
OI0010999,O006831,P069,1,24.0,24.0
OI0011000,O006831,P016,1,59.7,59.7
OI0011001,O006832,P093,1,45.3,45.3
OI0011002,O006833,P049,1,42.57,42.57
OI0011003,O006834,P057,1,112.54,112.54
OI0011004,O006835,P055,1,69.18,69.18
OI0011005,O006836,P081,2,22.73,45.46
OI0011006,O006836,P083,2,30.7,61.4
OI0011007,O006837,P036,1,16.55,16.55
OI0011008,O006837,P032,2,17.4,34.8
OI0011009,O006838,P006,2,132.21,264.42
OI0011010,O006838,P069,1,24.0,24.0
OI0011011,O006839,P005,2,49.25,98.5
OI0011012,O006840,P015,1,31.17,31.17
OI0011013,O006840,P060,1,41.59,41.59
OI0011014,O006841,P103,1,65.04,65.04
OI0011015,O006841,P092,1,58.39,58.39
OI0011016,O006842,P102,2,56.61,113.22
OI0011017,O006842,P062,1,53.16,53.16
OI0011018,O006842,P017,1,18.94,18.94
OI0011019,O006843,P014,1,102.77,102.77
OI0011020,O006844,P116,2,38.35,76.7
OI0011021,O006844,P118,1,22.9,22.9
OI0011022,O006845,P086,1,80.82,80.82
OI0011023,O006845,P088,2,28.36,56.72
OI0011024,O006845,P103,2,65.04,130.08
OI0011025,O006845,P039,1,31.96,31.96
OI0011026,O006846,P060,3,41.59,124.77
OI0011027,O006847,P047,1,23.25,23.25
OI0011028,O006848,P049,1,42.57,42.57
OI0011029,O006849,P059,1,68.57,68.57
OI0011030,O006850,P029,1,25.98,25.98
OI0011031,O006850,P056,1,18.69,18.69
OI0011032,O006850,P014,1,102.77,102.77
OI0011033,O006851,P110,3,82.9,248.7
OI0011034,O006852,P104,1,44.1,44.1
OI0011035,O006852,P101,1,43.91,43.91
OI0011036,O006852,P070,1,47.52,47.52
OI0011037,O006852,P044,1,63.71,63.71
OI0011038,O006853,P003,2,36.05,72.1
OI0011039,O006854,P035,1,23.65,23.65
OI0011040,O006855,P040,1,40.11,40.11
OI0011041,O006855,P112,1,35.49,35.49
OI0011042,O006855,P119,2,34.08,68.16
OI0011043,O006855,P111,1,29.11,29.11
OI0011044,O006856,P084,2,30.69,61.38
OI0011045,O006856,P096,1,86.58,86.58
OI0011046,O006856,P076,1,38.28,38.28
OI0011047,O006856,P119,1,34.08,34.08
OI0011048,O006857,P073,1,45.97,45.97
OI0011049,O006857,P038,1,64.8,64.8
OI0011050,O006858,P003,2,36.05,72.1
OI0011051,O006859,P033,2,87.02,174.04
OI0011052,O006860,P013,1,12.37,12.37
OI0011053,O006861,P111,1,29.11,29.11
OI0011054,O006861,P070,1,47.52,47.52
OI0011055,O006862,P089,1,26.52,26.52
OI0011056,O006863,P095,1,69.05,69.05
OI0011057,O006864,P078,1,34.46,34.46
OI0011058,O006864,P077,1,144.76,144.76
OI0011059,O006865,P094,2,17.7,35.4
OI0011060,O006866,P039,1,31.96,31.96
OI0011061,O006867,P119,1,34.08,34.08
OI0011062,O006867,P106,1,47.23,47.23
OI0011063,O006867,P080,1,64.69,64.69
OI0011064,O006867,P010,1,44.59,44.59
OI0011065,O006868,P002,1,30.14,30.14
OI0011066,O006869,P030,1,57.05,57.05
OI0011067,O006870,P108,1,34.32,34.32
OI0011068,O006870,P065,1,41.82,41.82
OI0011069,O006870,P002,1,30.14,30.14
OI0011070,O006870,P051,1,11.22,11.22
OI0011071,O006871,P035,1,23.65,23.65
OI0011072,O006871,P025,1,37.52,37.52
OI0011073,O006872,P075,1,44.36,44.36
OI0011074,O006872,P114,1,27.37,27.37
OI0011075,O006873,P016,1,59.7,59.7
OI0011076,O006874,P075,1,44.36,44.36
OI0011077,O006875,P087,1,29.25,29.25
OI0011078,O006875,P107,1,52.87,52.87
OI0011079,O006876,P096,1,86.58,86.58
OI0011080,O006877,P038,1,64.8,64.8
OI0011081,O006878,P074,1,32.9,32.9
OI0011082,O006878,P105,1,73.93,73.93
OI0011083,O006879,P035,1,23.65,23.65
OI0011084,O006880,P068,1,29.23,29.23
OI0011085,O006881,P052,1,44.73,44.73
OI0011086,O006882,P097,2,20.46,40.92
OI0011087,O006883,P048,2,37.04,74.08
OI0011088,O006883,P031,1,32.22,32.22
OI0011089,O006884,P001,1,66.04,66.04
OI0011090,O006885,P011,1,39.95,39.95
OI0011091,O006886,P059,1,68.57,68.57
OI0011092,O006887,P098,2,57.37,114.74
OI0011093,O006887,P053,1,40.97,40.97
OI0011094,O006888,P002,1,30.14,30.14
OI0011095,O006888,P047,1,23.25,23.25
OI0011096,O006888,P088,1,28.36,28.36
OI0011097,O006889,P005,1,49.25,49.25
OI0011098,O006890,P042,1,41.11,41.11
OI0011099,O006890,P093,2,45.3,90.6
OI0011100,O006891,P075,1,44.36,44.36
OI0011101,O006892,P009,1,37.92,37.92
OI0011102,O006892,P078,2,34.46,68.92
OI0011103,O006893,P097,1,20.46,20.46
OI0011104,O006894,P037,1,33.58,33.58
OI0011105,O006895,P098,1,57.37,57.37
OI0011106,O006895,P037,1,33.58,33.58
OI0011107,O006895,P100,1,26.88,26.88
OI0011108,O006896,P115,1,42.04,42.04
OI0011109,O006897,P107,1,52.87,52.87
OI0011110,O006898,P107,1,52.87,52.87
OI0011111,O006899,P045,1,30.38,30.38
OI0011112,O006900,P008,1,46.52,46.52
OI0011113,O006900,P056,2,18.69,37.38
OI0011114,O006901,P019,1,13.12,13.12
OI0011115,O006901,P018,1,12.14,12.14
OI0011116,O006901,P109,1,81.27,81.27
OI0011117,O006901,P036,1,16.55,16.55
OI0011118,O006902,P075,1,44.36,44.36
OI0011119,O006903,P115,1,42.04,42.04
OI0011120,O006903,P120,1,46.49,46.49
OI0011121,O006903,P080,1,64.69,64.69
OI0011122,O006904,P108,1,34.32,34.32
OI0011123,O006904,P092,1,58.39,58.39
OI0011124,O006905,P006,1,132.21,132.21
OI0011125,O006905,P115,1,42.04,42.04
OI0011126,O006906,P054,2,53.62,107.24
OI0011127,O006906,P024,1,84.49,84.49
OI0011128,O006906,P114,1,27.37,27.37
OI0011129,O006906,P106,1,47.23,47.23
OI0011130,O006907,P084,1,30.69,30.69
OI0011131,O006907,P082,1,34.81,34.81
OI0011132,O006908,P041,1,25.86,25.86
OI0011133,O006908,P093,1,45.3,45.3
OI0011134,O006908,P013,1,12.37,12.37
OI0011135,O006908,P017,1,18.94,18.94
OI0011136,O006909,P074,1,32.9,32.9
OI0011137,O006910,P013,1,12.37,12.37
OI0011138,O006911,P085,1,11.15,11.15
OI0011139,O006912,P092,1,58.39,58.39
OI0011140,O006913,P002,1,30.14,30.14
OI0011141,O006913,P073,1,45.97,45.97
OI0011142,O006914,P120,1,46.49,46.49
OI0011143,O006915,P008,1,46.52,46.52
OI0011144,O006915,P042,1,41.11,41.11
OI0011145,O006916,P114,2,27.37,54.74
OI0011146,O006917,P062,1,53.16,53.16
OI0011147,O006917,P036,1,16.55,16.55
OI0011148,O006917,P110,2,82.9,165.8
OI0011149,O006917,P114,1,27.37,27.37
OI0011150,O006918,P017,1,18.94,18.94
OI0011151,O006918,P031,3,32.22,96.66
OI0011152,O006919,P074,1,32.9,32.9
OI0011153,O006920,P037,1,33.58,33.58
OI0011154,O006920,P099,1,46.77,46.77
OI0011155,O006920,P053,1,40.97,40.97
OI0011156,O006921,P061,1,33.13,33.13
OI0011157,O006922,P111,2,29.11,58.22
OI0011158,O006923,P088,1,28.36,28.36
OI0011159,O006924,P104,2,44.1,88.2
OI0011160,O006924,P018,1,12.14,12.14
OI0011161,O006925,P098,2,57.37,114.74
OI0011162,O006925,P012,1,51.32,51.32
OI0011163,O006925,P089,1,26.52,26.52
OI0011164,O006925,P119,1,34.08,34.08
OI0011165,O006926,P050,3,19.41,58.23
OI0011166,O006927,P074,1,32.9,32.9
OI0011167,O006927,P077,1,144.76,144.76
OI0011168,O006928,P041,2,25.86,51.72
OI0011169,O006928,P075,1,44.36,44.36
OI0011170,O006928,P066,2,34.67,69.34
OI0011171,O006928,P004,1,66.5,66.5
OI0011172,O006929,P056,1,18.69,18.69
OI0011173,O006930,P095,1,69.05,69.05
OI0011174,O006931,P061,1,33.13,33.13
OI0011175,O006932,P008,1,46.52,46.52
OI0011176,O006933,P036,1,16.55,16.55
OI0011177,O006934,P105,1,73.93,73.93
OI0011178,O006934,P057,1,112.54,112.54
OI0011179,O006935,P096,2,86.58,173.16
OI0011180,O006936,P052,1,44.73,44.73
OI0011181,O006936,P082,1,34.81,34.81
OI0011182,O006937,P119,1,34.08,34.08
OI0011183,O006937,P022,1,43.57,43.57
OI0011184,O006938,P006,1,132.21,132.21
OI0011185,O006939,P015,1,31.17,31.17
OI0011186,O006939,P066,1,34.67,34.67
OI0011187,O006940,P011,1,39.95,39.95
OI0011188,O006941,P049,1,42.57,42.57
OI0011189,O006941,P080,1,64.69,64.69
OI0011190,O006942,P090,1,55.52,55.52
OI0011191,O006942,P064,1,16.79,16.79
OI0011192,O006943,P074,2,32.9,65.8
OI0011193,O006943,P097,1,20.46,20.46
OI0011194,O006944,P089,1,26.52,26.52
OI0011195,O006944,P027,2,12.05,24.1
OI0011196,O006944,P098,1,57.37,57.37
OI0011197,O006944,P035,1,23.65,23.65
OI0011198,O006945,P002,1,30.14,30.14
OI0011199,O006946,P102,1,56.61,56.61
OI0011200,O006946,P020,1,30.3,30.3
OI0011201,O006947,P017,1,18.94,18.94
OI0011202,O006948,P067,1,46.95,46.95
OI0011203,O006948,P022,1,43.57,43.57
OI0011204,O006948,P009,2,37.92,75.84
OI0011205,O006949,P001,1,66.04,66.04
OI0011206,O006950,P111,2,29.11,58.22
OI0011207,O006951,P090,3,55.52,166.56
OI0011208,O006951,P013,1,12.37,12.37
OI0011209,O006952,P064,1,16.79,16.79
OI0011210,O006953,P051,1,11.22,11.22
OI0011211,O006953,P059,1,68.57,68.57
OI0011212,O006954,P072,1,14.56,14.56
OI0011213,O006954,P047,1,23.25,23.25
OI0011214,O006954,P116,1,38.35,38.35
OI0011215,O006955,P013,1,12.37,12.37
OI0011216,O006955,P048,3,37.04,111.12
OI0011217,O006955,P019,1,13.12,13.12
OI0011218,O006956,P046,1,38.99,38.99
OI0011219,O006957,P110,2,82.9,165.8
OI0011220,O006957,P001,1,66.04,66.04
OI0011221,O006958,P048,1,37.04,37.04
OI0011222,O006959,P099,3,46.77,140.31
OI0011223,O006960,P096,1,86.58,86.58
OI0011224,O006960,P022,1,43.57,43.57
OI0011225,O006961,P019,1,13.12,13.12
OI0011226,O006962,P099,1,46.77,46.77
OI0011227,O006962,P053,1,40.97,40.97
OI0011228,O006963,P072,1,14.56,14.56
OI0011229,O006963,P023,1,54.75,54.75
OI0011230,O006964,P095,1,69.05,69.05
OI0011231,O006965,P029,1,25.98,25.98
OI0011232,O006966,P091,3,37.89,113.67
OI0011233,O006967,P093,1,45.3,45.3
OI0011234,O006967,P097,1,20.46,20.46
OI0011235,O006967,P033,1,87.02,87.02
OI0011236,O006968,P089,1,26.52,26.52
OI0011237,O006968,P017,1,18.94,18.94
OI0011238,O006968,P067,2,46.95,93.9
OI0011239,O006969,P102,1,56.61,56.61
OI0011240,O006970,P007,1,39.99,39.99
OI0011241,O006971,P014,1,102.77,102.77
OI0011242,O006971,P072,2,14.56,29.12
OI0011243,O006972,P096,3,86.58,259.74
OI0011244,O006973,P078,2,34.46,68.92
OI0011245,O006974,P089,1,26.52,26.52
OI0011246,O006975,P114,1,27.37,27.37
OI0011247,O006976,P062,1,53.16,53.16
OI0011248,O006976,P055,1,69.18,69.18
OI0011249,O006977,P047,1,23.25,23.25
OI0011250,O006977,P042,2,41.11,82.22
OI0011251,O006978,P073,1,45.97,45.97
OI0011252,O006979,P056,1,18.69,18.69
OI0011253,O006980,P019,1,13.12,13.12
OI0011254,O006980,P021,1,51.23,51.23
OI0011255,O006980,P076,1,38.28,38.28
OI0011256,O006981,P070,1,47.52,47.52
OI0011257,O006981,P107,2,52.87,105.74
OI0011258,O006981,P006,1,132.21,132.21
OI0011259,O006982,P046,2,38.99,77.98
OI0011260,O006983,P027,1,12.05,12.05
OI0011261,O006983,P088,1,28.36,28.36
OI0011262,O006984,P092,1,58.39,58.39
OI0011263,O006984,P048,1,37.04,37.04
OI0011264,O006984,P071,1,141.44,141.44
OI0011265,O006985,P014,2,102.77,205.54
OI0011266,O006986,P048,1,37.04,37.04
OI0011267,O006986,P037,2,33.58,67.16
OI0011268,O006987,P026,1,27.66,27.66
OI0011269,O006988,P048,1,37.04,37.04
OI0011270,O006988,P091,1,37.89,37.89
OI0011271,O006989,P015,1,31.17,31.17
OI0011272,O006990,P071,1,141.44,141.44
OI0011273,O006990,P014,1,102.77,102.77
OI0011274,O006991,P117,2,27.82,55.64
OI0011275,O006992,P007,1,39.99,39.99
OI0011276,O006992,P037,1,33.58,33.58
OI0011277,O006993,P117,1,27.82,27.82
OI0011278,O006994,P034,1,35.52,35.52
OI0011279,O006994,P017,1,18.94,18.94
OI0011280,O006995,P105,2,73.93,147.86
OI0011281,O006996,P038,1,64.8,64.8
OI0011282,O006997,P039,1,31.96,31.96
OI0011283,O006998,P096,1,86.58,86.58
OI0011284,O006998,P076,1,38.28,38.28
OI0011285,O006998,P020,1,30.3,30.3
OI0011286,O006998,P098,1,57.37,57.37
OI0011287,O006999,P092,1,58.39,58.39
OI0011288,O007000,P055,1,69.18,69.18
OI0011289,O007000,P078,1,34.46,34.46
OI0011290,O007001,P019,1,13.12,13.12
OI0011291,O007002,P005,1,49.25,49.25
OI0011292,O007002,P030,1,57.05,57.05
OI0011293,O007003,P065,1,41.82,41.82
OI0011294,O007003,P048,1,37.04,37.04
OI0011295,O007004,P004,1,66.5,66.5
OI0011296,O007005,P099,1,46.77,46.77
OI0011297,O007006,P116,1,38.35,38.35
OI0011298,O007007,P118,1,22.9,22.9
OI0011299,O007008,P085,1,11.15,11.15
OI0011300,O007009,P118,1,22.9,22.9
OI0011301,O007010,P052,1,44.73,44.73
OI0011302,O007010,P026,1,27.66,27.66
OI0011303,O007011,P101,1,43.91,43.91
OI0011304,O007012,P114,1,27.37,27.37
OI0011305,O007013,P079,1,23.65,23.65
OI0011306,O007014,P046,1,38.99,38.99
OI0011307,O007014,P066,1,34.67,34.67
OI0011308,O007015,P057,1,112.54,112.54
OI0011309,O007016,P004,1,66.5,66.5
OI0011310,O007017,P059,1,68.57,68.57
OI0011311,O007017,P037,1,33.58,33.58
OI0011312,O007018,P002,1,30.14,30.14
OI0011313,O007018,P006,1,132.21,132.21
OI0011314,O007019,P012,1,51.32,51.32
OI0011315,O007019,P104,1,44.1,44.1
OI0011316,O007020,P024,1,84.49,84.49
OI0011317,O007021,P050,1,19.41,19.41
OI0011318,O007022,P116,1,38.35,38.35
OI0011319,O007023,P018,3,12.14,36.42
OI0011320,O007024,P010,1,44.59,44.59
OI0011321,O007025,P081,1,22.73,22.73
OI0011322,O007025,P090,2,55.52,111.04
OI0011323,O007026,P072,1,14.56,14.56
OI0011324,O007026,P017,1,18.94,18.94
OI0011325,O007026,P036,1,16.55,16.55
OI0011326,O007027,P087,2,29.25,58.5
OI0011327,O007028,P078,2,34.46,68.92
OI0011328,O007029,P045,1,30.38,30.38
OI0011329,O007029,P038,2,64.8,129.6
OI0011330,O007030,P020,1,30.3,30.3
OI0011331,O007030,P010,1,44.59,44.59
OI0011332,O007031,P062,1,53.16,53.16
OI0011333,O007031,P102,1,56.61,56.61
OI0011334,O007032,P041,3,25.86,77.58
OI0011335,O007032,P039,1,31.96,31.96
OI0011336,O007032,P005,1,49.25,49.25
OI0011337,O007033,P120,1,46.49,46.49
OI0011338,O007034,P030,1,57.05,57.05
OI0011339,O007035,P110,1,82.9,82.9
OI0011340,O007036,P045,1,30.38,30.38
OI0011341,O007037,P078,1,34.46,34.46
OI0011342,O007037,P004,1,66.5,66.5
OI0011343,O007037,P113,1,35.73,35.73
OI0011344,O007038,P058,1,47.56,47.56
OI0011345,O007038,P112,1,35.49,35.49
OI0011346,O007039,P024,1,84.49,84.49
OI0011347,O007040,P086,2,80.82,161.64
OI0011348,O007041,P055,2,69.18,138.36
OI0011349,O007042,P063,1,28.7,28.7
OI0011350,O007042,P080,1,64.69,64.69
OI0011351,O007043,P113,3,35.73,107.19
OI0011352,O007044,P025,1,37.52,37.52
OI0011353,O007044,P017,1,18.94,18.94
OI0011354,O007045,P118,1,22.9,22.9
OI0011355,O007045,P081,1,22.73,22.73
OI0011356,O007045,P106,2,47.23,94.46
OI0011357,O007046,P119,1,34.08,34.08
OI0011358,O007046,P073,1,45.97,45.97
OI0011359,O007046,P054,2,53.62,107.24
OI0011360,O007046,P048,1,37.04,37.04
OI0011361,O007047,P080,1,64.69,64.69
OI0011362,O007048,P029,1,25.98,25.98
OI0011363,O007049,P074,1,32.9,32.9
OI0011364,O007050,P065,3,41.82,125.46
OI0011365,O007050,P076,1,38.28,38.28
OI0011366,O007051,P095,2,69.05,138.1
OI0011367,O007052,P117,1,27.82,27.82
OI0011368,O007053,P006,1,132.21,132.21
OI0011369,O007054,P088,1,28.36,28.36
OI0011370,O007055,P034,1,35.52,35.52
OI0011371,O007056,P096,1,86.58,86.58
OI0011372,O007056,P076,1,38.28,38.28
OI0011373,O007057,P094,1,17.7,17.7
OI0011374,O007058,P002,1,30.14,30.14
OI0011375,O007059,P075,1,44.36,44.36
OI0011376,O007060,P065,2,41.82,83.64
OI0011377,O007061,P014,1,102.77,102.77
OI0011378,O007062,P119,1,34.08,34.08
OI0011379,O007063,P095,1,69.05,69.05
OI0011380,O007064,P054,1,53.62,53.62
OI0011381,O007065,P098,1,57.37,57.37
OI0011382,O007065,P082,1,34.81,34.81
OI0011383,O007065,P006,1,132.21,132.21
OI0011384,O007066,P037,2,33.58,67.16
OI0011385,O007067,P099,1,46.77,46.77
OI0011386,O007067,P071,1,141.44,141.44
OI0011387,O007067,P113,1,35.73,35.73
OI0011388,O007068,P108,1,34.32,34.32
OI0011389,O007069,P095,1,69.05,69.05
OI0011390,O007070,P075,1,44.36,44.36
OI0011391,O007070,P034,1,35.52,35.52
OI0011392,O007071,P099,1,46.77,46.77
OI0011393,O007072,P015,3,31.17,93.51
OI0011394,O007072,P062,1,53.16,53.16
OI0011395,O007072,P111,1,29.11,29.11
OI0011396,O007073,P057,1,112.54,112.54
OI0011397,O007073,P010,1,44.59,44.59
OI0011398,O007073,P001,1,66.04,66.04
OI0011399,O007073,P005,1,49.25,49.25
OI0011400,O007074,P050,1,19.41,19.41
OI0011401,O007075,P035,1,23.65,23.65
OI0011402,O007075,P110,1,82.9,82.9
OI0011403,O007076,P093,1,45.3,45.3
OI0011404,O007077,P068,2,29.23,58.46
OI0011405,O007078,P072,1,14.56,14.56
OI0011406,O007079,P111,3,29.11,87.33
OI0011407,O007080,P071,3,141.44,424.32
OI0011408,O007081,P001,1,66.04,66.04
OI0011409,O007082,P023,1,54.75,54.75
OI0011410,O007083,P079,2,23.65,47.3
OI0011411,O007084,P070,2,47.52,95.04
OI0011412,O007084,P003,2,36.05,72.1
OI0011413,O007084,P059,1,68.57,68.57
OI0011414,O007084,P115,1,42.04,42.04
OI0011415,O007085,P084,1,30.69,30.69
OI0011416,O007085,P062,1,53.16,53.16
OI0011417,O007085,P057,1,112.54,112.54
OI0011418,O007085,P097,1,20.46,20.46
OI0011419,O007086,P030,1,57.05,57.05
OI0011420,O007087,P033,2,87.02,174.04
OI0011421,O007087,P030,1,57.05,57.05
OI0011422,O007088,P105,1,73.93,73.93
OI0011423,O007089,P013,1,12.37,12.37
OI0011424,O007090,P022,1,43.57,43.57
OI0011425,O007091,P020,1,30.3,30.3
OI0011426,O007092,P070,2,47.52,95.04
OI0011427,O007093,P083,2,30.7,61.4
OI0011428,O007094,P063,1,28.7,28.7
OI0011429,O007095,P094,1,17.7,17.7
OI0011430,O007096,P007,1,39.99,39.99
OI0011431,O007096,P050,2,19.41,38.82
OI0011432,O007096,P058,1,47.56,47.56
OI0011433,O007097,P048,1,37.04,37.04
OI0011434,O007097,P050,1,19.41,19.41
OI0011435,O007097,P034,1,35.52,35.52
OI0011436,O007098,P041,2,25.86,51.72
OI0011437,O007099,P006,3,132.21,396.63
OI0011438,O007099,P079,1,23.65,23.65
OI0011439,O007100,P077,1,144.76,144.76
OI0011440,O007101,P018,1,12.14,12.14
OI0011441,O007101,P064,1,16.79,16.79
OI0011442,O007102,P019,1,13.12,13.12
OI0011443,O007103,P103,1,65.04,65.04
OI0011444,O007104,P034,1,35.52,35.52
OI0011445,O007104,P083,1,30.7,30.7
OI0011446,O007104,P016,1,59.7,59.7
OI0011447,O007105,P089,1,26.52,26.52
OI0011448,O007105,P049,1,42.57,42.57
OI0011449,O007106,P113,1,35.73,35.73
OI0011450,O007107,P034,1,35.52,35.52
OI0011451,O007108,P067,1,46.95,46.95
OI0011452,O007109,P056,2,18.69,37.38
OI0011453,O007110,P047,2,23.25,46.5
OI0011454,O007111,P089,1,26.52,26.52
OI0011455,O007112,P120,2,46.49,92.98
OI0011456,O007113,P051,2,11.22,22.44
OI0011457,O007114,P014,1,102.77,102.77
OI0011458,O007115,P071,2,141.44,282.88
OI0011459,O007115,P001,1,66.04,66.04
OI0011460,O007116,P039,2,31.96,63.92
OI0011461,O007117,P114,1,27.37,27.37
OI0011462,O007118,P119,1,34.08,34.08
OI0011463,O007119,P064,1,16.79,16.79
OI0011464,O007119,P006,1,132.21,132.21
OI0011465,O007120,P086,3,80.82,242.46
OI0011466,O007120,P106,1,47.23,47.23
OI0011467,O007120,P098,1,57.37,57.37
OI0011468,O007121,P087,1,29.25,29.25
OI0011469,O007122,P031,1,32.22,32.22
OI0011470,O007122,P040,1,40.11,40.11
OI0011471,O007122,P027,1,12.05,12.05
OI0011472,O007123,P054,1,53.62,53.62
OI0011473,O007124,P085,2,11.15,22.3
OI0011474,O007124,P040,1,40.11,40.11
OI0011475,O007125,P051,1,11.22,11.22
OI0011476,O007126,P014,1,102.77,102.77
OI0011477,O007127,P084,2,30.69,61.38
OI0011478,O007128,P046,1,38.99,38.99
OI0011479,O007128,P059,1,68.57,68.57
OI0011480,O007128,P004,1,66.5,66.5
OI0011481,O007129,P005,1,49.25,49.25
OI0011482,O007130,P090,1,55.52,55.52
OI0011483,O007131,P018,1,12.14,12.14
OI0011484,O007131,P116,1,38.35,38.35
OI0011485,O007132,P061,1,33.13,33.13
OI0011486,O007133,P079,1,23.65,23.65
OI0011487,O007134,P095,1,69.05,69.05
OI0011488,O007134,P043,1,23.06,23.06
OI0011489,O007135,P010,1,44.59,44.59
OI0011490,O007136,P099,1,46.77,46.77
OI0011491,O007136,P001,1,66.04,66.04
OI0011492,O007136,P018,1,12.14,12.14
OI0011493,O007137,P010,1,44.59,44.59
OI0011494,O007138,P065,1,41.82,41.82
OI0011495,O007138,P041,1,25.86,25.86
OI0011496,O007139,P100,1,26.88,26.88
OI0011497,O007139,P068,1,29.23,29.23
OI0011498,O007140,P096,1,86.58,86.58
OI0011499,O007141,P106,1,47.23,47.23
OI0011500,O007142,P038,1,64.8,64.8
OI0011501,O007142,P052,1,44.73,44.73
OI0011502,O007142,P067,1,46.95,46.95
OI0011503,O007143,P048,1,37.04,37.04
OI0011504,O007144,P020,2,30.3,60.6
OI0011505,O007145,P120,1,46.49,46.49
OI0011506,O007146,P075,1,44.36,44.36
OI0011507,O007147,P032,2,17.4,34.8
OI0011508,O007147,P054,1,53.62,53.62
OI0011509,O007148,P018,2,12.14,24.28
OI0011510,O007148,P103,1,65.04,65.04
OI0011511,O007149,P102,1,56.61,56.61
OI0011512,O007149,P078,1,34.46,34.46
OI0011513,O007150,P025,2,37.52,75.04
OI0011514,O007150,P075,2,44.36,88.72
OI0011515,O007151,P085,1,11.15,11.15
OI0011516,O007151,P077,1,144.76,144.76
OI0011517,O007151,P003,1,36.05,36.05
OI0011518,O007152,P112,1,35.49,35.49
OI0011519,O007152,P068,2,29.23,58.46
OI0011520,O007153,P027,1,12.05,12.05
OI0011521,O007153,P060,1,41.59,41.59
OI0011522,O007154,P112,1,35.49,35.49
OI0011523,O007155,P003,1,36.05,36.05
OI0011524,O007156,P061,1,33.13,33.13
OI0011525,O007157,P013,1,12.37,12.37
OI0011526,O007157,P042,1,41.11,41.11
OI0011527,O007158,P008,3,46.52,139.56
OI0011528,O007158,P115,1,42.04,42.04
OI0011529,O007158,P098,1,57.37,57.37
OI0011530,O007159,P004,2,66.5,133.0
OI0011531,O007160,P076,2,38.28,76.56
OI0011532,O007161,P038,1,64.8,64.8
OI0011533,O007161,P072,1,14.56,14.56
OI0011534,O007162,P085,2,11.15,22.3
OI0011535,O007163,P047,1,23.25,23.25
OI0011536,O007164,P020,1,30.3,30.3
OI0011537,O007165,P099,2,46.77,93.54
OI0011538,O007166,P062,1,53.16,53.16
OI0011539,O007167,P105,1,73.93,73.93
OI0011540,O007167,P014,1,102.77,102.77
OI0011541,O007167,P036,1,16.55,16.55
OI0011542,O007168,P021,1,51.23,51.23
OI0011543,O007169,P052,1,44.73,44.73
OI0011544,O007169,P086,1,80.82,80.82
OI0011545,O007169,P014,1,102.77,102.77
OI0011546,O007170,P109,1,81.27,81.27
OI0011547,O007171,P032,3,17.4,52.2
OI0011548,O007172,P041,2,25.86,51.72
OI0011549,O007173,P089,1,26.52,26.52
OI0011550,O007173,P035,1,23.65,23.65
OI0011551,O007173,P110,1,82.9,82.9
OI0011552,O007174,P022,1,43.57,43.57
OI0011553,O007175,P027,1,12.05,12.05
OI0011554,O007175,P058,1,47.56,47.56
OI0011555,O007175,P001,1,66.04,66.04
OI0011556,O007175,P069,1,24.0,24.0
OI0011557,O007176,P099,2,46.77,93.54
OI0011558,O007177,P027,1,12.05,12.05
OI0011559,O007178,P111,1,29.11,29.11
OI0011560,O007179,P085,1,11.15,11.15
OI0011561,O007179,P079,1,23.65,23.65
OI0011562,O007180,P046,1,38.99,38.99
OI0011563,O007181,P062,1,53.16,53.16
OI0011564,O007181,P031,1,32.22,32.22
OI0011565,O007182,P108,1,34.32,34.32
OI0011566,O007183,P116,1,38.35,38.35
OI0011567,O007183,P049,1,42.57,42.57
OI0011568,O007184,P105,1,73.93,73.93
OI0011569,O007184,P111,1,29.11,29.11
OI0011570,O007185,P026,1,27.66,27.66
OI0011571,O007186,P037,1,33.58,33.58
OI0011572,O007187,P057,1,112.54,112.54
OI0011573,O007187,P114,1,27.37,27.37
OI0011574,O007187,P094,1,17.7,17.7
OI0011575,O007188,P114,1,27.37,27.37
OI0011576,O007189,P020,1,30.3,30.3
OI0011577,O007190,P025,2,37.52,75.04
OI0011578,O007191,P100,1,26.88,26.88
OI0011579,O007191,P087,1,29.25,29.25
OI0011580,O007192,P005,1,49.25,49.25
OI0011581,O007193,P062,1,53.16,53.16
OI0011582,O007194,P095,1,69.05,69.05
OI0011583,O007195,P025,3,37.52,112.56
OI0011584,O007196,P086,1,80.82,80.82
OI0011585,O007197,P025,1,37.52,37.52
OI0011586,O007198,P105,1,73.93,73.93
OI0011587,O007198,P042,1,41.11,41.11
OI0011588,O007199,P093,1,45.3,45.3
OI0011589,O007200,P055,1,69.18,69.18
OI0011590,O007201,P119,1,34.08,34.08
OI0011591,O007202,P008,1,46.52,46.52
OI0011592,O007202,P059,2,68.57,137.14
OI0011593,O007203,P074,2,32.9,65.8
OI0011594,O007203,P090,1,55.52,55.52
OI0011595,O007203,P035,2,23.65,47.3
OI0011596,O007204,P044,1,63.71,63.71
OI0011597,O007204,P087,1,29.25,29.25
OI0011598,O007204,P107,1,52.87,52.87
OI0011599,O007205,P025,1,37.52,37.52
OI0011600,O007205,P064,2,16.79,33.58
OI0011601,O007206,P070,1,47.52,47.52
OI0011602,O007207,P017,1,18.94,18.94
OI0011603,O007208,P050,1,19.41,19.41
OI0011604,O007208,P094,2,17.7,35.4
OI0011605,O007209,P012,1,51.32,51.32
OI0011606,O007209,P061,1,33.13,33.13
OI0011607,O007210,P041,1,25.86,25.86
OI0011608,O007210,P014,1,102.77,102.77
OI0011609,O007210,P033,1,87.02,87.02
OI0011610,O007211,P102,1,56.61,56.61
OI0011611,O007212,P113,1,35.73,35.73
OI0011612,O007212,P061,1,33.13,33.13
OI0011613,O007213,P015,1,31.17,31.17
OI0011614,O007214,P119,1,34.08,34.08
OI0011615,O007214,P114,1,27.37,27.37
OI0011616,O007214,P085,1,11.15,11.15
OI0011617,O007214,P045,1,30.38,30.38
OI0011618,O007215,P059,1,68.57,68.57
OI0011619,O007215,P087,1,29.25,29.25
OI0011620,O007216,P055,1,69.18,69.18
OI0011621,O007217,P067,1,46.95,46.95
OI0011622,O007218,P070,1,47.52,47.52
OI0011623,O007218,P098,1,57.37,57.37
OI0011624,O007218,P083,1,30.7,30.7
OI0011625,O007219,P048,2,37.04,74.08
OI0011626,O007220,P104,1,44.1,44.1
OI0011627,O007220,P072,2,14.56,29.12
OI0011628,O007221,P025,1,37.52,37.52
OI0011629,O007222,P005,1,49.25,49.25
OI0011630,O007222,P084,1,30.69,30.69
OI0011631,O007222,P115,1,42.04,42.04
OI0011632,O007223,P103,1,65.04,65.04
OI0011633,O007224,P076,1,38.28,38.28
OI0011634,O007224,P015,1,31.17,31.17
OI0011635,O007225,P065,1,41.82,41.82
OI0011636,O007226,P117,1,27.82,27.82
OI0011637,O007227,P080,1,64.69,64.69
OI0011638,O007227,P009,1,37.92,37.92
OI0011639,O007228,P059,1,68.57,68.57
OI0011640,O007229,P018,1,12.14,12.14
OI0011641,O007229,P030,1,57.05,57.05
OI0011642,O007229,P060,1,41.59,41.59
OI0011643,O007230,P086,1,80.82,80.82
OI0011644,O007231,P083,1,30.7,30.7
OI0011645,O007232,P120,1,46.49,46.49
OI0011646,O007232,P028,2,129.35,258.7
OI0011647,O007233,P097,2,20.46,40.92
OI0011648,O007234,P115,1,42.04,42.04
OI0011649,O007234,P071,1,141.44,141.44
OI0011650,O007235,P113,1,35.73,35.73
OI0011651,O007235,P047,1,23.25,23.25
OI0011652,O007235,P098,3,57.37,172.11
OI0011653,O007235,P092,1,58.39,58.39
OI0011654,O007236,P068,1,29.23,29.23
OI0011655,O007236,P070,1,47.52,47.52
OI0011656,O007236,P027,1,12.05,12.05
OI0011657,O007236,P111,1,29.11,29.11
OI0011658,O007237,P111,1,29.11,29.11
OI0011659,O007238,P115,1,42.04,42.04
OI0011660,O007239,P061,1,33.13,33.13
OI0011661,O007239,P096,1,86.58,86.58
OI0011662,O007239,P100,1,26.88,26.88
OI0011663,O007240,P101,1,43.91,43.91
OI0011664,O007241,P086,1,80.82,80.82
OI0011665,O007241,P107,1,52.87,52.87
OI0011666,O007242,P110,1,82.9,82.9
OI0011667,O007243,P099,1,46.77,46.77
OI0011668,O007243,P064,1,16.79,16.79
OI0011669,O007243,P010,1,44.59,44.59
OI0011670,O007244,P105,3,73.93,221.79
OI0011671,O007245,P057,1,112.54,112.54
OI0011672,O007245,P033,1,87.02,87.02
OI0011673,O007246,P013,1,12.37,12.37
OI0011674,O007246,P018,1,12.14,12.14
OI0011675,O007247,P092,1,58.39,58.39
OI0011676,O007247,P088,1,28.36,28.36
OI0011677,O007248,P102,1,56.61,56.61
OI0011678,O007249,P074,1,32.9,32.9
OI0011679,O007250,P033,1,87.02,87.02
OI0011680,O007250,P107,1,52.87,52.87
OI0011681,O007251,P014,1,102.77,102.77
OI0011682,O007251,P095,1,69.05,69.05
OI0011683,O007251,P078,1,34.46,34.46
OI0011684,O007252,P089,1,26.52,26.52
OI0011685,O007253,P092,1,58.39,58.39
OI0011686,O007254,P026,1,27.66,27.66
OI0011687,O007255,P069,1,24.0,24.0
OI0011688,O007255,P014,1,102.77,102.77
OI0011689,O007255,P022,1,43.57,43.57
OI0011690,O007256,P070,1,47.52,47.52
OI0011691,O007256,P025,1,37.52,37.52
OI0011692,O007256,P051,1,11.22,11.22
OI0011693,O007256,P029,1,25.98,25.98
OI0011694,O007257,P050,1,19.41,19.41
OI0011695,O007257,P091,1,37.89,37.89
OI0011696,O007258,P011,1,39.95,39.95
OI0011697,O007258,P040,1,40.11,40.11
OI0011698,O007258,P038,1,64.8,64.8
OI0011699,O007258,P117,1,27.82,27.82
OI0011700,O007259,P070,1,47.52,47.52
OI0011701,O007260,P094,1,17.7,17.7
OI0011702,O007260,P047,1,23.25,23.25
OI0011703,O007261,P028,1,129.35,129.35
OI0011704,O007262,P067,1,46.95,46.95
OI0011705,O007262,P080,1,64.69,64.69
OI0011706,O007263,P077,1,144.76,144.76
OI0011707,O007263,P027,1,12.05,12.05
OI0011708,O007264,P107,1,52.87,52.87
OI0011709,O007265,P063,1,28.7,28.7
OI0011710,O007266,P037,1,33.58,33.58
OI0011711,O007267,P109,3,81.27,243.81
OI0011712,O007267,P115,1,42.04,42.04
OI0011713,O007268,P075,1,44.36,44.36
OI0011714,O007269,P104,1,44.1,44.1
OI0011715,O007269,P008,1,46.52,46.52
OI0011716,O007270,P066,1,34.67,34.67
OI0011717,O007270,P063,1,28.7,28.7
OI0011718,O007271,P107,1,52.87,52.87
OI0011719,O007272,P001,2,66.04,132.08
OI0011720,O007273,P116,3,38.35,115.05
OI0011721,O007273,P050,3,19.41,58.23
OI0011722,O007274,P053,1,40.97,40.97
OI0011723,O007274,P030,1,57.05,57.05
OI0011724,O007274,P120,1,46.49,46.49
OI0011725,O007275,P057,1,112.54,112.54
OI0011726,O007275,P081,1,22.73,22.73
OI0011727,O007276,P038,1,64.8,64.8
OI0011728,O007277,P056,1,18.69,18.69
OI0011729,O007277,P109,1,81.27,81.27
OI0011730,O007278,P039,2,31.96,63.92
OI0011731,O007279,P111,1,29.11,29.11
OI0011732,O007279,P019,1,13.12,13.12
OI0011733,O007280,P038,1,64.8,64.8
OI0011734,O007280,P002,1,30.14,30.14
OI0011735,O007281,P095,1,69.05,69.05
OI0011736,O007282,P079,1,23.65,23.65
OI0011737,O007282,P058,1,47.56,47.56
OI0011738,O007282,P083,1,30.7,30.7
OI0011739,O007282,P057,1,112.54,112.54
OI0011740,O007283,P049,1,42.57,42.57
OI0011741,O007284,P089,2,26.52,53.04
OI0011742,O007284,P003,1,36.05,36.05
OI0011743,O007285,P045,1,30.38,30.38
OI0011744,O007286,P004,1,66.5,66.5
OI0011745,O007287,P089,1,26.52,26.52
OI0011746,O007288,P088,1,28.36,28.36
OI0011747,O007288,P046,1,38.99,38.99
OI0011748,O007288,P119,1,34.08,34.08
OI0011749,O007289,P044,3,63.71,191.13
OI0011750,O007290,P008,1,46.52,46.52
OI0011751,O007291,P084,1,30.69,30.69
OI0011752,O007292,P036,2,16.55,33.1
OI0011753,O007293,P061,1,33.13,33.13
OI0011754,O007293,P032,1,17.4,17.4
OI0011755,O007294,P118,1,22.9,22.9
OI0011756,O007295,P006,1,132.21,132.21
OI0011757,O007295,P095,1,69.05,69.05
OI0011758,O007296,P042,1,41.11,41.11
OI0011759,O007297,P013,3,12.37,37.11
OI0011760,O007297,P082,1,34.81,34.81
OI0011761,O007298,P030,1,57.05,57.05
OI0011762,O007299,P060,1,41.59,41.59
OI0011763,O007300,P058,1,47.56,47.56
OI0011764,O007301,P018,1,12.14,12.14
OI0011765,O007301,P033,2,87.02,174.04
OI0011766,O007301,P084,1,30.69,30.69
OI0011767,O007302,P058,1,47.56,47.56
OI0011768,O007303,P023,1,54.75,54.75
OI0011769,O007303,P096,1,86.58,86.58
OI0011770,O007304,P044,1,63.71,63.71
OI0011771,O007305,P048,1,37.04,37.04
OI0011772,O007305,P059,1,68.57,68.57
OI0011773,O007305,P068,1,29.23,29.23
OI0011774,O007306,P104,2,44.1,88.2
OI0011775,O007307,P039,1,31.96,31.96
OI0011776,O007308,P062,1,53.16,53.16
OI0011777,O007309,P005,1,49.25,49.25
OI0011778,O007310,P105,1,73.93,73.93
OI0011779,O007310,P096,1,86.58,86.58
OI0011780,O007310,P024,1,84.49,84.49
OI0011781,O007311,P022,1,43.57,43.57
OI0011782,O007312,P012,1,51.32,51.32
OI0011783,O007313,P055,1,69.18,69.18
OI0011784,O007313,P063,1,28.7,28.7
OI0011785,O007314,P069,1,24.0,24.0
OI0011786,O007315,P019,1,13.12,13.12
OI0011787,O007315,P010,2,44.59,89.18
OI0011788,O007315,P069,1,24.0,24.0
OI0011789,O007315,P051,1,11.22,11.22
OI0011790,O007316,P009,1,37.92,37.92
OI0011791,O007317,P056,1,18.69,18.69
OI0011792,O007318,P095,1,69.05,69.05
OI0011793,O007319,P043,2,23.06,46.12
OI0011794,O007320,P097,1,20.46,20.46
OI0011795,O007321,P057,2,112.54,225.08
OI0011796,O007321,P092,1,58.39,58.39
OI0011797,O007322,P024,1,84.49,84.49
OI0011798,O007323,P081,1,22.73,22.73
OI0011799,O007323,P067,1,46.95,46.95
OI0011800,O007324,P052,1,44.73,44.73
OI0011801,O007324,P047,1,23.25,23.25
OI0011802,O007325,P058,1,47.56,47.56
OI0011803,O007325,P106,1,47.23,47.23
OI0011804,O007326,P084,1,30.69,30.69
OI0011805,O007326,P011,1,39.95,39.95
OI0011806,O007326,P019,1,13.12,13.12
OI0011807,O007327,P008,2,46.52,93.04
OI0011808,O007327,P109,1,81.27,81.27
OI0011809,O007328,P076,1,38.28,38.28
OI0011810,O007328,P039,1,31.96,31.96
OI0011811,O007328,P024,1,84.49,84.49
OI0011812,O007329,P004,1,66.5,66.5
OI0011813,O007330,P076,1,38.28,38.28
OI0011814,O007331,P006,1,132.21,132.21
OI0011815,O007332,P013,1,12.37,12.37
OI0011816,O007332,P088,1,28.36,28.36
OI0011817,O007333,P024,3,84.49,253.47
OI0011818,O007333,P111,1,29.11,29.11
OI0011819,O007334,P047,1,23.25,23.25
OI0011820,O007335,P052,1,44.73,44.73
OI0011821,O007336,P069,1,24.0,24.0
OI0011822,O007337,P006,1,132.21,132.21
OI0011823,O007337,P053,1,40.97,40.97
OI0011824,O007338,P026,2,27.66,55.32
OI0011825,O007338,P023,1,54.75,54.75
OI0011826,O007339,P023,1,54.75,54.75
OI0011827,O007339,P005,1,49.25,49.25
OI0011828,O007340,P107,1,52.87,52.87
OI0011829,O007341,P052,1,44.73,44.73
OI0011830,O007341,P010,1,44.59,44.59
OI0011831,O007342,P041,1,25.86,25.86
OI0011832,O007342,P039,1,31.96,31.96
OI0011833,O007343,P103,1,65.04,65.04
OI0011834,O007344,P042,1,41.11,41.11
OI0011835,O007345,P088,1,28.36,28.36
OI0011836,O007346,P046,1,38.99,38.99
OI0011837,O007347,P087,1,29.25,29.25
OI0011838,O007348,P041,1,25.86,25.86
OI0011839,O007349,P006,1,132.21,132.21
OI0011840,O007349,P039,1,31.96,31.96
OI0011841,O007350,P056,1,18.69,18.69
OI0011842,O007351,P094,1,17.7,17.7
OI0011843,O007352,P020,1,30.3,30.3
OI0011844,O007353,P092,1,58.39,58.39
OI0011845,O007353,P101,1,43.91,43.91
OI0011846,O007354,P011,1,39.95,39.95
OI0011847,O007355,P094,1,17.7,17.7
OI0011848,O007355,P117,1,27.82,27.82
OI0011849,O007356,P036,2,16.55,33.1
OI0011850,O007356,P016,1,59.7,59.7
OI0011851,O007357,P035,1,23.65,23.65
OI0011852,O007357,P050,1,19.41,19.41
OI0011853,O007358,P111,1,29.11,29.11
OI0011854,O007359,P056,2,18.69,37.38
OI0011855,O007359,P060,1,41.59,41.59
OI0011856,O007360,P004,1,66.5,66.5
OI0011857,O007360,P001,1,66.04,66.04
OI0011858,O007361,P070,1,47.52,47.52
OI0011859,O007361,P085,1,11.15,11.15
OI0011860,O007362,P034,1,35.52,35.52
OI0011861,O007363,P058,1,47.56,47.56
OI0011862,O007363,P003,1,36.05,36.05
OI0011863,O007364,P043,2,23.06,46.12
OI0011864,O007364,P098,1,57.37,57.37
OI0011865,O007365,P017,1,18.94,18.94
OI0011866,O007365,P119,1,34.08,34.08
OI0011867,O007366,P038,1,64.8,64.8
OI0011868,O007366,P001,1,66.04,66.04
OI0011869,O007367,P027,2,12.05,24.1
OI0011870,O007368,P112,1,35.49,35.49
OI0011871,O007368,P101,1,43.91,43.91
OI0011872,O007369,P062,1,53.16,53.16
OI0011873,O007370,P063,1,28.7,28.7
OI0011874,O007371,P038,2,64.8,129.6
OI0011875,O007371,P046,1,38.99,38.99
OI0011876,O007371,P093,2,45.3,90.6
OI0011877,O007371,P098,1,57.37,57.37
OI0011878,O007372,P025,1,37.52,37.52
OI0011879,O007373,P120,1,46.49,46.49
OI0011880,O007374,P086,1,80.82,80.82
OI0011881,O007374,P050,1,19.41,19.41
OI0011882,O007375,P008,1,46.52,46.52
OI0011883,O007375,P118,1,22.9,22.9
OI0011884,O007376,P017,1,18.94,18.94
OI0011885,O007377,P045,1,30.38,30.38
OI0011886,O007377,P056,2,18.69,37.38
OI0011887,O007378,P114,1,27.37,27.37
OI0011888,O007379,P026,1,27.66,27.66
OI0011889,O007380,P068,1,29.23,29.23
OI0011890,O007380,P027,2,12.05,24.1
OI0011891,O007380,P046,1,38.99,38.99
OI0011892,O007381,P038,1,64.8,64.8
OI0011893,O007382,P095,2,69.05,138.1
OI0011894,O007383,P015,1,31.17,31.17
OI0011895,O007383,P074,1,32.9,32.9
OI0011896,O007384,P051,1,11.22,11.22
OI0011897,O007385,P005,1,49.25,49.25
OI0011898,O007386,P095,1,69.05,69.05
OI0011899,O007386,P058,1,47.56,47.56
OI0011900,O007387,P090,3,55.52,166.56
OI0011901,O007388,P019,1,13.12,13.12
OI0011902,O007388,P052,1,44.73,44.73
OI0011903,O007388,P114,1,27.37,27.37
OI0011904,O007389,P049,1,42.57,42.57
OI0011905,O007390,P011,1,39.95,39.95
OI0011906,O007391,P091,1,37.89,37.89
OI0011907,O007391,P073,2,45.97,91.94
OI0011908,O007392,P013,1,12.37,12.37
OI0011909,O007393,P057,1,112.54,112.54
OI0011910,O007394,P057,1,112.54,112.54
OI0011911,O007395,P099,1,46.77,46.77
OI0011912,O007395,P018,1,12.14,12.14
OI0011913,O007395,P015,1,31.17,31.17
OI0011914,O007396,P040,1,40.11,40.11
OI0011915,O007396,P018,1,12.14,12.14
OI0011916,O007397,P109,1,81.27,81.27
OI0011917,O007398,P044,1,63.71,63.71
OI0011918,O007399,P043,1,23.06,23.06
OI0011919,O007400,P009,1,37.92,37.92
OI0011920,O007400,P023,1,54.75,54.75
OI0011921,O007401,P048,1,37.04,37.04
OI0011922,O007402,P032,1,17.4,17.4
OI0011923,O007403,P100,1,26.88,26.88
OI0011924,O007403,P035,1,23.65,23.65
OI0011925,O007404,P103,1,65.04,65.04
OI0011926,O007404,P018,1,12.14,12.14
OI0011927,O007404,P062,1,53.16,53.16
OI0011928,O007405,P120,1,46.49,46.49
OI0011929,O007405,P115,3,42.04,126.12
OI0011930,O007406,P053,1,40.97,40.97
OI0011931,O007406,P086,1,80.82,80.82
OI0011932,O007407,P071,1,141.44,141.44
OI0011933,O007407,P048,1,37.04,37.04
OI0011934,O007408,P083,1,30.7,30.7
OI0011935,O007409,P049,1,42.57,42.57
OI0011936,O007409,P102,1,56.61,56.61
OI0011937,O007410,P106,1,47.23,47.23
OI0011938,O007410,P058,1,47.56,47.56
OI0011939,O007410,P005,1,49.25,49.25
OI0011940,O007411,P032,1,17.4,17.4
OI0011941,O007411,P013,1,12.37,12.37
OI0011942,O007411,P050,1,19.41,19.41
OI0011943,O007412,P115,3,42.04,126.12
OI0011944,O007413,P105,1,73.93,73.93
OI0011945,O007414,P033,1,87.02,87.02
OI0011946,O007415,P096,2,86.58,173.16
OI0011947,O007415,P033,2,87.02,174.04
OI0011948,O007415,P027,1,12.05,12.05
OI0011949,O007415,P069,1,24.0,24.0
OI0011950,O007416,P029,1,25.98,25.98
OI0011951,O007416,P003,1,36.05,36.05
OI0011952,O007416,P117,1,27.82,27.82
OI0011953,O007417,P089,1,26.52,26.52
OI0011954,O007418,P054,1,53.62,53.62
OI0011955,O007418,P018,1,12.14,12.14
OI0011956,O007418,P087,1,29.25,29.25
OI0011957,O007419,P026,1,27.66,27.66
OI0011958,O007419,P112,1,35.49,35.49
OI0011959,O007420,P027,1,12.05,12.05
OI0011960,O007421,P110,1,82.9,82.9
OI0011961,O007421,P065,2,41.82,83.64
OI0011962,O007422,P104,1,44.1,44.1
OI0011963,O007423,P088,1,28.36,28.36
OI0011964,O007423,P030,3,57.05,171.15
OI0011965,O007424,P004,1,66.5,66.5
OI0011966,O007425,P073,1,45.97,45.97
OI0011967,O007425,P090,2,55.52,111.04
OI0011968,O007425,P006,1,132.21,132.21
OI0011969,O007426,P116,2,38.35,76.7
OI0011970,O007426,P088,1,28.36,28.36
OI0011971,O007426,P084,1,30.69,30.69
OI0011972,O007427,P008,1,46.52,46.52
OI0011973,O007427,P025,1,37.52,37.52
OI0011974,O007428,P007,1,39.99,39.99
OI0011975,O007429,P032,1,17.4,17.4
OI0011976,O007430,P071,1,141.44,141.44
OI0011977,O007430,P069,1,24.0,24.0
OI0011978,O007431,P110,1,82.9,82.9
OI0011979,O007432,P033,2,87.02,174.04
OI0011980,O007433,P090,1,55.52,55.52
OI0011981,O007433,P108,1,34.32,34.32
OI0011982,O007433,P086,1,80.82,80.82
OI0011983,O007434,P120,2,46.49,92.98
OI0011984,O007435,P117,1,27.82,27.82
OI0011985,O007436,P084,1,30.69,30.69
OI0011986,O007437,P031,1,32.22,32.22
OI0011987,O007438,P055,1,69.18,69.18
OI0011988,O007438,P087,1,29.25,29.25
OI0011989,O007439,P075,1,44.36,44.36
OI0011990,O007440,P099,1,46.77,46.77
OI0011991,O007440,P049,1,42.57,42.57
OI0011992,O007440,P113,1,35.73,35.73
OI0011993,O007441,P090,1,55.52,55.52
OI0011994,O007442,P117,2,27.82,55.64
OI0011995,O007442,P002,1,30.14,30.14
OI0011996,O007442,P057,1,112.54,112.54
OI0011997,O007442,P078,1,34.46,34.46
OI0011998,O007443,P033,1,87.02,87.02
OI0011999,O007444,P083,1,30.7,30.7
OI0012000,O007444,P047,3,23.25,69.75
OI0012001,O007444,P081,1,22.73,22.73
OI0012002,O007445,P019,1,13.12,13.12
OI0012003,O007446,P019,1,13.12,13.12
OI0012004,O007447,P020,1,30.3,30.3
OI0012005,O007448,P097,2,20.46,40.92
OI0012006,O007449,P077,1,144.76,144.76
OI0012007,O007450,P059,1,68.57,68.57
OI0012008,O007451,P017,1,18.94,18.94
OI0012009,O007451,P093,1,45.3,45.3
OI0012010,O007451,P090,1,55.52,55.52
OI0012011,O007451,P116,1,38.35,38.35
OI0012012,O007452,P017,2,18.94,37.88
OI0012013,O007453,P034,1,35.52,35.52
OI0012014,O007453,P106,1,47.23,47.23
OI0012015,O007453,P073,1,45.97,45.97
OI0012016,O007454,P050,1,19.41,19.41
OI0012017,O007454,P031,2,32.22,64.44
OI0012018,O007455,P033,1,87.02,87.02
OI0012019,O007456,P016,2,59.7,119.4
OI0012020,O007456,P050,1,19.41,19.41
OI0012021,O007457,P045,1,30.38,30.38
OI0012022,O007458,P004,1,66.5,66.5
OI0012023,O007459,P033,1,87.02,87.02
OI0012024,O007459,P017,1,18.94,18.94
OI0012025,O007460,P009,1,37.92,37.92
OI0012026,O007460,P051,1,11.22,11.22
OI0012027,O007461,P026,1,27.66,27.66
OI0012028,O007461,P043,1,23.06,23.06
OI0012029,O007461,P044,1,63.71,63.71
OI0012030,O007462,P027,1,12.05,12.05
OI0012031,O007462,P054,1,53.62,53.62
OI0012032,O007462,P017,1,18.94,18.94
OI0012033,O007463,P021,1,51.23,51.23
OI0012034,O007463,P044,1,63.71,63.71
OI0012035,O007463,P013,1,12.37,12.37
OI0012036,O007464,P008,1,46.52,46.52
OI0012037,O007465,P017,2,18.94,37.88
OI0012038,O007465,P003,1,36.05,36.05
OI0012039,O007466,P026,1,27.66,27.66
OI0012040,O007467,P117,1,27.82,27.82
OI0012041,O007468,P118,1,22.9,22.9
OI0012042,O007469,P064,1,16.79,16.79
OI0012043,O007470,P084,1,30.69,30.69
OI0012044,O007471,P004,1,66.5,66.5
OI0012045,O007471,P034,2,35.52,71.04
OI0012046,O007472,P008,1,46.52,46.52
OI0012047,O007473,P101,1,43.91,43.91
OI0012048,O007473,P030,1,57.05,57.05
OI0012049,O007474,P003,2,36.05,72.1
OI0012050,O007475,P067,1,46.95,46.95
OI0012051,O007475,P055,1,69.18,69.18
OI0012052,O007475,P086,1,80.82,80.82
OI0012053,O007475,P082,1,34.81,34.81
OI0012054,O007476,P079,3,23.65,70.95
OI0012055,O007476,P053,1,40.97,40.97
OI0012056,O007477,P120,1,46.49,46.49
OI0012057,O007478,P089,1,26.52,26.52
OI0012058,O007479,P027,2,12.05,24.1
OI0012059,O007480,P094,1,17.7,17.7
OI0012060,O007480,P073,1,45.97,45.97
OI0012061,O007481,P060,2,41.59,83.18
OI0012062,O007482,P049,1,42.57,42.57
OI0012063,O007483,P059,1,68.57,68.57
OI0012064,O007484,P061,2,33.13,66.26
OI0012065,O007485,P041,1,25.86,25.86
OI0012066,O007486,P043,2,23.06,46.12
OI0012067,O007486,P079,1,23.65,23.65
OI0012068,O007487,P114,1,27.37,27.37
OI0012069,O007488,P081,1,22.73,22.73
OI0012070,O007489,P102,1,56.61,56.61
OI0012071,O007490,P046,1,38.99,38.99
OI0012072,O007490,P065,1,41.82,41.82
OI0012073,O007490,P078,1,34.46,34.46
OI0012074,O007491,P052,1,44.73,44.73
OI0012075,O007492,P042,1,41.11,41.11
OI0012076,O007493,P077,1,144.76,144.76
OI0012077,O007494,P066,1,34.67,34.67
OI0012078,O007494,P021,1,51.23,51.23
OI0012079,O007494,P043,2,23.06,46.12
OI0012080,O007495,P111,1,29.11,29.11
OI0012081,O007495,P047,1,23.25,23.25
OI0012082,O007496,P104,1,44.1,44.1
OI0012083,O007497,P110,1,82.9,82.9
OI0012084,O007498,P057,2,112.54,225.08
OI0012085,O007499,P031,1,32.22,32.22
OI0012086,O007500,P036,1,16.55,16.55
OI0012087,O007501,P053,1,40.97,40.97
OI0012088,O007502,P052,1,44.73,44.73
OI0012089,O007502,P012,1,51.32,51.32
OI0012090,O007502,P023,1,54.75,54.75
OI0012091,O007503,P065,1,41.82,41.82
OI0012092,O007504,P064,1,16.79,16.79
OI0012093,O007505,P021,1,51.23,51.23
OI0012094,O007506,P046,2,38.99,77.98
OI0012095,O007507,P090,1,55.52,55.52
OI0012096,O007508,P080,1,64.69,64.69
OI0012097,O007508,P112,1,35.49,35.49
OI0012098,O007509,P020,1,30.3,30.3
OI0012099,O007510,P039,1,31.96,31.96
OI0012100,O007511,P073,1,45.97,45.97
OI0012101,O007512,P093,1,45.3,45.3
OI0012102,O007513,P009,1,37.92,37.92
OI0012103,O007514,P088,1,28.36,28.36
OI0012104,O007515,P027,1,12.05,12.05
OI0012105,O007516,P053,1,40.97,40.97
OI0012106,O007517,P106,1,47.23,47.23
OI0012107,O007517,P028,1,129.35,129.35
OI0012108,O007518,P058,1,47.56,47.56
OI0012109,O007519,P093,2,45.3,90.6
OI0012110,O007519,P049,1,42.57,42.57
OI0012111,O007520,P099,2,46.77,93.54
OI0012112,O007520,P004,1,66.5,66.5
OI0012113,O007520,P088,1,28.36,28.36
OI0012114,O007521,P100,1,26.88,26.88
OI0012115,O007521,P097,1,20.46,20.46
OI0012116,O007522,P030,2,57.05,114.1
OI0012117,O007523,P035,2,23.65,47.3
OI0012118,O007524,P073,1,45.97,45.97
OI0012119,O007524,P089,1,26.52,26.52
OI0012120,O007525,P056,1,18.69,18.69
OI0012121,O007525,P014,1,102.77,102.77
OI0012122,O007526,P041,1,25.86,25.86
OI0012123,O007527,P059,1,68.57,68.57
OI0012124,O007527,P025,1,37.52,37.52
OI0012125,O007528,P038,1,64.8,64.8
OI0012126,O007529,P114,1,27.37,27.37
OI0012127,O007529,P016,1,59.7,59.7
OI0012128,O007530,P007,1,39.99,39.99
OI0012129,O007530,P045,1,30.38,30.38
OI0012130,O007530,P079,3,23.65,70.95
OI0012131,O007530,P014,2,102.77,205.54
OI0012132,O007531,P062,1,53.16,53.16
OI0012133,O007532,P051,3,11.22,33.66
OI0012134,O007532,P035,1,23.65,23.65
OI0012135,O007533,P041,1,25.86,25.86
OI0012136,O007534,P016,3,59.7,179.1
OI0012137,O007535,P098,1,57.37,57.37
OI0012138,O007536,P070,1,47.52,47.52
OI0012139,O007536,P114,1,27.37,27.37
OI0012140,O007536,P091,1,37.89,37.89
OI0012141,O007537,P084,1,30.69,30.69
OI0012142,O007538,P079,1,23.65,23.65
OI0012143,O007539,P031,1,32.22,32.22
OI0012144,O007540,P014,1,102.77,102.77
OI0012145,O007541,P069,1,24.0,24.0
OI0012146,O007542,P032,2,17.4,34.8
OI0012147,O007543,P006,2,132.21,264.42
OI0012148,O007544,P081,1,22.73,22.73
OI0012149,O007544,P110,1,82.9,82.9
OI0012150,O007544,P112,1,35.49,35.49
OI0012151,O007545,P062,3,53.16,159.48
OI0012152,O007546,P009,1,37.92,37.92
OI0012153,O007546,P079,1,23.65,23.65
OI0012154,O007547,P116,1,38.35,38.35
OI0012155,O007548,P004,2,66.5,133.0
OI0012156,O007549,P019,1,13.12,13.12
OI0012157,O007549,P111,1,29.11,29.11
OI0012158,O007550,P120,1,46.49,46.49
OI0012159,O007551,P093,3,45.3,135.9
OI0012160,O007551,P092,1,58.39,58.39
OI0012161,O007551,P119,1,34.08,34.08
OI0012162,O007552,P112,1,35.49,35.49
OI0012163,O007553,P094,1,17.7,17.7
OI0012164,O007554,P076,1,38.28,38.28
OI0012165,O007554,P075,1,44.36,44.36
OI0012166,O007555,P085,1,11.15,11.15
OI0012167,O007555,P035,1,23.65,23.65
OI0012168,O007556,P093,1,45.3,45.3
OI0012169,O007556,P018,1,12.14,12.14
OI0012170,O007557,P101,1,43.91,43.91
OI0012171,O007558,P039,1,31.96,31.96
OI0012172,O007559,P107,1,52.87,52.87
OI0012173,O007560,P081,1,22.73,22.73
OI0012174,O007560,P045,1,30.38,30.38
OI0012175,O007561,P054,1,53.62,53.62
OI0012176,O007561,P100,2,26.88,53.76
OI0012177,O007562,P018,1,12.14,12.14
OI0012178,O007562,P092,1,58.39,58.39
OI0012179,O007563,P057,1,112.54,112.54
OI0012180,O007563,P056,1,18.69,18.69
OI0012181,O007564,P084,1,30.69,30.69
OI0012182,O007565,P054,1,53.62,53.62
OI0012183,O007565,P021,1,51.23,51.23
OI0012184,O007566,P092,1,58.39,58.39
OI0012185,O007567,P082,1,34.81,34.81
OI0012186,O007567,P071,1,141.44,141.44
OI0012187,O007568,P090,1,55.52,55.52
OI0012188,O007569,P018,1,12.14,12.14
OI0012189,O007570,P038,1,64.8,64.8
OI0012190,O007570,P017,1,18.94,18.94
OI0012191,O007571,P090,1,55.52,55.52
OI0012192,O007571,P113,1,35.73,35.73
OI0012193,O007572,P078,1,34.46,34.46
OI0012194,O007573,P009,1,37.92,37.92
OI0012195,O007574,P119,1,34.08,34.08
OI0012196,O007574,P021,1,51.23,51.23
OI0012197,O007575,P114,1,27.37,27.37
OI0012198,O007576,P042,1,41.11,41.11
OI0012199,O007577,P100,1,26.88,26.88
OI0012200,O007578,P007,2,39.99,79.98
OI0012201,O007579,P012,1,51.32,51.32
OI0012202,O007580,P011,1,39.95,39.95
OI0012203,O007580,P008,2,46.52,93.04
OI0012204,O007580,P009,1,37.92,37.92
OI0012205,O007581,P015,2,31.17,62.34
OI0012206,O007582,P107,1,52.87,52.87
OI0012207,O007583,P030,1,57.05,57.05
OI0012208,O007583,P055,1,69.18,69.18
OI0012209,O007584,P110,2,82.9,165.8
OI0012210,O007585,P058,1,47.56,47.56
OI0012211,O007585,P009,1,37.92,37.92
OI0012212,O007585,P038,1,64.8,64.8
OI0012213,O007585,P028,2,129.35,258.7
OI0012214,O007586,P112,1,35.49,35.49
OI0012215,O007587,P100,1,26.88,26.88
OI0012216,O007588,P016,1,59.7,59.7
OI0012217,O007589,P043,1,23.06,23.06
OI0012218,O007589,P081,1,22.73,22.73
OI0012219,O007590,P067,1,46.95,46.95
OI0012220,O007591,P074,1,32.9,32.9
OI0012221,O007592,P063,1,28.7,28.7
OI0012222,O007593,P062,1,53.16,53.16
OI0012223,O007593,P089,1,26.52,26.52
OI0012224,O007594,P097,1,20.46,20.46
OI0012225,O007595,P006,1,132.21,132.21
OI0012226,O007596,P109,1,81.27,81.27
OI0012227,O007596,P105,1,73.93,73.93
OI0012228,O007597,P088,1,28.36,28.36
OI0012229,O007597,P036,1,16.55,16.55
OI0012230,O007598,P113,1,35.73,35.73
OI0012231,O007598,P105,2,73.93,147.86
OI0012232,O007598,P028,1,129.35,129.35
OI0012233,O007599,P088,3,28.36,85.08
OI0012234,O007599,P082,2,34.81,69.62
OI0012235,O007600,P014,1,102.77,102.77
OI0012236,O007601,P017,1,18.94,18.94
OI0012237,O007601,P067,1,46.95,46.95
OI0012238,O007602,P101,2,43.91,87.82
OI0012239,O007602,P047,1,23.25,23.25
OI0012240,O007603,P074,1,32.9,32.9
OI0012241,O007604,P107,1,52.87,52.87
OI0012242,O007605,P063,1,28.7,28.7
OI0012243,O007606,P069,1,24.0,24.0
OI0012244,O007606,P004,2,66.5,133.0
OI0012245,O007606,P062,1,53.16,53.16
OI0012246,O007607,P055,2,69.18,138.36
OI0012247,O007607,P047,1,23.25,23.25
OI0012248,O007608,P041,1,25.86,25.86
OI0012249,O007609,P068,1,29.23,29.23
OI0012250,O007609,P112,1,35.49,35.49
OI0012251,O007610,P052,1,44.73,44.73
OI0012252,O007610,P093,2,45.3,90.6
OI0012253,O007610,P061,2,33.13,66.26
OI0012254,O007611,P033,2,87.02,174.04
OI0012255,O007611,P089,1,26.52,26.52
OI0012256,O007612,P091,1,37.89,37.89
OI0012257,O007613,P025,1,37.52,37.52
OI0012258,O007613,P056,1,18.69,18.69
OI0012259,O007614,P053,1,40.97,40.97
OI0012260,O007615,P091,1,37.89,37.89
OI0012261,O007616,P037,1,33.58,33.58
OI0012262,O007616,P023,1,54.75,54.75
OI0012263,O007616,P001,1,66.04,66.04
OI0012264,O007617,P077,1,144.76,144.76
OI0012265,O007617,P108,1,34.32,34.32
OI0012266,O007617,P071,1,141.44,141.44
OI0012267,O007618,P054,1,53.62,53.62
OI0012268,O007618,P111,3,29.11,87.33
OI0012269,O007618,P057,1,112.54,112.54
OI0012270,O007619,P041,1,25.86,25.86
OI0012271,O007620,P090,1,55.52,55.52
OI0012272,O007621,P044,1,63.71,63.71
OI0012273,O007621,P087,1,29.25,29.25
OI0012274,O007622,P048,1,37.04,37.04
OI0012275,O007622,P096,1,86.58,86.58
OI0012276,O007623,P061,1,33.13,33.13
OI0012277,O007624,P105,1,73.93,73.93
OI0012278,O007625,P025,1,37.52,37.52
OI0012279,O007625,P102,1,56.61,56.61
OI0012280,O007626,P040,2,40.11,80.22
OI0012281,O007626,P091,1,37.89,37.89
OI0012282,O007627,P112,1,35.49,35.49
OI0012283,O007628,P095,3,69.05,207.15
OI0012284,O007628,P120,2,46.49,92.98
OI0012285,O007629,P098,1,57.37,57.37
OI0012286,O007629,P097,2,20.46,40.92
OI0012287,O007629,P002,1,30.14,30.14
OI0012288,O007630,P037,1,33.58,33.58
OI0012289,O007631,P015,1,31.17,31.17
OI0012290,O007632,P011,1,39.95,39.95
OI0012291,O007633,P102,1,56.61,56.61
OI0012292,O007633,P017,1,18.94,18.94
OI0012293,O007633,P026,1,27.66,27.66
OI0012294,O007633,P006,1,132.21,132.21
OI0012295,O007634,P015,1,31.17,31.17
OI0012296,O007635,P042,2,41.11,82.22
OI0012297,O007636,P067,2,46.95,93.9
OI0012298,O007636,P079,2,23.65,47.3
OI0012299,O007636,P030,2,57.05,114.1
OI0012300,O007637,P054,2,53.62,107.24
OI0012301,O007638,P010,1,44.59,44.59
OI0012302,O007638,P001,1,66.04,66.04
OI0012303,O007639,P071,1,141.44,141.44
OI0012304,O007639,P108,1,34.32,34.32
OI0012305,O007639,P105,2,73.93,147.86
OI0012306,O007640,P067,1,46.95,46.95
OI0012307,O007641,P040,2,40.11,80.22
OI0012308,O007642,P050,1,19.41,19.41
OI0012309,O007643,P053,1,40.97,40.97
OI0012310,O007644,P091,1,37.89,37.89
OI0012311,O007644,P051,1,11.22,11.22
OI0012312,O007645,P028,2,129.35,258.7
OI0012313,O007645,P044,1,63.71,63.71
OI0012314,O007646,P012,1,51.32,51.32
OI0012315,O007646,P098,1,57.37,57.37
OI0012316,O007647,P042,2,41.11,82.22
OI0012317,O007648,P109,1,81.27,81.27
OI0012318,O007648,P038,1,64.8,64.8
OI0012319,O007649,P056,1,18.69,18.69
OI0012320,O007650,P033,1,87.02,87.02
OI0012321,O007650,P009,1,37.92,37.92
OI0012322,O007651,P009,1,37.92,37.92
OI0012323,O007651,P100,1,26.88,26.88
OI0012324,O007652,P067,1,46.95,46.95
OI0012325,O007652,P041,1,25.86,25.86
OI0012326,O007653,P073,1,45.97,45.97
OI0012327,O007654,P065,2,41.82,83.64
OI0012328,O007654,P020,1,30.3,30.3
OI0012329,O007655,P064,1,16.79,16.79
OI0012330,O007656,P010,1,44.59,44.59
OI0012331,O007656,P049,1,42.57,42.57
OI0012332,O007657,P060,1,41.59,41.59
OI0012333,O007658,P028,1,129.35,129.35
OI0012334,O007659,P079,2,23.65,47.3
OI0012335,O007660,P054,3,53.62,160.86
OI0012336,O007660,P118,1,22.9,22.9
OI0012337,O007660,P059,1,68.57,68.57
OI0012338,O007661,P013,2,12.37,24.74
OI0012339,O007662,P082,1,34.81,34.81
OI0012340,O007662,P045,1,30.38,30.38
OI0012341,O007663,P064,3,16.79,50.37
OI0012342,O007663,P081,1,22.73,22.73
OI0012343,O007663,P003,1,36.05,36.05
OI0012344,O007664,P118,1,22.9,22.9
OI0012345,O007664,P001,1,66.04,66.04
OI0012346,O007664,P070,1,47.52,47.52
OI0012347,O007665,P016,1,59.7,59.7
OI0012348,O007666,P070,1,47.52,47.52
OI0012349,O007667,P102,1,56.61,56.61
OI0012350,O007667,P019,1,13.12,13.12
OI0012351,O007667,P076,1,38.28,38.28
OI0012352,O007668,P090,1,55.52,55.52
OI0012353,O007669,P055,1,69.18,69.18
OI0012354,O007670,P071,2,141.44,282.88
OI0012355,O007671,P018,1,12.14,12.14
OI0012356,O007672,P091,1,37.89,37.89
OI0012357,O007672,P104,1,44.1,44.1
OI0012358,O007673,P030,1,57.05,57.05
OI0012359,O007673,P079,1,23.65,23.65
OI0012360,O007674,P006,1,132.21,132.21
OI0012361,O007674,P054,2,53.62,107.24
OI0012362,O007674,P042,1,41.11,41.11
OI0012363,O007675,P051,1,11.22,11.22
OI0012364,O007676,P057,1,112.54,112.54
OI0012365,O007677,P041,2,25.86,51.72
OI0012366,O007677,P009,1,37.92,37.92
OI0012367,O007677,P094,1,17.7,17.7
OI0012368,O007678,P044,1,63.71,63.71
OI0012369,O007678,P054,1,53.62,53.62
OI0012370,O007679,P055,1,69.18,69.18
OI0012371,O007680,P026,2,27.66,55.32
OI0012372,O007681,P008,1,46.52,46.52
OI0012373,O007681,P062,1,53.16,53.16
OI0012374,O007681,P006,1,132.21,132.21
OI0012375,O007681,P114,1,27.37,27.37
OI0012376,O007682,P050,1,19.41,19.41
OI0012377,O007683,P031,1,32.22,32.22
OI0012378,O007684,P035,1,23.65,23.65
OI0012379,O007684,P087,1,29.25,29.25
OI0012380,O007685,P009,1,37.92,37.92
OI0012381,O007685,P026,3,27.66,82.98
OI0012382,O007686,P046,1,38.99,38.99
OI0012383,O007686,P054,1,53.62,53.62
OI0012384,O007687,P070,1,47.52,47.52
OI0012385,O007688,P050,1,19.41,19.41
OI0012386,O007689,P062,2,53.16,106.32
OI0012387,O007689,P069,1,24.0,24.0
OI0012388,O007689,P051,2,11.22,22.44
OI0012389,O007690,P084,1,30.69,30.69
OI0012390,O007691,P023,1,54.75,54.75
OI0012391,O007692,P024,1,84.49,84.49
OI0012392,O007693,P044,1,63.71,63.71
OI0012393,O007693,P074,2,32.9,65.8
OI0012394,O007694,P091,3,37.89,113.67
OI0012395,O007695,P029,1,25.98,25.98
OI0012396,O007695,P074,1,32.9,32.9
OI0012397,O007696,P005,1,49.25,49.25
OI0012398,O007697,P029,1,25.98,25.98
OI0012399,O007698,P108,1,34.32,34.32
OI0012400,O007699,P084,1,30.69,30.69
OI0012401,O007700,P032,1,17.4,17.4
OI0012402,O007701,P070,1,47.52,47.52
OI0012403,O007701,P118,1,22.9,22.9
OI0012404,O007702,P104,1,44.1,44.1
OI0012405,O007702,P081,1,22.73,22.73
OI0012406,O007702,P065,1,41.82,41.82
OI0012407,O007703,P026,3,27.66,82.98
OI0012408,O007703,P047,1,23.25,23.25
OI0012409,O007704,P018,1,12.14,12.14
OI0012410,O007705,P112,1,35.49,35.49
OI0012411,O007705,P118,1,22.9,22.9
OI0012412,O007705,P019,1,13.12,13.12
OI0012413,O007706,P094,1,17.7,17.7
OI0012414,O007706,P014,1,102.77,102.77
OI0012415,O007706,P072,2,14.56,29.12
OI0012416,O007707,P019,1,13.12,13.12
OI0012417,O007707,P079,1,23.65,23.65
OI0012418,O007708,P071,1,141.44,141.44
OI0012419,O007708,P017,1,18.94,18.94
OI0012420,O007708,P019,1,13.12,13.12
OI0012421,O007709,P020,1,30.3,30.3
OI0012422,O007709,P016,1,59.7,59.7
OI0012423,O007710,P057,1,112.54,112.54
OI0012424,O007710,P086,1,80.82,80.82
OI0012425,O007711,P073,1,45.97,45.97
OI0012426,O007712,P070,3,47.52,142.56
OI0012427,O007713,P055,1,69.18,69.18
OI0012428,O007713,P047,1,23.25,23.25
OI0012429,O007714,P048,1,37.04,37.04
OI0012430,O007715,P036,1,16.55,16.55
OI0012431,O007716,P022,1,43.57,43.57
OI0012432,O007717,P044,1,63.71,63.71
OI0012433,O007717,P115,1,42.04,42.04
OI0012434,O007718,P019,1,13.12,13.12
OI0012435,O007719,P106,1,47.23,47.23
OI0012436,O007720,P088,1,28.36,28.36
OI0012437,O007720,P057,1,112.54,112.54
OI0012438,O007720,P054,1,53.62,53.62
OI0012439,O007720,P049,2,42.57,85.14
OI0012440,O007721,P047,2,23.25,46.5
OI0012441,O007721,P100,2,26.88,53.76
OI0012442,O007722,P044,1,63.71,63.71
OI0012443,O007722,P041,2,25.86,51.72
OI0012444,O007723,P096,1,86.58,86.58
OI0012445,O007724,P089,2,26.52,53.04
OI0012446,O007725,P047,1,23.25,23.25
OI0012447,O007725,P083,1,30.7,30.7
OI0012448,O007725,P060,1,41.59,41.59
OI0012449,O007726,P003,1,36.05,36.05
OI0012450,O007726,P008,1,46.52,46.52
OI0012451,O007726,P098,1,57.37,57.37
OI0012452,O007726,P090,1,55.52,55.52
OI0012453,O007727,P098,2,57.37,114.74
OI0012454,O007727,P068,1,29.23,29.23
OI0012455,O007727,P112,1,35.49,35.49
OI0012456,O007728,P071,1,141.44,141.44
OI0012457,O007728,P100,1,26.88,26.88
OI0012458,O007729,P025,1,37.52,37.52
OI0012459,O007729,P081,1,22.73,22.73
OI0012460,O007729,P102,1,56.61,56.61
OI0012461,O007729,P016,1,59.7,59.7
OI0012462,O007730,P015,1,31.17,31.17
OI0012463,O007730,P046,1,38.99,38.99
OI0012464,O007730,P101,1,43.91,43.91
OI0012465,O007731,P076,1,38.28,38.28
OI0012466,O007732,P087,1,29.25,29.25
OI0012467,O007732,P083,1,30.7,30.7
OI0012468,O007733,P037,1,33.58,33.58
OI0012469,O007733,P019,2,13.12,26.24
OI0012470,O007733,P095,1,69.05,69.05
OI0012471,O007734,P037,1,33.58,33.58
OI0012472,O007735,P024,1,84.49,84.49
OI0012473,O007736,P045,2,30.38,60.76
OI0012474,O007736,P016,2,59.7,119.4
OI0012475,O007737,P056,1,18.69,18.69
OI0012476,O007737,P081,1,22.73,22.73
OI0012477,O007737,P069,1,24.0,24.0
OI0012478,O007738,P103,1,65.04,65.04
OI0012479,O007739,P071,1,141.44,141.44
OI0012480,O007739,P022,1,43.57,43.57
OI0012481,O007739,P088,2,28.36,56.72
OI0012482,O007739,P081,1,22.73,22.73
OI0012483,O007740,P031,1,32.22,32.22
OI0012484,O007741,P031,1,32.22,32.22
OI0012485,O007742,P020,2,30.3,60.6
OI0012486,O007743,P057,1,112.54,112.54
OI0012487,O007743,P104,1,44.1,44.1
OI0012488,O007744,P014,2,102.77,205.54
OI0012489,O007745,P049,1,42.57,42.57
OI0012490,O007746,P101,1,43.91,43.91
OI0012491,O007747,P073,1,45.97,45.97
OI0012492,O007748,P096,1,86.58,86.58
OI0012493,O007749,P061,1,33.13,33.13
OI0012494,O007749,P032,1,17.4,17.4
OI0012495,O007750,P014,1,102.77,102.77
OI0012496,O007751,P044,2,63.71,127.42
OI0012497,O007752,P074,3,32.9,98.7
OI0012498,O007753,P056,1,18.69,18.69
OI0012499,O007754,P091,1,37.89,37.89
OI0012500,O007754,P106,1,47.23,47.23
OI0012501,O007754,P001,1,66.04,66.04
OI0012502,O007755,P088,1,28.36,28.36
OI0012503,O007756,P076,1,38.28,38.28
OI0012504,O007757,P044,2,63.71,127.42
OI0012505,O007757,P006,1,132.21,132.21
OI0012506,O007758,P015,1,31.17,31.17
OI0012507,O007759,P086,1,80.82,80.82
OI0012508,O007759,P076,1,38.28,38.28
OI0012509,O007759,P103,2,65.04,130.08
OI0012510,O007760,P098,1,57.37,57.37
OI0012511,O007760,P086,1,80.82,80.82
OI0012512,O007760,P007,1,39.99,39.99
OI0012513,O007761,P042,1,41.11,41.11
OI0012514,O007761,P031,1,32.22,32.22
OI0012515,O007762,P097,1,20.46,20.46
OI0012516,O007763,P045,1,30.38,30.38
OI0012517,O007763,P004,1,66.5,66.5
OI0012518,O007763,P067,1,46.95,46.95
OI0012519,O007764,P016,1,59.7,59.7
OI0012520,O007765,P112,2,35.49,70.98
OI0012521,O007765,P010,1,44.59,44.59
OI0012522,O007766,P019,1,13.12,13.12
OI0012523,O007767,P085,1,11.15,11.15
OI0012524,O007768,P056,1,18.69,18.69
OI0012525,O007768,P053,1,40.97,40.97
OI0012526,O007769,P038,1,64.8,64.8
OI0012527,O007770,P013,1,12.37,12.37
OI0012528,O007770,P085,1,11.15,11.15
OI0012529,O007770,P010,1,44.59,44.59
OI0012530,O007771,P072,1,14.56,14.56
OI0012531,O007772,P076,1,38.28,38.28
OI0012532,O007773,P045,1,30.38,30.38
OI0012533,O007774,P050,1,19.41,19.41
OI0012534,O007775,P003,1,36.05,36.05
OI0012535,O007775,P105,1,73.93,73.93
OI0012536,O007776,P088,1,28.36,28.36
OI0012537,O007776,P019,1,13.12,13.12
OI0012538,O007776,P017,1,18.94,18.94
OI0012539,O007777,P060,2,41.59,83.18
OI0012540,O007777,P029,2,25.98,51.96
OI0012541,O007777,P103,1,65.04,65.04
OI0012542,O007778,P119,2,34.08,68.16
OI0012543,O007778,P075,1,44.36,44.36
OI0012544,O007779,P117,1,27.82,27.82
OI0012545,O007779,P093,1,45.3,45.3
OI0012546,O007779,P107,1,52.87,52.87
OI0012547,O007780,P057,1,112.54,112.54
OI0012548,O007781,P080,1,64.69,64.69
OI0012549,O007782,P045,1,30.38,30.38
OI0012550,O007783,P029,1,25.98,25.98
OI0012551,O007784,P072,1,14.56,14.56
OI0012552,O007785,P071,1,141.44,141.44
OI0012553,O007786,P038,1,64.8,64.8
OI0012554,O007786,P100,1,26.88,26.88
OI0012555,O007786,P029,1,25.98,25.98
OI0012556,O007787,P079,1,23.65,23.65
OI0012557,O007788,P078,1,34.46,34.46
OI0012558,O007789,P017,1,18.94,18.94
OI0012559,O007790,P037,2,33.58,67.16
OI0012560,O007790,P060,1,41.59,41.59
OI0012561,O007791,P033,1,87.02,87.02
OI0012562,O007791,P031,1,32.22,32.22
OI0012563,O007792,P068,1,29.23,29.23
OI0012564,O007793,P003,1,36.05,36.05
OI0012565,O007794,P068,1,29.23,29.23
OI0012566,O007795,P023,1,54.75,54.75
OI0012567,O007795,P057,1,112.54,112.54
OI0012568,O007796,P028,1,129.35,129.35
OI0012569,O007797,P036,1,16.55,16.55
OI0012570,O007797,P008,1,46.52,46.52
OI0012571,O007798,P051,2,11.22,22.44
OI0012572,O007799,P032,1,17.4,17.4
OI0012573,O007800,P028,1,129.35,129.35
OI0012574,O007800,P060,1,41.59,41.59
OI0012575,O007800,P041,1,25.86,25.86
OI0012576,O007801,P098,1,57.37,57.37
OI0012577,O007801,P119,1,34.08,34.08
OI0012578,O007802,P019,1,13.12,13.12
OI0012579,O007802,P060,1,41.59,41.59
OI0012580,O007803,P036,1,16.55,16.55
OI0012581,O007804,P110,1,82.9,82.9
OI0012582,O007804,P107,1,52.87,52.87
OI0012583,O007804,P077,1,144.76,144.76
OI0012584,O007805,P119,1,34.08,34.08
OI0012585,O007805,P021,1,51.23,51.23
OI0012586,O007806,P026,1,27.66,27.66
OI0012587,O007807,P073,2,45.97,91.94
OI0012588,O007808,P047,2,23.25,46.5
OI0012589,O007809,P069,1,24.0,24.0
OI0012590,O007810,P006,1,132.21,132.21
OI0012591,O007811,P060,1,41.59,41.59
OI0012592,O007811,P114,3,27.37,82.11
OI0012593,O007812,P007,1,39.99,39.99
OI0012594,O007813,P068,1,29.23,29.23
OI0012595,O007814,P091,1,37.89,37.89
OI0012596,O007814,P117,2,27.82,55.64
OI0012597,O007814,P078,2,34.46,68.92
OI0012598,O007815,P089,2,26.52,53.04
OI0012599,O007816,P043,1,23.06,23.06
OI0012600,O007817,P065,2,41.82,83.64
OI0012601,O007817,P112,1,35.49,35.49
OI0012602,O007817,P019,1,13.12,13.12
OI0012603,O007817,P012,1,51.32,51.32
OI0012604,O007818,P115,1,42.04,42.04
OI0012605,O007819,P082,1,34.81,34.81
OI0012606,O007820,P011,1,39.95,39.95
OI0012607,O007821,P033,1,87.02,87.02
OI0012608,O007822,P110,1,82.9,82.9
OI0012609,O007822,P062,1,53.16,53.16
OI0012610,O007822,P026,2,27.66,55.32
OI0012611,O007823,P016,1,59.7,59.7
OI0012612,O007824,P076,1,38.28,38.28
OI0012613,O007824,P094,1,17.7,17.7
OI0012614,O007825,P055,3,69.18,207.54
OI0012615,O007825,P052,1,44.73,44.73
OI0012616,O007826,P003,1,36.05,36.05
OI0012617,O007826,P058,1,47.56,47.56
OI0012618,O007827,P030,1,57.05,57.05
OI0012619,O007828,P074,1,32.9,32.9
OI0012620,O007829,P007,1,39.99,39.99
OI0012621,O007829,P018,1,12.14,12.14
OI0012622,O007830,P075,2,44.36,88.72
OI0012623,O007831,P070,1,47.52,47.52
OI0012624,O007832,P014,2,102.77,205.54
OI0012625,O007832,P079,1,23.65,23.65
OI0012626,O007833,P077,1,144.76,144.76
OI0012627,O007834,P007,1,39.99,39.99
OI0012628,O007835,P056,1,18.69,18.69
OI0012629,O007835,P116,1,38.35,38.35
OI0012630,O007836,P087,3,29.25,87.75
OI0012631,O007837,P110,2,82.9,165.8
OI0012632,O007837,P072,1,14.56,14.56
OI0012633,O007838,P107,1,52.87,52.87
OI0012634,O007839,P007,1,39.99,39.99
OI0012635,O007839,P097,1,20.46,20.46
OI0012636,O007839,P071,1,141.44,141.44
OI0012637,O007840,P099,1,46.77,46.77
OI0012638,O007840,P104,1,44.1,44.1
OI0012639,O007841,P045,1,30.38,30.38
OI0012640,O007841,P056,1,18.69,18.69
OI0012641,O007841,P071,1,141.44,141.44
OI0012642,O007842,P022,2,43.57,87.14
OI0012643,O007843,P026,1,27.66,27.66
OI0012644,O007843,P057,1,112.54,112.54
OI0012645,O007844,P043,1,23.06,23.06
OI0012646,O007844,P047,1,23.25,23.25
OI0012647,O007845,P049,1,42.57,42.57
OI0012648,O007845,P056,1,18.69,18.69
OI0012649,O007846,P119,1,34.08,34.08
OI0012650,O007847,P092,1,58.39,58.39
OI0012651,O007847,P037,1,33.58,33.58
OI0012652,O007848,P050,2,19.41,38.82
OI0012653,O007849,P041,1,25.86,25.86
OI0012654,O007850,P089,1,26.52,26.52
OI0012655,O007851,P058,2,47.56,95.12
OI0012656,O007852,P035,1,23.65,23.65
OI0012657,O007853,P038,1,64.8,64.8
OI0012658,O007854,P081,2,22.73,45.46
OI0012659,O007854,P098,1,57.37,57.37
OI0012660,O007855,P019,1,13.12,13.12
OI0012661,O007856,P096,1,86.58,86.58
OI0012662,O007857,P022,1,43.57,43.57
OI0012663,O007857,P019,1,13.12,13.12
OI0012664,O007857,P070,1,47.52,47.52
OI0012665,O007858,P060,1,41.59,41.59
OI0012666,O007859,P036,1,16.55,16.55
OI0012667,O007859,P052,1,44.73,44.73
OI0012668,O007860,P080,1,64.69,64.69
OI0012669,O007861,P005,1,49.25,49.25
OI0012670,O007862,P084,1,30.69,30.69
OI0012671,O007862,P047,1,23.25,23.25
OI0012672,O007862,P118,1,22.9,22.9
OI0012673,O007863,P101,2,43.91,87.82
OI0012674,O007863,P066,1,34.67,34.67
OI0012675,O007863,P094,1,17.7,17.7
OI0012676,O007864,P102,1,56.61,56.61
OI0012677,O007865,P071,2,141.44,282.88
OI0012678,O007866,P019,1,13.12,13.12
OI0012679,O007867,P069,1,24.0,24.0
OI0012680,O007868,P068,2,29.23,58.46
OI0012681,O007869,P065,1,41.82,41.82
OI0012682,O007870,P079,1,23.65,23.65
OI0012683,O007871,P003,1,36.05,36.05
OI0012684,O007872,P049,1,42.57,42.57
OI0012685,O007873,P056,1,18.69,18.69
OI0012686,O007874,P069,1,24.0,24.0
OI0012687,O007875,P071,1,141.44,141.44
OI0012688,O007875,P024,1,84.49,84.49
OI0012689,O007876,P102,1,56.61,56.61
OI0012690,O007877,P015,1,31.17,31.17
OI0012691,O007878,P076,1,38.28,38.28
OI0012692,O007878,P036,1,16.55,16.55
OI0012693,O007878,P065,1,41.82,41.82
OI0012694,O007878,P026,1,27.66,27.66
OI0012695,O007879,P092,1,58.39,58.39
OI0012696,O007879,P049,1,42.57,42.57
OI0012697,O007879,P014,1,102.77,102.77
OI0012698,O007880,P061,1,33.13,33.13
OI0012699,O007881,P010,1,44.59,44.59
OI0012700,O007882,P021,1,51.23,51.23
OI0012701,O007883,P030,1,57.05,57.05
OI0012702,O007884,P032,2,17.4,34.8
OI0012703,O007885,P095,1,69.05,69.05
OI0012704,O007886,P044,1,63.71,63.71
OI0012705,O007887,P099,1,46.77,46.77
OI0012706,O007887,P007,1,39.99,39.99
OI0012707,O007888,P107,1,52.87,52.87
OI0012708,O007889,P101,1,43.91,43.91
OI0012709,O007889,P073,1,45.97,45.97
OI0012710,O007889,P085,1,11.15,11.15
OI0012711,O007889,P111,1,29.11,29.11
OI0012712,O007890,P056,1,18.69,18.69
OI0012713,O007890,P110,1,82.9,82.9
OI0012714,O007890,P026,1,27.66,27.66
OI0012715,O007891,P096,1,86.58,86.58
OI0012716,O007891,P098,2,57.37,114.74
OI0012717,O007891,P113,1,35.73,35.73
OI0012718,O007891,P107,1,52.87,52.87
OI0012719,O007892,P094,2,17.7,35.4
OI0012720,O007893,P064,1,16.79,16.79
OI0012721,O007893,P097,1,20.46,20.46
OI0012722,O007894,P119,1,34.08,34.08
OI0012723,O007895,P004,1,66.5,66.5
OI0012724,O007896,P106,1,47.23,47.23
OI0012725,O007897,P050,1,19.41,19.41
OI0012726,O007897,P077,1,144.76,144.76
OI0012727,O007897,P073,1,45.97,45.97
OI0012728,O007898,P055,1,69.18,69.18
OI0012729,O007898,P088,1,28.36,28.36
OI0012730,O007898,P045,1,30.38,30.38
OI0012731,O007898,P106,2,47.23,94.46
OI0012732,O007899,P069,1,24.0,24.0
OI0012733,O007899,P073,1,45.97,45.97
OI0012734,O007900,P065,1,41.82,41.82
OI0012735,O007900,P087,1,29.25,29.25
OI0012736,O007900,P054,1,53.62,53.62
OI0012737,O007901,P077,1,144.76,144.76
OI0012738,O007902,P067,1,46.95,46.95
OI0012739,O007903,P043,1,23.06,23.06
OI0012740,O007904,P028,1,129.35,129.35
OI0012741,O007905,P022,1,43.57,43.57
OI0012742,O007905,P115,1,42.04,42.04
OI0012743,O007905,P061,1,33.13,33.13
OI0012744,O007906,P113,1,35.73,35.73
OI0012745,O007907,P050,2,19.41,38.82
OI0012746,O007907,P042,1,41.11,41.11
OI0012747,O007908,P038,1,64.8,64.8
OI0012748,O007908,P025,1,37.52,37.52
OI0012749,O007908,P020,1,30.3,30.3
OI0012750,O007909,P075,1,44.36,44.36
OI0012751,O007910,P064,1,16.79,16.79
OI0012752,O007911,P120,1,46.49,46.49
OI0012753,O007912,P105,1,73.93,73.93
OI0012754,O007912,P083,1,30.7,30.7
OI0012755,O007913,P082,1,34.81,34.81
OI0012756,O007914,P055,2,69.18,138.36
OI0012757,O007915,P106,1,47.23,47.23
OI0012758,O007915,P039,1,31.96,31.96
OI0012759,O007916,P017,1,18.94,18.94
OI0012760,O007917,P077,1,144.76,144.76
OI0012761,O007917,P031,1,32.22,32.22
OI0012762,O007917,P080,1,64.69,64.69
OI0012763,O007918,P075,2,44.36,88.72
OI0012764,O007919,P044,1,63.71,63.71
OI0012765,O007920,P118,1,22.9,22.9
OI0012766,O007920,P032,1,17.4,17.4
OI0012767,O007920,P033,1,87.02,87.02
OI0012768,O007921,P094,1,17.7,17.7
OI0012769,O007922,P102,1,56.61,56.61
OI0012770,O007923,P119,1,34.08,34.08
OI0012771,O007924,P054,1,53.62,53.62
OI0012772,O007924,P050,1,19.41,19.41
OI0012773,O007925,P093,1,45.3,45.3
OI0012774,O007926,P049,1,42.57,42.57
OI0012775,O007927,P072,1,14.56,14.56
OI0012776,O007928,P101,1,43.91,43.91
OI0012777,O007928,P065,1,41.82,41.82
OI0012778,O007928,P031,1,32.22,32.22
OI0012779,O007929,P044,1,63.71,63.71
OI0012780,O007930,P101,1,43.91,43.91
OI0012781,O007930,P003,1,36.05,36.05
OI0012782,O007931,P020,1,30.3,30.3
OI0012783,O007932,P087,1,29.25,29.25
OI0012784,O007932,P073,1,45.97,45.97
OI0012785,O007932,P075,1,44.36,44.36
OI0012786,O007933,P082,1,34.81,34.81
OI0012787,O007933,P106,1,47.23,47.23
OI0012788,O007934,P045,1,30.38,30.38
OI0012789,O007935,P020,1,30.3,30.3
OI0012790,O007936,P009,1,37.92,37.92
OI0012791,O007937,P092,1,58.39,58.39
OI0012792,O007938,P056,1,18.69,18.69
OI0012793,O007938,P068,1,29.23,29.23
OI0012794,O007938,P104,1,44.1,44.1
OI0012795,O007939,P094,1,17.7,17.7
OI0012796,O007940,P046,1,38.99,38.99
OI0012797,O007940,P097,1,20.46,20.46
OI0012798,O007940,P042,2,41.11,82.22
OI0012799,O007941,P120,1,46.49,46.49
OI0012800,O007941,P019,1,13.12,13.12
OI0012801,O007941,P048,1,37.04,37.04
OI0012802,O007942,P008,1,46.52,46.52
OI0012803,O007943,P119,2,34.08,68.16
OI0012804,O007944,P006,1,132.21,132.21
OI0012805,O007944,P067,1,46.95,46.95
OI0012806,O007944,P011,1,39.95,39.95
OI0012807,O007945,P041,1,25.86,25.86
OI0012808,O007946,P062,3,53.16,159.48
OI0012809,O007947,P108,1,34.32,34.32
OI0012810,O007948,P023,1,54.75,54.75
OI0012811,O007949,P098,1,57.37,57.37
OI0012812,O007950,P021,1,51.23,51.23
OI0012813,O007950,P083,1,30.7,30.7
OI0012814,O007950,P070,1,47.52,47.52
OI0012815,O007951,P080,1,64.69,64.69
OI0012816,O007952,P036,1,16.55,16.55
OI0012817,O007953,P010,1,44.59,44.59
OI0012818,O007953,P099,1,46.77,46.77
OI0012819,O007953,P112,1,35.49,35.49
OI0012820,O007954,P094,1,17.7,17.7
OI0012821,O007954,P105,1,73.93,73.93
OI0012822,O007954,P030,1,57.05,57.05
OI0012823,O007955,P080,1,64.69,64.69
OI0012824,O007956,P102,1,56.61,56.61
OI0012825,O007957,P032,1,17.4,17.4
OI0012826,O007958,P040,1,40.11,40.11
OI0012827,O007958,P006,1,132.21,132.21
OI0012828,O007959,P008,3,46.52,139.56
OI0012829,O007960,P033,1,87.02,87.02
OI0012830,O007961,P063,1,28.7,28.7
OI0012831,O007961,P112,1,35.49,35.49
OI0012832,O007961,P020,1,30.3,30.3
OI0012833,O007962,P095,1,69.05,69.05
OI0012834,O007962,P031,1,32.22,32.22
OI0012835,O007963,P049,1,42.57,42.57
OI0012836,O007964,P077,1,144.76,144.76
OI0012837,O007965,P113,1,35.73,35.73
OI0012838,O007965,P039,1,31.96,31.96
OI0012839,O007966,P016,1,59.7,59.7
OI0012840,O007967,P031,1,32.22,32.22
OI0012841,O007967,P067,1,46.95,46.95
OI0012842,O007967,P003,1,36.05,36.05
OI0012843,O007968,P049,1,42.57,42.57
OI0012844,O007968,P108,1,34.32,34.32
OI0012845,O007968,P017,2,18.94,37.88
OI0012846,O007968,P095,1,69.05,69.05
OI0012847,O007969,P101,1,43.91,43.91
OI0012848,O007969,P019,1,13.12,13.12
OI0012849,O007969,P063,1,28.7,28.7
OI0012850,O007970,P070,1,47.52,47.52
OI0012851,O007971,P074,1,32.9,32.9
OI0012852,O007972,P112,1,35.49,35.49
OI0012853,O007973,P060,1,41.59,41.59
OI0012854,O007974,P058,1,47.56,47.56
OI0012855,O007974,P035,1,23.65,23.65
OI0012856,O007974,P095,1,69.05,69.05
OI0012857,O007975,P069,1,24.0,24.0
OI0012858,O007975,P032,1,17.4,17.4
OI0012859,O007976,P116,1,38.35,38.35
OI0012860,O007976,P002,1,30.14,30.14
OI0012861,O007977,P105,1,73.93,73.93
OI0012862,O007978,P097,1,20.46,20.46
OI0012863,O007979,P062,1,53.16,53.16
OI0012864,O007979,P021,2,51.23,102.46
OI0012865,O007979,P036,1,16.55,16.55
OI0012866,O007980,P092,1,58.39,58.39
OI0012867,O007980,P056,1,18.69,18.69
OI0012868,O007980,P003,1,36.05,36.05
OI0012869,O007981,P106,1,47.23,47.23
OI0012870,O007982,P051,1,11.22,11.22
OI0012871,O007982,P008,1,46.52,46.52
OI0012872,O007983,P091,1,37.89,37.89
OI0012873,O007983,P033,2,87.02,174.04
OI0012874,O007983,P002,2,30.14,60.28
OI0012875,O007983,P050,2,19.41,38.82
OI0012876,O007984,P083,2,30.7,61.4
OI0012877,O007984,P091,1,37.89,37.89
OI0012878,O007984,P102,1,56.61,56.61
OI0012879,O007985,P065,1,41.82,41.82
OI0012880,O007986,P097,1,20.46,20.46
OI0012881,O007986,P011,1,39.95,39.95
OI0012882,O007987,P038,1,64.8,64.8
OI0012883,O007988,P088,1,28.36,28.36
OI0012884,O007988,P007,1,39.99,39.99
OI0012885,O007988,P116,1,38.35,38.35
OI0012886,O007989,P083,1,30.7,30.7
OI0012887,O007990,P040,1,40.11,40.11
OI0012888,O007990,P081,1,22.73,22.73
OI0012889,O007991,P070,1,47.52,47.52
OI0012890,O007992,P029,1,25.98,25.98
OI0012891,O007993,P076,1,38.28,38.28
OI0012892,O007994,P032,1,17.4,17.4
OI0012893,O007994,P120,1,46.49,46.49
OI0012894,O007995,P110,1,82.9,82.9
OI0012895,O007996,P052,1,44.73,44.73
OI0012896,O007997,P119,1,34.08,34.08
OI0012897,O007998,P052,1,44.73,44.73
OI0012898,O007998,P044,1,63.71,63.71
OI0012899,O007998,P021,1,51.23,51.23
OI0012900,O007998,P016,3,59.7,179.1
OI0012901,O007999,P113,1,35.73,35.73
OI0012902,O008000,P039,1,31.96,31.96
OI0012903,O008000,P050,1,19.41,19.41
OI0012904,O008001,P066,1,34.67,34.67
OI0012905,O008001,P087,1,29.25,29.25
OI0012906,O008001,P035,1,23.65,23.65
OI0012907,O008002,P022,1,43.57,43.57
OI0012908,O008002,P047,3,23.25,69.75
OI0012909,O008003,P026,1,27.66,27.66
OI0012910,O008003,P012,1,51.32,51.32
OI0012911,O008004,P006,1,132.21,132.21
OI0012912,O008005,P002,1,30.14,30.14
OI0012913,O008006,P059,2,68.57,137.14
OI0012914,O008007,P056,2,18.69,37.38
OI0012915,O008007,P022,3,43.57,130.71
OI0012916,O008008,P099,1,46.77,46.77
OI0012917,O008008,P061,2,33.13,66.26
OI0012918,O008008,P019,1,13.12,13.12
OI0012919,O008009,P032,1,17.4,17.4
OI0012920,O008009,P064,1,16.79,16.79
OI0012921,O008010,P118,1,22.9,22.9
OI0012922,O008010,P035,1,23.65,23.65
OI0012923,O008010,P068,1,29.23,29.23
OI0012924,O008011,P045,1,30.38,30.38
OI0012925,O008012,P004,1,66.5,66.5
OI0012926,O008013,P008,2,46.52,93.04
OI0012927,O008013,P016,1,59.7,59.7
OI0012928,O008014,P112,1,35.49,35.49
OI0012929,O008014,P030,1,57.05,57.05
OI0012930,O008015,P094,1,17.7,17.7
OI0012931,O008016,P111,1,29.11,29.11
OI0012932,O008017,P071,1,141.44,141.44
OI0012933,O008017,P118,1,22.9,22.9
OI0012934,O008018,P049,1,42.57,42.57
OI0012935,O008018,P012,1,51.32,51.32
OI0012936,O008018,P028,1,129.35,129.35
OI0012937,O008019,P069,1,24.0,24.0
OI0012938,O008019,P029,1,25.98,25.98
OI0012939,O008019,P046,1,38.99,38.99
OI0012940,O008020,P033,1,87.02,87.02
OI0012941,O008021,P099,1,46.77,46.77
OI0012942,O008022,P064,1,16.79,16.79
OI0012943,O008023,P007,1,39.99,39.99
OI0012944,O008023,P111,1,29.11,29.11
OI0012945,O008024,P120,2,46.49,92.98
OI0012946,O008024,P102,3,56.61,169.83
OI0012947,O008024,P004,1,66.5,66.5
OI0012948,O008024,P052,1,44.73,44.73
OI0012949,O008025,P024,1,84.49,84.49
OI0012950,O008026,P013,1,12.37,12.37
OI0012951,O008026,P030,1,57.05,57.05
OI0012952,O008026,P067,1,46.95,46.95
OI0012953,O008027,P077,2,144.76,289.52
OI0012954,O008028,P074,1,32.9,32.9
OI0012955,O008029,P023,1,54.75,54.75
OI0012956,O008030,P038,3,64.8,194.4
OI0012957,O008031,P094,1,17.7,17.7
OI0012958,O008032,P042,2,41.11,82.22
OI0012959,O008033,P118,1,22.9,22.9
OI0012960,O008033,P041,1,25.86,25.86
OI0012961,O008034,P095,1,69.05,69.05
OI0012962,O008035,P072,1,14.56,14.56
OI0012963,O008035,P054,1,53.62,53.62
OI0012964,O008035,P025,1,37.52,37.52
OI0012965,O008036,P011,3,39.95,119.85
OI0012966,O008036,P083,2,30.7,61.4
OI0012967,O008037,P094,1,17.7,17.7
OI0012968,O008038,P105,1,73.93,73.93
OI0012969,O008039,P032,1,17.4,17.4
OI0012970,O008039,P113,1,35.73,35.73
OI0012971,O008040,P009,1,37.92,37.92
OI0012972,O008041,P046,1,38.99,38.99
OI0012973,O008041,P037,1,33.58,33.58
OI0012974,O008041,P023,1,54.75,54.75
OI0012975,O008041,P013,1,12.37,12.37
OI0012976,O008042,P064,1,16.79,16.79
OI0012977,O008042,P096,2,86.58,173.16
OI0012978,O008043,P036,2,16.55,33.1
OI0012979,O008043,P081,1,22.73,22.73
OI0012980,O008043,P029,2,25.98,51.96
OI0012981,O008044,P001,1,66.04,66.04
OI0012982,O008045,P017,1,18.94,18.94
OI0012983,O008045,P043,2,23.06,46.12
OI0012984,O008046,P046,2,38.99,77.98
OI0012985,O008047,P092,1,58.39,58.39
OI0012986,O008048,P055,1,69.18,69.18
OI0012987,O008048,P115,2,42.04,84.08
OI0012988,O008049,P112,2,35.49,70.98
OI0012989,O008049,P084,1,30.69,30.69
OI0012990,O008050,P098,1,57.37,57.37
OI0012991,O008050,P106,1,47.23,47.23
OI0012992,O008050,P056,1,18.69,18.69
OI0012993,O008051,P118,1,22.9,22.9
OI0012994,O008052,P046,1,38.99,38.99
OI0012995,O008052,P023,1,54.75,54.75
OI0012996,O008052,P019,1,13.12,13.12
OI0012997,O008053,P083,1,30.7,30.7
OI0012998,O008054,P016,1,59.7,59.7
OI0012999,O008055,P076,2,38.28,76.56
OI0013000,O008055,P057,1,112.54,112.54
OI0013001,O008055,P008,2,46.52,93.04
OI0013002,O008056,P090,1,55.52,55.52
OI0013003,O008057,P055,1,69.18,69.18
OI0013004,O008058,P049,1,42.57,42.57
OI0013005,O008058,P108,1,34.32,34.32
OI0013006,O008058,P033,1,87.02,87.02
OI0013007,O008059,P005,1,49.25,49.25
OI0013008,O008060,P011,1,39.95,39.95
OI0013009,O008060,P033,1,87.02,87.02
OI0013010,O008061,P084,1,30.69,30.69
OI0013011,O008062,P005,1,49.25,49.25
OI0013012,O008063,P011,1,39.95,39.95
OI0013013,O008064,P103,1,65.04,65.04
OI0013014,O008065,P106,1,47.23,47.23
OI0013015,O008065,P111,1,29.11,29.11
OI0013016,O008066,P089,1,26.52,26.52
OI0013017,O008066,P117,1,27.82,27.82
OI0013018,O008067,P086,1,80.82,80.82
OI0013019,O008068,P060,1,41.59,41.59
OI0013020,O008068,P046,1,38.99,38.99
OI0013021,O008069,P047,1,23.25,23.25
OI0013022,O008069,P046,1,38.99,38.99
OI0013023,O008069,P070,1,47.52,47.52
OI0013024,O008070,P089,1,26.52,26.52
OI0013025,O008071,P080,1,64.69,64.69
OI0013026,O008072,P112,1,35.49,35.49
OI0013027,O008073,P020,1,30.3,30.3
OI0013028,O008074,P053,1,40.97,40.97
OI0013029,O008075,P099,2,46.77,93.54
OI0013030,O008076,P067,2,46.95,93.9
OI0013031,O008077,P018,1,12.14,12.14
OI0013032,O008078,P030,1,57.05,57.05
OI0013033,O008078,P018,1,12.14,12.14
OI0013034,O008078,P063,1,28.7,28.7
OI0013035,O008078,P023,1,54.75,54.75
OI0013036,O008079,P001,1,66.04,66.04
OI0013037,O008079,P064,1,16.79,16.79
OI0013038,O008079,P012,1,51.32,51.32
OI0013039,O008079,P114,1,27.37,27.37
OI0013040,O008080,P005,3,49.25,147.75
OI0013041,O008081,P041,1,25.86,25.86
OI0013042,O008081,P120,1,46.49,46.49
OI0013043,O008081,P114,1,27.37,27.37
OI0013044,O008081,P102,1,56.61,56.61
OI0013045,O008082,P054,1,53.62,53.62
OI0013046,O008082,P106,1,47.23,47.23
OI0013047,O008083,P036,2,16.55,33.1
OI0013048,O008084,P004,1,66.5,66.5
OI0013049,O008085,P005,1,49.25,49.25
OI0013050,O008086,P030,2,57.05,114.1
OI0013051,O008086,P105,1,73.93,73.93
OI0013052,O008087,P015,1,31.17,31.17
OI0013053,O008087,P063,2,28.7,57.4
OI0013054,O008088,P080,1,64.69,64.69
OI0013055,O008088,P046,1,38.99,38.99
OI0013056,O008088,P087,1,29.25,29.25
OI0013057,O008089,P030,1,57.05,57.05
OI0013058,O008090,P114,1,27.37,27.37
OI0013059,O008090,P087,1,29.25,29.25
OI0013060,O008091,P063,1,28.7,28.7
OI0013061,O008092,P022,1,43.57,43.57
OI0013062,O008092,P091,1,37.89,37.89
OI0013063,O008092,P061,1,33.13,33.13
OI0013064,O008093,P048,1,37.04,37.04
OI0013065,O008093,P059,1,68.57,68.57
OI0013066,O008094,P103,1,65.04,65.04
OI0013067,O008094,P021,2,51.23,102.46
OI0013068,O008095,P117,2,27.82,55.64
OI0013069,O008096,P087,1,29.25,29.25
OI0013070,O008097,P097,1,20.46,20.46
OI0013071,O008097,P061,1,33.13,33.13
OI0013072,O008098,P089,1,26.52,26.52
OI0013073,O008098,P067,1,46.95,46.95
OI0013074,O008099,P079,1,23.65,23.65
OI0013075,O008100,P084,1,30.69,30.69
OI0013076,O008101,P080,1,64.69,64.69
OI0013077,O008101,P016,1,59.7,59.7
OI0013078,O008101,P108,1,34.32,34.32
OI0013079,O008102,P072,1,14.56,14.56
OI0013080,O008102,P060,1,41.59,41.59
OI0013081,O008102,P055,1,69.18,69.18
OI0013082,O008103,P060,1,41.59,41.59
OI0013083,O008103,P077,1,144.76,144.76
OI0013084,O008104,P116,1,38.35,38.35
OI0013085,O008105,P006,1,132.21,132.21
OI0013086,O008106,P048,1,37.04,37.04
OI0013087,O008107,P099,1,46.77,46.77
OI0013088,O008107,P039,1,31.96,31.96
OI0013089,O008107,P021,1,51.23,51.23
OI0013090,O008107,P112,2,35.49,70.98
OI0013091,O008108,P013,1,12.37,12.37
OI0013092,O008109,P120,1,46.49,46.49
OI0013093,O008110,P078,1,34.46,34.46
OI0013094,O008111,P092,1,58.39,58.39
OI0013095,O008111,P071,1,141.44,141.44
OI0013096,O008112,P050,1,19.41,19.41
OI0013097,O008113,P099,1,46.77,46.77
OI0013098,O008114,P105,1,73.93,73.93
OI0013099,O008115,P036,1,16.55,16.55
OI0013100,O008116,P048,1,37.04,37.04
OI0013101,O008116,P062,1,53.16,53.16
OI0013102,O008116,P097,1,20.46,20.46
OI0013103,O008116,P031,1,32.22,32.22
OI0013104,O008117,P073,1,45.97,45.97
OI0013105,O008118,P094,1,17.7,17.7
OI0013106,O008119,P059,1,68.57,68.57
OI0013107,O008120,P007,3,39.99,119.97
OI0013108,O008121,P074,1,32.9,32.9
OI0013109,O008122,P093,1,45.3,45.3
OI0013110,O008123,P117,1,27.82,27.82
OI0013111,O008124,P060,1,41.59,41.59
OI0013112,O008125,P013,2,12.37,24.74
OI0013113,O008125,P061,1,33.13,33.13
OI0013114,O008126,P069,1,24.0,24.0
OI0013115,O008127,P111,1,29.11,29.11
OI0013116,O008128,P008,2,46.52,93.04
OI0013117,O008129,P043,1,23.06,23.06
OI0013118,O008130,P038,1,64.8,64.8
OI0013119,O008131,P038,1,64.8,64.8
OI0013120,O008132,P061,1,33.13,33.13
OI0013121,O008133,P097,2,20.46,40.92
OI0013122,O008133,P096,1,86.58,86.58
OI0013123,O008133,P012,1,51.32,51.32
OI0013124,O008134,P003,1,36.05,36.05
OI0013125,O008135,P021,1,51.23,51.23
OI0013126,O008136,P037,1,33.58,33.58
OI0013127,O008137,P070,1,47.52,47.52
OI0013128,O008138,P019,1,13.12,13.12
OI0013129,O008139,P085,1,11.15,11.15
OI0013130,O008140,P040,1,40.11,40.11
OI0013131,O008140,P105,1,73.93,73.93
OI0013132,O008141,P005,2,49.25,98.5
OI0013133,O008142,P101,1,43.91,43.91
OI0013134,O008142,P042,1,41.11,41.11
OI0013135,O008143,P077,1,144.76,144.76
OI0013136,O008143,P023,1,54.75,54.75
OI0013137,O008143,P112,2,35.49,70.98
OI0013138,O008144,P008,2,46.52,93.04
OI0013139,O008145,P022,1,43.57,43.57
OI0013140,O008146,P078,1,34.46,34.46
OI0013141,O008146,P082,2,34.81,69.62
OI0013142,O008146,P008,2,46.52,93.04
OI0013143,O008147,P051,1,11.22,11.22
OI0013144,O008148,P093,1,45.3,45.3
OI0013145,O008149,P037,1,33.58,33.58
OI0013146,O008150,P060,1,41.59,41.59
OI0013147,O008151,P010,3,44.59,133.77
OI0013148,O008152,P056,1,18.69,18.69
OI0013149,O008152,P045,2,30.38,60.76
OI0013150,O008152,P039,1,31.96,31.96
OI0013151,O008153,P055,1,69.18,69.18
OI0013152,O008154,P044,1,63.71,63.71
OI0013153,O008155,P006,1,132.21,132.21
OI0013154,O008155,P050,1,19.41,19.41
OI0013155,O008156,P004,1,66.5,66.5
OI0013156,O008156,P025,1,37.52,37.52
OI0013157,O008157,P117,1,27.82,27.82
OI0013158,O008157,P010,1,44.59,44.59
OI0013159,O008158,P030,1,57.05,57.05
OI0013160,O008158,P053,1,40.97,40.97
OI0013161,O008158,P005,1,49.25,49.25
OI0013162,O008159,P006,1,132.21,132.21
OI0013163,O008160,P119,1,34.08,34.08
OI0013164,O008160,P078,1,34.46,34.46
OI0013165,O008161,P037,1,33.58,33.58
OI0013166,O008162,P017,1,18.94,18.94
OI0013167,O008162,P029,1,25.98,25.98
OI0013168,O008163,P007,1,39.99,39.99
OI0013169,O008163,P023,1,54.75,54.75
OI0013170,O008164,P012,2,51.32,102.64
OI0013171,O008164,P114,1,27.37,27.37
OI0013172,O008165,P062,1,53.16,53.16
OI0013173,O008166,P036,1,16.55,16.55
OI0013174,O008167,P044,2,63.71,127.42
OI0013175,O008167,P029,2,25.98,51.96
OI0013176,O008168,P077,1,144.76,144.76
OI0013177,O008168,P024,2,84.49,168.98
OI0013178,O008169,P063,1,28.7,28.7
OI0013179,O008170,P061,1,33.13,33.13
OI0013180,O008170,P120,1,46.49,46.49
OI0013181,O008171,P003,1,36.05,36.05
OI0013182,O008171,P054,1,53.62,53.62
OI0013183,O008172,P083,2,30.7,61.4
OI0013184,O008172,P088,1,28.36,28.36
OI0013185,O008173,P002,2,30.14,60.28
OI0013186,O008174,P019,1,13.12,13.12
OI0013187,O008175,P092,1,58.39,58.39
OI0013188,O008176,P071,1,141.44,141.44
OI0013189,O008177,P117,1,27.82,27.82
OI0013190,O008177,P066,1,34.67,34.67
OI0013191,O008178,P112,1,35.49,35.49
OI0013192,O008179,P092,1,58.39,58.39
OI0013193,O008180,P095,1,69.05,69.05
OI0013194,O008181,P049,1,42.57,42.57
OI0013195,O008181,P051,1,11.22,11.22
OI0013196,O008182,P075,2,44.36,88.72
OI0013197,O008183,P001,1,66.04,66.04
OI0013198,O008183,P071,2,141.44,282.88
OI0013199,O008184,P079,2,23.65,47.3
OI0013200,O008185,P112,1,35.49,35.49
OI0013201,O008186,P062,1,53.16,53.16
OI0013202,O008187,P116,1,38.35,38.35
OI0013203,O008188,P011,1,39.95,39.95
OI0013204,O008189,P059,1,68.57,68.57
OI0013205,O008189,P075,2,44.36,88.72
OI0013206,O008190,P108,1,34.32,34.32
OI0013207,O008190,P028,1,129.35,129.35
OI0013208,O008191,P004,1,66.5,66.5
OI0013209,O008192,P059,1,68.57,68.57
OI0013210,O008193,P047,2,23.25,46.5
OI0013211,O008193,P107,1,52.87,52.87
OI0013212,O008193,P052,1,44.73,44.73
OI0013213,O008194,P042,1,41.11,41.11
OI0013214,O008195,P065,1,41.82,41.82
OI0013215,O008195,P011,1,39.95,39.95
OI0013216,O008196,P107,1,52.87,52.87
OI0013217,O008197,P119,1,34.08,34.08
OI0013218,O008197,P001,1,66.04,66.04
OI0013219,O008198,P029,1,25.98,25.98
OI0013220,O008198,P028,1,129.35,129.35
OI0013221,O008199,P024,1,84.49,84.49
OI0013222,O008199,P032,1,17.4,17.4
OI0013223,O008199,P003,1,36.05,36.05
OI0013224,O008200,P009,1,37.92,37.92
OI0013225,O008200,P079,1,23.65,23.65
OI0013226,O008201,P070,1,47.52,47.52
OI0013227,O008201,P087,1,29.25,29.25
OI0013228,O008201,P003,1,36.05,36.05
OI0013229,O008202,P117,2,27.82,55.64
OI0013230,O008202,P009,2,37.92,75.84
OI0013231,O008202,P075,1,44.36,44.36
OI0013232,O008203,P032,2,17.4,34.8
OI0013233,O008204,P022,1,43.57,43.57
OI0013234,O008205,P082,2,34.81,69.62
OI0013235,O008206,P012,1,51.32,51.32
OI0013236,O008207,P023,1,54.75,54.75
OI0013237,O008207,P050,1,19.41,19.41
OI0013238,O008208,P092,1,58.39,58.39
OI0013239,O008208,P115,1,42.04,42.04
OI0013240,O008209,P075,1,44.36,44.36
OI0013241,O008209,P048,1,37.04,37.04
OI0013242,O008210,P087,1,29.25,29.25
OI0013243,O008211,P009,1,37.92,37.92
OI0013244,O008211,P059,1,68.57,68.57
OI0013245,O008212,P066,2,34.67,69.34
OI0013246,O008212,P101,1,43.91,43.91
OI0013247,O008213,P012,1,51.32,51.32
OI0013248,O008214,P067,1,46.95,46.95
OI0013249,O008214,P107,1,52.87,52.87
OI0013250,O008214,P070,1,47.52,47.52
OI0013251,O008215,P082,1,34.81,34.81
OI0013252,O008216,P064,1,16.79,16.79
OI0013253,O008217,P111,1,29.11,29.11
OI0013254,O008217,P019,1,13.12,13.12
OI0013255,O008217,P046,1,38.99,38.99
OI0013256,O008218,P033,2,87.02,174.04
OI0013257,O008219,P074,1,32.9,32.9
OI0013258,O008220,P120,1,46.49,46.49
OI0013259,O008221,P058,1,47.56,47.56
OI0013260,O008221,P069,1,24.0,24.0
OI0013261,O008221,P072,1,14.56,14.56
OI0013262,O008221,P032,1,17.4,17.4
OI0013263,O008222,P007,1,39.99,39.99
OI0013264,O008222,P054,1,53.62,53.62
OI0013265,O008223,P013,1,12.37,12.37
OI0013266,O008223,P100,2,26.88,53.76
OI0013267,O008223,P047,1,23.25,23.25
OI0013268,O008224,P045,1,30.38,30.38
OI0013269,O008224,P058,1,47.56,47.56
OI0013270,O008225,P036,2,16.55,33.1
OI0013271,O008226,P001,1,66.04,66.04
OI0013272,O008227,P067,1,46.95,46.95
OI0013273,O008227,P046,1,38.99,38.99
OI0013274,O008228,P076,1,38.28,38.28
OI0013275,O008229,P081,1,22.73,22.73
OI0013276,O008229,P003,2,36.05,72.1
OI0013277,O008229,P038,1,64.8,64.8
OI0013278,O008230,P101,1,43.91,43.91
OI0013279,O008231,P117,1,27.82,27.82
OI0013280,O008232,P051,2,11.22,22.44
OI0013281,O008232,P089,1,26.52,26.52
OI0013282,O008233,P095,1,69.05,69.05
OI0013283,O008234,P002,1,30.14,30.14
OI0013284,O008234,P088,1,28.36,28.36
OI0013285,O008235,P105,1,73.93,73.93
OI0013286,O008235,P054,1,53.62,53.62
OI0013287,O008235,P113,1,35.73,35.73
OI0013288,O008236,P012,1,51.32,51.32
OI0013289,O008237,P023,1,54.75,54.75
OI0013290,O008238,P066,1,34.67,34.67
OI0013291,O008239,P102,1,56.61,56.61
OI0013292,O008239,P017,1,18.94,18.94
OI0013293,O008240,P099,1,46.77,46.77
OI0013294,O008241,P048,1,37.04,37.04
OI0013295,O008241,P061,2,33.13,66.26
OI0013296,O008242,P010,1,44.59,44.59
OI0013297,O008243,P059,2,68.57,137.14
OI0013298,O008243,P107,1,52.87,52.87
OI0013299,O008244,P094,1,17.7,17.7
OI0013300,O008245,P044,1,63.71,63.71
OI0013301,O008246,P052,2,44.73,89.46
OI0013302,O008247,P003,1,36.05,36.05
OI0013303,O008248,P114,2,27.37,54.74
OI0013304,O008248,P015,1,31.17,31.17
OI0013305,O008249,P070,1,47.52,47.52
OI0013306,O008250,P065,1,41.82,41.82
OI0013307,O008251,P102,1,56.61,56.61
OI0013308,O008252,P024,2,84.49,168.98
OI0013309,O008253,P095,1,69.05,69.05
OI0013310,O008254,P056,2,18.69,37.38
OI0013311,O008255,P110,1,82.9,82.9
OI0013312,O008255,P049,1,42.57,42.57
OI0013313,O008255,P108,1,34.32,34.32
OI0013314,O008256,P015,1,31.17,31.17
OI0013315,O008257,P114,1,27.37,27.37
OI0013316,O008258,P092,1,58.39,58.39
OI0013317,O008259,P060,1,41.59,41.59
OI0013318,O008259,P107,1,52.87,52.87
OI0013319,O008260,P088,1,28.36,28.36
OI0013320,O008261,P069,2,24.0,48.0
OI0013321,O008261,P049,1,42.57,42.57
OI0013322,O008262,P063,1,28.7,28.7
OI0013323,O008262,P033,1,87.02,87.02
OI0013324,O008263,P052,1,44.73,44.73
OI0013325,O008263,P071,1,141.44,141.44
OI0013326,O008263,P026,2,27.66,55.32
OI0013327,O008264,P083,1,30.7,30.7
OI0013328,O008265,P011,1,39.95,39.95
OI0013329,O008266,P003,1,36.05,36.05
OI0013330,O008266,P114,1,27.37,27.37
OI0013331,O008267,P116,1,38.35,38.35
OI0013332,O008268,P082,1,34.81,34.81
OI0013333,O008268,P108,1,34.32,34.32
OI0013334,O008269,P011,1,39.95,39.95
OI0013335,O008269,P114,1,27.37,27.37
OI0013336,O008270,P022,1,43.57,43.57
OI0013337,O008271,P104,1,44.1,44.1
OI0013338,O008272,P066,2,34.67,69.34
OI0013339,O008273,P005,1,49.25,49.25
OI0013340,O008273,P110,1,82.9,82.9
OI0013341,O008274,P049,1,42.57,42.57
OI0013342,O008274,P026,1,27.66,27.66
OI0013343,O008274,P033,1,87.02,87.02
OI0013344,O008275,P076,1,38.28,38.28
OI0013345,O008276,P116,1,38.35,38.35
OI0013346,O008277,P077,1,144.76,144.76
OI0013347,O008277,P068,1,29.23,29.23
OI0013348,O008277,P047,1,23.25,23.25
OI0013349,O008278,P015,1,31.17,31.17
OI0013350,O008279,P110,1,82.9,82.9
OI0013351,O008279,P005,1,49.25,49.25
OI0013352,O008279,P045,2,30.38,60.76
OI0013353,O008280,P024,1,84.49,84.49
OI0013354,O008280,P092,1,58.39,58.39
OI0013355,O008280,P070,1,47.52,47.52
OI0013356,O008280,P040,1,40.11,40.11
OI0013357,O008281,P115,1,42.04,42.04
OI0013358,O008281,P035,1,23.65,23.65
OI0013359,O008281,P082,1,34.81,34.81
OI0013360,O008281,P039,1,31.96,31.96
OI0013361,O008282,P052,1,44.73,44.73
OI0013362,O008283,P018,1,12.14,12.14
OI0013363,O008284,P031,1,32.22,32.22
OI0013364,O008284,P106,1,47.23,47.23
OI0013365,O008285,P095,1,69.05,69.05
OI0013366,O008286,P035,1,23.65,23.65
OI0013367,O008286,P078,2,34.46,68.92
OI0013368,O008286,P007,1,39.99,39.99
OI0013369,O008287,P051,1,11.22,11.22
OI0013370,O008288,P096,1,86.58,86.58
OI0013371,O008288,P088,1,28.36,28.36
OI0013372,O008288,P102,1,56.61,56.61
OI0013373,O008289,P089,1,26.52,26.52
OI0013374,O008290,P118,1,22.9,22.9
OI0013375,O008290,P010,1,44.59,44.59
OI0013376,O008291,P051,1,11.22,11.22
OI0013377,O008291,P008,1,46.52,46.52
OI0013378,O008291,P080,1,64.69,64.69
OI0013379,O008292,P054,3,53.62,160.86
OI0013380,O008292,P078,1,34.46,34.46
OI0013381,O008293,P086,2,80.82,161.64
OI0013382,O008294,P035,1,23.65,23.65
OI0013383,O008295,P076,1,38.28,38.28
OI0013384,O008296,P059,1,68.57,68.57
OI0013385,O008297,P058,1,47.56,47.56
OI0013386,O008298,P002,1,30.14,30.14
OI0013387,O008298,P120,1,46.49,46.49
OI0013388,O008298,P107,1,52.87,52.87
OI0013389,O008298,P043,1,23.06,23.06
OI0013390,O008299,P072,1,14.56,14.56
OI0013391,O008300,P030,1,57.05,57.05
OI0013392,O008301,P029,1,25.98,25.98
OI0013393,O008301,P001,2,66.04,132.08
OI0013394,O008301,P081,2,22.73,45.46
OI0013395,O008302,P093,1,45.3,45.3
OI0013396,O008303,P016,1,59.7,59.7
OI0013397,O008303,P017,1,18.94,18.94
OI0013398,O008303,P110,1,82.9,82.9
OI0013399,O008304,P040,1,40.11,40.11
OI0013400,O008305,P073,1,45.97,45.97
OI0013401,O008306,P014,1,102.77,102.77
OI0013402,O008306,P031,1,32.22,32.22
OI0013403,O008306,P107,1,52.87,52.87
OI0013404,O008306,P053,1,40.97,40.97
OI0013405,O008307,P070,1,47.52,47.52
OI0013406,O008308,P100,1,26.88,26.88
OI0013407,O008308,P055,1,69.18,69.18
OI0013408,O008309,P028,2,129.35,258.7
OI0013409,O008310,P038,1,64.8,64.8
OI0013410,O008310,P087,1,29.25,29.25
OI0013411,O008311,P013,2,12.37,24.74
OI0013412,O008312,P064,2,16.79,33.58
OI0013413,O008313,P100,1,26.88,26.88
OI0013414,O008314,P117,1,27.82,27.82
OI0013415,O008314,P085,1,11.15,11.15
OI0013416,O008315,P003,1,36.05,36.05
OI0013417,O008316,P031,1,32.22,32.22
OI0013418,O008316,P088,1,28.36,28.36
OI0013419,O008317,P071,1,141.44,141.44
OI0013420,O008318,P034,3,35.52,106.56
OI0013421,O008319,P095,1,69.05,69.05
OI0013422,O008320,P104,1,44.1,44.1
OI0013423,O008321,P047,1,23.25,23.25
OI0013424,O008322,P026,1,27.66,27.66
OI0013425,O008322,P070,1,47.52,47.52
OI0013426,O008323,P073,1,45.97,45.97
OI0013427,O008324,P041,1,25.86,25.86
OI0013428,O008325,P087,1,29.25,29.25
OI0013429,O008325,P106,1,47.23,47.23
OI0013430,O008325,P031,1,32.22,32.22
OI0013431,O008326,P010,1,44.59,44.59
OI0013432,O008327,P070,1,47.52,47.52
OI0013433,O008328,P076,1,38.28,38.28
OI0013434,O008328,P021,1,51.23,51.23
OI0013435,O008329,P112,1,35.49,35.49
OI0013436,O008330,P047,1,23.25,23.25
OI0013437,O008331,P085,1,11.15,11.15
OI0013438,O008331,P046,1,38.99,38.99
OI0013439,O008332,P023,1,54.75,54.75
OI0013440,O008332,P084,1,30.69,30.69
OI0013441,O008332,P004,1,66.5,66.5
OI0013442,O008333,P085,1,11.15,11.15
OI0013443,O008333,P076,1,38.28,38.28
OI0013444,O008334,P119,2,34.08,68.16
OI0013445,O008334,P008,1,46.52,46.52
OI0013446,O008335,P102,2,56.61,113.22
OI0013447,O008335,P009,1,37.92,37.92
OI0013448,O008335,P023,1,54.75,54.75
OI0013449,O008335,P020,1,30.3,30.3
OI0013450,O008336,P085,1,11.15,11.15
OI0013451,O008336,P102,1,56.61,56.61
OI0013452,O008337,P012,2,51.32,102.64
OI0013453,O008337,P015,1,31.17,31.17
OI0013454,O008338,P062,1,53.16,53.16
OI0013455,O008339,P058,1,47.56,47.56
OI0013456,O008339,P089,1,26.52,26.52
OI0013457,O008339,P091,1,37.89,37.89
OI0013458,O008340,P100,1,26.88,26.88
OI0013459,O008340,P092,1,58.39,58.39
OI0013460,O008340,P095,2,69.05,138.1
OI0013461,O008341,P005,1,49.25,49.25
OI0013462,O008342,P104,1,44.1,44.1
OI0013463,O008342,P013,1,12.37,12.37
OI0013464,O008343,P085,1,11.15,11.15
OI0013465,O008344,P043,1,23.06,23.06
OI0013466,O008345,P081,1,22.73,22.73
OI0013467,O008346,P118,1,22.9,22.9
OI0013468,O008347,P079,1,23.65,23.65
OI0013469,O008347,P032,1,17.4,17.4
OI0013470,O008348,P064,1,16.79,16.79
OI0013471,O008349,P008,1,46.52,46.52
OI0013472,O008349,P080,1,64.69,64.69
OI0013473,O008350,P003,1,36.05,36.05
OI0013474,O008351,P033,1,87.02,87.02
OI0013475,O008351,P057,1,112.54,112.54
OI0013476,O008352,P012,1,51.32,51.32
OI0013477,O008352,P018,1,12.14,12.14
OI0013478,O008353,P081,1,22.73,22.73
OI0013479,O008354,P078,2,34.46,68.92
OI0013480,O008354,P072,1,14.56,14.56
OI0013481,O008355,P039,1,31.96,31.96
OI0013482,O008355,P113,1,35.73,35.73
OI0013483,O008356,P101,1,43.91,43.91
OI0013484,O008357,P077,1,144.76,144.76
OI0013485,O008357,P100,1,26.88,26.88
OI0013486,O008358,P052,1,44.73,44.73
OI0013487,O008359,P087,1,29.25,29.25
OI0013488,O008360,P076,1,38.28,38.28
OI0013489,O008361,P031,1,32.22,32.22
OI0013490,O008362,P029,1,25.98,25.98
OI0013491,O008362,P071,1,141.44,141.44
OI0013492,O008362,P083,1,30.7,30.7
OI0013493,O008363,P072,1,14.56,14.56
OI0013494,O008364,P085,1,11.15,11.15
OI0013495,O008364,P025,1,37.52,37.52
OI0013496,O008365,P109,1,81.27,81.27
OI0013497,O008365,P042,1,41.11,41.11
OI0013498,O008366,P086,2,80.82,161.64
OI0013499,O008366,P048,1,37.04,37.04
OI0013500,O008367,P004,1,66.5,66.5
OI0013501,O008367,P115,1,42.04,42.04
OI0013502,O008368,P080,1,64.69,64.69
OI0013503,O008369,P014,3,102.77,308.31
OI0013504,O008370,P058,3,47.56,142.68
OI0013505,O008370,P055,1,69.18,69.18
OI0013506,O008371,P012,1,51.32,51.32
OI0013507,O008372,P115,1,42.04,42.04
OI0013508,O008372,P038,1,64.8,64.8
OI0013509,O008372,P076,2,38.28,76.56
OI0013510,O008373,P062,1,53.16,53.16
OI0013511,O008373,P047,1,23.25,23.25
OI0013512,O008374,P071,1,141.44,141.44
OI0013513,O008375,P082,1,34.81,34.81
OI0013514,O008375,P036,1,16.55,16.55
OI0013515,O008376,P004,2,66.5,133.0
OI0013516,O008377,P047,1,23.25,23.25
OI0013517,O008378,P095,1,69.05,69.05
OI0013518,O008379,P117,1,27.82,27.82
OI0013519,O008379,P058,1,47.56,47.56
OI0013520,O008380,P060,1,41.59,41.59
OI0013521,O008381,P034,1,35.52,35.52
OI0013522,O008382,P097,2,20.46,40.92
OI0013523,O008382,P062,1,53.16,53.16
OI0013524,O008382,P063,1,28.7,28.7
OI0013525,O008382,P041,1,25.86,25.86
OI0013526,O008383,P080,1,64.69,64.69
OI0013527,O008384,P054,1,53.62,53.62
OI0013528,O008385,P099,2,46.77,93.54
OI0013529,O008386,P036,1,16.55,16.55
OI0013530,O008387,P009,1,37.92,37.92
OI0013531,O008388,P100,1,26.88,26.88
OI0013532,O008389,P020,1,30.3,30.3
OI0013533,O008390,P079,2,23.65,47.3
OI0013534,O008391,P068,1,29.23,29.23
OI0013535,O008392,P078,1,34.46,34.46
OI0013536,O008393,P116,1,38.35,38.35
OI0013537,O008393,P012,1,51.32,51.32
OI0013538,O008394,P117,1,27.82,27.82
OI0013539,O008395,P113,1,35.73,35.73
OI0013540,O008395,P035,1,23.65,23.65
OI0013541,O008396,P099,2,46.77,93.54
OI0013542,O008396,P102,1,56.61,56.61
OI0013543,O008397,P075,3,44.36,133.08
OI0013544,O008398,P059,1,68.57,68.57
OI0013545,O008399,P067,1,46.95,46.95
OI0013546,O008400,P001,1,66.04,66.04
OI0013547,O008401,P109,1,81.27,81.27
OI0013548,O008402,P049,1,42.57,42.57
OI0013549,O008403,P058,1,47.56,47.56
OI0013550,O008403,P080,1,64.69,64.69
OI0013551,O008403,P042,2,41.11,82.22
OI0013552,O008403,P071,1,141.44,141.44
OI0013553,O008404,P049,2,42.57,85.14
OI0013554,O008405,P036,1,16.55,16.55
OI0013555,O008406,P015,1,31.17,31.17
OI0013556,O008406,P046,1,38.99,38.99
OI0013557,O008406,P070,1,47.52,47.52
OI0013558,O008406,P009,1,37.92,37.92
OI0013559,O008407,P084,1,30.69,30.69
OI0013560,O008408,P091,1,37.89,37.89
OI0013561,O008409,P057,1,112.54,112.54
OI0013562,O008409,P011,1,39.95,39.95
OI0013563,O008410,P056,1,18.69,18.69
OI0013564,O008411,P080,1,64.69,64.69
OI0013565,O008412,P056,1,18.69,18.69
OI0013566,O008413,P040,1,40.11,40.11
OI0013567,O008413,P031,1,32.22,32.22
OI0013568,O008414,P053,2,40.97,81.94
OI0013569,O008415,P017,1,18.94,18.94
OI0013570,O008416,P008,1,46.52,46.52
OI0013571,O008417,P098,1,57.37,57.37
OI0013572,O008418,P078,1,34.46,34.46
OI0013573,O008418,P099,1,46.77,46.77
OI0013574,O008418,P023,1,54.75,54.75
OI0013575,O008418,P070,1,47.52,47.52
OI0013576,O008419,P060,1,41.59,41.59
OI0013577,O008419,P014,2,102.77,205.54
OI0013578,O008419,P043,1,23.06,23.06
OI0013579,O008420,P106,1,47.23,47.23
OI0013580,O008421,P023,1,54.75,54.75
OI0013581,O008422,P067,1,46.95,46.95
OI0013582,O008423,P071,1,141.44,141.44
OI0013583,O008424,P033,1,87.02,87.02
OI0013584,O008424,P072,1,14.56,14.56
OI0013585,O008424,P003,1,36.05,36.05
OI0013586,O008425,P014,1,102.77,102.77
OI0013587,O008425,P059,1,68.57,68.57
OI0013588,O008426,P029,1,25.98,25.98
OI0013589,O008427,P089,1,26.52,26.52
OI0013590,O008428,P113,1,35.73,35.73
OI0013591,O008428,P095,2,69.05,138.1
OI0013592,O008429,P004,2,66.5,133.0
OI0013593,O008430,P085,1,11.15,11.15
OI0013594,O008430,P060,1,41.59,41.59
OI0013595,O008431,P041,1,25.86,25.86
OI0013596,O008432,P039,1,31.96,31.96
OI0013597,O008433,P099,2,46.77,93.54
OI0013598,O008433,P097,1,20.46,20.46
OI0013599,O008434,P070,1,47.52,47.52
OI0013600,O008434,P084,1,30.69,30.69
OI0013601,O008435,P005,1,49.25,49.25
OI0013602,O008435,P037,1,33.58,33.58
OI0013603,O008436,P067,2,46.95,93.9
OI0013604,O008437,P114,1,27.37,27.37
OI0013605,O008438,P049,1,42.57,42.57
OI0013606,O008438,P051,1,11.22,11.22
OI0013607,O008438,P083,1,30.7,30.7
OI0013608,O008439,P086,1,80.82,80.82
OI0013609,O008440,P109,1,81.27,81.27
OI0013610,O008440,P022,1,43.57,43.57
OI0013611,O008441,P084,1,30.69,30.69
OI0013612,O008441,P045,1,30.38,30.38
OI0013613,O008441,P079,2,23.65,47.3
OI0013614,O008442,P040,1,40.11,40.11
OI0013615,O008443,P081,1,22.73,22.73
OI0013616,O008444,P060,1,41.59,41.59
OI0013617,O008444,P065,2,41.82,83.64
OI0013618,O008445,P091,1,37.89,37.89
OI0013619,O008446,P065,1,41.82,41.82
OI0013620,O008447,P060,1,41.59,41.59
OI0013621,O008447,P065,1,41.82,41.82
OI0013622,O008448,P032,1,17.4,17.4
OI0013623,O008449,P093,2,45.3,90.6
OI0013624,O008449,P006,1,132.21,132.21
OI0013625,O008450,P066,1,34.67,34.67
OI0013626,O008451,P026,1,27.66,27.66
OI0013627,O008452,P103,1,65.04,65.04
OI0013628,O008453,P116,1,38.35,38.35
OI0013629,O008454,P064,1,16.79,16.79
OI0013630,O008455,P052,1,44.73,44.73
OI0013631,O008456,P003,1,36.05,36.05
OI0013632,O008456,P088,1,28.36,28.36
OI0013633,O008457,P059,1,68.57,68.57
OI0013634,O008457,P047,1,23.25,23.25
OI0013635,O008458,P010,1,44.59,44.59
OI0013636,O008459,P064,1,16.79,16.79
OI0013637,O008460,P028,1,129.35,129.35
OI0013638,O008461,P114,1,27.37,27.37
OI0013639,O008461,P013,1,12.37,12.37
OI0013640,O008461,P005,1,49.25,49.25
OI0013641,O008462,P026,1,27.66,27.66
OI0013642,O008463,P073,3,45.97,137.91
OI0013643,O008463,P083,1,30.7,30.7
OI0013644,O008464,P078,1,34.46,34.46
OI0013645,O008464,P107,2,52.87,105.74
OI0013646,O008465,P100,1,26.88,26.88
OI0013647,O008466,P066,1,34.67,34.67
OI0013648,O008467,P085,2,11.15,22.3
OI0013649,O008468,P097,2,20.46,40.92
OI0013650,O008468,P089,2,26.52,53.04
OI0013651,O008469,P103,1,65.04,65.04
OI0013652,O008470,P096,2,86.58,173.16
OI0013653,O008470,P025,1,37.52,37.52
OI0013654,O008471,P099,1,46.77,46.77
OI0013655,O008471,P014,1,102.77,102.77
OI0013656,O008472,P080,1,64.69,64.69
OI0013657,O008472,P033,2,87.02,174.04
OI0013658,O008473,P015,1,31.17,31.17
OI0013659,O008474,P115,1,42.04,42.04
OI0013660,O008475,P104,1,44.1,44.1
OI0013661,O008476,P031,1,32.22,32.22
OI0013662,O008477,P063,1,28.7,28.7
OI0013663,O008477,P021,1,51.23,51.23
OI0013664,O008478,P097,1,20.46,20.46
OI0013665,O008479,P085,1,11.15,11.15
OI0013666,O008479,P053,1,40.97,40.97
OI0013667,O008480,P065,2,41.82,83.64
OI0013668,O008480,P005,1,49.25,49.25
OI0013669,O008481,P062,1,53.16,53.16
OI0013670,O008481,P052,1,44.73,44.73
OI0013671,O008481,P040,2,40.11,80.22
OI0013672,O008482,P017,2,18.94,37.88
OI0013673,O008482,P059,1,68.57,68.57
OI0013674,O008482,P064,1,16.79,16.79
OI0013675,O008482,P070,1,47.52,47.52
OI0013676,O008483,P083,1,30.7,30.7
OI0013677,O008483,P062,2,53.16,106.32
OI0013678,O008483,P055,1,69.18,69.18
OI0013679,O008483,P049,1,42.57,42.57
OI0013680,O008484,P027,1,12.05,12.05
OI0013681,O008485,P036,1,16.55,16.55
OI0013682,O008486,P115,1,42.04,42.04
OI0013683,O008486,P042,1,41.11,41.11
OI0013684,O008487,P098,1,57.37,57.37
OI0013685,O008488,P005,1,49.25,49.25
OI0013686,O008489,P035,2,23.65,47.3
OI0013687,O008489,P026,2,27.66,55.32
OI0013688,O008490,P060,1,41.59,41.59
OI0013689,O008491,P113,1,35.73,35.73
OI0013690,O008492,P008,2,46.52,93.04
OI0013691,O008493,P009,1,37.92,37.92
OI0013692,O008494,P064,1,16.79,16.79
OI0013693,O008495,P119,1,34.08,34.08
OI0013694,O008495,P018,2,12.14,24.28
OI0013695,O008496,P005,1,49.25,49.25
OI0013696,O008497,P031,1,32.22,32.22
OI0013697,O008498,P093,1,45.3,45.3
OI0013698,O008498,P095,1,69.05,69.05
OI0013699,O008499,P035,1,23.65,23.65
OI0013700,O008499,P117,1,27.82,27.82
OI0013701,O008500,P032,1,17.4,17.4
OI0013702,O008500,P018,2,12.14,24.28
OI0013703,O008500,P070,1,47.52,47.52
OI0013704,O008501,P016,1,59.7,59.7
OI0013705,O008502,P058,1,47.56,47.56
OI0013706,O008503,P052,1,44.73,44.73
OI0013707,O008504,P112,1,35.49,35.49
OI0013708,O008505,P064,2,16.79,33.58
OI0013709,O008505,P026,1,27.66,27.66
OI0013710,O008506,P016,1,59.7,59.7
OI0013711,O008507,P018,1,12.14,12.14
OI0013712,O008508,P015,2,31.17,62.34
OI0013713,O008509,P066,1,34.67,34.67
OI0013714,O008509,P082,1,34.81,34.81
OI0013715,O008509,P027,1,12.05,12.05
OI0013716,O008510,P021,1,51.23,51.23
OI0013717,O008511,P002,1,30.14,30.14
OI0013718,O008511,P065,2,41.82,83.64
OI0013719,O008511,P018,2,12.14,24.28
OI0013720,O008512,P018,1,12.14,12.14
OI0013721,O008513,P041,1,25.86,25.86
OI0013722,O008513,P053,1,40.97,40.97
OI0013723,O008513,P113,1,35.73,35.73
OI0013724,O008514,P027,1,12.05,12.05
OI0013725,O008514,P010,1,44.59,44.59
OI0013726,O008514,P075,1,44.36,44.36
OI0013727,O008515,P023,1,54.75,54.75
OI0013728,O008515,P088,1,28.36,28.36
OI0013729,O008516,P046,1,38.99,38.99
OI0013730,O008516,P049,1,42.57,42.57
OI0013731,O008516,P029,1,25.98,25.98
OI0013732,O008516,P043,1,23.06,23.06
OI0013733,O008517,P002,1,30.14,30.14
OI0013734,O008518,P062,1,53.16,53.16
OI0013735,O008519,P103,1,65.04,65.04
OI0013736,O008519,P090,1,55.52,55.52
OI0013737,O008520,P088,1,28.36,28.36
OI0013738,O008520,P036,1,16.55,16.55
OI0013739,O008520,P014,1,102.77,102.77
OI0013740,O008520,P096,1,86.58,86.58
OI0013741,O008521,P064,1,16.79,16.79
OI0013742,O008521,P109,1,81.27,81.27
OI0013743,O008521,P057,1,112.54,112.54
OI0013744,O008522,P093,2,45.3,90.6
OI0013745,O008522,P094,2,17.7,35.4
OI0013746,O008523,P082,1,34.81,34.81
OI0013747,O008524,P100,1,26.88,26.88
OI0013748,O008525,P063,1,28.7,28.7
OI0013749,O008526,P093,1,45.3,45.3
OI0013750,O008526,P061,1,33.13,33.13
OI0013751,O008527,P022,1,43.57,43.57
OI0013752,O008527,P063,1,28.7,28.7
OI0013753,O008528,P008,1,46.52,46.52
OI0013754,O008529,P009,1,37.92,37.92
OI0013755,O008529,P059,1,68.57,68.57
OI0013756,O008530,P107,1,52.87,52.87
OI0013757,O008531,P028,1,129.35,129.35
OI0013758,O008531,P058,1,47.56,47.56
OI0013759,O008532,P079,1,23.65,23.65
OI0013760,O008532,P013,1,12.37,12.37
OI0013761,O008532,P008,1,46.52,46.52
OI0013762,O008533,P072,1,14.56,14.56
OI0013763,O008533,P091,1,37.89,37.89
OI0013764,O008534,P053,1,40.97,40.97
OI0013765,O008535,P093,1,45.3,45.3
OI0013766,O008535,P103,1,65.04,65.04
OI0013767,O008535,P104,1,44.1,44.1
OI0013768,O008536,P082,1,34.81,34.81
OI0013769,O008536,P095,1,69.05,69.05
OI0013770,O008536,P072,2,14.56,29.12
OI0013771,O008537,P035,1,23.65,23.65
OI0013772,O008538,P088,1,28.36,28.36
OI0013773,O008539,P061,1,33.13,33.13
OI0013774,O008540,P097,1,20.46,20.46
OI0013775,O008540,P023,1,54.75,54.75
OI0013776,O008541,P038,1,64.8,64.8
OI0013777,O008542,P018,1,12.14,12.14
OI0013778,O008543,P084,1,30.69,30.69
OI0013779,O008543,P014,2,102.77,205.54
OI0013780,O008544,P101,1,43.91,43.91
OI0013781,O008544,P010,2,44.59,89.18
OI0013782,O008545,P065,1,41.82,41.82
OI0013783,O008545,P102,1,56.61,56.61
OI0013784,O008546,P105,1,73.93,73.93
OI0013785,O008546,P108,2,34.32,68.64
OI0013786,O008546,P022,1,43.57,43.57
OI0013787,O008547,P034,1,35.52,35.52
OI0013788,O008548,P007,2,39.99,79.98
OI0013789,O008549,P009,2,37.92,75.84
OI0013790,O008550,P114,1,27.37,27.37
OI0013791,O008551,P101,1,43.91,43.91
OI0013792,O008551,P088,1,28.36,28.36
OI0013793,O008552,P040,1,40.11,40.11
OI0013794,O008552,P091,2,37.89,75.78
OI0013795,O008553,P032,1,17.4,17.4
OI0013796,O008554,P038,1,64.8,64.8
OI0013797,O008554,P091,1,37.89,37.89
OI0013798,O008554,P015,1,31.17,31.17
OI0013799,O008555,P007,1,39.99,39.99
OI0013800,O008556,P007,1,39.99,39.99
OI0013801,O008557,P115,1,42.04,42.04
OI0013802,O008557,P083,1,30.7,30.7
OI0013803,O008557,P114,1,27.37,27.37
OI0013804,O008558,P025,3,37.52,112.56
OI0013805,O008559,P043,1,23.06,23.06
OI0013806,O008559,P051,3,11.22,33.66
OI0013807,O008560,P052,1,44.73,44.73
OI0013808,O008560,P107,1,52.87,52.87
OI0013809,O008561,P003,1,36.05,36.05
OI0013810,O008562,P049,1,42.57,42.57
OI0013811,O008563,P070,1,47.52,47.52
OI0013812,O008564,P015,1,31.17,31.17
OI0013813,O008565,P030,1,57.05,57.05
OI0013814,O008566,P057,2,112.54,225.08
OI0013815,O008567,P083,1,30.7,30.7
OI0013816,O008568,P039,2,31.96,63.92
OI0013817,O008568,P090,2,55.52,111.04
OI0013818,O008568,P106,1,47.23,47.23
OI0013819,O008568,P104,2,44.1,88.2
OI0013820,O008569,P018,1,12.14,12.14
OI0013821,O008570,P024,1,84.49,84.49
OI0013822,O008570,P048,2,37.04,74.08
OI0013823,O008570,P021,1,51.23,51.23
OI0013824,O008571,P037,1,33.58,33.58
OI0013825,O008572,P086,1,80.82,80.82
OI0013826,O008572,P078,1,34.46,34.46
OI0013827,O008572,P022,2,43.57,87.14
OI0013828,O008573,P116,1,38.35,38.35
OI0013829,O008573,P031,2,32.22,64.44
OI0013830,O008574,P090,1,55.52,55.52
OI0013831,O008575,P081,1,22.73,22.73
OI0013832,O008575,P078,1,34.46,34.46
OI0013833,O008576,P033,1,87.02,87.02
OI0013834,O008576,P103,1,65.04,65.04
OI0013835,O008577,P110,1,82.9,82.9
OI0013836,O008578,P100,1,26.88,26.88
OI0013837,O008579,P094,1,17.7,17.7
OI0013838,O008580,P076,1,38.28,38.28
OI0013839,O008580,P097,2,20.46,40.92
OI0013840,O008580,P024,1,84.49,84.49
OI0013841,O008580,P113,1,35.73,35.73
OI0013842,O008581,P113,1,35.73,35.73
OI0013843,O008581,P018,2,12.14,24.28
OI0013844,O008581,P091,1,37.89,37.89
OI0013845,O008582,P076,1,38.28,38.28
OI0013846,O008583,P045,2,30.38,60.76
OI0013847,O008583,P107,1,52.87,52.87
OI0013848,O008584,P118,2,22.9,45.8
OI0013849,O008584,P055,1,69.18,69.18
OI0013850,O008585,P014,1,102.77,102.77
OI0013851,O008585,P048,1,37.04,37.04
OI0013852,O008586,P086,2,80.82,161.64
OI0013853,O008587,P041,1,25.86,25.86
OI0013854,O008587,P101,1,43.91,43.91
OI0013855,O008588,P080,1,64.69,64.69
OI0013856,O008589,P066,1,34.67,34.67
OI0013857,O008590,P030,2,57.05,114.1
OI0013858,O008590,P025,1,37.52,37.52
OI0013859,O008591,P066,1,34.67,34.67
OI0013860,O008591,P050,1,19.41,19.41
OI0013861,O008591,P081,1,22.73,22.73
OI0013862,O008592,P068,1,29.23,29.23
OI0013863,O008593,P104,1,44.1,44.1
OI0013864,O008593,P119,1,34.08,34.08
OI0013865,O008594,P042,1,41.11,41.11
OI0013866,O008595,P115,1,42.04,42.04
OI0013867,O008596,P090,1,55.52,55.52
OI0013868,O008596,P061,1,33.13,33.13
OI0013869,O008596,P111,1,29.11,29.11
OI0013870,O008597,P114,1,27.37,27.37
OI0013871,O008598,P039,1,31.96,31.96
OI0013872,O008599,P026,1,27.66,27.66
OI0013873,O008599,P050,1,19.41,19.41
OI0013874,O008599,P116,1,38.35,38.35
OI0013875,O008600,P061,1,33.13,33.13
OI0013876,O008601,P118,1,22.9,22.9
OI0013877,O008601,P047,1,23.25,23.25
OI0013878,O008601,P056,1,18.69,18.69
OI0013879,O008602,P070,1,47.52,47.52
OI0013880,O008603,P090,1,55.52,55.52
OI0013881,O008604,P039,1,31.96,31.96
OI0013882,O008605,P093,2,45.3,90.6
OI0013883,O008606,P023,1,54.75,54.75
OI0013884,O008607,P041,1,25.86,25.86
OI0013885,O008608,P098,1,57.37,57.37
OI0013886,O008608,P069,1,24.0,24.0
OI0013887,O008609,P039,2,31.96,63.92
OI0013888,O008609,P104,1,44.1,44.1
OI0013889,O008610,P100,1,26.88,26.88
OI0013890,O008611,P102,1,56.61,56.61
OI0013891,O008612,P112,1,35.49,35.49
OI0013892,O008612,P119,1,34.08,34.08
OI0013893,O008613,P117,1,27.82,27.82
OI0013894,O008614,P091,1,37.89,37.89
OI0013895,O008615,P068,1,29.23,29.23
OI0013896,O008616,P110,1,82.9,82.9
OI0013897,O008616,P032,2,17.4,34.8
OI0013898,O008617,P043,1,23.06,23.06
OI0013899,O008618,P051,1,11.22,11.22
OI0013900,O008618,P056,1,18.69,18.69
OI0013901,O008618,P093,2,45.3,90.6
OI0013902,O008619,P073,1,45.97,45.97
OI0013903,O008620,P031,2,32.22,64.44
OI0013904,O008620,P102,1,56.61,56.61
OI0013905,O008620,P080,1,64.69,64.69
OI0013906,O008620,P112,1,35.49,35.49
OI0013907,O008621,P114,1,27.37,27.37
OI0013908,O008622,P112,1,35.49,35.49
OI0013909,O008622,P072,1,14.56,14.56
OI0013910,O008623,P043,1,23.06,23.06
OI0013911,O008624,P035,1,23.65,23.65
OI0013912,O008625,P042,1,41.11,41.11
OI0013913,O008625,P111,1,29.11,29.11
OI0013914,O008626,P072,2,14.56,29.12
OI0013915,O008626,P095,1,69.05,69.05
OI0013916,O008626,P108,1,34.32,34.32
OI0013917,O008626,P055,1,69.18,69.18
OI0013918,O008627,P002,3,30.14,90.42
OI0013919,O008627,P044,1,63.71,63.71
OI0013920,O008628,P070,1,47.52,47.52
OI0013921,O008628,P081,1,22.73,22.73
OI0013922,O008629,P027,1,12.05,12.05
OI0013923,O008629,P017,1,18.94,18.94
OI0013924,O008630,P071,1,141.44,141.44
OI0013925,O008631,P045,1,30.38,30.38
OI0013926,O008631,P111,1,29.11,29.11
OI0013927,O008632,P091,1,37.89,37.89
OI0013928,O008632,P116,1,38.35,38.35
OI0013929,O008632,P039,1,31.96,31.96
OI0013930,O008633,P061,2,33.13,66.26
OI0013931,O008634,P065,1,41.82,41.82
OI0013932,O008634,P108,1,34.32,34.32
OI0013933,O008635,P077,1,144.76,144.76
OI0013934,O008636,P063,1,28.7,28.7
OI0013935,O008636,P030,1,57.05,57.05
OI0013936,O008636,P003,1,36.05,36.05
OI0013937,O008636,P119,1,34.08,34.08
OI0013938,O008637,P116,3,38.35,115.05
OI0013939,O008638,P024,1,84.49,84.49
OI0013940,O008638,P100,2,26.88,53.76
OI0013941,O008639,P105,1,73.93,73.93
OI0013942,O008640,P031,1,32.22,32.22
OI0013943,O008640,P073,1,45.97,45.97
OI0013944,O008641,P100,1,26.88,26.88
OI0013945,O008642,P099,1,46.77,46.77
OI0013946,O008642,P070,3,47.52,142.56
OI0013947,O008643,P016,1,59.7,59.7
OI0013948,O008643,P104,1,44.1,44.1
OI0013949,O008644,P075,2,44.36,88.72
OI0013950,O008645,P109,2,81.27,162.54
OI0013951,O008646,P066,1,34.67,34.67
OI0013952,O008647,P042,1,41.11,41.11
OI0013953,O008648,P031,2,32.22,64.44
OI0013954,O008648,P054,1,53.62,53.62
OI0013955,O008648,P066,1,34.67,34.67
OI0013956,O008649,P032,1,17.4,17.4
OI0013957,O008650,P087,1,29.25,29.25
OI0013958,O008650,P043,2,23.06,46.12
OI0013959,O008651,P069,1,24.0,24.0
OI0013960,O008652,P019,1,13.12,13.12
OI0013961,O008653,P021,1,51.23,51.23
OI0013962,O008654,P020,1,30.3,30.3
OI0013963,O008654,P091,2,37.89,75.78
OI0013964,O008655,P031,1,32.22,32.22
OI0013965,O008656,P108,1,34.32,34.32
OI0013966,O008656,P074,1,32.9,32.9
OI0013967,O008657,P102,2,56.61,113.22
OI0013968,O008657,P104,1,44.1,44.1
OI0013969,O008658,P092,1,58.39,58.39
OI0013970,O008658,P083,1,30.7,30.7
OI0013971,O008659,P083,1,30.7,30.7
OI0013972,O008660,P024,1,84.49,84.49
OI0013973,O008661,P048,1,37.04,37.04
OI0013974,O008661,P101,1,43.91,43.91
OI0013975,O008662,P107,1,52.87,52.87
OI0013976,O008662,P105,1,73.93,73.93
OI0013977,O008662,P007,1,39.99,39.99
OI0013978,O008663,P001,1,66.04,66.04
OI0013979,O008664,P052,1,44.73,44.73
OI0013980,O008665,P058,1,47.56,47.56
OI0013981,O008666,P041,1,25.86,25.86
OI0013982,O008667,P090,2,55.52,111.04
OI0013983,O008668,P013,1,12.37,12.37
OI0013984,O008669,P066,1,34.67,34.67
OI0013985,O008670,P089,2,26.52,53.04
OI0013986,O008670,P046,1,38.99,38.99
OI0013987,O008671,P022,1,43.57,43.57
OI0013988,O008672,P060,1,41.59,41.59
OI0013989,O008672,P067,1,46.95,46.95
OI0013990,O008673,P105,1,73.93,73.93
OI0013991,O008673,P062,1,53.16,53.16
OI0013992,O008674,P061,1,33.13,33.13
OI0013993,O008675,P039,1,31.96,31.96
OI0013994,O008676,P113,1,35.73,35.73
OI0013995,O008677,P105,1,73.93,73.93
OI0013996,O008678,P086,1,80.82,80.82
OI0013997,O008679,P116,1,38.35,38.35
OI0013998,O008679,P075,1,44.36,44.36
OI0013999,O008679,P083,1,30.7,30.7
OI0014000,O008680,P091,1,37.89,37.89
OI0014001,O008681,P005,1,49.25,49.25
OI0014002,O008681,P007,1,39.99,39.99
OI0014003,O008682,P027,3,12.05,36.15
OI0014004,O008682,P045,1,30.38,30.38
OI0014005,O008682,P101,1,43.91,43.91
OI0014006,O008683,P094,1,17.7,17.7
OI0014007,O008683,P027,1,12.05,12.05
OI0014008,O008683,P073,2,45.97,91.94
OI0014009,O008684,P054,1,53.62,53.62
OI0014010,O008684,P057,1,112.54,112.54
OI0014011,O008685,P067,1,46.95,46.95
OI0014012,O008685,P035,3,23.65,70.95
OI0014013,O008686,P013,1,12.37,12.37
OI0014014,O008686,P077,1,144.76,144.76
OI0014015,O008687,P063,3,28.7,86.1
OI0014016,O008688,P106,1,47.23,47.23
OI0014017,O008689,P064,1,16.79,16.79
OI0014018,O008690,P049,1,42.57,42.57
OI0014019,O008691,P109,1,81.27,81.27
OI0014020,O008692,P094,2,17.7,35.4
OI0014021,O008692,P072,1,14.56,14.56
OI0014022,O008693,P017,1,18.94,18.94
OI0014023,O008693,P052,1,44.73,44.73
OI0014024,O008694,P101,1,43.91,43.91
OI0014025,O008694,P042,1,41.11,41.11
OI0014026,O008694,P110,2,82.9,165.8
OI0014027,O008695,P071,1,141.44,141.44
OI0014028,O008695,P093,1,45.3,45.3
OI0014029,O008696,P053,1,40.97,40.97
OI0014030,O008697,P072,1,14.56,14.56
OI0014031,O008698,P011,1,39.95,39.95
OI0014032,O008698,P063,1,28.7,28.7
OI0014033,O008699,P062,1,53.16,53.16
OI0014034,O008700,P090,1,55.52,55.52
OI0014035,O008701,P120,1,46.49,46.49
OI0014036,O008702,P086,1,80.82,80.82
OI0014037,O008702,P100,1,26.88,26.88
OI0014038,O008702,P118,1,22.9,22.9
OI0014039,O008702,P069,1,24.0,24.0
OI0014040,O008703,P094,1,17.7,17.7
OI0014041,O008704,P049,1,42.57,42.57
OI0014042,O008705,P099,1,46.77,46.77
OI0014043,O008705,P116,1,38.35,38.35
OI0014044,O008706,P058,1,47.56,47.56
OI0014045,O008707,P050,1,19.41,19.41
OI0014046,O008707,P115,1,42.04,42.04
OI0014047,O008707,P093,1,45.3,45.3
OI0014048,O008708,P047,1,23.25,23.25
OI0014049,O008709,P036,1,16.55,16.55
OI0014050,O008709,P016,2,59.7,119.4
OI0014051,O008710,P079,1,23.65,23.65
OI0014052,O008710,P071,1,141.44,141.44
OI0014053,O008711,P005,1,49.25,49.25
OI0014054,O008712,P030,1,57.05,57.05
OI0014055,O008713,P062,1,53.16,53.16
OI0014056,O008714,P017,1,18.94,18.94
OI0014057,O008714,P006,3,132.21,396.63
OI0014058,O008715,P040,1,40.11,40.11
OI0014059,O008716,P076,1,38.28,38.28
OI0014060,O008716,P031,2,32.22,64.44
OI0014061,O008716,P072,1,14.56,14.56
OI0014062,O008717,P004,1,66.5,66.5
OI0014063,O008718,P108,1,34.32,34.32
OI0014064,O008718,P020,2,30.3,60.6
OI0014065,O008719,P108,1,34.32,34.32
OI0014066,O008720,P120,3,46.49,139.47
OI0014067,O008720,P022,1,43.57,43.57
OI0014068,O008721,P100,3,26.88,80.64
OI0014069,O008722,P035,1,23.65,23.65
OI0014070,O008723,P112,1,35.49,35.49
OI0014071,O008723,P093,1,45.3,45.3
OI0014072,O008724,P063,1,28.7,28.7
OI0014073,O008725,P016,1,59.7,59.7
OI0014074,O008725,P041,1,25.86,25.86
OI0014075,O008726,P115,1,42.04,42.04
OI0014076,O008726,P072,1,14.56,14.56
OI0014077,O008727,P014,1,102.77,102.77
OI0014078,O008728,P018,1,12.14,12.14
OI0014079,O008728,P099,1,46.77,46.77
OI0014080,O008729,P116,1,38.35,38.35
OI0014081,O008730,P043,1,23.06,23.06
OI0014082,O008731,P041,1,25.86,25.86
OI0014083,O008732,P054,1,53.62,53.62
OI0014084,O008732,P052,1,44.73,44.73
OI0014085,O008732,P120,1,46.49,46.49
OI0014086,O008733,P051,1,11.22,11.22
OI0014087,O008733,P013,1,12.37,12.37
OI0014088,O008733,P116,1,38.35,38.35
OI0014089,O008733,P010,1,44.59,44.59
OI0014090,O008734,P019,1,13.12,13.12
OI0014091,O008735,P019,2,13.12,26.24
OI0014092,O008736,P056,1,18.69,18.69
OI0014093,O008736,P118,1,22.9,22.9
OI0014094,O008737,P026,2,27.66,55.32
OI0014095,O008738,P047,1,23.25,23.25
OI0014096,O008738,P001,1,66.04,66.04
OI0014097,O008739,P026,1,27.66,27.66
OI0014098,O008739,P054,2,53.62,107.24
OI0014099,O008740,P073,1,45.97,45.97
OI0014100,O008740,P084,1,30.69,30.69
OI0014101,O008741,P037,1,33.58,33.58
OI0014102,O008741,P116,2,38.35,76.7
OI0014103,O008742,P084,1,30.69,30.69
OI0014104,O008742,P094,1,17.7,17.7
OI0014105,O008742,P075,1,44.36,44.36
OI0014106,O008743,P002,1,30.14,30.14
OI0014107,O008744,P057,1,112.54,112.54
OI0014108,O008744,P097,1,20.46,20.46
OI0014109,O008745,P071,3,141.44,424.32
OI0014110,O008746,P045,1,30.38,30.38
OI0014111,O008747,P029,1,25.98,25.98
OI0014112,O008748,P043,1,23.06,23.06
OI0014113,O008748,P078,1,34.46,34.46
OI0014114,O008749,P117,2,27.82,55.64
OI0014115,O008749,P051,1,11.22,11.22
OI0014116,O008750,P002,1,30.14,30.14
OI0014117,O008751,P069,2,24.0,48.0
OI0014118,O008752,P047,2,23.25,46.5
OI0014119,O008752,P077,1,144.76,144.76
OI0014120,O008753,P093,1,45.3,45.3
OI0014121,O008754,P001,2,66.04,132.08
OI0014122,O008755,P101,1,43.91,43.91
OI0014123,O008755,P115,1,42.04,42.04
OI0014124,O008756,P058,1,47.56,47.56
OI0014125,O008757,P056,1,18.69,18.69
OI0014126,O008758,P092,2,58.39,116.78
OI0014127,O008759,P063,1,28.7,28.7
OI0014128,O008759,P045,2,30.38,60.76
OI0014129,O008760,P062,2,53.16,106.32
OI0014130,O008761,P022,1,43.57,43.57
OI0014131,O008762,P067,2,46.95,93.9
OI0014132,O008762,P117,1,27.82,27.82
OI0014133,O008762,P023,1,54.75,54.75
OI0014134,O008763,P064,2,16.79,33.58
OI0014135,O008764,P002,1,30.14,30.14
OI0014136,O008764,P059,2,68.57,137.14
OI0014137,O008764,P058,2,47.56,95.12
OI0014138,O008765,P028,1,129.35,129.35
OI0014139,O008765,P010,1,44.59,44.59
OI0014140,O008766,P019,2,13.12,26.24
OI0014141,O008767,P024,1,84.49,84.49
OI0014142,O008767,P118,1,22.9,22.9
OI0014143,O008767,P113,2,35.73,71.46
OI0014144,O008768,P093,1,45.3,45.3
OI0014145,O008769,P110,3,82.9,248.7
OI0014146,O008769,P095,1,69.05,69.05
OI0014147,O008770,P034,1,35.52,35.52
OI0014148,O008770,P029,2,25.98,51.96
OI0014149,O008771,P062,1,53.16,53.16
OI0014150,O008771,P071,1,141.44,141.44
OI0014151,O008771,P085,1,11.15,11.15
OI0014152,O008772,P012,1,51.32,51.32
OI0014153,O008773,P037,1,33.58,33.58
OI0014154,O008773,P055,1,69.18,69.18
OI0014155,O008774,P016,1,59.7,59.7
OI0014156,O008775,P052,1,44.73,44.73
OI0014157,O008775,P119,1,34.08,34.08
OI0014158,O008776,P080,3,64.69,194.07
OI0014159,O008777,P015,1,31.17,31.17
OI0014160,O008777,P023,3,54.75,164.25
OI0014161,O008778,P117,1,27.82,27.82
OI0014162,O008779,P044,3,63.71,191.13
OI0014163,O008780,P069,1,24.0,24.0
OI0014164,O008780,P057,1,112.54,112.54
OI0014165,O008781,P064,1,16.79,16.79
OI0014166,O008782,P041,2,25.86,51.72
OI0014167,O008783,P102,1,56.61,56.61
OI0014168,O008783,P009,1,37.92,37.92
OI0014169,O008783,P004,1,66.5,66.5
OI0014170,O008784,P107,1,52.87,52.87
OI0014171,O008785,P065,1,41.82,41.82
OI0014172,O008786,P021,2,51.23,102.46
OI0014173,O008787,P061,1,33.13,33.13
OI0014174,O008787,P081,1,22.73,22.73
OI0014175,O008788,P041,1,25.86,25.86
OI0014176,O008789,P006,3,132.21,396.63
OI0014177,O008789,P105,1,73.93,73.93
OI0014178,O008790,P108,2,34.32,68.64
OI0014179,O008791,P118,1,22.9,22.9
OI0014180,O008791,P039,1,31.96,31.96
OI0014181,O008791,P094,1,17.7,17.7
OI0014182,O008792,P090,1,55.52,55.52
OI0014183,O008793,P114,1,27.37,27.37
OI0014184,O008793,P103,1,65.04,65.04
OI0014185,O008793,P073,3,45.97,137.91
OI0014186,O008794,P062,1,53.16,53.16
OI0014187,O008795,P015,1,31.17,31.17
OI0014188,O008796,P117,2,27.82,55.64
OI0014189,O008797,P082,2,34.81,69.62
OI0014190,O008798,P073,1,45.97,45.97
OI0014191,O008799,P115,1,42.04,42.04
OI0014192,O008800,P112,1,35.49,35.49
OI0014193,O008801,P015,1,31.17,31.17
OI0014194,O008801,P065,1,41.82,41.82
OI0014195,O008802,P093,2,45.3,90.6
OI0014196,O008803,P002,1,30.14,30.14
OI0014197,O008804,P018,1,12.14,12.14
OI0014198,O008804,P053,1,40.97,40.97
OI0014199,O008805,P001,1,66.04,66.04
OI0014200,O008806,P080,1,64.69,64.69
OI0014201,O008806,P094,1,17.7,17.7
OI0014202,O008807,P111,1,29.11,29.11
OI0014203,O008808,P076,1,38.28,38.28
OI0014204,O008808,P037,1,33.58,33.58
OI0014205,O008809,P045,1,30.38,30.38
OI0014206,O008810,P041,1,25.86,25.86
OI0014207,O008811,P094,1,17.7,17.7
OI0014208,O008811,P088,1,28.36,28.36
OI0014209,O008812,P102,3,56.61,169.83
OI0014210,O008813,P113,1,35.73,35.73
OI0014211,O008813,P109,1,81.27,81.27
OI0014212,O008813,P015,3,31.17,93.51
OI0014213,O008813,P020,1,30.3,30.3
OI0014214,O008814,P005,1,49.25,49.25
OI0014215,O008815,P089,1,26.52,26.52
OI0014216,O008815,P112,1,35.49,35.49
OI0014217,O008816,P091,1,37.89,37.89
OI0014218,O008816,P036,2,16.55,33.1
OI0014219,O008817,P116,1,38.35,38.35
OI0014220,O008818,P088,2,28.36,56.72
OI0014221,O008819,P079,1,23.65,23.65
OI0014222,O008820,P005,1,49.25,49.25
OI0014223,O008821,P050,1,19.41,19.41
OI0014224,O008822,P025,1,37.52,37.52
OI0014225,O008823,P086,2,80.82,161.64
OI0014226,O008824,P073,1,45.97,45.97
OI0014227,O008825,P098,1,57.37,57.37
OI0014228,O008826,P013,1,12.37,12.37
OI0014229,O008826,P015,2,31.17,62.34
OI0014230,O008827,P013,1,12.37,12.37
OI0014231,O008828,P089,1,26.52,26.52
OI0014232,O008828,P110,1,82.9,82.9
OI0014233,O008829,P077,1,144.76,144.76
OI0014234,O008830,P103,1,65.04,65.04
OI0014235,O008831,P048,2,37.04,74.08
OI0014236,O008832,P052,1,44.73,44.73
OI0014237,O008832,P053,1,40.97,40.97
OI0014238,O008832,P009,2,37.92,75.84
OI0014239,O008833,P052,1,44.73,44.73
OI0014240,O008834,P094,1,17.7,17.7
OI0014241,O008834,P041,3,25.86,77.58
OI0014242,O008835,P088,1,28.36,28.36
OI0014243,O008836,P072,1,14.56,14.56
OI0014244,O008836,P091,1,37.89,37.89
OI0014245,O008837,P013,1,12.37,12.37
OI0014246,O008837,P057,1,112.54,112.54
OI0014247,O008837,P051,1,11.22,11.22
OI0014248,O008838,P083,1,30.7,30.7
OI0014249,O008839,P004,1,66.5,66.5
OI0014250,O008840,P020,1,30.3,30.3
OI0014251,O008840,P120,1,46.49,46.49
OI0014252,O008841,P019,1,13.12,13.12
OI0014253,O008841,P014,3,102.77,308.31
OI0014254,O008841,P033,2,87.02,174.04
OI0014255,O008842,P071,1,141.44,141.44
OI0014256,O008843,P019,1,13.12,13.12
OI0014257,O008843,P105,2,73.93,147.86
OI0014258,O008843,P114,1,27.37,27.37
OI0014259,O008844,P040,2,40.11,80.22
OI0014260,O008845,P066,1,34.67,34.67
OI0014261,O008846,P071,1,141.44,141.44
OI0014262,O008847,P019,1,13.12,13.12
OI0014263,O008848,P076,1,38.28,38.28
OI0014264,O008849,P028,1,129.35,129.35
OI0014265,O008849,P069,1,24.0,24.0
OI0014266,O008850,P114,1,27.37,27.37
OI0014267,O008850,P069,1,24.0,24.0
OI0014268,O008851,P108,1,34.32,34.32
OI0014269,O008851,P001,1,66.04,66.04
OI0014270,O008852,P094,1,17.7,17.7
OI0014271,O008852,P077,1,144.76,144.76
OI0014272,O008852,P015,1,31.17,31.17
OI0014273,O008853,P059,1,68.57,68.57
OI0014274,O008854,P080,1,64.69,64.69
OI0014275,O008854,P010,1,44.59,44.59
OI0014276,O008855,P041,1,25.86,25.86
OI0014277,O008856,P029,1,25.98,25.98
OI0014278,O008857,P053,1,40.97,40.97
OI0014279,O008858,P020,1,30.3,30.3
OI0014280,O008858,P056,1,18.69,18.69
OI0014281,O008859,P103,1,65.04,65.04
OI0014282,O008860,P029,1,25.98,25.98
OI0014283,O008861,P027,1,12.05,12.05
OI0014284,O008861,P006,1,132.21,132.21
OI0014285,O008862,P045,1,30.38,30.38
OI0014286,O008863,P071,1,141.44,141.44
OI0014287,O008864,P050,1,19.41,19.41
OI0014288,O008864,P114,1,27.37,27.37
OI0014289,O008864,P041,2,25.86,51.72
OI0014290,O008865,P020,3,30.3,90.9
OI0014291,O008866,P102,1,56.61,56.61
OI0014292,O008867,P021,1,51.23,51.23
OI0014293,O008868,P002,1,30.14,30.14
OI0014294,O008868,P019,2,13.12,26.24
OI0014295,O008868,P009,1,37.92,37.92
OI0014296,O008868,P001,1,66.04,66.04
OI0014297,O008869,P004,1,66.5,66.5
OI0014298,O008869,P085,1,11.15,11.15
OI0014299,O008870,P074,1,32.9,32.9
OI0014300,O008871,P074,1,32.9,32.9
OI0014301,O008872,P035,1,23.65,23.65
OI0014302,O008873,P086,1,80.82,80.82
OI0014303,O008873,P091,1,37.89,37.89
OI0014304,O008874,P023,1,54.75,54.75
OI0014305,O008875,P068,3,29.23,87.69
OI0014306,O008875,P117,1,27.82,27.82
OI0014307,O008876,P046,2,38.99,77.98
OI0014308,O008876,P108,1,34.32,34.32
OI0014309,O008876,P118,1,22.9,22.9
OI0014310,O008876,P087,1,29.25,29.25
OI0014311,O008877,P064,1,16.79,16.79
OI0014312,O008878,P016,1,59.7,59.7
OI0014313,O008878,P097,2,20.46,40.92
OI0014314,O008879,P006,1,132.21,132.21
OI0014315,O008880,P050,1,19.41,19.41
OI0014316,O008880,P040,3,40.11,120.33
OI0014317,O008881,P004,1,66.5,66.5
OI0014318,O008882,P027,1,12.05,12.05
OI0014319,O008882,P069,1,24.0,24.0
OI0014320,O008883,P043,1,23.06,23.06
OI0014321,O008884,P090,1,55.52,55.52
OI0014322,O008884,P038,1,64.8,64.8
OI0014323,O008885,P005,2,49.25,98.5
OI0014324,O008885,P042,1,41.11,41.11
OI0014325,O008885,P095,1,69.05,69.05
OI0014326,O008885,P064,1,16.79,16.79
OI0014327,O008886,P084,1,30.69,30.69
OI0014328,O008887,P104,1,44.1,44.1
OI0014329,O008887,P074,1,32.9,32.9
OI0014330,O008888,P050,1,19.41,19.41
OI0014331,O008889,P113,1,35.73,35.73
OI0014332,O008890,P058,1,47.56,47.56
OI0014333,O008890,P010,1,44.59,44.59
OI0014334,O008891,P069,2,24.0,48.0
OI0014335,O008891,P022,2,43.57,87.14
OI0014336,O008892,P043,1,23.06,23.06
OI0014337,O008892,P006,1,132.21,132.21
OI0014338,O008892,P068,1,29.23,29.23
OI0014339,O008893,P051,1,11.22,11.22
OI0014340,O008893,P017,2,18.94,37.88
OI0014341,O008894,P019,1,13.12,13.12
OI0014342,O008895,P023,1,54.75,54.75
OI0014343,O008896,P108,1,34.32,34.32
OI0014344,O008897,P112,1,35.49,35.49
OI0014345,O008898,P093,1,45.3,45.3
OI0014346,O008899,P090,1,55.52,55.52
OI0014347,O008899,P106,1,47.23,47.23
OI0014348,O008899,P097,1,20.46,20.46
OI0014349,O008900,P046,1,38.99,38.99
OI0014350,O008901,P071,1,141.44,141.44
OI0014351,O008902,P075,1,44.36,44.36
OI0014352,O008902,P026,1,27.66,27.66
OI0014353,O008902,P047,1,23.25,23.25
OI0014354,O008903,P098,1,57.37,57.37
OI0014355,O008904,P091,1,37.89,37.89
OI0014356,O008905,P087,2,29.25,58.5
OI0014357,O008905,P035,1,23.65,23.65
OI0014358,O008906,P056,1,18.69,18.69
OI0014359,O008906,P095,1,69.05,69.05
OI0014360,O008907,P084,1,30.69,30.69
OI0014361,O008907,P008,1,46.52,46.52
OI0014362,O008908,P050,1,19.41,19.41
OI0014363,O008909,P107,1,52.87,52.87
OI0014364,O008910,P120,1,46.49,46.49
OI0014365,O008911,P048,1,37.04,37.04
OI0014366,O008911,P006,1,132.21,132.21
OI0014367,O008912,P031,1,32.22,32.22
OI0014368,O008913,P060,1,41.59,41.59
OI0014369,O008913,P074,2,32.9,65.8
OI0014370,O008913,P063,1,28.7,28.7
OI0014371,O008913,P038,1,64.8,64.8
OI0014372,O008914,P092,1,58.39,58.39
OI0014373,O008914,P011,1,39.95,39.95
OI0014374,O008915,P021,1,51.23,51.23
OI0014375,O008915,P055,2,69.18,138.36
OI0014376,O008916,P036,3,16.55,49.65
OI0014377,O008917,P080,2,64.69,129.38
OI0014378,O008918,P116,1,38.35,38.35
OI0014379,O008918,P016,1,59.7,59.7
OI0014380,O008918,P045,1,30.38,30.38
OI0014381,O008918,P096,2,86.58,173.16
OI0014382,O008919,P086,1,80.82,80.82
OI0014383,O008919,P050,1,19.41,19.41
OI0014384,O008920,P055,1,69.18,69.18
OI0014385,O008920,P063,1,28.7,28.7
OI0014386,O008920,P034,1,35.52,35.52
OI0014387,O008921,P082,1,34.81,34.81
OI0014388,O008922,P018,1,12.14,12.14
OI0014389,O008923,P115,1,42.04,42.04
OI0014390,O008923,P068,1,29.23,29.23
OI0014391,O008924,P077,1,144.76,144.76
OI0014392,O008925,P041,1,25.86,25.86
OI0014393,O008926,P017,1,18.94,18.94
OI0014394,O008927,P059,2,68.57,137.14
OI0014395,O008927,P003,1,36.05,36.05
OI0014396,O008927,P051,1,11.22,11.22
OI0014397,O008928,P038,1,64.8,64.8
OI0014398,O008929,P068,1,29.23,29.23
OI0014399,O008929,P018,1,12.14,12.14
OI0014400,O008930,P004,1,66.5,66.5
OI0014401,O008930,P051,1,11.22,11.22
OI0014402,O008931,P028,1,129.35,129.35
OI0014403,O008932,P021,1,51.23,51.23
OI0014404,O008933,P038,1,64.8,64.8
OI0014405,O008934,P054,1,53.62,53.62
OI0014406,O008934,P105,1,73.93,73.93
OI0014407,O008934,P033,1,87.02,87.02
OI0014408,O008935,P037,1,33.58,33.58
OI0014409,O008935,P106,2,47.23,94.46
OI0014410,O008936,P098,1,57.37,57.37
OI0014411,O008936,P073,1,45.97,45.97
OI0014412,O008937,P095,1,69.05,69.05
OI0014413,O008937,P067,2,46.95,93.9
OI0014414,O008937,P112,1,35.49,35.49
OI0014415,O008937,P085,1,11.15,11.15
OI0014416,O008938,P043,2,23.06,46.12
OI0014417,O008938,P027,1,12.05,12.05
OI0014418,O008939,P075,1,44.36,44.36
OI0014419,O008940,P004,1,66.5,66.5
OI0014420,O008941,P016,2,59.7,119.4
OI0014421,O008941,P056,1,18.69,18.69
OI0014422,O008941,P024,1,84.49,84.49
OI0014423,O008941,P105,1,73.93,73.93
OI0014424,O008942,P025,1,37.52,37.52
OI0014425,O008943,P106,1,47.23,47.23
OI0014426,O008943,P058,1,47.56,47.56
OI0014427,O008944,P037,1,33.58,33.58
OI0014428,O008945,P053,1,40.97,40.97
OI0014429,O008946,P092,1,58.39,58.39
OI0014430,O008947,P102,1,56.61,56.61
OI0014431,O008948,P110,1,82.9,82.9
OI0014432,O008949,P097,1,20.46,20.46
OI0014433,O008949,P114,2,27.37,54.74
OI0014434,O008950,P001,1,66.04,66.04
OI0014435,O008950,P097,1,20.46,20.46
OI0014436,O008950,P077,1,144.76,144.76
OI0014437,O008951,P014,1,102.77,102.77
OI0014438,O008952,P086,1,80.82,80.82
OI0014439,O008952,P034,3,35.52,106.56
OI0014440,O008952,P026,1,27.66,27.66
OI0014441,O008952,P024,1,84.49,84.49
OI0014442,O008953,P088,1,28.36,28.36
OI0014443,O008953,P100,1,26.88,26.88
OI0014444,O008954,P052,1,44.73,44.73
OI0014445,O008954,P073,1,45.97,45.97
OI0014446,O008954,P036,1,16.55,16.55
OI0014447,O008955,P020,1,30.3,30.3
OI0014448,O008956,P066,1,34.67,34.67
OI0014449,O008957,P111,1,29.11,29.11
OI0014450,O008958,P030,1,57.05,57.05
OI0014451,O008958,P047,1,23.25,23.25
OI0014452,O008958,P024,2,84.49,168.98
OI0014453,O008958,P040,2,40.11,80.22
OI0014454,O008959,P063,1,28.7,28.7
OI0014455,O008959,P060,1,41.59,41.59
OI0014456,O008960,P116,1,38.35,38.35
OI0014457,O008961,P109,1,81.27,81.27
OI0014458,O008961,P085,1,11.15,11.15
OI0014459,O008961,P079,2,23.65,47.3
OI0014460,O008962,P046,1,38.99,38.99
OI0014461,O008962,P095,1,69.05,69.05
OI0014462,O008963,P096,1,86.58,86.58
OI0014463,O008963,P029,1,25.98,25.98
OI0014464,O008963,P018,2,12.14,24.28
OI0014465,O008964,P017,1,18.94,18.94
OI0014466,O008964,P035,1,23.65,23.65
OI0014467,O008964,P114,1,27.37,27.37
OI0014468,O008964,P086,1,80.82,80.82
OI0014469,O008965,P087,1,29.25,29.25
OI0014470,O008966,P061,1,33.13,33.13
OI0014471,O008966,P068,1,29.23,29.23
OI0014472,O008966,P016,1,59.7,59.7
OI0014473,O008966,P022,1,43.57,43.57
OI0014474,O008967,P031,1,32.22,32.22
OI0014475,O008968,P048,1,37.04,37.04
OI0014476,O008968,P060,1,41.59,41.59
OI0014477,O008969,P023,2,54.75,109.5
OI0014478,O008969,P020,1,30.3,30.3
OI0014479,O008970,P069,1,24.0,24.0
OI0014480,O008971,P047,1,23.25,23.25
OI0014481,O008972,P049,2,42.57,85.14
OI0014482,O008972,P098,1,57.37,57.37
OI0014483,O008973,P059,1,68.57,68.57
OI0014484,O008973,P075,3,44.36,133.08
OI0014485,O008974,P015,2,31.17,62.34
OI0014486,O008975,P017,1,18.94,18.94
OI0014487,O008976,P044,1,63.71,63.71
OI0014488,O008976,P053,1,40.97,40.97
OI0014489,O008976,P060,2,41.59,83.18
OI0014490,O008977,P076,1,38.28,38.28
OI0014491,O008978,P116,1,38.35,38.35
OI0014492,O008979,P006,1,132.21,132.21
OI0014493,O008979,P072,1,14.56,14.56
OI0014494,O008979,P014,3,102.77,308.31
OI0014495,O008980,P012,2,51.32,102.64
OI0014496,O008980,P041,1,25.86,25.86
OI0014497,O008980,P047,2,23.25,46.5
OI0014498,O008981,P070,2,47.52,95.04
OI0014499,O008981,P115,1,42.04,42.04
OI0014500,O008982,P013,1,12.37,12.37
OI0014501,O008983,P031,1,32.22,32.22
OI0014502,O008983,P062,1,53.16,53.16
OI0014503,O008984,P017,1,18.94,18.94
OI0014504,O008984,P081,1,22.73,22.73
OI0014505,O008985,P087,2,29.25,58.5
OI0014506,O008985,P005,1,49.25,49.25
OI0014507,O008985,P091,1,37.89,37.89
OI0014508,O008985,P034,1,35.52,35.52
OI0014509,O008986,P025,1,37.52,37.52
OI0014510,O008987,P087,1,29.25,29.25
OI0014511,O008988,P055,1,69.18,69.18
OI0014512,O008989,P060,3,41.59,124.77
OI0014513,O008989,P118,3,22.9,68.7
OI0014514,O008990,P056,1,18.69,18.69
OI0014515,O008991,P012,1,51.32,51.32
OI0014516,O008992,P105,1,73.93,73.93
OI0014517,O008992,P083,1,30.7,30.7
OI0014518,O008992,P090,2,55.52,111.04
OI0014519,O008993,P086,1,80.82,80.82
OI0014520,O008993,P046,1,38.99,38.99
OI0014521,O008994,P036,1,16.55,16.55
OI0014522,O008994,P049,2,42.57,85.14
OI0014523,O008995,P011,1,39.95,39.95
OI0014524,O008996,P041,1,25.86,25.86
OI0014525,O008997,P055,1,69.18,69.18
OI0014526,O008997,P033,1,87.02,87.02
OI0014527,O008997,P090,1,55.52,55.52
OI0014528,O008997,P028,1,129.35,129.35
OI0014529,O008998,P009,1,37.92,37.92
OI0014530,O008998,P104,1,44.1,44.1
OI0014531,O008998,P101,1,43.91,43.91
OI0014532,O008999,P055,1,69.18,69.18
OI0014533,O009000,P082,1,34.81,34.81
OI0014534,O009001,P055,1,69.18,69.18
OI0014535,O009002,P109,2,81.27,162.54
OI0014536,O009003,P006,1,132.21,132.21
OI0014537,O009003,P055,1,69.18,69.18
OI0014538,O009003,P052,2,44.73,89.46
OI0014539,O009004,P061,1,33.13,33.13
OI0014540,O009005,P007,1,39.99,39.99
OI0014541,O009006,P105,1,73.93,73.93
OI0014542,O009006,P056,1,18.69,18.69
OI0014543,O009006,P051,3,11.22,33.66
OI0014544,O009007,P116,2,38.35,76.7
OI0014545,O009008,P047,1,23.25,23.25
OI0014546,O009009,P061,1,33.13,33.13
OI0014547,O009010,P039,1,31.96,31.96
OI0014548,O009011,P115,2,42.04,84.08
OI0014549,O009012,P114,3,27.37,82.11
OI0014550,O009013,P026,1,27.66,27.66
OI0014551,O009013,P120,1,46.49,46.49
OI0014552,O009014,P108,1,34.32,34.32
OI0014553,O009015,P015,3,31.17,93.51
OI0014554,O009015,P061,1,33.13,33.13
OI0014555,O009016,P110,1,82.9,82.9
OI0014556,O009017,P114,1,27.37,27.37
OI0014557,O009018,P087,1,29.25,29.25
OI0014558,O009019,P083,1,30.7,30.7
OI0014559,O009020,P042,1,41.11,41.11
OI0014560,O009021,P088,1,28.36,28.36
OI0014561,O009022,P062,1,53.16,53.16
OI0014562,O009022,P113,1,35.73,35.73
OI0014563,O009023,P024,1,84.49,84.49
OI0014564,O009024,P067,1,46.95,46.95
OI0014565,O009024,P099,1,46.77,46.77
OI0014566,O009024,P035,2,23.65,47.3
OI0014567,O009025,P010,3,44.59,133.77
OI0014568,O009025,P020,1,30.3,30.3
OI0014569,O009026,P091,1,37.89,37.89
OI0014570,O009026,P061,1,33.13,33.13
OI0014571,O009026,P018,1,12.14,12.14
OI0014572,O009026,P032,1,17.4,17.4
OI0014573,O009027,P095,2,69.05,138.1
OI0014574,O009028,P085,1,11.15,11.15
OI0014575,O009029,P120,1,46.49,46.49
OI0014576,O009029,P013,1,12.37,12.37
OI0014577,O009029,P096,2,86.58,173.16
OI0014578,O009030,P113,1,35.73,35.73
OI0014579,O009031,P082,1,34.81,34.81
OI0014580,O009032,P092,1,58.39,58.39
OI0014581,O009032,P038,2,64.8,129.6
OI0014582,O009033,P109,1,81.27,81.27
OI0014583,O009033,P005,1,49.25,49.25
OI0014584,O009033,P027,1,12.05,12.05
OI0014585,O009034,P096,1,86.58,86.58
OI0014586,O009035,P013,1,12.37,12.37
OI0014587,O009036,P119,1,34.08,34.08
OI0014588,O009037,P116,1,38.35,38.35
OI0014589,O009037,P050,1,19.41,19.41
OI0014590,O009037,P099,1,46.77,46.77
OI0014591,O009038,P105,1,73.93,73.93
OI0014592,O009038,P078,1,34.46,34.46
OI0014593,O009038,P016,1,59.7,59.7
OI0014594,O009038,P036,1,16.55,16.55
OI0014595,O009039,P039,1,31.96,31.96
OI0014596,O009039,P045,1,30.38,30.38
OI0014597,O009040,P069,1,24.0,24.0
OI0014598,O009040,P047,1,23.25,23.25
OI0014599,O009040,P037,3,33.58,100.74
OI0014600,O009041,P003,1,36.05,36.05
OI0014601,O009042,P107,1,52.87,52.87
OI0014602,O009043,P069,1,24.0,24.0
OI0014603,O009044,P102,1,56.61,56.61
OI0014604,O009044,P013,1,12.37,12.37
OI0014605,O009044,P026,1,27.66,27.66
OI0014606,O009045,P024,1,84.49,84.49
OI0014607,O009046,P052,3,44.73,134.19
OI0014608,O009046,P117,1,27.82,27.82
OI0014609,O009047,P032,1,17.4,17.4
OI0014610,O009048,P047,1,23.25,23.25
OI0014611,O009049,P058,1,47.56,47.56
OI0014612,O009050,P058,2,47.56,95.12
OI0014613,O009051,P120,1,46.49,46.49
OI0014614,O009052,P033,3,87.02,261.06
OI0014615,O009052,P006,1,132.21,132.21
OI0014616,O009053,P076,1,38.28,38.28
OI0014617,O009054,P089,1,26.52,26.52
OI0014618,O009054,P039,1,31.96,31.96
OI0014619,O009054,P094,1,17.7,17.7
OI0014620,O009055,P063,1,28.7,28.7
OI0014621,O009055,P011,1,39.95,39.95
OI0014622,O009056,P015,1,31.17,31.17
OI0014623,O009057,P024,1,84.49,84.49
OI0014624,O009058,P076,1,38.28,38.28
OI0014625,O009058,P056,1,18.69,18.69
OI0014626,O009059,P119,1,34.08,34.08
OI0014627,O009060,P053,1,40.97,40.97
OI0014628,O009061,P071,1,141.44,141.44
OI0014629,O009061,P064,1,16.79,16.79
OI0014630,O009062,P116,2,38.35,76.7
OI0014631,O009062,P105,1,73.93,73.93
OI0014632,O009063,P004,1,66.5,66.5
OI0014633,O009064,P032,1,17.4,17.4
OI0014634,O009065,P031,1,32.22,32.22
OI0014635,O009066,P014,1,102.77,102.77
OI0014636,O009066,P012,1,51.32,51.32
OI0014637,O009066,P011,1,39.95,39.95
OI0014638,O009067,P045,3,30.38,91.14
OI0014639,O009068,P030,1,57.05,57.05
OI0014640,O009069,P096,1,86.58,86.58
OI0014641,O009069,P092,1,58.39,58.39
OI0014642,O009069,P057,1,112.54,112.54
OI0014643,O009070,P019,3,13.12,39.36
OI0014644,O009071,P074,1,32.9,32.9
OI0014645,O009072,P092,1,58.39,58.39
OI0014646,O009072,P069,1,24.0,24.0
OI0014647,O009072,P034,1,35.52,35.52
OI0014648,O009073,P088,1,28.36,28.36
OI0014649,O009073,P038,1,64.8,64.8
OI0014650,O009073,P023,1,54.75,54.75
OI0014651,O009074,P047,1,23.25,23.25
OI0014652,O009074,P116,2,38.35,76.7
OI0014653,O009075,P095,1,69.05,69.05
OI0014654,O009075,P043,1,23.06,23.06
OI0014655,O009076,P031,1,32.22,32.22
OI0014656,O009077,P095,1,69.05,69.05
OI0014657,O009078,P019,1,13.12,13.12
OI0014658,O009079,P018,1,12.14,12.14
OI0014659,O009079,P056,2,18.69,37.38
OI0014660,O009079,P080,1,64.69,64.69
OI0014661,O009080,P081,1,22.73,22.73
OI0014662,O009081,P102,1,56.61,56.61
OI0014663,O009082,P103,1,65.04,65.04
OI0014664,O009082,P077,1,144.76,144.76
OI0014665,O009083,P073,2,45.97,91.94
OI0014666,O009083,P034,2,35.52,71.04
OI0014667,O009083,P090,1,55.52,55.52
OI0014668,O009084,P072,2,14.56,29.12
OI0014669,O009084,P092,1,58.39,58.39
OI0014670,O009085,P017,1,18.94,18.94
OI0014671,O009085,P115,1,42.04,42.04
OI0014672,O009086,P108,1,34.32,34.32
OI0014673,O009087,P055,2,69.18,138.36
OI0014674,O009087,P033,1,87.02,87.02
OI0014675,O009088,P072,1,14.56,14.56
OI0014676,O009089,P066,1,34.67,34.67
OI0014677,O009090,P035,1,23.65,23.65
OI0014678,O009091,P113,1,35.73,35.73
OI0014679,O009091,P007,1,39.99,39.99
OI0014680,O009092,P111,1,29.11,29.11
OI0014681,O009092,P103,1,65.04,65.04
OI0014682,O009093,P062,1,53.16,53.16
OI0014683,O009094,P119,1,34.08,34.08
OI0014684,O009094,P055,1,69.18,69.18
OI0014685,O009095,P052,1,44.73,44.73
OI0014686,O009096,P117,1,27.82,27.82
OI0014687,O009096,P109,3,81.27,243.81
OI0014688,O009097,P087,1,29.25,29.25
OI0014689,O009098,P046,1,38.99,38.99
OI0014690,O009098,P049,1,42.57,42.57
OI0014691,O009099,P066,1,34.67,34.67
OI0014692,O009099,P044,1,63.71,63.71
OI0014693,O009100,P108,1,34.32,34.32
OI0014694,O009100,P090,1,55.52,55.52
OI0014695,O009101,P119,1,34.08,34.08
OI0014696,O009101,P105,1,73.93,73.93
OI0014697,O009101,P024,1,84.49,84.49
OI0014698,O009102,P097,1,20.46,20.46
OI0014699,O009102,P070,1,47.52,47.52
OI0014700,O009103,P118,1,22.9,22.9
OI0014701,O009103,P084,1,30.69,30.69
OI0014702,O009103,P024,1,84.49,84.49
OI0014703,O009103,P011,1,39.95,39.95
OI0014704,O009104,P042,1,41.11,41.11
OI0014705,O009105,P084,1,30.69,30.69
OI0014706,O009105,P050,1,19.41,19.41
OI0014707,O009106,P079,2,23.65,47.3
OI0014708,O009106,P038,1,64.8,64.8
OI0014709,O009106,P068,1,29.23,29.23
OI0014710,O009107,P115,1,42.04,42.04
OI0014711,O009108,P046,1,38.99,38.99
OI0014712,O009109,P016,1,59.7,59.7
OI0014713,O009110,P052,1,44.73,44.73
OI0014714,O009111,P047,2,23.25,46.5
OI0014715,O009112,P095,1,69.05,69.05
OI0014716,O009112,P030,1,57.05,57.05
OI0014717,O009113,P102,1,56.61,56.61
OI0014718,O009113,P088,1,28.36,28.36
OI0014719,O009113,P091,1,37.89,37.89
OI0014720,O009113,P001,1,66.04,66.04
OI0014721,O009114,P083,1,30.7,30.7
OI0014722,O009115,P022,1,43.57,43.57
OI0014723,O009116,P097,1,20.46,20.46
OI0014724,O009116,P049,1,42.57,42.57
OI0014725,O009116,P056,1,18.69,18.69
OI0014726,O009117,P022,2,43.57,87.14
OI0014727,O009117,P004,1,66.5,66.5
OI0014728,O009117,P007,1,39.99,39.99
OI0014729,O009118,P011,1,39.95,39.95
OI0014730,O009118,P063,1,28.7,28.7
OI0014731,O009119,P050,1,19.41,19.41
OI0014732,O009120,P012,2,51.32,102.64
OI0014733,O009121,P097,1,20.46,20.46
OI0014734,O009122,P029,1,25.98,25.98
OI0014735,O009123,P031,1,32.22,32.22
OI0014736,O009124,P073,1,45.97,45.97
OI0014737,O009125,P117,1,27.82,27.82
OI0014738,O009125,P018,1,12.14,12.14
OI0014739,O009126,P064,1,16.79,16.79
OI0014740,O009127,P043,1,23.06,23.06
OI0014741,O009128,P026,1,27.66,27.66
OI0014742,O009129,P093,1,45.3,45.3
OI0014743,O009130,P014,1,102.77,102.77
OI0014744,O009130,P061,1,33.13,33.13
OI0014745,O009131,P097,1,20.46,20.46
OI0014746,O009132,P028,3,129.35,388.05
OI0014747,O009133,P054,1,53.62,53.62
OI0014748,O009134,P043,1,23.06,23.06
OI0014749,O009135,P060,1,41.59,41.59
OI0014750,O009135,P063,1,28.7,28.7
OI0014751,O009135,P074,1,32.9,32.9
OI0014752,O009135,P036,1,16.55,16.55
OI0014753,O009136,P089,1,26.52,26.52
OI0014754,O009136,P021,2,51.23,102.46
OI0014755,O009136,P004,1,66.5,66.5
OI0014756,O009137,P086,1,80.82,80.82
OI0014757,O009138,P020,1,30.3,30.3
OI0014758,O009138,P004,1,66.5,66.5
OI0014759,O009139,P071,1,141.44,141.44
OI0014760,O009140,P057,1,112.54,112.54
OI0014761,O009141,P053,2,40.97,81.94
OI0014762,O009142,P094,1,17.7,17.7
OI0014763,O009143,P002,1,30.14,30.14
OI0014764,O009143,P018,1,12.14,12.14
OI0014765,O009144,P101,1,43.91,43.91
OI0014766,O009145,P047,1,23.25,23.25
OI0014767,O009145,P017,1,18.94,18.94
OI0014768,O009146,P084,1,30.69,30.69
OI0014769,O009147,P081,1,22.73,22.73
OI0014770,O009147,P046,1,38.99,38.99
OI0014771,O009147,P092,1,58.39,58.39
OI0014772,O009147,P089,1,26.52,26.52
OI0014773,O009148,P104,2,44.1,88.2
OI0014774,O009148,P069,1,24.0,24.0
OI0014775,O009149,P065,1,41.82,41.82
OI0014776,O009149,P047,1,23.25,23.25
OI0014777,O009150,P008,1,46.52,46.52
OI0014778,O009150,P070,1,47.52,47.52
OI0014779,O009151,P020,2,30.3,60.6
OI0014780,O009152,P071,1,141.44,141.44
OI0014781,O009152,P054,3,53.62,160.86
OI0014782,O009153,P005,1,49.25,49.25
OI0014783,O009154,P066,1,34.67,34.67
OI0014784,O009154,P089,1,26.52,26.52
OI0014785,O009155,P019,1,13.12,13.12
OI0014786,O009156,P115,1,42.04,42.04
OI0014787,O009156,P015,3,31.17,93.51
OI0014788,O009157,P001,1,66.04,66.04
OI0014789,O009157,P046,2,38.99,77.98
OI0014790,O009158,P030,1,57.05,57.05
OI0014791,O009158,P112,1,35.49,35.49
OI0014792,O009158,P064,2,16.79,33.58
OI0014793,O009159,P014,1,102.77,102.77
OI0014794,O009159,P070,2,47.52,95.04
OI0014795,O009160,P082,1,34.81,34.81
OI0014796,O009161,P098,1,57.37,57.37
OI0014797,O009161,P095,1,69.05,69.05
OI0014798,O009161,P065,1,41.82,41.82
OI0014799,O009162,P099,1,46.77,46.77
OI0014800,O009163,P104,1,44.1,44.1
OI0014801,O009163,P102,1,56.61,56.61
OI0014802,O009163,P008,1,46.52,46.52
OI0014803,O009164,P016,1,59.7,59.7
OI0014804,O009164,P017,1,18.94,18.94
OI0014805,O009164,P018,1,12.14,12.14
OI0014806,O009164,P097,1,20.46,20.46
OI0014807,O009165,P101,1,43.91,43.91
OI0014808,O009166,P024,1,84.49,84.49
OI0014809,O009167,P038,3,64.8,194.4
OI0014810,O009168,P004,1,66.5,66.5
OI0014811,O009168,P118,1,22.9,22.9
OI0014812,O009169,P097,2,20.46,40.92
OI0014813,O009169,P091,1,37.89,37.89
OI0014814,O009170,P101,1,43.91,43.91
OI0014815,O009171,P071,1,141.44,141.44
OI0014816,O009172,P090,1,55.52,55.52
OI0014817,O009173,P109,1,81.27,81.27
OI0014818,O009173,P101,1,43.91,43.91
OI0014819,O009174,P090,1,55.52,55.52
OI0014820,O009175,P070,1,47.52,47.52
OI0014821,O009175,P031,1,32.22,32.22
OI0014822,O009176,P061,1,33.13,33.13
OI0014823,O009177,P033,1,87.02,87.02
OI0014824,O009178,P099,1,46.77,46.77
OI0014825,O009179,P084,1,30.69,30.69
OI0014826,O009179,P111,2,29.11,58.22
OI0014827,O009180,P011,1,39.95,39.95
OI0014828,O009181,P013,2,12.37,24.74
OI0014829,O009182,P009,1,37.92,37.92
OI0014830,O009183,P009,1,37.92,37.92
OI0014831,O009183,P014,1,102.77,102.77
OI0014832,O009183,P076,1,38.28,38.28
OI0014833,O009184,P027,1,12.05,12.05
OI0014834,O009185,P024,2,84.49,168.98
OI0014835,O009186,P036,2,16.55,33.1
OI0014836,O009186,P001,1,66.04,66.04
OI0014837,O009186,P113,1,35.73,35.73
OI0014838,O009187,P082,1,34.81,34.81
OI0014839,O009188,P018,1,12.14,12.14
OI0014840,O009188,P067,1,46.95,46.95
OI0014841,O009189,P033,1,87.02,87.02
OI0014842,O009190,P108,2,34.32,68.64
OI0014843,O009191,P103,1,65.04,65.04
OI0014844,O009191,P001,1,66.04,66.04
OI0014845,O009191,P025,1,37.52,37.52
OI0014846,O009192,P081,1,22.73,22.73
OI0014847,O009192,P098,1,57.37,57.37
OI0014848,O009193,P109,1,81.27,81.27
OI0014849,O009193,P047,1,23.25,23.25
OI0014850,O009194,P071,1,141.44,141.44
OI0014851,O009194,P073,1,45.97,45.97
OI0014852,O009195,P113,1,35.73,35.73
OI0014853,O009195,P052,1,44.73,44.73
OI0014854,O009195,P103,1,65.04,65.04
OI0014855,O009196,P021,1,51.23,51.23
OI0014856,O009197,P053,1,40.97,40.97
OI0014857,O009198,P020,1,30.3,30.3
OI0014858,O009199,P008,1,46.52,46.52
OI0014859,O009200,P020,1,30.3,30.3
OI0014860,O009201,P020,1,30.3,30.3
OI0014861,O009201,P102,1,56.61,56.61
OI0014862,O009202,P014,1,102.77,102.77
OI0014863,O009203,P118,1,22.9,22.9
OI0014864,O009204,P100,1,26.88,26.88
OI0014865,O009205,P076,1,38.28,38.28
OI0014866,O009206,P025,1,37.52,37.52
OI0014867,O009206,P103,1,65.04,65.04
OI0014868,O009206,P033,2,87.02,174.04
OI0014869,O009207,P063,3,28.7,86.1
OI0014870,O009208,P083,1,30.7,30.7
OI0014871,O009209,P096,1,86.58,86.58
OI0014872,O009210,P091,1,37.89,37.89
OI0014873,O009211,P071,1,141.44,141.44
OI0014874,O009212,P110,2,82.9,165.8
OI0014875,O009212,P010,1,44.59,44.59
OI0014876,O009213,P061,1,33.13,33.13
OI0014877,O009214,P053,1,40.97,40.97
OI0014878,O009214,P107,2,52.87,105.74
OI0014879,O009214,P049,1,42.57,42.57
OI0014880,O009215,P114,1,27.37,27.37
OI0014881,O009216,P051,2,11.22,22.44
OI0014882,O009216,P111,1,29.11,29.11
OI0014883,O009216,P041,1,25.86,25.86
OI0014884,O009217,P064,1,16.79,16.79
OI0014885,O009218,P116,1,38.35,38.35
OI0014886,O009219,P094,1,17.7,17.7
OI0014887,O009220,P101,1,43.91,43.91
OI0014888,O009221,P077,2,144.76,289.52
OI0014889,O009222,P058,2,47.56,95.12
OI0014890,O009222,P120,1,46.49,46.49
OI0014891,O009222,P076,1,38.28,38.28
OI0014892,O009222,P068,1,29.23,29.23
OI0014893,O009223,P005,1,49.25,49.25
OI0014894,O009223,P022,1,43.57,43.57
OI0014895,O009223,P015,1,31.17,31.17
OI0014896,O009224,P023,1,54.75,54.75
OI0014897,O009224,P090,1,55.52,55.52
OI0014898,O009225,P020,1,30.3,30.3
OI0014899,O009226,P094,1,17.7,17.7
OI0014900,O009227,P070,1,47.52,47.52
OI0014901,O009227,P069,2,24.0,48.0
OI0014902,O009227,P030,2,57.05,114.1
OI0014903,O009227,P106,1,47.23,47.23
OI0014904,O009228,P111,1,29.11,29.11
OI0014905,O009228,P008,1,46.52,46.52
OI0014906,O009229,P072,1,14.56,14.56
OI0014907,O009229,P080,1,64.69,64.69
OI0014908,O009230,P022,1,43.57,43.57
OI0014909,O009230,P066,1,34.67,34.67
OI0014910,O009230,P036,1,16.55,16.55
OI0014911,O009230,P056,1,18.69,18.69
OI0014912,O009231,P102,1,56.61,56.61
OI0014913,O009232,P095,1,69.05,69.05
OI0014914,O009233,P052,1,44.73,44.73
OI0014915,O009234,P085,1,11.15,11.15
OI0014916,O009235,P081,1,22.73,22.73
OI0014917,O009235,P093,1,45.3,45.3
OI0014918,O009236,P061,1,33.13,33.13
OI0014919,O009236,P001,1,66.04,66.04
OI0014920,O009236,P051,1,11.22,11.22
OI0014921,O009236,P009,1,37.92,37.92
OI0014922,O009237,P052,1,44.73,44.73
OI0014923,O009237,P118,1,22.9,22.9
OI0014924,O009238,P001,1,66.04,66.04
OI0014925,O009239,P052,1,44.73,44.73
OI0014926,O009240,P116,1,38.35,38.35
OI0014927,O009240,P021,2,51.23,102.46
OI0014928,O009241,P025,1,37.52,37.52
OI0014929,O009241,P061,1,33.13,33.13
OI0014930,O009241,P002,1,30.14,30.14
OI0014931,O009242,P113,1,35.73,35.73
OI0014932,O009242,P006,1,132.21,132.21
OI0014933,O009243,P092,1,58.39,58.39
OI0014934,O009244,P013,2,12.37,24.74
OI0014935,O009245,P045,1,30.38,30.38
OI0014936,O009246,P090,1,55.52,55.52
OI0014937,O009247,P024,1,84.49,84.49
OI0014938,O009247,P078,1,34.46,34.46
OI0014939,O009247,P112,1,35.49,35.49
OI0014940,O009248,P081,1,22.73,22.73
OI0014941,O009249,P097,1,20.46,20.46
OI0014942,O009250,P010,1,44.59,44.59
OI0014943,O009251,P096,1,86.58,86.58
OI0014944,O009252,P081,1,22.73,22.73
OI0014945,O009253,P036,1,16.55,16.55
OI0014946,O009254,P108,1,34.32,34.32
OI0014947,O009254,P095,1,69.05,69.05
OI0014948,O009254,P002,1,30.14,30.14
OI0014949,O009255,P025,1,37.52,37.52
OI0014950,O009256,P026,2,27.66,55.32
OI0014951,O009257,P063,1,28.7,28.7
OI0014952,O009258,P119,1,34.08,34.08
OI0014953,O009258,P102,1,56.61,56.61
OI0014954,O009259,P055,1,69.18,69.18
OI0014955,O009260,P096,1,86.58,86.58
OI0014956,O009260,P059,1,68.57,68.57
OI0014957,O009260,P019,1,13.12,13.12
OI0014958,O009261,P092,1,58.39,58.39
OI0014959,O009262,P037,2,33.58,67.16
OI0014960,O009262,P053,1,40.97,40.97
OI0014961,O009262,P110,1,82.9,82.9
OI0014962,O009262,P108,1,34.32,34.32
OI0014963,O009263,P043,1,23.06,23.06
OI0014964,O009263,P038,1,64.8,64.8
OI0014965,O009264,P090,1,55.52,55.52
OI0014966,O009264,P041,1,25.86,25.86
OI0014967,O009265,P046,1,38.99,38.99
OI0014968,O009266,P003,1,36.05,36.05
OI0014969,O009267,P099,1,46.77,46.77
OI0014970,O009267,P030,1,57.05,57.05
OI0014971,O009268,P032,1,17.4,17.4
OI0014972,O009268,P063,1,28.7,28.7
OI0014973,O009268,P001,1,66.04,66.04
OI0014974,O009268,P091,1,37.89,37.89
OI0014975,O009269,P011,1,39.95,39.95
OI0014976,O009269,P116,1,38.35,38.35
OI0014977,O009269,P051,1,11.22,11.22
OI0014978,O009270,P088,1,28.36,28.36
OI0014979,O009271,P025,1,37.52,37.52
OI0014980,O009271,P069,1,24.0,24.0
OI0014981,O009272,P068,1,29.23,29.23
OI0014982,O009273,P058,1,47.56,47.56
OI0014983,O009273,P059,2,68.57,137.14
OI0014984,O009274,P082,1,34.81,34.81
OI0014985,O009274,P040,1,40.11,40.11
OI0014986,O009275,P071,1,141.44,141.44
OI0014987,O009275,P033,1,87.02,87.02
OI0014988,O009276,P036,1,16.55,16.55
OI0014989,O009277,P037,1,33.58,33.58
OI0014990,O009278,P097,1,20.46,20.46
OI0014991,O009279,P113,1,35.73,35.73
OI0014992,O009280,P114,1,27.37,27.37
OI0014993,O009281,P033,1,87.02,87.02
OI0014994,O009282,P080,1,64.69,64.69
OI0014995,O009283,P081,1,22.73,22.73
OI0014996,O009283,P102,1,56.61,56.61
OI0014997,O009284,P074,1,32.9,32.9
OI0014998,O009285,P044,1,63.71,63.71
OI0014999,O009286,P034,1,35.52,35.52
OI0015000,O009287,P052,1,44.73,44.73
OI0015001,O009288,P053,1,40.97,40.97
OI0015002,O009289,P020,1,30.3,30.3
OI0015003,O009290,P014,1,102.77,102.77
OI0015004,O009291,P055,1,69.18,69.18
OI0015005,O009291,P044,2,63.71,127.42
OI0015006,O009292,P044,1,63.71,63.71
OI0015007,O009292,P023,1,54.75,54.75
OI0015008,O009292,P031,1,32.22,32.22
OI0015009,O009292,P114,1,27.37,27.37
OI0015010,O009293,P057,1,112.54,112.54
OI0015011,O009293,P044,1,63.71,63.71
OI0015012,O009294,P078,1,34.46,34.46
OI0015013,O009295,P037,1,33.58,33.58
OI0015014,O009296,P021,1,51.23,51.23
OI0015015,O009297,P086,1,80.82,80.82
OI0015016,O009297,P115,2,42.04,84.08
OI0015017,O009297,P012,1,51.32,51.32
OI0015018,O009298,P072,1,14.56,14.56
OI0015019,O009298,P073,2,45.97,91.94
OI0015020,O009299,P001,2,66.04,132.08
OI0015021,O009300,P045,1,30.38,30.38
OI0015022,O009301,P116,1,38.35,38.35
OI0015023,O009302,P054,1,53.62,53.62
OI0015024,O009302,P040,2,40.11,80.22
OI0015025,O009303,P015,1,31.17,31.17
OI0015026,O009304,P083,1,30.7,30.7
OI0015027,O009305,P100,1,26.88,26.88
OI0015028,O009305,P066,1,34.67,34.67
OI0015029,O009306,P108,1,34.32,34.32
OI0015030,O009307,P034,1,35.52,35.52
OI0015031,O009308,P095,1,69.05,69.05
OI0015032,O009309,P040,1,40.11,40.11
OI0015033,O009309,P010,2,44.59,89.18
OI0015034,O009310,P023,1,54.75,54.75
OI0015035,O009310,P100,2,26.88,53.76
OI0015036,O009311,P091,1,37.89,37.89
OI0015037,O009311,P011,1,39.95,39.95
OI0015038,O009312,P118,1,22.9,22.9
OI0015039,O009312,P058,1,47.56,47.56
OI0015040,O009312,P100,1,26.88,26.88
OI0015041,O009313,P026,1,27.66,27.66
OI0015042,O009313,P035,1,23.65,23.65
OI0015043,O009314,P043,1,23.06,23.06
OI0015044,O009315,P112,2,35.49,70.98
OI0015045,O009316,P045,1,30.38,30.38
OI0015046,O009316,P015,1,31.17,31.17
OI0015047,O009317,P109,1,81.27,81.27
OI0015048,O009317,P045,1,30.38,30.38
OI0015049,O009317,P048,1,37.04,37.04
OI0015050,O009317,P085,2,11.15,22.3
OI0015051,O009318,P026,1,27.66,27.66
OI0015052,O009319,P062,1,53.16,53.16
OI0015053,O009320,P008,1,46.52,46.52
OI0015054,O009321,P106,1,47.23,47.23
OI0015055,O009322,P031,1,32.22,32.22
OI0015056,O009323,P080,1,64.69,64.69
OI0015057,O009324,P059,1,68.57,68.57
OI0015058,O009325,P086,1,80.82,80.82
OI0015059,O009326,P082,1,34.81,34.81
OI0015060,O009327,P118,3,22.9,68.7
OI0015061,O009328,P068,2,29.23,58.46
OI0015062,O009329,P102,1,56.61,56.61
OI0015063,O009329,P067,1,46.95,46.95
OI0015064,O009330,P017,1,18.94,18.94
OI0015065,O009331,P094,1,17.7,17.7
OI0015066,O009331,P095,2,69.05,138.1
OI0015067,O009331,P012,1,51.32,51.32
OI0015068,O009332,P030,1,57.05,57.05
OI0015069,O009332,P046,1,38.99,38.99
OI0015070,O009332,P118,1,22.9,22.9
OI0015071,O009333,P069,1,24.0,24.0
OI0015072,O009334,P072,1,14.56,14.56
OI0015073,O009334,P105,1,73.93,73.93
OI0015074,O009334,P069,1,24.0,24.0
OI0015075,O009335,P053,1,40.97,40.97
OI0015076,O009336,P021,1,51.23,51.23
OI0015077,O009337,P039,1,31.96,31.96
OI0015078,O009338,P120,2,46.49,92.98
OI0015079,O009338,P008,1,46.52,46.52
OI0015080,O009339,P058,1,47.56,47.56
OI0015081,O009340,P074,1,32.9,32.9
OI0015082,O009341,P033,1,87.02,87.02
OI0015083,O009342,P001,1,66.04,66.04
OI0015084,O009343,P080,1,64.69,64.69
OI0015085,O009344,P021,2,51.23,102.46
OI0015086,O009345,P023,2,54.75,109.5
OI0015087,O009346,P055,2,69.18,138.36
OI0015088,O009346,P073,1,45.97,45.97
OI0015089,O009346,P054,1,53.62,53.62
OI0015090,O009346,P050,1,19.41,19.41
OI0015091,O009347,P059,1,68.57,68.57
OI0015092,O009347,P117,1,27.82,27.82
OI0015093,O009347,P072,1,14.56,14.56
OI0015094,O009348,P044,1,63.71,63.71
OI0015095,O009349,P095,1,69.05,69.05
OI0015096,O009350,P028,1,129.35,129.35
OI0015097,O009350,P096,1,86.58,86.58
OI0015098,O009351,P051,1,11.22,11.22
OI0015099,O009352,P089,2,26.52,53.04
OI0015100,O009352,P035,1,23.65,23.65
OI0015101,O009352,P111,1,29.11,29.11
OI0015102,O009353,P051,1,11.22,11.22
OI0015103,O009353,P021,1,51.23,51.23
OI0015104,O009353,P054,1,53.62,53.62
OI0015105,O009353,P061,1,33.13,33.13
OI0015106,O009354,P063,2,28.7,57.4
OI0015107,O009354,P014,1,102.77,102.77
OI0015108,O009354,P080,1,64.69,64.69
OI0015109,O009355,P092,1,58.39,58.39
OI0015110,O009355,P073,1,45.97,45.97
OI0015111,O009356,P003,1,36.05,36.05
OI0015112,O009357,P014,3,102.77,308.31
OI0015113,O009358,P096,1,86.58,86.58
OI0015114,O009359,P103,1,65.04,65.04
OI0015115,O009360,P053,1,40.97,40.97
OI0015116,O009360,P085,1,11.15,11.15
OI0015117,O009361,P072,3,14.56,43.68
OI0015118,O009361,P001,1,66.04,66.04
OI0015119,O009362,P066,1,34.67,34.67
OI0015120,O009362,P035,2,23.65,47.3
OI0015121,O009362,P024,1,84.49,84.49
OI0015122,O009363,P055,1,69.18,69.18
OI0015123,O009364,P062,1,53.16,53.16
OI0015124,O009365,P104,1,44.1,44.1
OI0015125,O009365,P057,1,112.54,112.54
OI0015126,O009366,P015,1,31.17,31.17
OI0015127,O009367,P089,1,26.52,26.52
OI0015128,O009368,P016,1,59.7,59.7
OI0015129,O009369,P103,2,65.04,130.08
OI0015130,O009369,P120,1,46.49,46.49
OI0015131,O009370,P068,1,29.23,29.23
OI0015132,O009370,P051,1,11.22,11.22
OI0015133,O009371,P044,1,63.71,63.71
OI0015134,O009372,P095,1,69.05,69.05
OI0015135,O009372,P034,1,35.52,35.52
OI0015136,O009373,P023,1,54.75,54.75
OI0015137,O009374,P047,1,23.25,23.25
OI0015138,O009374,P001,2,66.04,132.08
OI0015139,O009374,P044,1,63.71,63.71
OI0015140,O009375,P096,2,86.58,173.16
OI0015141,O009376,P011,3,39.95,119.85
OI0015142,O009377,P097,1,20.46,20.46
OI0015143,O009378,P037,2,33.58,67.16
OI0015144,O009379,P084,1,30.69,30.69
OI0015145,O009380,P065,2,41.82,83.64
OI0015146,O009380,P112,1,35.49,35.49
OI0015147,O009381,P040,1,40.11,40.11
OI0015148,O009382,P025,1,37.52,37.52
OI0015149,O009383,P073,1,45.97,45.97
OI0015150,O009383,P097,1,20.46,20.46
OI0015151,O009384,P039,1,31.96,31.96
OI0015152,O009385,P077,1,144.76,144.76
OI0015153,O009385,P044,1,63.71,63.71
OI0015154,O009386,P019,1,13.12,13.12
OI0015155,O009386,P064,1,16.79,16.79
OI0015156,O009387,P071,3,141.44,424.32
OI0015157,O009387,P104,1,44.1,44.1
OI0015158,O009388,P074,2,32.9,65.8
OI0015159,O009388,P010,1,44.59,44.59
OI0015160,O009388,P073,1,45.97,45.97
OI0015161,O009389,P026,1,27.66,27.66
OI0015162,O009390,P090,1,55.52,55.52
OI0015163,O009391,P064,1,16.79,16.79
OI0015164,O009392,P115,1,42.04,42.04
OI0015165,O009392,P040,1,40.11,40.11
OI0015166,O009392,P034,3,35.52,106.56
OI0015167,O009393,P074,1,32.9,32.9
OI0015168,O009394,P034,2,35.52,71.04
OI0015169,O009394,P072,1,14.56,14.56
OI0015170,O009394,P120,1,46.49,46.49
OI0015171,O009395,P077,2,144.76,289.52
OI0015172,O009395,P022,1,43.57,43.57
OI0015173,O009395,P048,2,37.04,74.08
OI0015174,O009396,P074,1,32.9,32.9
OI0015175,O009396,P014,2,102.77,205.54
OI0015176,O009397,P077,2,144.76,289.52
OI0015177,O009398,P072,1,14.56,14.56
OI0015178,O009399,P041,2,25.86,51.72
OI0015179,O009400,P059,1,68.57,68.57
OI0015180,O009401,P048,3,37.04,111.12
OI0015181,O009401,P047,1,23.25,23.25
OI0015182,O009402,P080,2,64.69,129.38
OI0015183,O009403,P002,1,30.14,30.14
OI0015184,O009403,P085,1,11.15,11.15
OI0015185,O009404,P045,1,30.38,30.38
OI0015186,O009405,P029,1,25.98,25.98
OI0015187,O009405,P079,1,23.65,23.65
OI0015188,O009406,P064,1,16.79,16.79
OI0015189,O009406,P003,1,36.05,36.05
OI0015190,O009407,P033,1,87.02,87.02
OI0015191,O009407,P116,1,38.35,38.35
OI0015192,O009407,P101,1,43.91,43.91
OI0015193,O009408,P061,1,33.13,33.13
OI0015194,O009408,P044,1,63.71,63.71
OI0015195,O009409,P051,1,11.22,11.22
OI0015196,O009409,P028,3,129.35,388.05
OI0015197,O009409,P022,1,43.57,43.57
OI0015198,O009410,P099,1,46.77,46.77
OI0015199,O009410,P107,2,52.87,105.74
OI0015200,O009411,P026,1,27.66,27.66
OI0015201,O009411,P115,1,42.04,42.04
OI0015202,O009411,P101,1,43.91,43.91
OI0015203,O009412,P054,1,53.62,53.62
OI0015204,O009412,P051,1,11.22,11.22
OI0015205,O009413,P094,1,17.7,17.7
OI0015206,O009414,P022,1,43.57,43.57
OI0015207,O009415,P086,1,80.82,80.82
OI0015208,O009416,P095,3,69.05,207.15
OI0015209,O009416,P081,1,22.73,22.73
OI0015210,O009416,P115,1,42.04,42.04
OI0015211,O009416,P015,1,31.17,31.17
OI0015212,O009417,P107,1,52.87,52.87
OI0015213,O009418,P001,2,66.04,132.08
OI0015214,O009418,P031,1,32.22,32.22
OI0015215,O009419,P048,1,37.04,37.04
OI0015216,O009419,P003,1,36.05,36.05
OI0015217,O009420,P093,1,45.3,45.3
OI0015218,O009420,P050,1,19.41,19.41
OI0015219,O009421,P040,1,40.11,40.11
OI0015220,O009421,P061,1,33.13,33.13
OI0015221,O009422,P029,2,25.98,51.96
OI0015222,O009423,P094,1,17.7,17.7
OI0015223,O009424,P048,1,37.04,37.04
OI0015224,O009424,P095,1,69.05,69.05
OI0015225,O009425,P058,1,47.56,47.56
OI0015226,O009425,P079,1,23.65,23.65
OI0015227,O009426,P096,1,86.58,86.58
OI0015228,O009426,P038,1,64.8,64.8
OI0015229,O009427,P075,1,44.36,44.36
OI0015230,O009428,P087,1,29.25,29.25
OI0015231,O009429,P059,1,68.57,68.57
OI0015232,O009429,P076,1,38.28,38.28
OI0015233,O009430,P081,1,22.73,22.73
OI0015234,O009431,P017,1,18.94,18.94
OI0015235,O009432,P011,1,39.95,39.95
OI0015236,O009432,P088,1,28.36,28.36
OI0015237,O009433,P052,2,44.73,89.46
OI0015238,O009433,P063,1,28.7,28.7
OI0015239,O009434,P112,1,35.49,35.49
OI0015240,O009434,P084,1,30.69,30.69
OI0015241,O009435,P074,1,32.9,32.9
OI0015242,O009435,P098,2,57.37,114.74
OI0015243,O009436,P034,2,35.52,71.04
OI0015244,O009437,P040,1,40.11,40.11
OI0015245,O009437,P051,1,11.22,11.22
OI0015246,O009438,P109,1,81.27,81.27
OI0015247,O009438,P021,2,51.23,102.46
OI0015248,O009439,P078,1,34.46,34.46
OI0015249,O009439,P073,2,45.97,91.94
OI0015250,O009440,P013,1,12.37,12.37
OI0015251,O009441,P069,1,24.0,24.0
OI0015252,O009441,P048,1,37.04,37.04
OI0015253,O009442,P082,1,34.81,34.81
OI0015254,O009442,P079,1,23.65,23.65
OI0015255,O009443,P089,2,26.52,53.04
OI0015256,O009444,P060,1,41.59,41.59
OI0015257,O009445,P043,1,23.06,23.06
OI0015258,O009446,P065,1,41.82,41.82
OI0015259,O009447,P047,2,23.25,46.5
OI0015260,O009448,P056,1,18.69,18.69
OI0015261,O009449,P077,1,144.76,144.76
OI0015262,O009449,P097,1,20.46,20.46
OI0015263,O009450,P105,1,73.93,73.93
OI0015264,O009450,P042,1,41.11,41.11
OI0015265,O009450,P115,1,42.04,42.04
OI0015266,O009451,P034,2,35.52,71.04
OI0015267,O009452,P048,1,37.04,37.04
OI0015268,O009453,P064,1,16.79,16.79
OI0015269,O009454,P011,1,39.95,39.95
OI0015270,O009454,P047,1,23.25,23.25
OI0015271,O009454,P060,1,41.59,41.59
OI0015272,O009455,P033,1,87.02,87.02
OI0015273,O009456,P017,1,18.94,18.94
OI0015274,O009457,P050,2,19.41,38.82
OI0015275,O009457,P048,1,37.04,37.04
OI0015276,O009458,P089,1,26.52,26.52
OI0015277,O009459,P009,2,37.92,75.84
OI0015278,O009459,P100,3,26.88,80.64
OI0015279,O009460,P057,1,112.54,112.54
OI0015280,O009460,P082,2,34.81,69.62
OI0015281,O009460,P094,1,17.7,17.7
OI0015282,O009460,P118,1,22.9,22.9
OI0015283,O009461,P041,1,25.86,25.86
OI0015284,O009462,P113,1,35.73,35.73
OI0015285,O009462,P052,1,44.73,44.73
OI0015286,O009463,P096,2,86.58,173.16
OI0015287,O009463,P056,1,18.69,18.69
OI0015288,O009464,P068,1,29.23,29.23
OI0015289,O009464,P096,1,86.58,86.58
OI0015290,O009464,P097,1,20.46,20.46
OI0015291,O009465,P056,1,18.69,18.69
OI0015292,O009466,P093,1,45.3,45.3
OI0015293,O009467,P102,2,56.61,113.22
OI0015294,O009468,P030,1,57.05,57.05
OI0015295,O009469,P099,1,46.77,46.77
OI0015296,O009469,P017,1,18.94,18.94
OI0015297,O009469,P092,2,58.39,116.78
OI0015298,O009470,P087,3,29.25,87.75
OI0015299,O009471,P073,1,45.97,45.97
OI0015300,O009472,P108,2,34.32,68.64
OI0015301,O009473,P023,1,54.75,54.75
OI0015302,O009474,P070,1,47.52,47.52
OI0015303,O009474,P111,1,29.11,29.11
OI0015304,O009475,P107,1,52.87,52.87
OI0015305,O009476,P007,1,39.99,39.99
OI0015306,O009477,P018,3,12.14,36.42
OI0015307,O009477,P083,1,30.7,30.7
OI0015308,O009477,P116,1,38.35,38.35
OI0015309,O009477,P014,2,102.77,205.54
OI0015310,O009478,P035,2,23.65,47.3
OI0015311,O009478,P042,1,41.11,41.11
OI0015312,O009479,P022,1,43.57,43.57
OI0015313,O009480,P009,1,37.92,37.92
OI0015314,O009481,P097,1,20.46,20.46
OI0015315,O009481,P091,1,37.89,37.89
OI0015316,O009481,P033,1,87.02,87.02
OI0015317,O009482,P008,1,46.52,46.52
OI0015318,O009483,P108,1,34.32,34.32
OI0015319,O009484,P113,1,35.73,35.73
OI0015320,O009485,P010,1,44.59,44.59
OI0015321,O009485,P105,1,73.93,73.93
OI0015322,O009486,P016,1,59.7,59.7
OI0015323,O009487,P093,1,45.3,45.3
OI0015324,O009487,P115,1,42.04,42.04
OI0015325,O009488,P007,2,39.99,79.98
OI0015326,O009488,P029,1,25.98,25.98
OI0015327,O009488,P097,1,20.46,20.46
OI0015328,O009488,P109,1,81.27,81.27
OI0015329,O009489,P065,2,41.82,83.64
OI0015330,O009489,P095,3,69.05,207.15
OI0015331,O009489,P088,1,28.36,28.36
OI0015332,O009490,P050,1,19.41,19.41
OI0015333,O009490,P055,1,69.18,69.18
OI0015334,O009491,P064,1,16.79,16.79
OI0015335,O009492,P006,1,132.21,132.21
OI0015336,O009493,P043,1,23.06,23.06
OI0015337,O009493,P021,3,51.23,153.69
OI0015338,O009494,P005,1,49.25,49.25
OI0015339,O009494,P064,1,16.79,16.79
OI0015340,O009495,P101,1,43.91,43.91
OI0015341,O009495,P099,1,46.77,46.77
OI0015342,O009496,P051,1,11.22,11.22
OI0015343,O009496,P096,1,86.58,86.58
OI0015344,O009496,P029,1,25.98,25.98
OI0015345,O009497,P060,1,41.59,41.59
OI0015346,O009498,P042,1,41.11,41.11
OI0015347,O009499,P088,1,28.36,28.36
OI0015348,O009500,P114,1,27.37,27.37
OI0015349,O009500,P095,1,69.05,69.05
OI0015350,O009501,P039,1,31.96,31.96
OI0015351,O009501,P018,1,12.14,12.14
OI0015352,O009502,P073,1,45.97,45.97
OI0015353,O009502,P061,2,33.13,66.26
OI0015354,O009502,P041,1,25.86,25.86
OI0015355,O009503,P036,1,16.55,16.55
OI0015356,O009504,P050,1,19.41,19.41
OI0015357,O009504,P095,1,69.05,69.05
OI0015358,O009504,P084,1,30.69,30.69
OI0015359,O009505,P037,2,33.58,67.16
OI0015360,O009506,P022,2,43.57,87.14
OI0015361,O009506,P045,1,30.38,30.38
OI0015362,O009507,P042,1,41.11,41.11
OI0015363,O009508,P051,1,11.22,11.22
OI0015364,O009509,P056,2,18.69,37.38
OI0015365,O009510,P048,1,37.04,37.04
OI0015366,O009511,P098,1,57.37,57.37
OI0015367,O009512,P061,2,33.13,66.26
OI0015368,O009513,P004,1,66.5,66.5
OI0015369,O009513,P010,1,44.59,44.59
OI0015370,O009514,P023,2,54.75,109.5
OI0015371,O009514,P017,1,18.94,18.94
OI0015372,O009514,P054,1,53.62,53.62
OI0015373,O009515,P039,1,31.96,31.96
OI0015374,O009515,P093,1,45.3,45.3
OI0015375,O009516,P068,1,29.23,29.23
OI0015376,O009516,P061,1,33.13,33.13
OI0015377,O009517,P101,1,43.91,43.91
OI0015378,O009517,P004,1,66.5,66.5
OI0015379,O009518,P085,1,11.15,11.15
OI0015380,O009519,P086,3,80.82,242.46
OI0015381,O009519,P099,1,46.77,46.77
OI0015382,O009520,P033,2,87.02,174.04
OI0015383,O009520,P074,1,32.9,32.9
OI0015384,O009521,P002,1,30.14,30.14
OI0015385,O009522,P025,1,37.52,37.52
OI0015386,O009523,P074,1,32.9,32.9
OI0015387,O009523,P004,1,66.5,66.5
OI0015388,O009524,P119,2,34.08,68.16
OI0015389,O009525,P049,1,42.57,42.57
OI0015390,O009525,P113,1,35.73,35.73
OI0015391,O009526,P101,1,43.91,43.91
OI0015392,O009527,P070,1,47.52,47.52
OI0015393,O009527,P095,2,69.05,138.1
OI0015394,O009528,P057,1,112.54,112.54
OI0015395,O009529,P048,1,37.04,37.04
OI0015396,O009530,P096,1,86.58,86.58
OI0015397,O009530,P110,2,82.9,165.8
OI0015398,O009530,P011,1,39.95,39.95
OI0015399,O009531,P120,1,46.49,46.49
OI0015400,O009532,P021,1,51.23,51.23
OI0015401,O009532,P117,2,27.82,55.64
OI0015402,O009533,P081,3,22.73,68.19
OI0015403,O009533,P103,1,65.04,65.04
OI0015404,O009534,P050,1,19.41,19.41
OI0015405,O009535,P105,1,73.93,73.93
OI0015406,O009535,P083,1,30.7,30.7
OI0015407,O009536,P063,1,28.7,28.7
OI0015408,O009537,P065,2,41.82,83.64
OI0015409,O009538,P075,3,44.36,133.08
OI0015410,O009539,P052,1,44.73,44.73
OI0015411,O009539,P115,1,42.04,42.04
OI0015412,O009539,P065,1,41.82,41.82
OI0015413,O009539,P096,1,86.58,86.58
OI0015414,O009540,P077,1,144.76,144.76
OI0015415,O009541,P097,1,20.46,20.46
OI0015416,O009541,P053,1,40.97,40.97
OI0015417,O009542,P118,2,22.9,45.8
OI0015418,O009542,P114,1,27.37,27.37
OI0015419,O009542,P023,1,54.75,54.75
OI0015420,O009543,P015,1,31.17,31.17
OI0015421,O009544,P106,1,47.23,47.23
OI0015422,O009545,P013,1,12.37,12.37
OI0015423,O009545,P093,1,45.3,45.3
OI0015424,O009546,P114,2,27.37,54.74
OI0015425,O009547,P103,1,65.04,65.04
OI0015426,O009547,P090,1,55.52,55.52
OI0015427,O009548,P102,1,56.61,56.61
OI0015428,O009549,P081,1,22.73,22.73
OI0015429,O009550,P011,2,39.95,79.9
OI0015430,O009551,P080,1,64.69,64.69
OI0015431,O009552,P027,2,12.05,24.1
OI0015432,O009552,P004,1,66.5,66.5
OI0015433,O009552,P065,1,41.82,41.82
OI0015434,O009553,P023,1,54.75,54.75
OI0015435,O009554,P100,1,26.88,26.88
OI0015436,O009555,P054,1,53.62,53.62
OI0015437,O009555,P066,2,34.67,69.34
OI0015438,O009556,P105,1,73.93,73.93
OI0015439,O009557,P097,1,20.46,20.46
OI0015440,O009558,P012,1,51.32,51.32
OI0015441,O009559,P005,2,49.25,98.5
OI0015442,O009560,P046,1,38.99,38.99
OI0015443,O009560,P039,1,31.96,31.96
OI0015444,O009561,P022,1,43.57,43.57
OI0015445,O009562,P097,2,20.46,40.92
OI0015446,O009563,P021,1,51.23,51.23
OI0015447,O009564,P094,1,17.7,17.7
OI0015448,O009565,P034,1,35.52,35.52
OI0015449,O009566,P085,1,11.15,11.15
OI0015450,O009567,P115,1,42.04,42.04
OI0015451,O009567,P088,1,28.36,28.36
OI0015452,O009567,P025,1,37.52,37.52
OI0015453,O009568,P100,2,26.88,53.76
OI0015454,O009569,P116,1,38.35,38.35
OI0015455,O009569,P009,1,37.92,37.92
OI0015456,O009569,P015,1,31.17,31.17
OI0015457,O009570,P045,1,30.38,30.38
OI0015458,O009571,P062,1,53.16,53.16
OI0015459,O009571,P054,1,53.62,53.62
OI0015460,O009571,P085,1,11.15,11.15
OI0015461,O009572,P083,1,30.7,30.7
OI0015462,O009573,P005,2,49.25,98.5
OI0015463,O009573,P057,1,112.54,112.54
OI0015464,O009573,P014,1,102.77,102.77
OI0015465,O009574,P115,1,42.04,42.04
OI0015466,O009574,P077,1,144.76,144.76
OI0015467,O009574,P078,1,34.46,34.46
OI0015468,O009574,P105,1,73.93,73.93
OI0015469,O009575,P119,1,34.08,34.08
OI0015470,O009575,P100,1,26.88,26.88
OI0015471,O009575,P103,1,65.04,65.04
OI0015472,O009576,P113,1,35.73,35.73
OI0015473,O009577,P109,1,81.27,81.27
OI0015474,O009578,P117,1,27.82,27.82
OI0015475,O009578,P072,1,14.56,14.56
OI0015476,O009578,P031,2,32.22,64.44
OI0015477,O009579,P077,1,144.76,144.76
OI0015478,O009580,P102,1,56.61,56.61
OI0015479,O009580,P031,2,32.22,64.44
OI0015480,O009580,P094,2,17.7,35.4
OI0015481,O009581,P083,1,30.7,30.7
OI0015482,O009581,P093,1,45.3,45.3
OI0015483,O009582,P039,1,31.96,31.96
OI0015484,O009583,P106,1,47.23,47.23
OI0015485,O009584,P012,1,51.32,51.32
OI0015486,O009585,P058,1,47.56,47.56
OI0015487,O009586,P093,3,45.3,135.9
OI0015488,O009586,P010,1,44.59,44.59
OI0015489,O009587,P038,1,64.8,64.8
OI0015490,O009588,P074,1,32.9,32.9
OI0015491,O009588,P086,2,80.82,161.64
OI0015492,O009589,P085,2,11.15,22.3
OI0015493,O009589,P006,1,132.21,132.21
OI0015494,O009589,P114,1,27.37,27.37
OI0015495,O009590,P037,1,33.58,33.58
OI0015496,O009591,P010,1,44.59,44.59
OI0015497,O009592,P064,2,16.79,33.58
OI0015498,O009593,P007,2,39.99,79.98
OI0015499,O009593,P034,1,35.52,35.52
OI0015500,O009594,P035,2,23.65,47.3
OI0015501,O009595,P088,1,28.36,28.36
OI0015502,O009595,P075,1,44.36,44.36
OI0015503,O009596,P037,1,33.58,33.58
OI0015504,O009597,P093,1,45.3,45.3
OI0015505,O009598,P077,1,144.76,144.76
OI0015506,O009599,P010,2,44.59,89.18
OI0015507,O009600,P102,1,56.61,56.61
OI0015508,O009601,P097,1,20.46,20.46
OI0015509,O009602,P108,2,34.32,68.64
OI0015510,O009603,P104,1,44.1,44.1
OI0015511,O009603,P035,1,23.65,23.65
OI0015512,O009604,P014,1,102.77,102.77
OI0015513,O009604,P069,1,24.0,24.0
OI0015514,O009605,P001,1,66.04,66.04
OI0015515,O009605,P041,2,25.86,51.72
OI0015516,O009606,P025,1,37.52,37.52
OI0015517,O009606,P038,1,64.8,64.8
OI0015518,O009606,P090,1,55.52,55.52
OI0015519,O009607,P086,1,80.82,80.82
OI0015520,O009608,P083,1,30.7,30.7
OI0015521,O009609,P032,1,17.4,17.4
OI0015522,O009610,P021,1,51.23,51.23
OI0015523,O009610,P019,1,13.12,13.12
OI0015524,O009611,P016,1,59.7,59.7
OI0015525,O009612,P094,2,17.7,35.4
OI0015526,O009612,P019,1,13.12,13.12
OI0015527,O009613,P101,1,43.91,43.91
OI0015528,O009613,P099,1,46.77,46.77
OI0015529,O009614,P042,1,41.11,41.11
OI0015530,O009615,P004,1,66.5,66.5
OI0015531,O009615,P087,1,29.25,29.25
OI0015532,O009615,P098,1,57.37,57.37
OI0015533,O009616,P075,1,44.36,44.36
OI0015534,O009616,P009,1,37.92,37.92
OI0015535,O009617,P114,1,27.37,27.37
OI0015536,O009618,P035,1,23.65,23.65
OI0015537,O009619,P024,1,84.49,84.49
OI0015538,O009620,P096,1,86.58,86.58
OI0015539,O009620,P086,1,80.82,80.82
OI0015540,O009621,P015,1,31.17,31.17
OI0015541,O009622,P029,1,25.98,25.98
OI0015542,O009622,P037,3,33.58,100.74
OI0015543,O009623,P061,1,33.13,33.13
OI0015544,O009624,P060,1,41.59,41.59
OI0015545,O009625,P003,1,36.05,36.05
OI0015546,O009626,P049,1,42.57,42.57
OI0015547,O009626,P019,1,13.12,13.12
OI0015548,O009627,P100,1,26.88,26.88
OI0015549,O009627,P066,1,34.67,34.67
OI0015550,O009628,P010,3,44.59,133.77
OI0015551,O009629,P062,1,53.16,53.16
OI0015552,O009630,P028,1,129.35,129.35
OI0015553,O009631,P097,1,20.46,20.46
OI0015554,O009632,P089,1,26.52,26.52
OI0015555,O009633,P074,1,32.9,32.9
OI0015556,O009633,P043,1,23.06,23.06
OI0015557,O009633,P016,1,59.7,59.7
OI0015558,O009634,P052,1,44.73,44.73
OI0015559,O009634,P081,1,22.73,22.73
OI0015560,O009635,P081,1,22.73,22.73
OI0015561,O009636,P096,1,86.58,86.58
OI0015562,O009637,P084,1,30.69,30.69
OI0015563,O009637,P009,1,37.92,37.92
OI0015564,O009637,P097,1,20.46,20.46
OI0015565,O009637,P093,1,45.3,45.3
OI0015566,O009638,P042,3,41.11,123.33
OI0015567,O009638,P115,2,42.04,84.08
OI0015568,O009639,P081,2,22.73,45.46
OI0015569,O009639,P107,1,52.87,52.87
OI0015570,O009639,P052,1,44.73,44.73
OI0015571,O009640,P037,1,33.58,33.58
OI0015572,O009641,P061,1,33.13,33.13
OI0015573,O009642,P102,1,56.61,56.61
OI0015574,O009642,P062,1,53.16,53.16
OI0015575,O009642,P080,1,64.69,64.69
OI0015576,O009642,P100,1,26.88,26.88
OI0015577,O009643,P060,1,41.59,41.59
OI0015578,O009644,P077,1,144.76,144.76
OI0015579,O009644,P040,1,40.11,40.11
OI0015580,O009644,P112,1,35.49,35.49
OI0015581,O009644,P007,1,39.99,39.99
OI0015582,O009645,P010,1,44.59,44.59
OI0015583,O009646,P090,1,55.52,55.52
OI0015584,O009646,P019,2,13.12,26.24
OI0015585,O009647,P070,1,47.52,47.52
OI0015586,O009647,P092,1,58.39,58.39
OI0015587,O009648,P109,1,81.27,81.27
OI0015588,O009649,P014,2,102.77,205.54
OI0015589,O009650,P103,1,65.04,65.04
OI0015590,O009650,P120,1,46.49,46.49
OI0015591,O009650,P059,1,68.57,68.57
OI0015592,O009651,P037,1,33.58,33.58
OI0015593,O009651,P059,1,68.57,68.57
OI0015594,O009652,P012,1,51.32,51.32
OI0015595,O009652,P017,1,18.94,18.94
OI0015596,O009652,P020,1,30.3,30.3
OI0015597,O009653,P055,1,69.18,69.18
OI0015598,O009654,P045,1,30.38,30.38
OI0015599,O009655,P015,1,31.17,31.17
OI0015600,O009656,P032,2,17.4,34.8
OI0015601,O009656,P033,1,87.02,87.02
OI0015602,O009656,P075,1,44.36,44.36
OI0015603,O009657,P061,1,33.13,33.13
OI0015604,O009657,P036,1,16.55,16.55
OI0015605,O009658,P104,2,44.1,88.2
OI0015606,O009659,P048,1,37.04,37.04
OI0015607,O009660,P041,2,25.86,51.72
OI0015608,O009660,P114,1,27.37,27.37
OI0015609,O009661,P003,1,36.05,36.05
OI0015610,O009661,P108,1,34.32,34.32
OI0015611,O009662,P054,1,53.62,53.62
OI0015612,O009662,P088,2,28.36,56.72
OI0015613,O009663,P002,2,30.14,60.28
OI0015614,O009664,P098,1,57.37,57.37
OI0015615,O009664,P059,2,68.57,137.14
OI0015616,O009665,P106,1,47.23,47.23
OI0015617,O009666,P104,2,44.1,88.2
OI0015618,O009667,P033,1,87.02,87.02
OI0015619,O009667,P069,1,24.0,24.0
OI0015620,O009668,P092,1,58.39,58.39
OI0015621,O009668,P001,1,66.04,66.04
OI0015622,O009669,P057,1,112.54,112.54
OI0015623,O009670,P088,1,28.36,28.36
OI0015624,O009671,P114,1,27.37,27.37
OI0015625,O009671,P008,1,46.52,46.52
OI0015626,O009672,P031,1,32.22,32.22
OI0015627,O009672,P077,1,144.76,144.76
OI0015628,O009672,P074,1,32.9,32.9
OI0015629,O009673,P008,1,46.52,46.52
OI0015630,O009674,P068,1,29.23,29.23
OI0015631,O009675,P003,1,36.05,36.05
OI0015632,O009676,P105,1,73.93,73.93
OI0015633,O009677,P111,1,29.11,29.11
OI0015634,O009678,P093,2,45.3,90.6
OI0015635,O009678,P118,1,22.9,22.9
OI0015636,O009678,P100,2,26.88,53.76
OI0015637,O009679,P048,1,37.04,37.04
OI0015638,O009680,P076,1,38.28,38.28
OI0015639,O009681,P064,2,16.79,33.58
OI0015640,O009682,P114,1,27.37,27.37
OI0015641,O009683,P089,1,26.52,26.52
OI0015642,O009684,P097,1,20.46,20.46
OI0015643,O009685,P058,1,47.56,47.56
OI0015644,O009686,P025,1,37.52,37.52
OI0015645,O009687,P115,1,42.04,42.04
OI0015646,O009688,P058,1,47.56,47.56
OI0015647,O009689,P055,2,69.18,138.36
OI0015648,O009689,P073,1,45.97,45.97
OI0015649,O009690,P059,1,68.57,68.57
OI0015650,O009691,P067,2,46.95,93.9
OI0015651,O009691,P024,1,84.49,84.49
OI0015652,O009692,P037,1,33.58,33.58
OI0015653,O009692,P086,1,80.82,80.82
OI0015654,O009692,P079,1,23.65,23.65
OI0015655,O009693,P009,1,37.92,37.92
OI0015656,O009694,P026,3,27.66,82.98
OI0015657,O009695,P012,2,51.32,102.64
OI0015658,O009695,P045,1,30.38,30.38
OI0015659,O009696,P043,1,23.06,23.06
OI0015660,O009697,P026,1,27.66,27.66
OI0015661,O009698,P023,1,54.75,54.75
OI0015662,O009698,P071,1,141.44,141.44
OI0015663,O009699,P038,1,64.8,64.8
OI0015664,O009700,P092,1,58.39,58.39
OI0015665,O009701,P004,1,66.5,66.5
OI0015666,O009701,P059,1,68.57,68.57
OI0015667,O009702,P095,1,69.05,69.05
OI0015668,O009703,P073,1,45.97,45.97
OI0015669,O009703,P068,1,29.23,29.23
OI0015670,O009703,P042,1,41.11,41.11
OI0015671,O009704,P099,1,46.77,46.77
OI0015672,O009705,P053,1,40.97,40.97
OI0015673,O009705,P052,1,44.73,44.73
OI0015674,O009705,P062,1,53.16,53.16
OI0015675,O009706,P079,1,23.65,23.65
OI0015676,O009707,P104,1,44.1,44.1
OI0015677,O009707,P091,1,37.89,37.89
OI0015678,O009708,P085,1,11.15,11.15
OI0015679,O009708,P042,2,41.11,82.22
OI0015680,O009709,P059,1,68.57,68.57
OI0015681,O009710,P083,2,30.7,61.4
OI0015682,O009711,P073,1,45.97,45.97
OI0015683,O009711,P080,1,64.69,64.69
OI0015684,O009712,P033,2,87.02,174.04
OI0015685,O009712,P043,2,23.06,46.12
OI0015686,O009713,P003,2,36.05,72.1
OI0015687,O009714,P118,1,22.9,22.9
OI0015688,O009715,P048,1,37.04,37.04
OI0015689,O009716,P018,1,12.14,12.14
OI0015690,O009717,P094,1,17.7,17.7
OI0015691,O009717,P058,1,47.56,47.56
OI0015692,O009718,P053,2,40.97,81.94
OI0015693,O009719,P030,1,57.05,57.05
OI0015694,O009719,P052,1,44.73,44.73
OI0015695,O009719,P006,2,132.21,264.42
OI0015696,O009720,P118,1,22.9,22.9
OI0015697,O009721,P064,1,16.79,16.79
OI0015698,O009722,P077,1,144.76,144.76
OI0015699,O009723,P120,1,46.49,46.49
OI0015700,O009723,P007,2,39.99,79.98
OI0015701,O009724,P087,2,29.25,58.5
OI0015702,O009724,P113,1,35.73,35.73
OI0015703,O009725,P038,1,64.8,64.8
OI0015704,O009725,P008,2,46.52,93.04
OI0015705,O009725,P005,1,49.25,49.25
OI0015706,O009726,P119,1,34.08,34.08
OI0015707,O009727,P030,2,57.05,114.1
OI0015708,O009728,P082,2,34.81,69.62
OI0015709,O009729,P045,1,30.38,30.38
OI0015710,O009729,P017,1,18.94,18.94
OI0015711,O009729,P098,1,57.37,57.37
OI0015712,O009730,P063,2,28.7,57.4
OI0015713,O009730,P093,1,45.3,45.3
OI0015714,O009731,P038,1,64.8,64.8
OI0015715,O009732,P065,1,41.82,41.82
OI0015716,O009733,P034,1,35.52,35.52
OI0015717,O009734,P004,3,66.5,199.5
OI0015718,O009735,P027,1,12.05,12.05
OI0015719,O009735,P049,1,42.57,42.57
OI0015720,O009735,P068,1,29.23,29.23
OI0015721,O009736,P021,1,51.23,51.23
OI0015722,O009736,P078,1,34.46,34.46
OI0015723,O009737,P084,1,30.69,30.69
OI0015724,O009737,P085,1,11.15,11.15
OI0015725,O009737,P050,1,19.41,19.41
OI0015726,O009737,P004,1,66.5,66.5
OI0015727,O009738,P019,2,13.12,26.24
OI0015728,O009739,P103,1,65.04,65.04
OI0015729,O009739,P054,1,53.62,53.62
OI0015730,O009739,P032,2,17.4,34.8
OI0015731,O009740,P011,1,39.95,39.95
OI0015732,O009740,P069,1,24.0,24.0
OI0015733,O009741,P086,1,80.82,80.82
OI0015734,O009742,P006,1,132.21,132.21
OI0015735,O009742,P016,1,59.7,59.7
OI0015736,O009742,P069,1,24.0,24.0
OI0015737,O009743,P057,1,112.54,112.54
OI0015738,O009743,P049,3,42.57,127.71
OI0015739,O009744,P030,1,57.05,57.05
OI0015740,O009745,P010,1,44.59,44.59
OI0015741,O009746,P120,1,46.49,46.49
OI0015742,O009746,P027,1,12.05,12.05
OI0015743,O009746,P003,2,36.05,72.1
OI0015744,O009747,P110,1,82.9,82.9
OI0015745,O009747,P067,1,46.95,46.95
OI0015746,O009748,P067,1,46.95,46.95
OI0015747,O009748,P050,1,19.41,19.41
OI0015748,O009749,P082,1,34.81,34.81
OI0015749,O009750,P007,2,39.99,79.98
OI0015750,O009750,P066,1,34.67,34.67
OI0015751,O009751,P011,1,39.95,39.95
OI0015752,O009752,P068,1,29.23,29.23
OI0015753,O009753,P036,1,16.55,16.55
OI0015754,O009754,P119,1,34.08,34.08
OI0015755,O009754,P074,1,32.9,32.9
OI0015756,O009755,P011,1,39.95,39.95
OI0015757,O009755,P016,1,59.7,59.7
OI0015758,O009756,P036,1,16.55,16.55
OI0015759,O009756,P102,1,56.61,56.61
OI0015760,O009757,P096,1,86.58,86.58
OI0015761,O009757,P059,1,68.57,68.57
OI0015762,O009757,P013,1,12.37,12.37
OI0015763,O009757,P055,1,69.18,69.18
OI0015764,O009758,P108,1,34.32,34.32
OI0015765,O009758,P111,1,29.11,29.11
OI0015766,O009759,P072,1,14.56,14.56
OI0015767,O009759,P035,1,23.65,23.65
OI0015768,O009760,P014,1,102.77,102.77
OI0015769,O009760,P071,1,141.44,141.44
OI0015770,O009761,P043,1,23.06,23.06
OI0015771,O009761,P010,1,44.59,44.59
OI0015772,O009761,P067,1,46.95,46.95
OI0015773,O009762,P064,1,16.79,16.79
OI0015774,O009763,P012,1,51.32,51.32
OI0015775,O009764,P058,1,47.56,47.56
OI0015776,O009765,P098,2,57.37,114.74
OI0015777,O009765,P038,1,64.8,64.8
OI0015778,O009765,P058,2,47.56,95.12
OI0015779,O009765,P068,1,29.23,29.23
OI0015780,O009766,P001,1,66.04,66.04
OI0015781,O009766,P056,1,18.69,18.69
OI0015782,O009766,P006,1,132.21,132.21
OI0015783,O009767,P105,1,73.93,73.93
OI0015784,O009768,P087,1,29.25,29.25
OI0015785,O009769,P042,1,41.11,41.11
OI0015786,O009770,P003,1,36.05,36.05
OI0015787,O009771,P052,2,44.73,89.46
OI0015788,O009772,P086,1,80.82,80.82
OI0015789,O009773,P103,1,65.04,65.04
OI0015790,O009773,P110,1,82.9,82.9
OI0015791,O009774,P096,1,86.58,86.58
OI0015792,O009775,P083,1,30.7,30.7
OI0015793,O009775,P057,1,112.54,112.54
OI0015794,O009775,P010,2,44.59,89.18
OI0015795,O009776,P002,1,30.14,30.14
OI0015796,O009777,P120,1,46.49,46.49
OI0015797,O009778,P119,1,34.08,34.08
OI0015798,O009778,P091,1,37.89,37.89
OI0015799,O009778,P036,1,16.55,16.55
OI0015800,O009779,P066,1,34.67,34.67
OI0015801,O009779,P025,1,37.52,37.52
OI0015802,O009779,P049,1,42.57,42.57
OI0015803,O009779,P064,2,16.79,33.58
OI0015804,O009780,P048,1,37.04,37.04
OI0015805,O009780,P086,1,80.82,80.82
OI0015806,O009781,P057,1,112.54,112.54
OI0015807,O009781,P054,1,53.62,53.62
OI0015808,O009781,P002,2,30.14,60.28
OI0015809,O009782,P006,1,132.21,132.21
OI0015810,O009783,P033,1,87.02,87.02
OI0015811,O009784,P030,1,57.05,57.05
OI0015812,O009785,P067,1,46.95,46.95
OI0015813,O009786,P008,1,46.52,46.52
OI0015814,O009787,P024,1,84.49,84.49
OI0015815,O009788,P085,1,11.15,11.15
OI0015816,O009789,P032,1,17.4,17.4
OI0015817,O009790,P115,1,42.04,42.04
OI0015818,O009791,P010,1,44.59,44.59
OI0015819,O009792,P037,2,33.58,67.16
OI0015820,O009793,P092,1,58.39,58.39
OI0015821,O009793,P099,1,46.77,46.77
OI0015822,O009794,P108,1,34.32,34.32
OI0015823,O009795,P087,1,29.25,29.25
OI0015824,O009796,P036,3,16.55,49.65
OI0015825,O009796,P058,1,47.56,47.56
OI0015826,O009797,P052,3,44.73,134.19
OI0015827,O009797,P059,2,68.57,137.14
OI0015828,O009798,P041,1,25.86,25.86
OI0015829,O009799,P033,1,87.02,87.02
OI0015830,O009800,P011,1,39.95,39.95
OI0015831,O009801,P113,1,35.73,35.73
OI0015832,O009802,P079,1,23.65,23.65
OI0015833,O009802,P040,1,40.11,40.11
OI0015834,O009803,P008,1,46.52,46.52
OI0015835,O009803,P096,1,86.58,86.58
OI0015836,O009803,P022,1,43.57,43.57
OI0015837,O009804,P044,1,63.71,63.71
OI0015838,O009805,P007,1,39.99,39.99
OI0015839,O009806,P072,1,14.56,14.56
OI0015840,O009806,P017,2,18.94,37.88
OI0015841,O009807,P096,2,86.58,173.16
OI0015842,O009807,P030,1,57.05,57.05
OI0015843,O009808,P015,1,31.17,31.17
OI0015844,O009809,P010,1,44.59,44.59
OI0015845,O009810,P005,1,49.25,49.25
OI0015846,O009811,P115,1,42.04,42.04
OI0015847,O009811,P008,2,46.52,93.04
OI0015848,O009811,P087,1,29.25,29.25
OI0015849,O009812,P073,1,45.97,45.97
OI0015850,O009813,P022,1,43.57,43.57
OI0015851,O009813,P020,1,30.3,30.3
OI0015852,O009814,P045,1,30.38,30.38
OI0015853,O009815,P001,1,66.04,66.04
OI0015854,O009816,P037,1,33.58,33.58
OI0015855,O009816,P082,1,34.81,34.81
OI0015856,O009817,P103,1,65.04,65.04
OI0015857,O009818,P074,1,32.9,32.9
OI0015858,O009819,P016,1,59.7,59.7
OI0015859,O009820,P008,1,46.52,46.52
OI0015860,O009820,P027,1,12.05,12.05
OI0015861,O009821,P066,1,34.67,34.67
OI0015862,O009822,P016,1,59.7,59.7
OI0015863,O009823,P106,1,47.23,47.23
OI0015864,O009824,P037,3,33.58,100.74
OI0015865,O009825,P070,2,47.52,95.04
OI0015866,O009826,P037,1,33.58,33.58
OI0015867,O009827,P020,1,30.3,30.3
OI0015868,O009827,P094,1,17.7,17.7
OI0015869,O009827,P001,1,66.04,66.04
OI0015870,O009828,P039,1,31.96,31.96
OI0015871,O009829,P097,1,20.46,20.46
OI0015872,O009829,P062,1,53.16,53.16
OI0015873,O009829,P025,2,37.52,75.04
OI0015874,O009829,P059,1,68.57,68.57
OI0015875,O009830,P109,1,81.27,81.27
OI0015876,O009830,P093,1,45.3,45.3
OI0015877,O009831,P071,1,141.44,141.44
OI0015878,O009832,P012,1,51.32,51.32
OI0015879,O009833,P111,1,29.11,29.11
OI0015880,O009834,P067,1,46.95,46.95
OI0015881,O009835,P046,1,38.99,38.99
OI0015882,O009836,P058,1,47.56,47.56
OI0015883,O009837,P037,1,33.58,33.58
OI0015884,O009838,P007,2,39.99,79.98
OI0015885,O009838,P113,1,35.73,35.73
OI0015886,O009838,P036,1,16.55,16.55
OI0015887,O009839,P034,1,35.52,35.52
OI0015888,O009839,P018,1,12.14,12.14
OI0015889,O009840,P107,1,52.87,52.87
OI0015890,O009841,P032,1,17.4,17.4
OI0015891,O009841,P078,1,34.46,34.46
OI0015892,O009842,P008,1,46.52,46.52
OI0015893,O009842,P081,2,22.73,45.46
OI0015894,O009842,P095,1,69.05,69.05
OI0015895,O009843,P027,1,12.05,12.05
OI0015896,O009844,P028,2,129.35,258.7
OI0015897,O009844,P019,1,13.12,13.12
OI0015898,O009844,P093,1,45.3,45.3
OI0015899,O009845,P039,1,31.96,31.96
OI0015900,O009846,P003,1,36.05,36.05
OI0015901,O009847,P112,1,35.49,35.49
OI0015902,O009847,P042,1,41.11,41.11
OI0015903,O009848,P052,1,44.73,44.73
OI0015904,O009848,P033,1,87.02,87.02
OI0015905,O009849,P058,1,47.56,47.56
OI0015906,O009850,P037,1,33.58,33.58
OI0015907,O009850,P082,1,34.81,34.81
OI0015908,O009850,P008,1,46.52,46.52
OI0015909,O009850,P005,1,49.25,49.25
OI0015910,O009851,P046,1,38.99,38.99
OI0015911,O009851,P112,1,35.49,35.49
OI0015912,O009851,P105,1,73.93,73.93
OI0015913,O009852,P084,1,30.69,30.69
OI0015914,O009852,P060,3,41.59,124.77
OI0015915,O009853,P099,1,46.77,46.77
OI0015916,O009853,P086,1,80.82,80.82
OI0015917,O009854,P019,3,13.12,39.36
OI0015918,O009855,P003,1,36.05,36.05
OI0015919,O009855,P101,1,43.91,43.91
OI0015920,O009856,P046,1,38.99,38.99
OI0015921,O009857,P009,1,37.92,37.92
OI0015922,O009858,P110,1,82.9,82.9
OI0015923,O009858,P031,1,32.22,32.22
OI0015924,O009858,P050,1,19.41,19.41
OI0015925,O009859,P014,1,102.77,102.77
OI0015926,O009860,P009,1,37.92,37.92
OI0015927,O009860,P072,1,14.56,14.56
OI0015928,O009861,P044,1,63.71,63.71
OI0015929,O009862,P021,1,51.23,51.23
OI0015930,O009863,P048,1,37.04,37.04
OI0015931,O009863,P100,1,26.88,26.88
OI0015932,O009863,P071,1,141.44,141.44
OI0015933,O009864,P119,1,34.08,34.08
OI0015934,O009864,P089,1,26.52,26.52
OI0015935,O009865,P095,1,69.05,69.05
OI0015936,O009866,P078,1,34.46,34.46
OI0015937,O009866,P049,1,42.57,42.57
OI0015938,O009866,P075,1,44.36,44.36
OI0015939,O009866,P119,1,34.08,34.08
OI0015940,O009867,P014,1,102.77,102.77
OI0015941,O009867,P058,1,47.56,47.56
OI0015942,O009868,P055,1,69.18,69.18
OI0015943,O009869,P029,1,25.98,25.98
OI0015944,O009870,P034,1,35.52,35.52
OI0015945,O009870,P082,1,34.81,34.81
OI0015946,O009871,P009,1,37.92,37.92
OI0015947,O009872,P089,1,26.52,26.52
OI0015948,O009873,P036,1,16.55,16.55
OI0015949,O009874,P074,1,32.9,32.9
OI0015950,O009874,P096,1,86.58,86.58
OI0015951,O009875,P117,1,27.82,27.82
OI0015952,O009875,P116,1,38.35,38.35
OI0015953,O009875,P051,1,11.22,11.22
OI0015954,O009876,P067,1,46.95,46.95
OI0015955,O009876,P105,1,73.93,73.93
OI0015956,O009876,P052,1,44.73,44.73
OI0015957,O009877,P024,1,84.49,84.49
OI0015958,O009878,P039,1,31.96,31.96
OI0015959,O009879,P110,1,82.9,82.9
OI0015960,O009879,P085,1,11.15,11.15
OI0015961,O009880,P072,1,14.56,14.56
OI0015962,O009881,P106,1,47.23,47.23
OI0015963,O009882,P118,1,22.9,22.9
OI0015964,O009883,P029,1,25.98,25.98
OI0015965,O009883,P052,1,44.73,44.73
OI0015966,O009884,P061,1,33.13,33.13
OI0015967,O009884,P108,1,34.32,34.32
OI0015968,O009885,P101,1,43.91,43.91
OI0015969,O009886,P062,1,53.16,53.16
OI0015970,O009887,P004,1,66.5,66.5
OI0015971,O009887,P091,1,37.89,37.89
OI0015972,O009887,P119,1,34.08,34.08
OI0015973,O009888,P030,1,57.05,57.05
OI0015974,O009888,P096,2,86.58,173.16
OI0015975,O009889,P052,1,44.73,44.73
OI0015976,O009889,P027,1,12.05,12.05
OI0015977,O009890,P055,2,69.18,138.36
OI0015978,O009891,P046,1,38.99,38.99
OI0015979,O009891,P119,2,34.08,68.16
OI0015980,O009891,P109,1,81.27,81.27
OI0015981,O009892,P017,1,18.94,18.94
OI0015982,O009893,P028,1,129.35,129.35
OI0015983,O009893,P035,1,23.65,23.65
OI0015984,O009894,P045,1,30.38,30.38
OI0015985,O009895,P109,1,81.27,81.27
OI0015986,O009896,P054,1,53.62,53.62
OI0015987,O009896,P082,1,34.81,34.81
OI0015988,O009897,P054,1,53.62,53.62
OI0015989,O009897,P011,1,39.95,39.95
OI0015990,O009898,P014,1,102.77,102.77
OI0015991,O009899,P096,1,86.58,86.58
OI0015992,O009900,P017,1,18.94,18.94
OI0015993,O009901,P011,1,39.95,39.95
OI0015994,O009901,P035,1,23.65,23.65
OI0015995,O009902,P037,1,33.58,33.58
OI0015996,O009903,P076,1,38.28,38.28
OI0015997,O009904,P043,2,23.06,46.12
OI0015998,O009904,P044,2,63.71,127.42
OI0015999,O009905,P017,1,18.94,18.94
OI0016000,O009905,P009,1,37.92,37.92
OI0016001,O009906,P013,1,12.37,12.37
OI0016002,O009907,P057,1,112.54,112.54
OI0016003,O009907,P073,3,45.97,137.91
OI0016004,O009908,P020,1,30.3,30.3
OI0016005,O009908,P059,1,68.57,68.57
OI0016006,O009909,P094,1,17.7,17.7
OI0016007,O009910,P027,1,12.05,12.05
OI0016008,O009911,P093,1,45.3,45.3
OI0016009,O009912,P057,3,112.54,337.62
OI0016010,O009912,P091,1,37.89,37.89
OI0016011,O009912,P060,1,41.59,41.59
OI0016012,O009913,P045,1,30.38,30.38
OI0016013,O009914,P094,1,17.7,17.7
OI0016014,O009915,P073,1,45.97,45.97
OI0016015,O009915,P037,2,33.58,67.16
OI0016016,O009916,P118,1,22.9,22.9
OI0016017,O009917,P059,1,68.57,68.57
OI0016018,O009918,P052,1,44.73,44.73
OI0016019,O009918,P030,2,57.05,114.1
OI0016020,O009919,P010,3,44.59,133.77
OI0016021,O009919,P070,1,47.52,47.52
OI0016022,O009920,P027,3,12.05,36.15
OI0016023,O009921,P016,1,59.7,59.7
OI0016024,O009922,P044,1,63.71,63.71
OI0016025,O009923,P070,1,47.52,47.52
OI0016026,O009923,P074,1,32.9,32.9
OI0016027,O009924,P018,1,12.14,12.14
OI0016028,O009925,P118,2,22.9,45.8
OI0016029,O009925,P012,1,51.32,51.32
OI0016030,O009925,P037,1,33.58,33.58
OI0016031,O009926,P099,2,46.77,93.54
OI0016032,O009927,P067,1,46.95,46.95
OI0016033,O009927,P074,1,32.9,32.9
OI0016034,O009927,P097,1,20.46,20.46
OI0016035,O009927,P108,1,34.32,34.32
OI0016036,O009928,P011,1,39.95,39.95
OI0016037,O009929,P109,1,81.27,81.27
OI0016038,O009930,P111,1,29.11,29.11
OI0016039,O009931,P092,1,58.39,58.39
OI0016040,O009932,P002,1,30.14,30.14
OI0016041,O009932,P067,1,46.95,46.95
OI0016042,O009932,P085,1,11.15,11.15
OI0016043,O009933,P032,1,17.4,17.4
OI0016044,O009933,P007,1,39.99,39.99
OI0016045,O009933,P113,1,35.73,35.73
OI0016046,O009933,P101,1,43.91,43.91
OI0016047,O009934,P109,1,81.27,81.27
OI0016048,O009934,P002,1,30.14,30.14
OI0016049,O009934,P045,1,30.38,30.38
OI0016050,O009935,P072,1,14.56,14.56
OI0016051,O009935,P094,1,17.7,17.7
OI0016052,O009935,P060,3,41.59,124.77
OI0016053,O009936,P006,1,132.21,132.21
OI0016054,O009936,P057,1,112.54,112.54
OI0016055,O009937,P005,1,49.25,49.25
OI0016056,O009938,P116,1,38.35,38.35
OI0016057,O009938,P092,1,58.39,58.39
OI0016058,O009938,P016,1,59.7,59.7
OI0016059,O009939,P104,2,44.1,88.2
OI0016060,O009940,P059,1,68.57,68.57
OI0016061,O009940,P004,1,66.5,66.5
OI0016062,O009940,P087,2,29.25,58.5
OI0016063,O009941,P018,1,12.14,12.14
OI0016064,O009941,P013,1,12.37,12.37
OI0016065,O009942,P026,1,27.66,27.66
OI0016066,O009942,P024,2,84.49,168.98
OI0016067,O009943,P018,1,12.14,12.14
OI0016068,O009944,P043,1,23.06,23.06
OI0016069,O009944,P025,1,37.52,37.52
OI0016070,O009944,P023,1,54.75,54.75
OI0016071,O009945,P106,1,47.23,47.23
OI0016072,O009946,P001,1,66.04,66.04
OI0016073,O009946,P098,2,57.37,114.74
OI0016074,O009946,P078,1,34.46,34.46
OI0016075,O009947,P061,2,33.13,66.26
OI0016076,O009947,P107,1,52.87,52.87
OI0016077,O009948,P068,1,29.23,29.23
OI0016078,O009948,P014,1,102.77,102.77
OI0016079,O009948,P020,1,30.3,30.3
OI0016080,O009949,P056,1,18.69,18.69
OI0016081,O009949,P060,1,41.59,41.59
OI0016082,O009950,P019,1,13.12,13.12
OI0016083,O009951,P068,1,29.23,29.23
OI0016084,O009952,P069,1,24.0,24.0
OI0016085,O009952,P119,1,34.08,34.08
OI0016086,O009953,P039,3,31.96,95.88
OI0016087,O009953,P051,1,11.22,11.22
OI0016088,O009954,P120,1,46.49,46.49
OI0016089,O009955,P096,1,86.58,86.58
OI0016090,O009955,P017,1,18.94,18.94
OI0016091,O009955,P014,1,102.77,102.77
OI0016092,O009956,P021,1,51.23,51.23
OI0016093,O009957,P017,1,18.94,18.94
OI0016094,O009958,P084,1,30.69,30.69
OI0016095,O009958,P038,3,64.8,194.4
OI0016096,O009959,P037,1,33.58,33.58
OI0016097,O009960,P026,1,27.66,27.66
OI0016098,O009961,P024,1,84.49,84.49
OI0016099,O009961,P061,1,33.13,33.13
OI0016100,O009962,P084,3,30.69,92.07
OI0016101,O009963,P117,2,27.82,55.64
OI0016102,O009964,P013,1,12.37,12.37
OI0016103,O009965,P107,1,52.87,52.87
OI0016104,O009965,P011,2,39.95,79.9
OI0016105,O009966,P013,1,12.37,12.37
OI0016106,O009966,P049,1,42.57,42.57
OI0016107,O009966,P087,1,29.25,29.25
OI0016108,O009967,P002,1,30.14,30.14
OI0016109,O009967,P107,1,52.87,52.87
OI0016110,O009968,P031,3,32.22,96.66
OI0016111,O009968,P037,1,33.58,33.58
OI0016112,O009968,P003,1,36.05,36.05
OI0016113,O009968,P056,1,18.69,18.69
OI0016114,O009969,P091,1,37.89,37.89
OI0016115,O009970,P077,1,144.76,144.76
OI0016116,O009970,P051,1,11.22,11.22
OI0016117,O009970,P006,1,132.21,132.21
OI0016118,O009971,P031,1,32.22,32.22
OI0016119,O009972,P036,1,16.55,16.55
OI0016120,O009972,P097,1,20.46,20.46
OI0016121,O009973,P007,1,39.99,39.99
OI0016122,O009974,P101,1,43.91,43.91
OI0016123,O009975,P070,1,47.52,47.52
OI0016124,O009976,P097,1,20.46,20.46
OI0016125,O009977,P096,1,86.58,86.58
OI0016126,O009978,P097,1,20.46,20.46
OI0016127,O009978,P037,1,33.58,33.58
OI0016128,O009979,P055,1,69.18,69.18
OI0016129,O009979,P039,1,31.96,31.96
OI0016130,O009980,P028,1,129.35,129.35
OI0016131,O009980,P038,1,64.8,64.8
OI0016132,O009981,P088,1,28.36,28.36
OI0016133,O009982,P046,1,38.99,38.99
OI0016134,O009982,P009,1,37.92,37.92
OI0016135,O009983,P108,1,34.32,34.32
OI0016136,O009984,P095,2,69.05,138.1
OI0016137,O009985,P103,1,65.04,65.04
OI0016138,O009986,P084,2,30.69,61.38
OI0016139,O009987,P117,1,27.82,27.82
OI0016140,O009988,P041,1,25.86,25.86
OI0016141,O009989,P085,1,11.15,11.15
OI0016142,O009990,P099,1,46.77,46.77
OI0016143,O009990,P077,1,144.76,144.76
OI0016144,O009991,P019,1,13.12,13.12
OI0016145,O009992,P107,2,52.87,105.74
OI0016146,O009993,P011,1,39.95,39.95
OI0016147,O009993,P078,2,34.46,68.92
OI0016148,O009994,P015,1,31.17,31.17
OI0016149,O009994,P063,1,28.7,28.7
OI0016150,O009995,P013,1,12.37,12.37
OI0016151,O009995,P073,2,45.97,91.94
OI0016152,O009995,P004,1,66.5,66.5
OI0016153,O009996,P114,1,27.37,27.37
OI0016154,O009996,P007,1,39.99,39.99
OI0016155,O009996,P068,1,29.23,29.23
OI0016156,O009997,P074,1,32.9,32.9
OI0016157,O009997,P005,1,49.25,49.25
OI0016158,O009997,P056,1,18.69,18.69
OI0016159,O009998,P049,1,42.57,42.57
OI0016160,O009999,P098,1,57.37,57.37
OI0016161,O009999,P017,1,18.94,18.94
OI0016162,O009999,P010,3,44.59,133.77
OI0016163,O010000,P095,1,69.05,69.05
