shipment_id,order_id,warehouse_id,carrier_id,ship_date,promised_delivery_date,actual_delivery_date,on_time_delivery,processing_days
S000001,O000001,W01,C01,2025-04-28,2025-05-01,2025-05-04,0,1
S000002,O000002,W01,C03,2025-12-24,2025-12-27,2025-12-27,1,2
S000003,O000003,W01,C03,2025-07-15,2025-07-20,2025-07-22,0,0
S000004,O000004,W02,C04,2025-11-27,2025-11-29,2025-11-30,0,1
S000005,O000005,W03,C02,2025-03-22,2025-03-25,2025-03-24,1,0
S000006,O000006,W01,C02,2025-08-28,2025-09-01,2025-09-01,1,1
S000007,O000007,W02,C04,2025-10-17,2025-10-19,2025-10-19,1,2
S000008,O000008,W01,C01,2025-03-06,2025-03-08,2025-03-08,1,2
S000009,O000009,W02,C03,2025-07-14,2025-07-15,2025-07-15,1,2
S000010,O000010,W02,C01,2025-01-26,2025-01-27,2025-01-31,0,2
S000011,O000011,W02,C04,2025-07-19,2025-07-21,2025-07-21,1,1
S000012,O000012,W01,C02,2025-05-29,2025-06-02,2025-06-02,1,1
S000013,O000013,W01,C04,2025-11-25,2025-11-29,2025-11-29,1,1
S000014,O000015,W01,C04,2025-08-02,2025-08-04,2025-08-04,1,1
S000015,O000016,W01,C02,2025-10-22,2025-10-24,2025-10-25,0,1
S000016,O000017,W02,C03,2025-11-07,2025-11-10,2025-11-14,0,2
S000017,O000018,W01,C01,2025-04-19,2025-04-23,2025-04-25,0,1
S000018,O000019,W03,C01,2025-05-28,2025-05-29,2025-05-29,1,1
S000019,O000020,W02,C03,2025-06-09,2025-06-11,2025-06-10,1,0
S000020,O000021,W02,C01,2025-03-16,2025-03-18,2025-03-18,1,1
S000021,O000022,W03,C02,2025-07-28,2025-07-31,2025-07-31,1,1
S000022,O000023,W02,C01,2025-04-03,2025-04-03,2025-04-05,0,2
S000023,O000024,W01,C01,2025-12-12,2025-12-16,2025-12-19,0,0
S000024,O000025,W03,C01,2025-09-10,2025-09-10,2025-09-10,1,2
S000025,O000026,W01,C02,2025-12-14,2025-12-18,2025-12-19,0,0
S000026,O000027,W02,C02,2025-06-09,2025-06-09,2025-06-09,1,2
S000027,O000028,W02,C02,2025-06-27,2025-06-30,2025-06-30,1,2
S000028,O000029,W01,C03,2025-12-23,2025-12-24,2025-12-24,1,2
S000029,O000030,W02,C01,2025-11-25,2025-11-27,2025-11-27,1,1
S000030,O000031,W01,C02,2025-04-15,2025-04-16,2025-04-16,1,2
S000031,O000032,W03,C01,2025-09-12,2025-09-15,2025-09-15,1,1
S000032,O000033,W03,C01,2025-05-14,2025-05-15,2025-05-15,1,2
S000033,O000034,W01,C03,2025-02-15,2025-02-17,2025-02-17,1,1
S000034,O000035,W02,C01,2025-10-24,2025-10-26,2025-10-26,1,0
S000035,O000036,W02,C03,2025-05-16,2025-05-20,2025-05-20,1,1
S000036,O000037,W01,C02,2025-03-24,2025-03-27,2025-03-27,1,1
S000037,O000038,W01,C01,2025-06-17,2025-06-21,2025-06-23,0,0
S000038,O000039,W03,C01,2025-12-03,2025-12-07,2025-12-07,1,1
S000039,O000040,W01,C03,2025-02-25,2025-02-28,2025-02-28,1,1
S000040,O000041,W02,C01,2025-03-24,2025-03-27,2025-03-27,1,1
S000041,O000043,W01,C02,2025-12-18,2025-12-20,2025-12-20,1,1
S000042,O000044,W01,C03,2025-05-29,2025-05-30,2025-05-30,1,2
S000043,O000045,W02,C01,2025-01-11,2025-01-13,2025-01-15,0,1
S000044,O000046,W01,C02,2025-09-26,2025-09-29,2025-10-01,0,1
S000045,O000047,W01,C03,2025-11-22,2025-11-23,2025-11-23,1,2
S000046,O000048,W01,C03,2025-12-02,2025-12-04,2025-12-06,0,1
S000047,O000049,W03,C04,2025-02-22,2025-02-25,2025-02-26,0,1
S000048,O000050,W02,C02,2025-02-07,2025-02-09,2025-02-09,1,1
S000049,O000051,W01,C02,2025-10-22,2025-10-25,2025-10-25,1,2
S000050,O000052,W02,C01,2025-04-09,2025-04-13,2025-04-13,1,0
S000051,O000053,W03,C03,2025-05-18,2025-05-19,2025-05-19,1,2
S000052,O000054,W03,C02,2025-09-18,2025-09-21,2025-09-21,1,0
S000053,O000056,W03,C03,2025-08-15,2025-08-18,2025-08-18,1,1
S000054,O000057,W03,C03,2025-05-29,2025-06-02,2025-06-02,1,0
S000055,O000058,W03,C01,2025-06-15,2025-06-18,2025-06-18,1,1
S000056,O000059,W02,C01,2025-04-18,2025-04-21,2025-04-21,1,1
S000057,O000060,W01,C03,2025-01-26,2025-01-27,2025-01-27,1,1
S000058,O000061,W02,C04,2025-01-03,2025-01-06,2025-01-05,1,1
S000059,O000062,W01,C01,2025-11-23,2025-11-25,2025-11-25,1,1
S000060,O000063,W01,C01,2025-09-25,2025-09-29,2025-09-29,1,1
S000061,O000064,W01,C01,2025-10-26,2025-10-26,2025-10-26,1,3
S000062,O000065,W01,C02,2025-08-19,2025-08-21,2025-08-21,1,1
S000063,O000066,W03,C01,2025-02-27,2025-03-01,2025-03-01,1,2
S000064,O000067,W03,C02,2025-02-19,2025-02-23,2025-02-23,1,1
S000065,O000068,W01,C03,2025-02-01,2025-02-04,2025-02-04,1,1
S000066,O000070,W01,C02,2025-07-12,2025-07-13,2025-07-13,1,1
S000067,O000071,W01,C02,2025-09-01,2025-09-02,2025-09-02,1,1
S000068,O000072,W02,C02,2025-05-17,2025-05-20,2025-05-19,1,1
S000069,O000073,W01,C02,2025-01-28,2025-01-29,2025-01-29,1,2
S000070,O000074,W03,C02,2025-11-16,2025-11-19,2025-11-19,1,0
S000071,O000075,W02,C03,2025-03-21,2025-03-21,2025-03-21,1,3
S000072,O000076,W01,C01,2025-04-10,2025-04-12,2025-04-12,1,1
S000073,O000077,W03,C04,2025-08-13,2025-08-15,2025-08-16,0,2
S000074,O000079,W02,C03,2025-10-06,2025-10-08,2025-10-08,1,1
S000075,O000080,W01,C02,2025-01-31,2025-02-03,2025-02-02,1,1
S000076,O000081,W03,C02,2025-06-21,2025-06-25,2025-06-29,0,0
S000077,O000082,W01,C03,2025-10-01,2025-10-02,2025-10-05,0,1
S000078,O000083,W03,C03,2025-12-06,2025-12-08,2025-12-09,0,2
S000079,O000084,W01,C03,2025-07-09,2025-07-10,2025-07-14,0,1
S000080,O000085,W02,C01,2025-12-22,2025-12-23,2025-12-23,1,1
S000081,O000087,W02,C04,2025-10-29,2025-10-30,2025-11-01,0,1
S000082,O000088,W01,C01,2025-10-11,2025-10-13,2025-10-13,1,2
S000083,O000089,W01,C02,2025-01-17,2025-01-21,2025-01-21,1,0
S000084,O000090,W02,C03,2025-07-30,2025-08-02,2025-08-02,1,0
S000085,O000091,W02,C01,2025-09-05,2025-09-08,2025-09-07,1,0
S000086,O000092,W03,C03,2025-06-12,2025-06-13,2025-06-13,1,1
S000087,O000093,W03,C01,2025-11-30,2025-12-04,2025-12-04,1,1
S000088,O000094,W01,C03,2025-09-01,2025-09-04,2025-09-04,1,1
S000089,O000095,W03,C01,2025-10-03,2025-10-06,2025-10-06,1,1
S000090,O000096,W03,C02,2025-03-25,2025-03-27,2025-03-27,1,1
S000091,O000097,W03,C01,2025-11-08,2025-11-11,2025-11-11,1,1
S000092,O000098,W02,C01,2025-12-10,2025-12-11,2025-12-11,1,1
S000093,O000099,W03,C02,2025-01-15,2025-01-17,2025-01-17,1,0
S000094,O000100,W03,C01,2025-09-07,2025-09-10,2025-09-10,1,1
S000095,O000101,W02,C04,2025-06-24,2025-06-27,2025-06-27,1,1
S000096,O000102,W02,C04,2025-08-16,2025-08-20,2025-08-23,0,0
S000097,O000103,W01,C04,2025-01-30,2025-02-03,2025-02-02,1,1
S000098,O000104,W01,C02,2025-11-28,2025-12-02,2025-12-03,0,0
S000099,O000105,W03,C02,2025-08-22,2025-08-24,2025-08-24,1,1
S000100,O000106,W01,C01,2025-05-11,2025-05-14,2025-05-14,1,1
S000101,O000108,W01,C03,2025-05-03,2025-05-07,2025-05-08,0,1
S000102,O000109,W01,C04,2025-12-14,2025-12-15,2025-12-15,1,2
S000103,O000110,W01,C01,2025-08-07,2025-08-06,2025-08-06,1,3
S000104,O000111,W01,C01,2025-11-29,2025-11-30,2025-12-02,0,1
S000105,O000112,W03,C01,2025-04-18,2025-04-19,2025-04-20,0,1
S000106,O000113,W01,C01,2025-10-29,2025-10-29,2025-10-29,1,2
S000107,O000114,W02,C02,2025-03-06,2025-03-10,2025-03-10,1,1
S000108,O000115,W01,C04,2025-10-17,2025-10-19,2025-10-19,1,1
S000109,O000116,W02,C02,2025-03-01,2025-03-04,2025-03-03,1,1
S000110,O000117,W03,C01,2025-02-25,2025-02-28,2025-02-28,1,1
S000111,O000118,W03,C01,2025-07-07,2025-07-08,2025-07-08,1,2
S000112,O000119,W02,C01,2025-03-20,2025-03-21,2025-03-21,1,2
S000113,O000120,W01,C01,2025-07-31,2025-08-02,2025-08-01,1,2
S000114,O000122,W01,C02,2025-05-24,2025-05-26,2025-05-26,1,2
S000115,O000123,W01,C01,2025-02-16,2025-02-19,2025-02-18,1,1
S000116,O000124,W03,C02,2025-05-21,2025-05-21,2025-05-21,1,2
S000117,O000125,W03,C04,2025-12-27,2025-12-28,2026-01-01,0,1
S000118,O000126,W02,C02,2025-10-07,2025-10-07,2025-10-10,0,2
S000119,O000128,W01,C01,2025-01-08,2025-01-09,2025-01-09,1,2
S000120,O000129,W02,C02,2025-01-31,2025-02-03,2025-02-03,1,1
S000121,O000130,W02,C03,2025-01-02,2025-01-04,2025-01-03,1,1
S000122,O000131,W03,C03,2025-06-19,2025-06-22,2025-06-22,1,1
S000123,O000132,W03,C02,2025-02-20,2025-02-23,2025-02-23,1,1
S000124,O000133,W01,C01,2025-02-17,2025-02-19,2025-02-19,1,2
S000125,O000134,W02,C03,2025-11-14,2025-11-17,2025-11-16,1,1
S000126,O000135,W03,C02,2025-09-13,2025-09-13,2025-09-13,1,2
S000127,O000136,W03,C04,2025-10-14,2025-10-17,2025-10-16,1,1
S000128,O000137,W02,C02,2025-07-06,2025-07-08,2025-07-07,1,2
S000129,O000138,W01,C03,2025-04-11,2025-04-14,2025-04-16,0,2
S000130,O000139,W03,C01,2025-12-30,2026-01-01,2025-12-31,1,0
S000131,O000140,W02,C01,2025-10-18,2025-10-22,2025-10-22,1,1
S000132,O000141,W03,C02,2025-08-26,2025-08-27,2025-08-27,1,2
S000133,O000142,W01,C02,2025-02-11,2025-02-12,2025-02-12,1,2
S000134,O000143,W02,C04,2025-02-19,2025-02-22,2025-02-22,1,1
S000135,O000144,W02,C02,2025-05-30,2025-05-31,2025-05-31,1,1
S000136,O000145,W01,C03,2025-04-23,2025-04-25,2025-04-24,1,1
S000137,O000146,W01,C04,2025-01-01,2025-01-06,2025-01-05,1,0
S000138,O000147,W02,C04,2025-01-03,2025-01-04,2025-01-04,1,2
S000139,O000148,W01,C01,2025-05-31,2025-06-02,2025-06-02,1,1
S000140,O000149,W01,C02,2025-04-25,2025-04-30,2025-05-03,0,0
S000141,O000150,W01,C03,2025-03-29,2025-03-31,2025-03-31,1,2
S000142,O000151,W03,C03,2025-07-31,2025-08-03,2025-08-03,1,2
S000143,O000152,W01,C02,2025-10-08,2025-10-11,2025-10-10,1,0
S000144,O000153,W02,C02,2025-12-03,2025-12-06,2025-12-05,1,0
S000145,O000154,W02,C02,2025-06-24,2025-06-27,2025-06-27,1,1
S000146,O000155,W02,C01,2025-11-24,2025-11-27,2025-11-27,1,1
S000147,O000156,W02,C03,2025-08-23,2025-08-26,2025-08-26,1,0
S000148,O000157,W02,C02,2025-10-31,2025-11-02,2025-11-04,0,2
S000149,O000159,W03,C03,2025-12-28,2025-12-31,2026-01-02,0,2
S000150,O000160,W01,C02,2025-08-13,2025-08-14,2025-08-14,1,3
S000151,O000161,W01,C01,2025-11-20,2025-11-24,2025-11-23,1,1
S000152,O000162,W01,C03,2025-03-29,2025-04-01,2025-04-01,1,1
S000153,O000164,W01,C01,2025-08-06,2025-08-09,2025-08-09,1,1
S000154,O000165,W02,C03,2025-04-22,2025-04-23,2025-04-23,1,1
S000155,O000166,W02,C02,2025-07-12,2025-07-14,2025-07-13,1,1
S000156,O000167,W02,C02,2025-02-22,2025-02-23,2025-02-23,1,2
S000157,O000168,W03,C02,2025-08-11,2025-08-14,2025-08-13,1,1
S000158,O000169,W01,C01,2025-01-04,2025-01-05,2025-01-05,1,1
S000159,O000170,W03,C02,2025-06-11,2025-06-14,2025-06-13,1,0
S000160,O000171,W01,C03,2025-10-02,2025-10-05,2025-10-05,1,0
S000161,O000172,W01,C02,2025-01-19,2025-01-22,2025-01-22,1,1
S000162,O000173,W01,C02,2025-12-01,2025-12-04,2025-12-04,1,1
S000163,O000174,W01,C04,2025-09-30,2025-10-03,2025-10-02,1,1
S000164,O000175,W01,C04,2025-12-21,2025-12-25,2025-12-25,1,0
S000165,O000176,W01,C03,2025-10-11,2025-10-14,2025-10-13,1,2
S000166,O000177,W02,C03,2025-01-29,2025-01-31,2025-01-31,1,1
S000167,O000178,W01,C02,2025-08-31,2025-09-04,2025-09-07,0,1
S000168,O000179,W01,C03,2025-12-10,2025-12-11,2025-12-11,1,2
S000169,O000180,W01,C03,2025-06-06,2025-06-10,2025-06-10,1,0
S000170,O000181,W01,C02,2025-12-14,2025-12-18,2025-12-17,1,1
S000171,O000182,W02,C04,2025-12-01,2025-12-03,2025-12-03,1,1
S000172,O000183,W03,C01,2025-02-04,2025-02-07,2025-02-07,1,2
S000173,O000185,W03,C02,2025-06-20,2025-06-24,2025-06-24,1,1
S000174,O000186,W03,C01,2025-12-01,2025-12-03,2025-12-03,1,1
S000175,O000187,W03,C03,2025-03-20,2025-03-22,2025-03-22,1,0
S000176,O000188,W02,C03,2025-04-19,2025-04-22,2025-04-22,1,2
S000177,O000190,W01,C02,2025-06-17,2025-06-18,2025-06-18,1,2
S000178,O000191,W03,C03,2025-10-06,2025-10-10,2025-10-10,1,1
S000179,O000192,W03,C01,2025-06-01,2025-06-04,2025-06-03,1,1
S000180,O000193,W03,C01,2025-07-13,2025-07-16,2025-07-16,1,1
S000181,O000194,W02,C04,2025-05-07,2025-05-11,2025-05-11,1,1
S000182,O000195,W01,C01,2025-03-22,2025-03-25,2025-03-24,1,1
S000183,O000196,W01,C04,2025-07-10,2025-07-14,2025-07-13,1,1
S000184,O000197,W01,C02,2025-08-28,2025-08-31,2025-08-31,1,2
S000185,O000198,W02,C01,2025-05-15,2025-05-19,2025-05-19,1,0
S000186,O000199,W01,C01,2025-02-28,2025-03-01,2025-03-01,1,1
S000187,O000200,W01,C01,2025-01-11,2025-01-11,2025-01-11,1,2
S000188,O000201,W03,C03,2025-10-24,2025-10-26,2025-10-26,1,0
S000189,O000202,W02,C04,2025-01-30,2025-02-03,2025-02-03,1,1
S000190,O000203,W01,C01,2025-12-20,2025-12-20,2025-12-20,1,2
S000191,O000204,W02,C04,2025-11-02,2025-11-04,2025-11-04,1,1
S000192,O000205,W02,C03,2025-05-06,2025-05-07,2025-05-07,1,2
S000193,O000206,W03,C01,2025-07-27,2025-08-01,2025-08-01,1,0
S000194,O000207,W03,C02,2025-02-24,2025-02-26,2025-02-26,1,0
S000195,O000208,W02,C01,2025-05-23,2025-05-28,2025-05-28,1,0
S000196,O000209,W01,C02,2025-06-15,2025-06-16,2025-06-17,0,1
S000197,O000210,W03,C01,2025-05-09,2025-05-10,2025-05-10,1,1
S000198,O000211,W02,C02,2025-06-16,2025-06-17,2025-06-17,1,2
S000199,O000212,W03,C04,2025-12-19,2025-12-20,2025-12-20,1,1
S000200,O000213,W01,C03,2025-03-10,2025-03-12,2025-03-12,1,1
S000201,O000214,W03,C02,2025-12-01,2025-12-03,2025-12-03,1,1
S000202,O000216,W02,C01,2025-04-04,2025-04-06,2025-04-06,1,0
S000203,O000217,W01,C04,2025-07-17,2025-07-16,2025-07-16,1,3
S000204,O000218,W03,C04,2025-11-05,2025-11-07,2025-11-11,0,0
S000205,O000219,W01,C01,2025-01-12,2025-01-13,2025-01-13,1,1
S000206,O000220,W03,C03,2025-02-08,2025-02-10,2025-02-11,0,1
S000207,O000221,W02,C02,2025-10-21,2025-10-23,2025-10-26,0,2
S000208,O000222,W02,C04,2025-12-13,2025-12-14,2025-12-17,0,2
S000209,O000223,W01,C03,2025-05-06,2025-05-08,2025-05-08,1,1
S000210,O000225,W01,C03,2025-10-03,2025-10-04,2025-10-07,0,1
S000211,O000226,W02,C02,2025-09-06,2025-09-08,2025-09-12,0,2
S000212,O000227,W01,C01,2025-05-11,2025-05-14,2025-05-15,0,1
S000213,O000228,W02,C01,2025-01-26,2025-01-26,2025-01-26,1,2
S000214,O000229,W02,C02,2025-12-17,2025-12-19,2025-12-19,1,2
S000215,O000230,W01,C04,2025-07-27,2025-07-29,2025-07-28,1,2
S000216,O000231,W01,C02,2025-12-16,2025-12-15,2025-12-15,1,3
S000217,O000232,W02,C01,2025-04-30,2025-05-02,2025-05-02,1,0
S000218,O000233,W01,C03,2025-07-08,2025-07-10,2025-07-12,0,1
S000219,O000234,W02,C04,2025-11-13,2025-11-14,2025-11-14,1,1
S000220,O000235,W01,C01,2025-10-07,2025-10-10,2025-10-09,1,1
S000221,O000236,W03,C03,2025-02-11,2025-02-14,2025-02-14,1,2
S000222,O000237,W02,C02,2025-11-05,2025-11-06,2025-11-06,1,2
S000223,O000238,W02,C01,2025-11-20,2025-11-24,2025-11-23,1,0
S000224,O000239,W03,C01,2025-05-16,2025-05-18,2025-05-18,1,1
S000225,O000240,W01,C02,2025-04-12,2025-04-15,2025-04-15,1,1
S000226,O000241,W03,C01,2025-10-09,2025-10-14,2025-10-13,1,0
S000227,O000242,W01,C02,2025-08-29,2025-09-01,2025-09-01,1,1
S000228,O000243,W03,C02,2025-07-28,2025-07-29,2025-07-29,1,1
S000229,O000244,W02,C02,2025-06-05,2025-06-06,2025-06-06,1,3
S000230,O000245,W02,C01,2025-09-02,2025-09-03,2025-09-03,1,1
S000231,O000246,W01,C01,2025-03-09,2025-03-10,2025-03-10,1,2
S000232,O000247,W02,C01,2025-09-24,2025-09-25,2025-09-25,1,2
S000233,O000248,W01,C03,2025-02-21,2025-02-25,2025-03-01,0,1
S000234,O000249,W02,C03,2025-02-07,2025-02-09,2025-02-12,0,1
S000235,O000251,W03,C04,2025-01-31,2025-02-01,2025-02-04,0,1
S000236,O000252,W03,C02,2025-10-26,2025-10-29,2025-10-29,1,1
S000237,O000253,W01,C03,2025-11-06,2025-11-08,2025-11-07,1,1
S000238,O000254,W01,C03,2025-04-11,2025-04-16,2025-04-16,1,0
S000239,O000255,W02,C01,2025-07-09,2025-07-09,2025-07-09,1,2
S000240,O000256,W03,C01,2025-04-10,2025-04-12,2025-04-16,0,0
S000241,O000257,W03,C04,2025-03-26,2025-03-28,2025-03-28,1,2
S000242,O000258,W02,C04,2025-07-22,2025-07-24,2025-07-23,1,2
S000243,O000259,W01,C02,2025-10-27,2025-10-28,2025-10-28,1,2
S000244,O000260,W01,C03,2025-09-21,2025-09-24,2025-09-27,0,1
S000245,O000261,W01,C03,2025-04-13,2025-04-15,2025-04-15,1,2
S000246,O000263,W01,C03,2025-02-25,2025-02-28,2025-02-28,1,2
S000247,O000264,W02,C01,2025-11-14,2025-11-17,2025-11-21,0,0
S000248,O000265,W03,C02,2025-07-23,2025-07-26,2025-07-26,1,1
S000249,O000266,W01,C01,2025-03-15,2025-03-19,2025-03-19,1,0
S000250,O000267,W03,C04,2025-04-21,2025-04-23,2025-04-24,0,1
S000251,O000268,W01,C04,2025-10-26,2025-10-29,2025-10-29,1,1
S000252,O000270,W03,C01,2025-06-15,2025-06-18,2025-06-18,1,1
S000253,O000271,W02,C02,2025-11-24,2025-11-26,2025-11-26,1,1
S000254,O000272,W01,C01,2025-06-07,2025-06-07,2025-06-07,1,2
S000255,O000273,W03,C02,2025-04-01,2025-04-04,2025-04-04,1,0
S000256,O000274,W02,C03,2025-04-28,2025-04-30,2025-04-29,1,1
S000257,O000275,W02,C04,2025-07-06,2025-07-08,2025-07-10,0,1
S000258,O000276,W03,C04,2025-09-13,2025-09-16,2025-09-16,1,0
S000259,O000277,W02,C01,2025-10-12,2025-10-15,2025-10-14,1,1
S000260,O000278,W02,C02,2025-04-15,2025-04-16,2025-04-16,1,2
S000261,O000279,W01,C01,2025-04-29,2025-04-30,2025-04-30,1,1
S000262,O000280,W03,C02,2025-03-11,2025-03-14,2025-03-13,1,0
S000263,O000281,W03,C01,2025-02-27,2025-03-02,2025-03-01,1,1
S000264,O000282,W01,C02,2025-09-27,2025-09-28,2025-09-28,1,1
S000265,O000283,W02,C01,2025-07-11,2025-07-13,2025-07-13,1,2
S000266,O000284,W01,C01,2025-03-28,2025-03-30,2025-03-30,1,1
S000267,O000285,W02,C02,2025-12-03,2025-12-03,2025-12-03,1,2
S000268,O000286,W03,C02,2025-08-16,2025-08-17,2025-08-17,1,2
S000269,O000287,W03,C02,2025-12-11,2025-12-13,2025-12-13,1,1
S000270,O000288,W02,C02,2025-10-30,2025-10-31,2025-10-31,1,1
S000271,O000289,W01,C01,2025-05-30,2025-06-01,2025-06-01,1,1
S000272,O000290,W01,C01,2025-10-20,2025-10-23,2025-10-23,1,1
S000273,O000291,W03,C02,2025-01-03,2025-01-05,2025-01-05,1,2
S000274,O000292,W01,C02,2025-05-14,2025-05-16,2025-05-16,1,2
S000275,O000293,W01,C02,2025-07-29,2025-07-31,2025-08-03,0,1
S000276,O000294,W03,C01,2025-10-16,2025-10-17,2025-10-17,1,2
S000277,O000295,W01,C02,2025-02-15,2025-02-16,2025-02-16,1,1
S000278,O000296,W02,C03,2025-11-24,2025-11-26,2025-11-28,0,0
S000279,O000297,W02,C01,2025-04-03,2025-04-05,2025-04-05,1,3
S000280,O000298,W02,C01,2025-12-06,2025-12-08,2025-12-08,1,1
S000281,O000299,W01,C01,2025-05-17,2025-05-19,2025-05-19,1,0
S000282,O000300,W01,C03,2025-10-14,2025-10-16,2025-10-16,1,1
S000283,O000301,W02,C02,2025-03-03,2025-03-06,2025-03-06,1,1
S000284,O000302,W01,C02,2025-05-18,2025-05-19,2025-05-19,1,3
S000285,O000303,W02,C01,2025-10-11,2025-10-12,2025-10-12,1,2
S000286,O000304,W02,C03,2025-10-24,2025-10-25,2025-10-25,1,1
S000287,O000305,W01,C01,2025-10-12,2025-10-15,2025-10-15,1,1
S000288,O000306,W03,C01,2025-12-18,2025-12-20,2025-12-20,1,1
S000289,O000307,W02,C01,2025-09-19,2025-09-20,2025-09-20,1,2
S000290,O000308,W01,C03,2025-02-05,2025-02-07,2025-02-07,1,2
S000291,O000309,W03,C04,2025-08-07,2025-08-10,2025-08-10,1,1
S000292,O000310,W02,C02,2025-10-15,2025-10-16,2025-10-16,1,1
S000293,O000311,W01,C01,2025-03-05,2025-03-06,2025-03-06,1,1
S000294,O000312,W02,C03,2025-07-04,2025-07-05,2025-07-05,1,1
S000295,O000313,W03,C04,2025-12-16,2025-12-18,2025-12-18,1,1
S000296,O000314,W01,C03,2025-05-16,2025-05-20,2025-05-20,1,1
S000297,O000315,W01,C01,2025-10-01,2025-10-04,2025-10-04,1,1
S000298,O000317,W02,C02,2025-11-13,2025-11-14,2025-11-14,1,3
S000299,O000318,W01,C02,2025-01-02,2025-01-06,2025-01-06,1,1
S000300,O000319,W01,C01,2025-11-04,2025-11-08,2025-11-08,1,0
S000301,O000320,W01,C02,2025-11-03,2025-11-04,2025-11-04,1,2
S000302,O000321,W02,C01,2025-02-23,2025-02-24,2025-02-24,1,1
S000303,O000322,W01,C02,2025-12-14,2025-12-17,2025-12-21,0,1
S000304,O000323,W01,C01,2025-06-03,2025-06-04,2025-06-04,1,1
S000305,O000324,W01,C03,2025-01-15,2025-01-15,2025-01-15,1,3
S000306,O000325,W01,C02,2025-02-27,2025-02-28,2025-02-28,1,2
S000307,O000326,W02,C04,2025-08-05,2025-08-07,2025-08-08,0,1
S000308,O000327,W01,C03,2025-10-20,2025-10-21,2025-10-21,1,2
S000309,O000328,W01,C01,2025-07-19,2025-07-22,2025-07-23,0,1
S000310,O000329,W03,C02,2025-02-13,2025-02-17,2025-02-17,1,0
S000311,O000330,W02,C01,2025-07-11,2025-07-12,2025-07-12,1,2
S000312,O000331,W02,C01,2025-09-19,2025-09-21,2025-09-21,1,2
S000313,O000332,W01,C03,2025-04-22,2025-04-24,2025-04-23,1,0
S000314,O000333,W01,C03,2025-01-03,2025-01-05,2025-01-04,1,1
S000315,O000334,W01,C01,2025-02-19,2025-02-21,2025-02-20,1,1
S000316,O000335,W02,C01,2025-03-01,2025-03-03,2025-03-03,1,2
S000317,O000336,W01,C01,2025-10-30,2025-10-31,2025-11-02,0,1
S000318,O000337,W02,C01,2025-10-27,2025-10-28,2025-10-28,1,3
S000319,O000339,W01,C02,2025-10-29,2025-11-01,2025-11-01,1,1
S000320,O000340,W01,C01,2025-08-17,2025-08-18,2025-08-18,1,1
S000321,O000341,W02,C01,2025-12-08,2025-12-12,2025-12-12,1,0
S000322,O000342,W01,C02,2025-10-11,2025-10-15,2025-10-14,1,0
S000323,O000343,W01,C01,2025-02-22,2025-02-22,2025-02-25,0,2
S000324,O000344,W02,C01,2025-03-28,2025-03-30,2025-03-30,1,1
S000325,O000345,W01,C03,2025-12-08,2025-12-11,2025-12-10,1,0
S000326,O000346,W02,C02,2025-06-28,2025-06-29,2025-06-29,1,2
S000327,O000347,W01,C02,2025-11-21,2025-11-22,2025-11-22,1,2
S000328,O000348,W03,C03,2025-08-07,2025-08-08,2025-08-08,1,1
S000329,O000349,W01,C01,2025-06-25,2025-06-28,2025-07-01,0,0
S000330,O000350,W02,C02,2025-09-16,2025-09-18,2025-09-17,1,1
S000331,O000351,W03,C01,2025-03-05,2025-03-07,2025-03-07,1,2
S000332,O000352,W02,C02,2025-11-12,2025-11-13,2025-11-13,1,1
S000333,O000353,W01,C02,2025-12-30,2026-01-02,2026-01-02,1,1
S000334,O000354,W02,C03,2025-01-29,2025-01-31,2025-01-31,1,3
S000335,O000355,W02,C02,2025-09-28,2025-09-30,2025-09-29,1,1
S000336,O000356,W01,C03,2025-01-03,2025-01-06,2025-01-06,1,1
S000337,O000357,W03,C03,2025-10-21,2025-10-23,2025-10-23,1,1
S000338,O000358,W03,C02,2025-05-02,2025-05-04,2025-05-03,1,1
S000339,O000359,W02,C03,2025-02-09,2025-02-11,2025-02-13,0,2
S000340,O000360,W01,C02,2025-10-19,2025-10-23,2025-10-23,1,1
S000341,O000361,W01,C02,2025-06-17,2025-06-20,2025-06-20,1,1
S000342,O000362,W01,C04,2025-11-27,2025-11-29,2025-11-29,1,1
S000343,O000363,W03,C03,2025-04-04,2025-04-07,2025-04-06,1,1
S000344,O000364,W01,C01,2025-06-21,2025-06-22,2025-06-24,0,1
S000345,O000365,W02,C02,2025-07-07,2025-07-08,2025-07-08,1,2
S000346,O000366,W01,C03,2025-06-30,2025-07-02,2025-07-05,0,1
S000347,O000367,W02,C03,2025-01-03,2025-01-06,2025-01-09,0,1
S000348,O000368,W03,C04,2025-07-24,2025-07-27,2025-07-27,1,1
S000349,O000369,W01,C01,2025-04-23,2025-04-23,2025-04-23,1,3
S000350,O000370,W01,C02,2025-07-25,2025-07-26,2025-07-26,1,2
S000351,O000371,W03,C02,2025-08-06,2025-08-06,2025-08-06,1,2
S000352,O000372,W03,C01,2025-06-09,2025-06-10,2025-06-10,1,2
S000353,O000373,W03,C01,2025-11-09,2025-11-12,2025-11-11,1,1
S000354,O000374,W02,C04,2025-10-04,2025-10-06,2025-10-06,1,2
S000355,O000375,W02,C02,2025-12-09,2025-12-09,2025-12-09,1,2
S000356,O000376,W01,C01,2025-10-20,2025-10-22,2025-10-22,1,2
S000357,O000377,W01,C04,2025-03-31,2025-04-04,2025-04-04,1,0
S000358,O000378,W03,C03,2025-04-23,2025-04-25,2025-04-24,1,1
S000359,O000379,W01,C03,2025-11-13,2025-11-15,2025-11-17,0,2
S000360,O000380,W02,C03,2025-10-11,2025-10-13,2025-10-17,0,1
S000361,O000381,W02,C02,2025-02-05,2025-02-08,2025-02-07,1,1
S000362,O000382,W03,C01,2025-11-17,2025-11-20,2025-11-19,1,2
S000363,O000383,W01,C01,2025-12-19,2025-12-19,2025-12-19,1,2
S000364,O000384,W02,C02,2025-11-09,2025-11-12,2025-11-12,1,1
S000365,O000385,W02,C04,2025-10-11,2025-10-12,2025-10-15,0,2
S000366,O000386,W02,C02,2025-05-04,2025-05-05,2025-05-05,1,2
S000367,O000387,W01,C03,2025-12-12,2025-12-12,2025-12-12,1,2
S000368,O000388,W02,C03,2025-01-10,2025-01-12,2025-01-12,1,2
S000369,O000389,W02,C04,2025-04-23,2025-04-25,2025-04-26,0,2
S000370,O000390,W03,C01,2025-05-27,2025-05-30,2025-05-30,1,0
S000371,O000391,W03,C03,2025-12-26,2025-12-27,2025-12-27,1,2
S000372,O000392,W01,C01,2025-07-13,2025-07-14,2025-07-14,1,1
S000373,O000393,W01,C01,2025-09-06,2025-09-07,2025-09-11,0,2
S000374,O000394,W03,C03,2025-02-27,2025-02-28,2025-02-28,1,2
S000375,O000395,W01,C01,2025-07-18,2025-07-20,2025-07-20,1,1
S000376,O000396,W01,C04,2025-09-17,2025-09-19,2025-09-18,1,1
S000377,O000397,W01,C04,2025-01-20,2025-01-25,2025-01-25,1,0
S000378,O000398,W02,C02,2025-08-20,2025-08-21,2025-08-25,0,1
S000379,O000399,W03,C02,2025-07-21,2025-07-23,2025-07-27,0,1
S000380,O000400,W01,C01,2025-09-17,2025-09-19,2025-09-18,1,2
S000381,O000401,W02,C02,2025-09-11,2025-09-12,2025-09-16,0,1
S000382,O000402,W01,C02,2025-07-20,2025-07-23,2025-07-22,1,1
S000383,O000403,W02,C03,2025-03-03,2025-03-06,2025-03-06,1,1
S000384,O000404,W03,C01,2025-06-26,2025-06-28,2025-06-27,1,1
S000385,O000406,W02,C03,2025-09-07,2025-09-10,2025-09-09,1,2
S000386,O000407,W03,C02,2025-07-30,2025-08-01,2025-07-31,1,1
S000387,O000408,W02,C02,2025-01-21,2025-01-23,2025-01-22,1,1
S000388,O000409,W02,C01,2025-01-03,2025-01-05,2025-01-09,0,1
S000389,O000410,W02,C02,2025-11-12,2025-11-15,2025-11-15,1,2
S000390,O000411,W02,C02,2025-12-27,2025-12-30,2025-12-30,1,1
S000391,O000412,W01,C03,2025-11-26,2025-11-27,2025-11-27,1,2
S000392,O000413,W03,C03,2025-05-22,2025-05-23,2025-05-23,1,2
S000393,O000414,W01,C01,2025-12-03,2025-12-06,2025-12-06,1,1
S000394,O000415,W02,C03,2025-02-24,2025-02-26,2025-02-25,1,2
S000395,O000416,W03,C01,2025-01-22,2025-01-24,2025-01-23,1,0
S000396,O000417,W03,C02,2025-06-29,2025-07-01,2025-06-30,1,0
S000397,O000418,W01,C03,2025-08-07,2025-08-10,2025-08-13,0,0
S000398,O000419,W01,C02,2025-12-04,2025-12-07,2025-12-07,1,1
S000399,O000420,W01,C02,2025-05-19,2025-05-20,2025-05-20,1,2
S000400,O000421,W03,C02,2025-10-27,2025-10-30,2025-10-30,1,0
S000401,O000422,W02,C01,2025-01-27,2025-01-28,2025-01-28,1,2
S000402,O000423,W01,C02,2025-05-02,2025-05-04,2025-05-04,1,2
S000403,O000424,W03,C01,2026-01-02,2026-01-04,2026-01-04,1,2
S000404,O000425,W03,C02,2025-02-23,2025-02-24,2025-02-24,1,1
S000405,O000426,W02,C02,2025-09-09,2025-09-12,2025-09-12,1,0
S000406,O000427,W02,C03,2025-07-29,2025-07-30,2025-07-30,1,2
S000407,O000428,W01,C04,2025-10-31,2025-11-01,2025-11-01,1,1
S000408,O000429,W03,C04,2025-11-10,2025-11-12,2025-11-12,1,1
S000409,O000430,W01,C02,2025-02-17,2025-02-20,2025-02-19,1,1
S000410,O000431,W01,C01,2025-02-03,2025-02-04,2025-02-04,1,1
S000411,O000432,W02,C03,2025-07-05,2025-07-08,2025-07-08,1,2
S000412,O000433,W01,C02,2025-07-30,2025-08-02,2025-08-02,1,0
S000413,O000434,W01,C01,2025-01-28,2025-01-30,2025-01-30,1,1
S000414,O000435,W02,C02,2025-06-14,2025-06-15,2025-06-15,1,2
S000415,O000436,W01,C02,2025-12-11,2025-12-14,2025-12-14,1,1
S000416,O000437,W03,C01,2025-11-24,2025-11-25,2025-11-25,1,2
S000417,O000438,W03,C02,2025-04-01,2025-04-04,2025-04-03,1,0
S000418,O000439,W01,C03,2025-08-08,2025-08-11,2025-08-10,1,1
S000419,O000440,W01,C01,2025-01-03,2025-01-05,2025-01-04,1,1
S000420,O000441,W02,C03,2025-09-23,2025-09-23,2025-09-23,1,2
S000421,O000442,W01,C03,2025-06-13,2025-06-17,2025-06-16,1,1
S000422,O000443,W01,C01,2025-11-04,2025-11-06,2025-11-06,1,1
S000423,O000444,W02,C01,2025-02-23,2025-02-27,2025-02-27,1,0
S000424,O000445,W01,C03,2025-11-29,2025-12-01,2025-12-01,1,1
S000425,O000447,W02,C01,2025-09-08,2025-09-09,2025-09-09,1,1
S000426,O000448,W03,C02,2025-09-04,2025-09-05,2025-09-09,0,2
S000427,O000449,W03,C03,2025-06-06,2025-06-07,2025-06-07,1,1
S000428,O000450,W02,C02,2025-07-24,2025-07-25,2025-07-25,1,2
S000429,O000451,W01,C01,2025-06-13,2025-06-15,2025-06-15,1,2
S000430,O000452,W02,C03,2025-12-21,2025-12-23,2025-12-23,1,1
S000431,O000453,W03,C02,2025-09-09,2025-09-14,2025-09-14,1,0
S000432,O000454,W02,C01,2025-07-20,2025-07-21,2025-07-21,1,3
S000433,O000455,W02,C01,2025-01-19,2025-01-23,2025-01-23,1,1
S000434,O000456,W02,C04,2025-04-15,2025-04-17,2025-04-17,1,0
S000435,O000457,W03,C02,2025-03-01,2025-03-05,2025-03-04,1,1
S000436,O000458,W02,C03,2025-12-27,2025-12-28,2025-12-28,1,2
S000437,O000460,W02,C03,2025-08-23,2025-08-23,2025-08-23,1,2
S000438,O000461,W01,C03,2025-12-22,2025-12-25,2025-12-24,1,1
S000439,O000462,W01,C02,2025-05-01,2025-05-02,2025-05-02,1,1
S000440,O000463,W03,C01,2025-04-24,2025-04-27,2025-04-28,0,1
S000441,O000464,W02,C01,2025-10-10,2025-10-12,2025-10-12,1,1
S000442,O000465,W03,C01,2025-04-20,2025-04-22,2025-04-22,1,1
S000443,O000466,W01,C01,2025-12-16,2025-12-19,2025-12-19,1,1
S000444,O000467,W03,C02,2025-01-31,2025-02-01,2025-02-01,1,2
S000445,O000468,W02,C03,2025-10-05,2025-10-06,2025-10-06,1,3
S000446,O000469,W01,C01,2025-09-17,2025-09-18,2025-09-18,1,2
S000447,O000470,W03,C04,2025-07-24,2025-07-24,2025-07-28,0,2
S000448,O000471,W01,C02,2025-12-18,2025-12-20,2025-12-23,0,2
S000449,O000472,W03,C02,2025-02-12,2025-02-15,2025-02-14,1,2
S000450,O000473,W02,C03,2025-01-03,2025-01-06,2025-01-05,1,1
S000451,O000474,W03,C02,2025-07-14,2025-07-14,2025-07-15,0,3
S000452,O000475,W01,C01,2025-01-03,2025-01-07,2025-01-07,1,0
S000453,O000476,W02,C02,2025-12-05,2025-12-08,2025-12-07,1,1
S000454,O000477,W03,C03,2025-06-11,2025-06-11,2025-06-11,1,2
S000455,O000478,W02,C03,2025-11-24,2025-11-26,2025-11-26,1,1
S000456,O000479,W01,C01,2025-04-09,2025-04-13,2025-04-13,1,0
S000457,O000480,W01,C03,2025-07-15,2025-07-18,2025-07-17,1,0
S000458,O000481,W02,C03,2025-08-20,2025-08-24,2025-08-25,0,1
S000459,O000482,W02,C02,2025-12-15,2025-12-17,2025-12-17,1,2
S000460,O000483,W01,C03,2025-05-13,2025-05-14,2025-05-14,1,1
S000461,O000484,W02,C03,2025-08-22,2025-08-24,2025-08-24,1,2
S000462,O000485,W01,C04,2025-09-16,2025-09-18,2025-09-20,0,2
S000463,O000486,W01,C02,2025-07-25,2025-07-26,2025-07-26,1,2
S000464,O000487,W03,C03,2025-01-10,2025-01-13,2025-01-13,1,1
S000465,O000488,W01,C01,2025-02-01,2025-02-02,2025-02-02,1,2
S000466,O000489,W02,C04,2025-12-11,2025-12-14,2025-12-15,0,0
S000467,O000490,W01,C01,2025-05-20,2025-05-23,2025-05-22,1,1
S000468,O000491,W02,C02,2025-06-01,2025-06-01,2025-06-01,1,2
S000469,O000492,W03,C04,2025-11-05,2025-11-08,2025-11-08,1,1
S000470,O000493,W01,C02,2025-11-24,2025-11-28,2025-11-28,1,1
S000471,O000494,W01,C03,2025-06-10,2025-06-12,2025-06-16,0,1
S000472,O000495,W01,C04,2025-04-23,2025-04-26,2025-04-29,0,1
S000473,O000496,W02,C02,2025-03-02,2025-03-04,2025-03-04,1,1
S000474,O000497,W03,C02,2025-10-05,2025-10-07,2025-10-10,0,1
S000475,O000498,W02,C03,2025-09-30,2025-10-02,2025-10-02,1,2
S000476,O000499,W02,C02,2025-11-26,2025-11-26,2025-11-26,1,2
S000477,O000500,W02,C02,2025-04-08,2025-04-10,2025-04-09,1,1
S000478,O000501,W02,C02,2025-08-15,2025-08-18,2025-08-18,1,2
S000479,O000502,W01,C04,2025-11-17,2025-11-18,2025-11-18,1,1
S000480,O000503,W02,C01,2025-08-04,2025-08-06,2025-08-06,1,1
S000481,O000504,W03,C04,2025-04-30,2025-05-04,2025-05-04,1,1
S000482,O000505,W02,C03,2025-02-11,2025-02-13,2025-02-13,1,1
S000483,O000506,W01,C04,2025-11-04,2025-11-05,2025-11-05,1,1
S000484,O000507,W01,C02,2025-06-04,2025-06-07,2025-06-06,1,0
S000485,O000508,W01,C03,2025-10-01,2025-10-03,2025-10-02,1,2
S000486,O000509,W01,C01,2025-05-07,2025-05-09,2025-05-09,1,2
S000487,O000510,W03,C03,2025-04-08,2025-04-08,2025-04-09,0,2
S000488,O000511,W03,C01,2025-09-12,2025-09-14,2025-09-13,1,2
S000489,O000512,W02,C03,2025-02-17,2025-02-19,2025-02-18,1,1
S000490,O000513,W01,C03,2025-05-18,2025-05-21,2025-05-20,1,1
S000491,O000514,W03,C01,2025-11-27,2025-11-29,2025-11-29,1,1
S000492,O000515,W01,C01,2025-01-28,2025-01-31,2025-01-31,1,1
S000493,O000516,W01,C01,2025-05-27,2025-05-28,2025-05-28,1,1
S000494,O000517,W01,C01,2025-05-31,2025-06-01,2025-06-01,1,2
S000495,O000518,W01,C03,2025-02-18,2025-02-20,2025-02-21,0,1
S000496,O000519,W03,C04,2025-12-17,2025-12-19,2025-12-23,0,2
S000497,O000520,W03,C04,2025-02-22,2025-02-23,2025-02-25,0,2
S000498,O000522,W02,C04,2025-10-01,2025-10-03,2025-10-05,0,1
S000499,O000523,W02,C03,2025-04-09,2025-04-11,2025-04-11,1,1
S000500,O000525,W03,C01,2025-05-19,2025-05-20,2025-05-20,1,2
S000501,O000527,W01,C02,2025-11-10,2025-11-12,2025-11-12,1,2
S000502,O000528,W02,C02,2025-05-06,2025-05-07,2025-05-07,1,1
S000503,O000529,W01,C01,2025-01-30,2025-01-31,2025-01-31,1,2
S000504,O000530,W01,C02,2025-03-02,2025-03-04,2025-03-04,1,1
S000505,O000531,W01,C03,2025-11-11,2025-11-13,2025-11-12,1,2
S000506,O000532,W01,C03,2025-05-25,2025-05-27,2025-05-27,1,1
S000507,O000533,W01,C01,2025-09-20,2025-09-23,2025-09-27,0,1
S000508,O000534,W01,C01,2025-12-06,2025-12-07,2025-12-07,1,2
S000509,O000535,W01,C04,2025-08-22,2025-08-24,2025-08-24,1,0
S000510,O000536,W01,C04,2025-11-05,2025-11-07,2025-11-07,1,1
S000511,O000537,W02,C03,2025-09-13,2025-09-13,2025-09-13,1,2
S000512,O000538,W01,C01,2025-08-21,2025-08-23,2025-08-23,1,2
S000513,O000539,W01,C02,2025-01-11,2025-01-14,2025-01-14,1,1
S000514,O000540,W02,C01,2025-11-22,2025-11-24,2025-11-23,1,1
S000515,O000541,W03,C03,2025-05-06,2025-05-08,2025-05-08,1,1
S000516,O000542,W01,C01,2025-02-12,2025-02-14,2025-02-14,1,1
S000517,O000543,W01,C04,2025-07-23,2025-07-27,2025-07-27,1,0
S000518,O000544,W02,C02,2025-11-17,2025-11-19,2025-11-19,1,2
S000519,O000545,W03,C02,2025-03-30,2025-04-02,2025-04-02,1,1
S000520,O000546,W01,C03,2025-12-17,2025-12-17,2025-12-21,0,2
S000521,O000547,W01,C01,2025-10-04,2025-10-04,2025-10-04,1,2
S000522,O000548,W03,C03,2025-01-02,2025-01-04,2025-01-03,1,1
S000523,O000549,W01,C01,2025-02-14,2025-02-16,2025-02-16,1,2
S000524,O000550,W01,C03,2025-05-13,2025-05-16,2025-05-15,1,2
S000525,O000551,W03,C04,2025-05-04,2025-05-07,2025-05-10,0,1
S000526,O000552,W01,C01,2025-06-17,2025-06-18,2025-06-18,1,1
S000527,O000553,W02,C04,2025-03-26,2025-03-28,2025-03-28,1,1
S000528,O000554,W02,C03,2025-05-20,2025-05-22,2025-05-22,1,1
S000529,O000555,W02,C02,2025-06-11,2025-06-12,2025-06-12,1,3
S000530,O000556,W02,C01,2025-05-18,2025-05-19,2025-05-19,1,2
S000531,O000557,W02,C02,2025-01-21,2025-01-22,2025-01-22,1,2
S000532,O000558,W02,C03,2025-01-03,2025-01-05,2025-01-05,1,2
S000533,O000559,W03,C02,2025-03-15,2025-03-17,2025-03-16,1,1
S000534,O000560,W02,C01,2025-01-08,2025-01-08,2025-01-08,1,3
S000535,O000561,W01,C01,2025-06-09,2025-06-10,2025-06-10,1,1
S000536,O000562,W01,C03,2025-01-10,2025-01-13,2025-01-13,1,1
S000537,O000563,W02,C03,2025-06-28,2025-07-01,2025-07-01,1,1
S000538,O000564,W01,C03,2025-02-03,2025-02-05,2025-02-05,1,0
S000539,O000565,W02,C02,2025-11-09,2025-11-10,2025-11-10,1,2
S000540,O000566,W01,C01,2025-11-09,2025-11-12,2025-11-12,1,1
S000541,O000567,W02,C01,2025-07-28,2025-08-01,2025-08-01,1,1
S000542,O000568,W02,C01,2025-09-04,2025-09-04,2025-09-04,1,2
S000543,O000569,W03,C03,2025-09-01,2025-09-01,2025-09-01,1,2
S000544,O000570,W01,C02,2025-11-05,2025-11-08,2025-11-07,1,1
S000545,O000571,W02,C03,2025-09-08,2025-09-09,2025-09-09,1,3
S000546,O000572,W01,C01,2025-04-12,2025-04-12,2025-04-12,1,2
S000547,O000573,W03,C03,2025-06-08,2025-06-10,2025-06-10,1,1
S000548,O000574,W01,C02,2025-09-11,2025-09-14,2025-09-14,1,1
S000549,O000575,W01,C03,2025-01-15,2025-01-18,2025-01-19,0,0
S000550,O000576,W02,C03,2025-09-27,2025-09-29,2025-09-28,1,2
S000551,O000577,W01,C01,2025-11-02,2025-11-04,2025-11-04,1,1
S000552,O000578,W03,C02,2025-04-09,2025-04-12,2025-04-11,1,2
S000553,O000579,W01,C03,2025-04-01,2025-04-03,2025-04-04,0,2
S000554,O000580,W02,C03,2025-06-21,2025-06-22,2025-06-22,1,2
S000555,O000582,W02,C04,2025-05-23,2025-05-24,2025-05-28,0,1
S000556,O000583,W02,C02,2025-12-16,2025-12-18,2025-12-18,1,2
S000557,O000584,W01,C03,2025-12-10,2025-12-13,2025-12-13,1,0
S000558,O000585,W01,C01,2025-03-11,2025-03-16,2025-03-16,1,0
S000559,O000586,W01,C02,2025-03-03,2025-03-05,2025-03-05,1,1
S000560,O000588,W01,C03,2025-01-14,2025-01-15,2025-01-15,1,2
S000561,O000589,W01,C04,2025-03-20,2025-03-22,2025-03-22,1,1
S000562,O000590,W03,C02,2025-03-08,2025-03-10,2025-03-10,1,1
S000563,O000591,W01,C02,2025-12-20,2025-12-25,2025-12-25,1,0
S000564,O000592,W02,C03,2025-02-19,2025-02-21,2025-02-21,1,1
S000565,O000594,W02,C02,2025-09-23,2025-09-23,2025-09-23,1,2
S000566,O000595,W01,C01,2025-12-08,2025-12-10,2025-12-10,1,1
S000567,O000596,W03,C03,2025-04-21,2025-04-22,2025-04-22,1,2
S000568,O000597,W01,C01,2025-09-20,2025-09-23,2025-09-22,1,1
S000569,O000598,W02,C02,2025-04-08,2025-04-11,2025-04-11,1,1
S000570,O000599,W02,C03,2025-01-28,2025-01-30,2025-01-30,1,2
S000571,O000600,W01,C01,2025-05-20,2025-05-21,2025-05-21,1,1
S000572,O000601,W01,C02,2025-11-02,2025-11-06,2025-11-06,1,1
S000573,O000602,W01,C01,2025-01-16,2025-01-18,2025-01-17,1,1
S000574,O000603,W03,C04,2025-09-08,2025-09-11,2025-09-12,0,2
S000575,O000604,W01,C03,2025-05-27,2025-05-29,2025-05-29,1,1
S000576,O000605,W03,C04,2025-01-10,2025-01-13,2025-01-16,0,1
S000577,O000606,W01,C03,2025-04-10,2025-04-13,2025-04-13,1,2
S000578,O000607,W03,C04,2025-08-23,2025-08-24,2025-08-24,1,2
S000579,O000608,W02,C01,2025-09-04,2025-09-08,2025-09-08,1,1
S000580,O000609,W02,C02,2025-02-08,2025-02-08,2025-02-08,1,3
S000581,O000610,W01,C02,2025-04-29,2025-05-01,2025-05-01,1,1
S000582,O000611,W01,C02,2025-07-06,2025-07-08,2025-07-08,1,1
S000583,O000612,W02,C01,2025-10-30,2025-11-02,2025-11-02,1,1
S000584,O000613,W02,C03,2025-01-19,2025-01-21,2025-01-20,1,1
S000585,O000614,W02,C04,2025-01-05,2025-01-09,2025-01-11,0,0
S000586,O000615,W02,C01,2025-01-26,2025-01-30,2025-02-01,0,1
S000587,O000616,W02,C01,2025-06-11,2025-06-13,2025-06-16,0,1
S000588,O000617,W01,C02,2025-06-11,2025-06-14,2025-06-14,1,0
S000589,O000618,W01,C03,2025-10-13,2025-10-15,2025-10-14,1,1
S000590,O000619,W01,C02,2025-03-24,2025-03-28,2025-03-28,1,1
S000591,O000620,W03,C02,2025-03-16,2025-03-18,2025-03-17,1,3
S000592,O000621,W02,C02,2025-06-29,2025-07-02,2025-07-02,1,2
S000593,O000622,W01,C01,2025-07-14,2025-07-15,2025-07-15,1,2
S000594,O000623,W02,C01,2025-12-24,2025-12-28,2025-12-28,1,1
S000595,O000624,W01,C01,2025-07-22,2025-07-22,2025-07-22,1,2
S000596,O000625,W01,C04,2025-08-18,2025-08-19,2025-08-22,0,2
S000597,O000626,W03,C01,2025-11-07,2025-11-09,2025-11-09,1,0
S000598,O000627,W01,C03,2025-07-05,2025-07-09,2025-07-08,1,1
S000599,O000628,W01,C03,2025-11-12,2025-11-13,2025-11-13,1,2
S000600,O000629,W01,C01,2025-10-03,2025-10-07,2025-10-06,1,0
S000601,O000630,W03,C01,2025-01-20,2025-01-21,2025-01-21,1,2
S000602,O000631,W03,C01,2025-02-14,2025-02-16,2025-02-16,1,1
S000603,O000632,W02,C03,2025-09-27,2025-09-29,2025-09-29,1,2
S000604,O000633,W01,C01,2025-02-10,2025-02-12,2025-02-12,1,2
S000605,O000634,W02,C02,2025-10-12,2025-10-13,2025-10-13,1,1
S000606,O000635,W01,C02,2025-09-05,2025-09-07,2025-09-07,1,2
S000607,O000636,W02,C02,2025-02-13,2025-02-16,2025-02-16,1,2
S000608,O000637,W02,C04,2025-03-10,2025-03-11,2025-03-11,1,2
S000609,O000638,W03,C04,2025-02-03,2025-02-07,2025-02-07,1,1
S000610,O000639,W01,C01,2025-08-09,2025-08-11,2025-08-13,0,1
S000611,O000640,W01,C02,2025-04-01,2025-04-04,2025-04-04,1,0
S000612,O000641,W01,C02,2025-12-30,2025-12-31,2025-12-31,1,2
S000613,O000642,W03,C01,2025-01-28,2025-01-31,2025-01-31,1,1
S000614,O000643,W01,C03,2025-01-28,2025-01-31,2025-02-01,0,1
S000615,O000644,W01,C02,2025-10-13,2025-10-13,2025-10-13,1,2
S000616,O000645,W02,C01,2025-03-17,2025-03-21,2025-03-21,1,1
S000617,O000646,W01,C03,2025-06-29,2025-07-01,2025-06-30,1,1
S000618,O000647,W03,C01,2025-01-14,2025-01-17,2025-01-17,1,1
S000619,O000648,W02,C04,2025-03-21,2025-03-22,2025-03-26,0,1
S000620,O000649,W01,C02,2025-12-18,2025-12-20,2025-12-24,0,1
S000621,O000650,W02,C03,2025-07-22,2025-07-24,2025-07-24,1,1
S000622,O000651,W03,C01,2025-04-21,2025-04-23,2025-04-22,1,1
S000623,O000653,W03,C01,2025-01-06,2025-01-09,2025-01-09,1,1
S000624,O000654,W02,C03,2025-03-14,2025-03-18,2025-03-21,0,1
S000625,O000655,W03,C03,2025-08-24,2025-08-26,2025-08-26,1,1
S000626,O000656,W02,C03,2025-05-11,2025-05-13,2025-05-13,1,2
S000627,O000657,W02,C01,2025-05-23,2025-05-24,2025-05-28,0,2
S000628,O000658,W03,C03,2025-07-03,2025-07-07,2025-07-06,1,1
S000629,O000659,W03,C02,2025-04-25,2025-04-26,2025-04-26,1,1
S000630,O000660,W02,C02,2025-07-03,2025-07-04,2025-07-04,1,2
S000631,O000661,W02,C03,2025-01-06,2025-01-09,2025-01-09,1,1
S000632,O000662,W01,C03,2025-10-06,2025-10-09,2025-10-09,1,1
S000633,O000664,W03,C03,2025-01-16,2025-01-18,2025-01-17,1,1
S000634,O000665,W03,C04,2025-09-27,2025-09-30,2025-09-30,1,0
S000635,O000666,W01,C01,2025-01-09,2025-01-10,2025-01-10,1,2
S000636,O000667,W03,C04,2025-09-19,2025-09-22,2025-09-25,0,1
S000637,O000668,W03,C03,2025-12-26,2025-12-29,2025-12-29,1,1
S000638,O000669,W01,C01,2025-08-09,2025-08-11,2025-08-12,0,1
S000639,O000670,W01,C01,2025-06-21,2025-06-24,2025-06-24,1,1
S000640,O000672,W01,C01,2025-06-23,2025-06-24,2025-06-24,1,3
S000641,O000673,W01,C01,2025-04-03,2025-04-06,2025-04-06,1,1
S000642,O000674,W03,C03,2025-08-22,2025-08-23,2025-08-27,0,1
S000643,O000675,W01,C02,2025-02-15,2025-02-17,2025-02-17,1,0
S000644,O000676,W01,C03,2025-02-17,2025-02-18,2025-02-18,1,1
S000645,O000677,W02,C03,2025-10-27,2025-10-29,2025-10-28,1,3
S000646,O000678,W01,C01,2025-07-07,2025-07-08,2025-07-08,1,1
S000647,O000679,W03,C03,2025-07-12,2025-07-14,2025-07-13,1,1
S000648,O000680,W01,C04,2025-12-31,2026-01-02,2026-01-02,1,1
S000649,O000681,W01,C03,2025-03-02,2025-03-05,2025-03-04,1,1
S000650,O000682,W02,C01,2025-04-16,2025-04-16,2025-04-16,1,2
S000651,O000683,W02,C02,2025-08-13,2025-08-16,2025-08-16,1,2
S000652,O000684,W01,C02,2025-06-15,2025-06-17,2025-06-17,1,0
S000653,O000685,W01,C01,2025-03-04,2025-03-06,2025-03-06,1,1
S000654,O000686,W03,C03,2025-09-10,2025-09-14,2025-09-13,1,0
S000655,O000687,W01,C04,2025-09-30,2025-10-01,2025-10-01,1,1
S000656,O000688,W01,C01,2025-11-04,2025-11-07,2025-11-07,1,1
S000657,O000690,W01,C02,2025-11-14,2025-11-17,2025-11-17,1,2
S000658,O000691,W01,C04,2025-12-08,2025-12-10,2025-12-10,1,1
S000659,O000693,W01,C01,2025-08-09,2025-08-11,2025-08-10,1,1
S000660,O000694,W01,C02,2025-07-24,2025-07-28,2025-07-28,1,1
S000661,O000695,W01,C01,2025-03-05,2025-03-08,2025-03-08,1,0
S000662,O000696,W01,C01,2025-11-25,2025-11-27,2025-11-27,1,1
S000663,O000697,W02,C03,2025-03-06,2025-03-07,2025-03-07,1,2
S000664,O000698,W03,C02,2025-02-15,2025-02-17,2025-02-17,1,1
S000665,O000699,W01,C02,2025-06-20,2025-06-22,2025-06-21,1,1
S000666,O000700,W01,C01,2025-06-11,2025-06-14,2025-06-13,1,1
S000667,O000701,W02,C04,2025-05-09,2025-05-10,2025-05-10,1,2
S000668,O000702,W02,C03,2025-11-23,2025-11-24,2025-11-24,1,2
S000669,O000703,W01,C03,2025-12-13,2025-12-14,2025-12-14,1,1
S000670,O000704,W01,C03,2025-02-02,2025-02-06,2025-02-06,1,0
S000671,O000705,W02,C02,2025-04-16,2025-04-19,2025-04-19,1,1
S000672,O000706,W02,C01,2025-01-17,2025-01-19,2025-01-19,1,1
S000673,O000707,W01,C01,2025-06-04,2025-06-06,2025-06-06,1,1
S000674,O000708,W02,C03,2025-01-04,2025-01-06,2025-01-06,1,2
S000675,O000709,W02,C01,2025-08-03,2025-08-04,2025-08-04,1,3
S000676,O000710,W02,C02,2025-01-03,2025-01-06,2025-01-10,0,1
S000677,O000711,W03,C03,2025-08-04,2025-08-07,2025-08-07,1,1
S000678,O000712,W03,C03,2025-08-30,2025-09-02,2025-09-02,1,1
S000679,O000713,W02,C01,2025-11-11,2025-11-14,2025-11-14,1,1
S000680,O000714,W02,C02,2025-06-24,2025-06-26,2025-06-25,1,1
S000681,O000715,W01,C02,2025-09-01,2025-09-02,2025-09-02,1,1
S000682,O000716,W01,C02,2025-10-10,2025-10-13,2025-10-13,1,1
S000683,O000717,W01,C01,2025-11-27,2025-11-29,2025-11-29,1,1
S000684,O000718,W01,C02,2025-01-02,2025-01-04,2025-01-04,1,1
S000685,O000719,W02,C03,2025-04-08,2025-04-11,2025-04-11,1,0
S000686,O000720,W02,C02,2025-03-13,2025-03-15,2025-03-15,1,2
S000687,O000721,W03,C02,2025-04-14,2025-04-18,2025-04-18,1,1
S000688,O000722,W03,C03,2025-05-14,2025-05-16,2025-05-16,1,1
S000689,O000723,W02,C01,2025-02-03,2025-02-03,2025-02-03,1,3
S000690,O000724,W01,C04,2025-03-11,2025-03-14,2025-03-16,0,0
S000691,O000725,W01,C03,2025-02-17,2025-02-18,2025-02-18,1,2
S000692,O000726,W01,C03,2025-12-30,2026-01-02,2026-01-06,0,1
S000693,O000727,W01,C03,2025-01-14,2025-01-16,2025-01-16,1,1
S000694,O000728,W02,C03,2026-01-01,2026-01-02,2026-01-02,1,2
S000695,O000729,W01,C01,2025-06-01,2025-06-04,2025-06-04,1,1
S000696,O000730,W02,C02,2025-08-01,2025-08-04,2025-08-04,1,2
S000697,O000732,W03,C01,2025-11-06,2025-11-07,2025-11-07,1,2
S000698,O000733,W03,C03,2025-10-14,2025-10-16,2025-10-16,1,1
S000699,O000734,W01,C03,2025-01-06,2025-01-07,2025-01-07,1,1
S000700,O000735,W02,C03,2025-10-29,2025-10-30,2025-10-30,1,2
S000701,O000736,W02,C02,2025-09-15,2025-09-16,2025-09-16,1,2
S000702,O000737,W01,C02,2025-08-01,2025-08-03,2025-08-03,1,2
S000703,O000738,W01,C02,2025-07-15,2025-07-19,2025-07-19,1,1
S000704,O000739,W02,C01,2025-03-04,2025-03-06,2025-03-06,1,2
S000705,O000741,W01,C03,2025-10-21,2025-10-21,2025-10-21,1,2
S000706,O000742,W02,C03,2025-12-11,2025-12-13,2025-12-13,1,2
S000707,O000743,W02,C03,2025-06-08,2025-06-10,2025-06-10,1,2
S000708,O000744,W01,C01,2025-08-14,2025-08-15,2025-08-15,1,1
S000709,O000745,W02,C03,2025-11-03,2025-11-07,2025-11-07,1,1
S000710,O000746,W02,C04,2025-11-23,2025-11-25,2025-11-26,0,0
S000711,O000747,W03,C03,2025-01-29,2025-02-01,2025-02-05,0,1
S000712,O000748,W01,C01,2025-02-25,2025-02-26,2025-02-26,1,2
S000713,O000749,W02,C01,2025-02-18,2025-02-20,2025-02-20,1,0
S000714,O000750,W03,C04,2025-07-21,2025-07-24,2025-07-28,0,0
S000715,O000751,W01,C03,2025-08-27,2025-08-28,2025-08-28,1,1
S000716,O000752,W02,C04,2025-07-24,2025-07-25,2025-07-25,1,1
S000717,O000753,W02,C01,2025-03-30,2025-04-01,2025-03-31,1,1
S000718,O000754,W02,C01,2025-05-16,2025-05-19,2025-05-19,1,1
S000719,O000755,W02,C01,2026-01-01,2026-01-02,2026-01-02,1,2
S000720,O000756,W02,C03,2025-04-19,2025-04-19,2025-04-19,1,3
S000721,O000757,W02,C04,2025-09-04,2025-09-06,2025-09-06,1,2
S000722,O000758,W03,C01,2025-01-20,2025-01-19,2025-01-19,1,4
S000723,O000759,W03,C02,2025-08-19,2025-08-22,2025-08-21,1,1
S000724,O000760,W02,C02,2025-05-25,2025-05-27,2025-05-27,1,2
S000725,O000761,W01,C03,2025-06-05,2025-06-08,2025-06-08,1,1
S000726,O000762,W02,C02,2025-01-18,2025-01-21,2025-01-21,1,0
S000727,O000763,W01,C04,2025-01-27,2025-01-31,2025-01-31,1,1
S000728,O000764,W01,C03,2025-09-22,2025-09-25,2025-09-29,0,0
S000729,O000765,W03,C02,2025-02-05,2025-02-09,2025-02-09,1,0
S000730,O000766,W01,C02,2025-06-06,2025-06-08,2025-06-08,1,1
S000731,O000767,W01,C03,2025-09-20,2025-09-22,2025-09-25,0,1
S000732,O000768,W03,C01,2025-12-22,2025-12-23,2025-12-23,1,1
S000733,O000769,W02,C04,2025-02-05,2025-02-10,2025-02-13,0,0
S000734,O000770,W02,C03,2025-10-26,2025-10-27,2025-10-27,1,2
S000735,O000771,W02,C03,2025-04-08,2025-04-09,2025-04-09,1,2
S000736,O000772,W03,C01,2025-01-28,2025-01-30,2025-01-29,1,2
S000737,O000773,W03,C01,2025-09-09,2025-09-11,2025-09-11,1,2
S000738,O000774,W01,C03,2025-02-24,2025-02-27,2025-02-26,1,1
S000739,O000775,W01,C02,2025-11-23,2025-11-24,2025-11-24,1,2
S000740,O000776,W03,C03,2025-08-19,2025-08-21,2025-08-20,1,1
S000741,O000777,W02,C04,2025-01-12,2025-01-14,2025-01-14,1,1
S000742,O000778,W03,C01,2025-11-04,2025-11-06,2025-11-10,0,1
S000743,O000779,W02,C01,2025-06-26,2025-06-28,2025-06-28,1,2
S000744,O000780,W03,C03,2025-06-28,2025-07-02,2025-07-02,1,0
S000745,O000782,W01,C03,2025-08-05,2025-08-07,2025-08-07,1,1
S000746,O000783,W01,C04,2025-05-26,2025-05-27,2025-05-27,1,2
S000747,O000784,W02,C02,2025-11-29,2025-11-30,2025-11-30,1,2
S000748,O000785,W03,C01,2025-11-07,2025-11-08,2025-11-08,1,1
S000749,O000786,W01,C03,2026-01-02,2026-01-02,2026-01-02,1,2
S000750,O000787,W01,C04,2025-12-06,2025-12-08,2025-12-07,1,1
S000751,O000788,W03,C01,2025-11-15,2025-11-17,2025-11-16,1,2
S000752,O000789,W01,C02,2025-11-14,2025-11-16,2025-11-15,1,2
S000753,O000790,W01,C03,2025-07-13,2025-07-15,2025-07-14,1,1
S000754,O000791,W03,C04,2025-04-05,2025-04-07,2025-04-07,1,0
S000755,O000792,W02,C03,2025-06-09,2025-06-11,2025-06-13,0,2
S000756,O000793,W02,C02,2025-06-02,2025-06-04,2025-06-04,1,2
S000757,O000794,W01,C01,2025-09-20,2025-09-22,2025-09-22,1,1
S000758,O000795,W03,C04,2025-06-19,2025-06-20,2025-06-20,1,1
S000759,O000796,W02,C01,2025-04-22,2025-04-25,2025-04-25,1,1
S000760,O000797,W01,C01,2025-07-22,2025-07-24,2025-07-23,1,1
S000761,O000798,W01,C03,2025-12-17,2025-12-18,2025-12-18,1,2
S000762,O000799,W03,C02,2025-12-20,2025-12-25,2025-12-27,0,0
S000763,O000800,W03,C01,2025-03-31,2025-04-05,2025-04-05,1,0
S000764,O000801,W03,C02,2025-07-11,2025-07-13,2025-07-13,1,2
S000765,O000802,W01,C01,2025-07-03,2025-07-05,2025-07-05,1,2
S000766,O000803,W03,C01,2025-12-24,2025-12-28,2025-12-28,1,1
S000767,O000804,W01,C03,2025-02-26,2025-03-02,2025-03-02,1,1
S000768,O000805,W01,C01,2025-07-17,2025-07-19,2025-07-18,1,1
S000769,O000806,W03,C01,2025-09-23,2025-09-26,2025-09-26,1,1
S000770,O000807,W03,C02,2025-07-11,2025-07-13,2025-07-13,1,1
S000771,O000808,W02,C02,2025-09-03,2025-09-06,2025-09-06,1,0
S000772,O000809,W01,C01,2025-04-26,2025-04-30,2025-04-30,1,1
S000773,O000810,W03,C03,2025-10-15,2025-10-18,2025-10-18,1,1
S000774,O000811,W02,C02,2025-01-04,2025-01-08,2025-01-08,1,0
S000775,O000812,W01,C03,2025-01-09,2025-01-11,2025-01-12,0,1
S000776,O000813,W01,C02,2025-04-01,2025-04-03,2025-04-03,1,0
S000777,O000814,W03,C01,2025-12-14,2025-12-18,2025-12-18,1,1
S000778,O000815,W02,C03,2025-09-15,2025-09-16,2025-09-16,1,2
S000779,O000816,W02,C01,2025-10-13,2025-10-14,2025-10-14,1,2
S000780,O000817,W01,C02,2025-11-27,2025-11-30,2025-11-30,1,1
S000781,O000818,W01,C03,2025-12-24,2025-12-28,2025-12-29,0,1
S000782,O000819,W01,C01,2025-02-23,2025-02-25,2025-02-24,1,2
S000783,O000820,W03,C04,2025-12-22,2025-12-25,2025-12-25,1,1
S000784,O000821,W01,C04,2025-12-15,2025-12-16,2025-12-19,0,2
S000785,O000822,W03,C03,2025-08-25,2025-08-26,2025-08-26,1,2
S000786,O000823,W01,C02,2025-06-06,2025-06-06,2025-06-06,1,2
S000787,O000824,W03,C04,2025-01-18,2025-01-20,2025-01-20,1,1
S000788,O000825,W01,C01,2025-12-11,2025-12-13,2025-12-13,1,1
S000789,O000826,W02,C02,2025-06-14,2025-06-16,2025-06-18,0,1
S000790,O000827,W01,C01,2025-05-05,2025-05-06,2025-05-07,0,2
S000791,O000829,W02,C02,2025-04-22,2025-04-24,2025-04-24,1,0
S000792,O000830,W03,C02,2025-07-02,2025-07-04,2025-07-04,1,0
S000793,O000831,W02,C01,2025-03-13,2025-03-15,2025-03-15,1,2
S000794,O000832,W02,C01,2025-02-04,2025-02-08,2025-02-08,1,1
S000795,O000833,W02,C03,2025-12-20,2025-12-23,2025-12-23,1,2
S000796,O000834,W01,C02,2025-03-31,2025-04-02,2025-04-02,1,1
S000797,O000835,W01,C03,2025-10-10,2025-10-12,2025-10-12,1,1
S000798,O000836,W02,C01,2025-08-05,2025-08-07,2025-08-07,1,2
S000799,O000837,W01,C01,2025-11-14,2025-11-14,2025-11-14,1,2
S000800,O000838,W03,C01,2025-04-28,2025-05-01,2025-05-01,1,1
S000801,O000839,W02,C01,2025-09-06,2025-09-06,2025-09-06,1,3
S000802,O000840,W01,C03,2025-03-19,2025-03-21,2025-03-21,1,1
S000803,O000841,W03,C01,2025-12-16,2025-12-18,2025-12-17,1,1
S000804,O000842,W03,C04,2025-10-02,2025-10-05,2025-10-05,1,1
S000805,O000843,W03,C04,2025-07-17,2025-07-19,2025-07-19,1,1
S000806,O000844,W03,C02,2025-07-20,2025-07-23,2025-07-22,1,1
S000807,O000846,W02,C02,2025-07-21,2025-07-24,2025-07-24,1,2
S000808,O000847,W01,C02,2025-04-13,2025-04-16,2025-04-15,1,1
S000809,O000848,W01,C02,2025-10-04,2025-10-06,2025-10-06,1,2
S000810,O000850,W02,C01,2025-11-29,2025-12-01,2025-11-30,1,1
S000811,O000851,W01,C03,2025-02-06,2025-02-10,2025-02-10,1,1
S000812,O000852,W03,C03,2025-01-29,2025-02-01,2025-01-31,1,1
S000813,O000853,W02,C03,2025-05-18,2025-05-20,2025-05-20,1,2
S000814,O000854,W01,C03,2025-08-18,2025-08-20,2025-08-20,1,0
S000815,O000855,W02,C03,2025-06-15,2025-06-19,2025-06-21,0,0
S000816,O000856,W01,C04,2025-02-14,2025-02-15,2025-02-17,0,1
S000817,O000857,W01,C03,2025-05-23,2025-05-23,2025-05-24,0,3
S000818,O000858,W03,C01,2025-11-21,2025-11-22,2025-11-22,1,2
S000819,O000859,W02,C01,2025-11-24,2025-11-26,2025-11-26,1,1
S000820,O000860,W02,C02,2025-01-12,2025-01-16,2025-01-16,1,1
S000821,O000861,W01,C01,2025-05-10,2025-05-12,2025-05-11,1,2
S000822,O000862,W02,C01,2025-12-17,2025-12-19,2025-12-18,1,1
S000823,O000863,W01,C02,2025-09-03,2025-09-06,2025-09-06,1,1
S000824,O000864,W01,C02,2025-06-16,2025-06-18,2025-06-17,1,1
S000825,O000865,W02,C04,2025-09-04,2025-09-05,2025-09-05,1,2
S000826,O000866,W01,C02,2025-12-13,2025-12-15,2025-12-15,1,1
S000827,O000867,W01,C02,2025-09-16,2025-09-19,2025-09-19,1,0
S000828,O000868,W01,C02,2025-03-21,2025-03-23,2025-03-23,1,2
S000829,O000869,W01,C03,2025-08-27,2025-08-30,2025-09-03,0,1
S000830,O000870,W01,C01,2025-11-04,2025-11-06,2025-11-06,1,1
S000831,O000871,W03,C02,2025-01-15,2025-01-18,2025-01-18,1,1
S000832,O000872,W01,C02,2025-12-03,2025-12-05,2025-12-09,0,1
S000833,O000873,W03,C03,2025-11-10,2025-11-12,2025-11-12,1,1
S000834,O000874,W01,C02,2025-09-10,2025-09-14,2025-09-14,1,1
S000835,O000875,W03,C01,2025-11-22,2025-11-25,2025-11-25,1,1
S000836,O000876,W01,C03,2025-08-16,2025-08-19,2025-08-22,0,1
S000837,O000877,W01,C01,2025-11-10,2025-11-13,2025-11-13,1,2
S000838,O000878,W02,C01,2025-10-14,2025-10-15,2025-10-15,1,2
S000839,O000879,W03,C03,2025-02-07,2025-02-11,2025-02-10,1,1
S000840,O000880,W03,C03,2025-03-14,2025-03-15,2025-03-19,0,2
S000841,O000881,W03,C01,2025-08-24,2025-08-24,2025-08-24,1,3
S000842,O000882,W02,C01,2025-05-27,2025-05-29,2025-06-02,0,1
S000843,O000883,W01,C02,2025-05-30,2025-06-02,2025-06-02,1,1
S000844,O000884,W01,C03,2025-09-15,2025-09-19,2025-09-19,1,0
S000845,O000885,W01,C03,2025-04-15,2025-04-16,2025-04-16,1,2
S000846,O000886,W01,C02,2025-07-22,2025-07-24,2025-07-24,1,2
S000847,O000887,W01,C01,2025-09-04,2025-09-08,2025-09-08,1,1
S000848,O000889,W01,C01,2025-01-07,2025-01-10,2025-01-09,1,1
S000849,O000890,W01,C01,2025-06-27,2025-06-30,2025-06-29,1,0
S000850,O000892,W01,C03,2025-10-26,2025-10-29,2025-10-29,1,1
S000851,O000893,W01,C02,2025-11-22,2025-11-25,2025-11-25,1,1
S000852,O000894,W01,C01,2025-03-26,2025-03-31,2025-03-31,1,0
S000853,O000895,W02,C04,2025-01-31,2025-02-02,2025-02-02,1,1
S000854,O000896,W03,C02,2025-09-05,2025-09-07,2025-09-07,1,1
S000855,O000897,W02,C02,2025-04-15,2025-04-14,2025-04-14,1,3
S000856,O000898,W03,C01,2025-01-03,2025-01-05,2025-01-05,1,1
S000857,O000899,W01,C02,2025-04-29,2025-05-01,2025-05-01,1,2
S000858,O000900,W02,C01,2025-04-08,2025-04-11,2025-04-11,1,0
S000859,O000901,W01,C02,2025-01-07,2025-01-10,2025-01-10,1,1
S000860,O000902,W01,C03,2025-03-05,2025-03-05,2025-03-05,1,2
S000861,O000903,W02,C02,2025-01-29,2025-01-30,2025-01-30,1,2
S000862,O000904,W01,C02,2025-08-20,2025-08-23,2025-08-23,1,0
S000863,O000905,W02,C03,2025-10-14,2025-10-18,2025-10-20,0,0
S000864,O000906,W02,C01,2025-08-15,2025-08-17,2025-08-16,1,2
S000865,O000907,W01,C04,2025-09-28,2025-09-30,2025-10-04,0,2
S000866,O000908,W03,C03,2025-09-10,2025-09-13,2025-09-16,0,0
S000867,O000909,W02,C03,2025-10-03,2025-10-03,2025-10-03,1,2
S000868,O000910,W02,C02,2025-11-19,2025-11-22,2025-11-21,1,2
S000869,O000911,W02,C03,2025-09-20,2025-09-21,2025-09-22,0,1
S000870,O000912,W02,C03,2025-01-03,2025-01-04,2025-01-04,1,2
S000871,O000913,W02,C02,2025-04-17,2025-04-19,2025-04-19,1,1
S000872,O000914,W01,C02,2025-01-05,2025-01-08,2025-01-09,0,0
S000873,O000915,W02,C03,2025-01-05,2025-01-08,2025-01-08,1,1
S000874,O000916,W01,C02,2025-09-16,2025-09-17,2025-09-17,1,2
S000875,O000917,W03,C03,2025-05-16,2025-05-18,2025-05-18,1,2
S000876,O000918,W01,C01,2025-08-15,2025-08-15,2025-08-15,1,2
S000877,O000919,W02,C03,2025-01-22,2025-01-22,2025-01-23,0,2
S000878,O000920,W01,C02,2025-08-20,2025-08-21,2025-08-21,1,2
S000879,O000922,W01,C03,2025-05-12,2025-05-13,2025-05-13,1,1
S000880,O000923,W01,C04,2025-04-30,2025-05-02,2025-05-02,1,0
S000881,O000924,W02,C03,2025-05-18,2025-05-20,2025-05-20,1,2
S000882,O000925,W01,C01,2025-04-12,2025-04-14,2025-04-14,1,1
S000883,O000927,W03,C04,2025-03-11,2025-03-12,2025-03-12,1,1
S000884,O000928,W02,C04,2025-09-15,2025-09-15,2025-09-18,0,2
S000885,O000929,W01,C02,2025-09-22,2025-09-26,2025-09-26,1,1
S000886,O000930,W03,C03,2025-01-31,2025-02-03,2025-02-03,1,1
S000887,O000931,W02,C02,2025-11-10,2025-11-14,2025-11-14,1,1
S000888,O000933,W03,C02,2025-08-13,2025-08-17,2025-08-16,1,1
S000889,O000934,W02,C04,2025-01-17,2025-01-17,2025-01-18,0,2
S000890,O000935,W02,C04,2025-11-08,2025-11-10,2025-11-14,0,2
S000891,O000936,W02,C01,2025-06-27,2025-07-01,2025-07-01,1,1
S000892,O000937,W01,C01,2025-12-07,2025-12-09,2025-12-09,1,1
S000893,O000938,W02,C02,2025-05-20,2025-05-23,2025-05-27,0,1
S000894,O000939,W02,C02,2025-01-09,2025-01-11,2025-01-15,0,2
S000895,O000940,W03,C03,2025-09-11,2025-09-15,2025-09-17,0,1
S000896,O000941,W02,C01,2025-04-20,2025-04-22,2025-04-22,1,1
S000897,O000942,W01,C02,2025-08-15,2025-08-17,2025-08-17,1,1
S000898,O000943,W02,C03,2025-12-05,2025-12-07,2025-12-06,1,2
S000899,O000944,W03,C04,2025-03-28,2025-03-30,2025-03-30,1,1
S000900,O000945,W02,C02,2025-06-02,2025-06-03,2025-06-06,0,2
S000901,O000948,W02,C03,2025-02-28,2025-03-03,2025-03-03,1,2
S000902,O000949,W03,C01,2025-12-23,2025-12-27,2025-12-27,1,0
S000903,O000951,W03,C01,2025-01-13,2025-01-16,2025-01-15,1,2
S000904,O000952,W02,C04,2025-05-06,2025-05-08,2025-05-08,1,1
S000905,O000953,W01,C02,2025-08-27,2025-08-28,2025-08-28,1,1
S000906,O000954,W01,C01,2025-05-11,2025-05-14,2025-05-13,1,1
S000907,O000955,W03,C01,2025-12-13,2025-12-17,2025-12-16,1,0
S000908,O000956,W03,C01,2025-11-10,2025-11-13,2025-11-13,1,2
S000909,O000957,W03,C01,2025-10-26,2025-10-30,2025-10-30,1,0
S000910,O000958,W02,C03,2025-09-02,2025-09-06,2025-09-06,1,1
S000911,O000959,W01,C03,2025-09-02,2025-09-05,2025-09-08,0,2
S000912,O000960,W01,C01,2025-10-18,2025-10-21,2025-10-21,1,2
S000913,O000961,W03,C01,2025-11-10,2025-11-12,2025-11-11,1,1
S000914,O000962,W01,C03,2025-05-31,2025-06-02,2025-06-02,1,1
S000915,O000963,W03,C01,2025-04-03,2025-04-04,2025-04-04,1,1
S000916,O000964,W01,C03,2025-07-09,2025-07-11,2025-07-14,0,1
S000917,O000965,W01,C03,2025-11-16,2025-11-20,2025-11-20,1,1
S000918,O000966,W02,C04,2025-09-05,2025-09-07,2025-09-06,1,1
S000919,O000967,W03,C02,2025-07-10,2025-07-12,2025-07-12,1,1
S000920,O000968,W01,C02,2025-05-20,2025-05-21,2025-05-21,1,2
S000921,O000969,W02,C02,2025-09-14,2025-09-15,2025-09-15,1,3
S000922,O000970,W03,C03,2025-04-18,2025-04-23,2025-04-24,0,0
S000923,O000971,W02,C02,2025-07-06,2025-07-08,2025-07-11,0,1
S000924,O000972,W03,C03,2025-01-11,2025-01-13,2025-01-13,1,1
S000925,O000973,W02,C04,2025-03-09,2025-03-11,2025-03-11,1,1
S000926,O000974,W02,C02,2025-09-28,2025-09-29,2025-09-29,1,2
S000927,O000975,W01,C02,2025-04-29,2025-04-30,2025-04-30,1,1
S000928,O000976,W02,C02,2025-11-19,2025-11-21,2025-11-21,1,1
S000929,O000977,W01,C01,2025-02-16,2025-02-18,2025-02-18,1,0
S000930,O000979,W02,C04,2025-06-18,2025-06-21,2025-06-25,0,2
S000931,O000980,W03,C03,2025-03-01,2025-03-04,2025-03-08,0,2
S000932,O000981,W03,C02,2025-11-02,2025-11-03,2025-11-03,1,2
S000933,O000982,W01,C03,2025-05-07,2025-05-11,2025-05-11,1,0
S000934,O000983,W03,C04,2025-03-08,2025-03-10,2025-03-11,0,0
S000935,O000984,W01,C03,2025-10-31,2025-11-03,2025-11-03,1,0
S000936,O000985,W01,C01,2025-06-04,2025-06-08,2025-06-08,1,1
S000937,O000986,W03,C02,2025-08-21,2025-08-24,2025-08-24,1,0
S000938,O000987,W01,C04,2025-08-09,2025-08-09,2025-08-09,1,2
S000939,O000988,W01,C01,2025-11-02,2025-11-03,2025-11-03,1,1
S000940,O000989,W01,C03,2025-07-23,2025-07-26,2025-07-26,1,0
S000941,O000990,W01,C01,2025-09-19,2025-09-21,2025-09-21,1,2
S000942,O000991,W03,C01,2025-05-18,2025-05-20,2025-05-20,1,1
S000943,O000992,W02,C01,2025-09-16,2025-09-18,2025-09-18,1,1
S000944,O000993,W01,C02,2025-01-07,2025-01-08,2025-01-08,1,2
S000945,O000994,W02,C01,2025-02-11,2025-02-14,2025-02-14,1,1
S000946,O000995,W03,C03,2025-07-28,2025-07-29,2025-08-02,0,2
S000947,O000997,W01,C01,2025-09-18,2025-09-21,2025-09-21,1,1
S000948,O000998,W02,C02,2025-04-21,2025-04-24,2025-04-24,1,0
S000949,O000999,W03,C01,2025-07-01,2025-07-04,2025-07-04,1,1
S000950,O001000,W01,C03,2025-01-19,2025-01-20,2025-01-20,1,2
S000951,O001001,W03,C01,2025-04-20,2025-04-21,2025-04-21,1,1
S000952,O001003,W02,C02,2025-04-13,2025-04-16,2025-04-15,1,2
S000953,O001004,W02,C02,2025-04-06,2025-04-11,2025-04-11,1,0
S000954,O001005,W01,C01,2025-06-12,2025-06-14,2025-06-13,1,2
S000955,O001006,W02,C03,2025-12-09,2025-12-10,2025-12-10,1,1
S000956,O001007,W01,C03,2025-11-19,2025-11-20,2025-11-20,1,2
S000957,O001008,W03,C03,2025-11-22,2025-11-24,2025-11-23,1,1
S000958,O001009,W02,C02,2025-05-08,2025-05-11,2025-05-11,1,1
S000959,O001010,W02,C01,2025-06-12,2025-06-14,2025-06-13,1,1
S000960,O001011,W03,C01,2025-01-14,2025-01-15,2025-01-15,1,2
S000961,O001012,W01,C02,2025-12-05,2025-12-06,2025-12-06,1,1
S000962,O001013,W02,C04,2025-03-20,2025-03-21,2025-03-21,1,2
S000963,O001014,W01,C02,2025-08-30,2025-08-31,2025-08-31,1,2
S000964,O001015,W03,C01,2025-10-13,2025-10-14,2025-10-14,1,1
S000965,O001016,W01,C01,2025-10-22,2025-10-25,2025-10-25,1,1
S000966,O001017,W01,C04,2025-08-22,2025-08-26,2025-08-26,1,1
S000967,O001018,W01,C03,2025-04-15,2025-04-17,2025-04-16,1,1
S000968,O001019,W02,C01,2025-02-22,2025-02-25,2025-02-24,1,2
S000969,O001020,W02,C03,2025-01-18,2025-01-19,2025-01-19,1,2
S000970,O001021,W03,C02,2025-06-23,2025-06-24,2025-06-24,1,2
S000971,O001022,W01,C01,2025-02-21,2025-02-23,2025-02-24,0,0
S000972,O001023,W01,C03,2025-11-20,2025-11-20,2025-11-20,1,2
S000973,O001024,W01,C02,2025-10-07,2025-10-12,2025-10-12,1,0
S000974,O001025,W01,C02,2025-08-20,2025-08-21,2025-08-21,1,2
S000975,O001026,W02,C03,2025-11-10,2025-11-13,2025-11-12,1,2
S000976,O001027,W03,C02,2025-04-19,2025-04-22,2025-04-22,1,1
S000977,O001028,W01,C04,2025-02-23,2025-02-25,2025-03-01,0,2
S000978,O001029,W03,C03,2025-11-06,2025-11-08,2025-11-09,0,2
S000979,O001030,W01,C02,2025-06-21,2025-06-23,2025-06-23,1,0
S000980,O001031,W01,C01,2025-08-10,2025-08-12,2025-08-11,1,1
S000981,O001032,W01,C03,2025-07-04,2025-07-06,2025-07-06,1,2
S000982,O001033,W02,C03,2025-03-11,2025-03-14,2025-03-13,1,0
S000983,O001034,W01,C03,2025-04-06,2025-04-08,2025-04-08,1,1
S000984,O001035,W02,C02,2025-05-14,2025-05-15,2025-05-15,1,2
S000985,O001036,W01,C03,2025-07-03,2025-07-05,2025-07-07,0,1
S000986,O001037,W01,C01,2025-11-04,2025-11-06,2025-11-05,1,1
S000987,O001038,W02,C01,2025-08-19,2025-08-22,2025-08-22,1,2
S000988,O001039,W02,C03,2025-07-08,2025-07-08,2025-07-08,1,2
S000989,O001040,W01,C03,2025-06-03,2025-06-07,2025-06-07,1,1
S000990,O001041,W03,C02,2025-04-20,2025-04-21,2025-04-25,0,1
S000991,O001042,W02,C03,2025-04-26,2025-04-28,2025-04-28,1,2
S000992,O001043,W03,C01,2025-04-25,2025-04-28,2025-04-28,1,1
S000993,O001044,W01,C04,2025-11-10,2025-11-10,2025-11-10,1,2
S000994,O001045,W01,C01,2025-01-23,2025-01-25,2025-01-28,0,1
S000995,O001046,W02,C03,2025-09-28,2025-10-01,2025-10-01,1,1
S000996,O001047,W02,C01,2025-01-27,2025-01-27,2025-01-27,1,2
S000997,O001048,W03,C01,2025-12-28,2026-01-01,2026-01-01,1,1
S000998,O001050,W01,C02,2025-08-14,2025-08-15,2025-08-15,1,1
S000999,O001051,W01,C04,2025-06-06,2025-06-10,2025-06-09,1,1
S001000,O001052,W03,C03,2025-10-03,2025-10-07,2025-10-07,1,0
S001001,O001053,W01,C04,2025-04-06,2025-04-09,2025-04-09,1,1
S001002,O001054,W02,C01,2025-02-10,2025-02-11,2025-02-11,1,4
S001003,O001055,W01,C02,2025-09-21,2025-09-23,2025-09-23,1,1
S001004,O001057,W02,C03,2025-01-08,2025-01-10,2025-01-10,1,1
S001005,O001058,W02,C02,2025-09-19,2025-09-20,2025-09-20,1,1
S001006,O001059,W02,C01,2025-01-04,2025-01-05,2025-01-05,1,1
S001007,O001060,W02,C02,2025-03-02,2025-03-04,2025-03-03,1,2
S001008,O001061,W03,C01,2025-04-03,2025-04-04,2025-04-04,1,3
S001009,O001062,W02,C01,2025-04-24,2025-04-26,2025-04-27,0,1
S001010,O001063,W02,C01,2025-06-16,2025-06-16,2025-06-16,1,2
S001011,O001064,W02,C02,2025-01-31,2025-02-02,2025-02-02,1,2
S001012,O001065,W03,C03,2025-07-01,2025-07-05,2025-07-05,1,0
S001013,O001066,W02,C02,2025-08-05,2025-08-07,2025-08-06,1,1
S001014,O001067,W02,C02,2025-10-15,2025-10-17,2025-10-17,1,1
S001015,O001068,W02,C02,2025-06-06,2025-06-10,2025-06-09,1,1
S001016,O001069,W01,C02,2025-11-30,2025-12-04,2025-12-04,1,0
S001017,O001070,W01,C01,2025-05-11,2025-05-15,2025-05-15,1,1
S001018,O001071,W01,C04,2025-01-03,2025-01-05,2025-01-07,0,2
S001019,O001072,W02,C02,2025-06-02,2025-06-05,2025-06-05,1,1
S001020,O001073,W02,C03,2025-01-03,2025-01-03,2025-01-06,0,2
S001021,O001074,W03,C01,2025-10-05,2025-10-06,2025-10-06,1,2
S001022,O001075,W01,C01,2025-02-27,2025-02-27,2025-02-27,1,2
S001023,O001076,W02,C03,2025-09-15,2025-09-16,2025-09-16,1,1
S001024,O001077,W01,C03,2025-03-09,2025-03-12,2025-03-11,1,1
S001025,O001078,W01,C03,2025-11-14,2025-11-16,2025-11-19,0,2
S001026,O001079,W03,C02,2025-12-25,2025-12-28,2025-12-28,1,1
S001027,O001080,W01,C01,2025-10-16,2025-10-20,2025-10-20,1,1
S001028,O001081,W03,C01,2025-12-31,2026-01-03,2026-01-02,1,1
S001029,O001082,W02,C01,2025-04-06,2025-04-09,2025-04-09,1,1
S001030,O001083,W02,C04,2025-12-31,2025-12-31,2026-01-04,0,3
S001031,O001084,W02,C01,2025-11-01,2025-11-04,2025-11-04,1,0
S001032,O001085,W01,C02,2025-11-01,2025-11-02,2025-11-02,1,2
S001033,O001086,W03,C03,2025-06-20,2025-06-22,2025-06-24,0,1
S001034,O001087,W01,C01,2025-05-18,2025-05-21,2025-05-21,1,0
S001035,O001088,W01,C03,2025-01-09,2025-01-09,2025-01-09,1,2
S001036,O001090,W01,C01,2025-05-01,2025-05-02,2025-05-02,1,2
S001037,O001091,W02,C02,2025-06-28,2025-06-29,2025-06-29,1,2
S001038,O001092,W02,C01,2025-03-06,2025-03-09,2025-03-09,1,2
S001039,O001093,W01,C01,2025-06-24,2025-06-27,2025-06-27,1,0
S001040,O001094,W01,C02,2025-01-09,2025-01-11,2025-01-10,1,1
S001041,O001096,W01,C02,2025-04-18,2025-04-19,2025-04-19,1,1
S001042,O001097,W02,C03,2025-11-20,2025-11-21,2025-11-22,0,1
S001043,O001098,W03,C01,2025-11-25,2025-11-27,2025-11-27,1,2
S001044,O001099,W02,C02,2025-12-18,2025-12-22,2025-12-22,1,1
S001045,O001100,W01,C02,2025-03-05,2025-03-07,2025-03-07,1,1
S001046,O001101,W02,C01,2025-03-14,2025-03-17,2025-03-16,1,2
S001047,O001102,W03,C03,2025-06-15,2025-06-19,2025-06-19,1,0
S001048,O001103,W01,C04,2025-02-05,2025-02-07,2025-02-07,1,0
S001049,O001104,W02,C03,2025-04-29,2025-05-01,2025-05-04,0,1
S001050,O001105,W01,C02,2025-10-20,2025-10-21,2025-10-21,1,1
S001051,O001106,W01,C04,2026-01-01,2026-01-04,2026-01-08,0,1
S001052,O001107,W01,C03,2025-12-23,2025-12-25,2025-12-26,0,2
S001053,O001108,W03,C04,2025-11-05,2025-11-06,2025-11-06,1,1
S001054,O001109,W01,C02,2025-03-07,2025-03-07,2025-03-07,1,2
S001055,O001110,W02,C01,2025-06-28,2025-07-02,2025-07-01,1,0
S001056,O001111,W01,C01,2025-11-03,2025-11-05,2025-11-04,1,1
S001057,O001112,W03,C02,2025-09-23,2025-09-24,2025-09-24,1,1
S001058,O001113,W01,C01,2025-05-04,2025-05-05,2025-05-05,1,2
S001059,O001115,W03,C03,2025-06-02,2025-06-04,2025-06-03,1,0
S001060,O001116,W02,C02,2025-07-30,2025-08-02,2025-08-02,1,1
S001061,O001117,W01,C04,2025-09-25,2025-09-27,2025-09-26,1,1
S001062,O001118,W03,C01,2025-11-27,2025-11-29,2025-11-28,1,2
S001063,O001119,W01,C01,2025-10-22,2025-10-23,2025-10-26,0,2
S001064,O001120,W01,C01,2025-09-14,2025-09-17,2025-09-16,1,1
S001065,O001121,W02,C01,2025-12-11,2025-12-12,2025-12-12,1,2
S001066,O001122,W01,C03,2025-10-14,2025-10-17,2025-10-17,1,2
S001067,O001123,W03,C03,2025-05-04,2025-05-05,2025-05-05,1,1
S001068,O001124,W02,C01,2025-11-20,2025-11-22,2025-11-22,1,2
S001069,O001125,W02,C01,2025-02-06,2025-02-09,2025-02-08,1,0
S001070,O001126,W02,C02,2025-11-01,2025-11-05,2025-11-04,1,1
S001071,O001127,W02,C01,2025-03-15,2025-03-19,2025-03-19,1,1
S001072,O001128,W01,C01,2025-02-23,2025-02-27,2025-02-27,1,1
S001073,O001129,W03,C02,2025-11-22,2025-11-26,2025-11-27,0,1
S001074,O001130,W01,C01,2025-01-22,2025-01-24,2025-01-24,1,1
S001075,O001131,W02,C01,2025-08-30,2025-09-01,2025-09-01,1,1
S001076,O001132,W01,C04,2025-10-10,2025-10-11,2025-10-11,1,2
S001077,O001133,W01,C03,2025-05-03,2025-05-08,2025-05-08,1,0
S001078,O001134,W02,C04,2025-08-16,2025-08-18,2025-08-18,1,1
S001079,O001135,W01,C03,2025-09-14,2025-09-18,2025-09-18,1,1
S001080,O001136,W03,C01,2025-05-07,2025-05-10,2025-05-10,1,0
S001081,O001137,W02,C01,2025-08-29,2025-08-31,2025-08-31,1,1
S001082,O001138,W03,C03,2025-11-21,2025-11-25,2025-11-25,1,0
S001083,O001139,W01,C03,2025-01-29,2025-01-31,2025-02-03,0,1
S001084,O001140,W02,C02,2025-09-28,2025-10-01,2025-09-30,1,1
S001085,O001141,W02,C02,2025-09-20,2025-09-22,2025-09-22,1,2
S001086,O001142,W01,C03,2025-10-03,2025-10-04,2025-10-04,1,1
S001087,O001143,W03,C04,2025-10-18,2025-10-18,2025-10-18,1,3
S001088,O001144,W02,C02,2025-12-09,2025-12-13,2025-12-12,1,1
S001089,O001145,W03,C02,2025-12-22,2025-12-23,2025-12-26,0,2
S001090,O001146,W02,C01,2025-01-14,2025-01-17,2025-01-21,0,1
S001091,O001147,W02,C02,2025-12-26,2025-12-27,2025-12-28,0,3
S001092,O001148,W02,C02,2025-02-05,2025-02-05,2025-02-05,1,2
S001093,O001149,W03,C02,2025-05-30,2025-06-01,2025-06-01,1,1
S001094,O001150,W03,C01,2025-11-17,2025-11-21,2025-11-20,1,1
S001095,O001151,W02,C01,2025-12-03,2025-12-07,2025-12-09,0,1
S001096,O001153,W01,C01,2025-04-05,2025-04-06,2025-04-06,1,2
S001097,O001154,W01,C01,2025-08-25,2025-08-27,2025-08-26,1,1
S001098,O001155,W02,C02,2025-06-05,2025-06-08,2025-06-08,1,1
S001099,O001156,W03,C03,2025-04-23,2025-04-25,2025-04-25,1,1
S001100,O001157,W01,C01,2025-10-01,2025-10-02,2025-10-02,1,1
S001101,O001158,W03,C03,2025-01-01,2025-01-04,2025-01-04,1,0
S001102,O001159,W01,C04,2025-07-19,2025-07-21,2025-07-22,0,0
S001103,O001160,W02,C01,2025-12-14,2025-12-15,2025-12-15,1,2
S001104,O001161,W01,C03,2025-12-21,2025-12-25,2025-12-25,1,1
S001105,O001162,W02,C03,2025-07-31,2025-08-02,2025-08-02,1,2
S001106,O001163,W02,C03,2025-09-28,2025-10-02,2025-10-02,1,1
S001107,O001164,W01,C02,2025-04-15,2025-04-17,2025-04-19,0,1
S001108,O001165,W02,C03,2025-08-15,2025-08-19,2025-08-19,1,1
S001109,O001166,W01,C03,2025-11-12,2025-11-13,2025-11-13,1,2
S001110,O001167,W01,C04,2025-02-12,2025-02-16,2025-02-20,0,0
S001111,O001168,W01,C02,2025-06-13,2025-06-15,2025-06-15,1,1
S001112,O001169,W02,C03,2025-03-31,2025-03-31,2025-03-31,1,2
S001113,O001170,W02,C01,2025-03-13,2025-03-15,2025-03-14,1,2
S001114,O001171,W01,C03,2025-08-11,2025-08-13,2025-08-15,0,1
S001115,O001172,W02,C01,2025-06-28,2025-06-29,2025-06-29,1,1
S001116,O001173,W01,C02,2025-11-01,2025-11-05,2025-11-05,1,0
S001117,O001174,W02,C04,2025-12-23,2025-12-26,2025-12-26,1,1
S001118,O001175,W01,C03,2025-08-06,2025-08-09,2025-08-13,0,1
S001119,O001176,W02,C01,2025-07-13,2025-07-17,2025-07-17,1,1
S001120,O001177,W01,C01,2025-10-09,2025-10-11,2025-10-10,1,1
S001121,O001178,W02,C03,2025-01-10,2025-01-12,2025-01-12,1,1
S001122,O001179,W01,C03,2025-11-29,2025-11-30,2025-11-30,1,2
S001123,O001180,W01,C02,2025-01-02,2025-01-07,2025-01-06,1,0
S001124,O001181,W01,C02,2025-01-25,2025-01-26,2025-01-26,1,2
S001125,O001182,W02,C01,2025-06-01,2025-06-01,2025-06-04,0,2
S001126,O001183,W03,C01,2025-12-10,2025-12-12,2025-12-12,1,1
S001127,O001184,W02,C01,2025-08-23,2025-08-23,2025-08-23,1,2
S001128,O001185,W03,C02,2025-03-01,2025-03-04,2025-03-05,0,1
S001129,O001186,W03,C01,2025-10-08,2025-10-10,2025-10-09,1,2
S001130,O001187,W03,C01,2025-09-03,2025-09-08,2025-09-08,1,0
S001131,O001188,W02,C01,2025-02-16,2025-02-18,2025-02-18,1,2
S001132,O001189,W03,C04,2025-08-03,2025-08-05,2025-08-08,0,0
S001133,O001190,W03,C04,2025-04-02,2025-04-04,2025-04-03,1,2
S001134,O001191,W01,C03,2025-08-14,2025-08-13,2025-08-13,1,3
S001135,O001192,W03,C01,2025-08-06,2025-08-08,2025-08-08,1,1
S001136,O001193,W02,C01,2025-07-24,2025-07-27,2025-07-27,1,2
S001137,O001194,W03,C02,2025-02-13,2025-02-14,2025-02-14,1,1
S001138,O001195,W02,C02,2025-11-09,2025-11-10,2025-11-10,1,2
S001139,O001196,W01,C03,2025-12-26,2025-12-29,2025-12-29,1,1
S001140,O001197,W01,C04,2025-09-22,2025-09-23,2025-09-23,1,1
S001141,O001198,W03,C01,2025-09-13,2025-09-14,2025-09-14,1,2
S001142,O001199,W01,C03,2025-08-15,2025-08-17,2025-08-17,1,1
S001143,O001201,W02,C02,2025-10-17,2025-10-19,2025-10-19,1,1
S001144,O001202,W03,C01,2025-09-11,2025-09-16,2025-09-16,1,0
S001145,O001203,W02,C01,2025-03-30,2025-04-02,2025-04-02,1,1
S001146,O001204,W03,C01,2025-06-27,2025-06-28,2025-06-28,1,2
S001147,O001205,W02,C03,2025-07-13,2025-07-16,2025-07-16,1,2
S001148,O001206,W01,C04,2026-01-02,2026-01-01,2026-01-01,1,3
S001149,O001207,W01,C03,2025-01-12,2025-01-14,2025-01-14,1,1
S001150,O001208,W02,C02,2025-07-09,2025-07-10,2025-07-10,1,2
S001151,O001209,W03,C04,2025-11-25,2025-11-29,2025-11-28,1,1
S001152,O001210,W03,C02,2025-07-25,2025-07-28,2025-07-28,1,1
S001153,O001211,W01,C02,2025-10-26,2025-10-27,2025-10-31,0,2
S001154,O001212,W01,C03,2025-07-08,2025-07-10,2025-07-09,1,0
S001155,O001213,W01,C01,2025-03-10,2025-03-12,2025-03-11,1,1
S001156,O001214,W02,C03,2025-02-02,2025-02-06,2025-02-06,1,1
S001157,O001215,W01,C01,2025-09-06,2025-09-10,2025-09-10,1,1
S001158,O001216,W02,C03,2025-07-24,2025-07-25,2025-07-25,1,2
S001159,O001217,W01,C03,2025-05-25,2025-05-28,2025-05-27,1,2
S001160,O001218,W01,C03,2025-03-31,2025-04-02,2025-04-01,1,1
S001161,O001219,W03,C01,2025-11-02,2025-11-02,2025-11-02,1,2
S001162,O001220,W01,C03,2025-09-19,2025-09-20,2025-09-20,1,2
S001163,O001221,W02,C01,2025-03-06,2025-03-08,2025-03-08,1,0
S001164,O001222,W01,C02,2025-08-30,2025-09-01,2025-08-31,1,2
S001165,O001223,W02,C03,2025-10-13,2025-10-14,2025-10-14,1,2
S001166,O001224,W03,C04,2025-01-18,2025-01-19,2025-01-23,0,2
S001167,O001225,W02,C02,2025-04-27,2025-04-29,2025-04-29,1,2
S001168,O001226,W02,C02,2025-04-19,2025-04-20,2025-04-20,1,1
S001169,O001227,W01,C01,2025-09-11,2025-09-13,2025-09-13,1,0
S001170,O001228,W01,C03,2025-08-17,2025-08-19,2025-08-19,1,1
S001171,O001229,W02,C02,2025-05-27,2025-05-27,2025-05-27,1,2
S001172,O001230,W02,C01,2025-03-28,2025-03-30,2025-03-30,1,1
S001173,O001231,W01,C02,2025-10-18,2025-10-21,2025-10-21,1,0
S001174,O001232,W02,C01,2025-12-05,2025-12-05,2025-12-05,1,2
S001175,O001233,W03,C03,2025-03-27,2025-03-30,2025-03-30,1,1
S001176,O001234,W02,C03,2025-07-19,2025-07-21,2025-07-21,1,1
S001177,O001235,W02,C03,2025-03-25,2025-03-28,2025-03-28,1,1
S001178,O001236,W03,C01,2025-08-29,2025-09-02,2025-09-05,0,0
S001179,O001237,W03,C04,2025-01-16,2025-01-19,2025-01-19,1,0
S001180,O001238,W02,C04,2025-11-07,2025-11-09,2025-11-09,1,1
S001181,O001239,W01,C01,2025-04-01,2025-04-03,2025-04-02,1,1
S001182,O001240,W01,C03,2025-03-24,2025-03-25,2025-03-25,1,1
S001183,O001241,W02,C03,2025-05-07,2025-05-10,2025-05-09,1,1
S001184,O001242,W02,C01,2025-05-25,2025-05-28,2025-05-28,1,1
S001185,O001243,W03,C02,2025-10-11,2025-10-12,2025-10-12,1,2
S001186,O001244,W01,C02,2025-11-24,2025-11-26,2025-11-28,0,1
S001187,O001245,W01,C03,2025-03-27,2025-03-31,2025-03-30,1,1
S001188,O001246,W02,C02,2025-02-27,2025-02-28,2025-03-03,0,2
S001189,O001248,W03,C02,2025-09-24,2025-09-25,2025-09-25,1,2
S001190,O001249,W03,C03,2025-02-08,2025-02-11,2025-02-11,1,2
S001191,O001250,W01,C01,2025-09-07,2025-09-12,2025-09-12,1,0
S001192,O001251,W01,C01,2025-07-23,2025-07-26,2025-07-25,1,2
S001193,O001252,W03,C02,2025-12-25,2025-12-27,2025-12-27,1,1
S001194,O001253,W01,C02,2025-12-21,2025-12-22,2025-12-22,1,3
S001195,O001254,W01,C01,2025-07-26,2025-07-29,2025-07-29,1,1
S001196,O001255,W01,C03,2025-12-11,2025-12-12,2025-12-16,0,1
S001197,O001256,W02,C01,2025-06-23,2025-06-25,2025-06-24,1,2
S001198,O001257,W01,C03,2025-04-15,2025-04-17,2025-04-16,1,1
S001199,O001258,W01,C01,2025-12-21,2025-12-25,2025-12-25,1,1
S001200,O001259,W03,C01,2025-12-15,2025-12-18,2025-12-17,1,1
S001201,O001260,W03,C03,2026-01-03,2026-01-03,2026-01-03,1,3
S001202,O001262,W01,C02,2025-11-09,2025-11-11,2025-11-10,1,2
S001203,O001263,W02,C03,2025-09-26,2025-09-27,2025-09-27,1,2
S001204,O001264,W01,C02,2025-03-07,2025-03-08,2025-03-10,0,2
S001205,O001265,W03,C01,2025-09-26,2025-09-27,2025-09-27,1,2
S001206,O001266,W02,C01,2025-07-14,2025-07-15,2025-07-15,1,2
S001207,O001267,W01,C03,2025-04-11,2025-04-13,2025-04-12,1,2
S001208,O001268,W03,C01,2025-06-20,2025-06-22,2025-06-22,1,1
S001209,O001269,W01,C03,2025-08-07,2025-08-09,2025-08-10,0,1
S001210,O001270,W03,C01,2025-05-08,2025-05-12,2025-05-12,1,0
S001211,O001271,W03,C03,2025-08-08,2025-08-09,2025-08-09,1,2
S001212,O001272,W01,C02,2025-11-03,2025-11-05,2025-11-05,1,1
S001213,O001273,W01,C04,2025-10-24,2025-10-25,2025-10-25,1,2
S001214,O001274,W02,C02,2025-08-28,2025-08-30,2025-08-30,1,0
S001215,O001275,W02,C02,2025-04-03,2025-04-06,2025-04-06,1,1
S001216,O001276,W01,C03,2025-09-02,2025-09-05,2025-09-05,1,2
S001217,O001277,W03,C03,2025-05-19,2025-05-23,2025-05-23,1,1
S001218,O001278,W02,C03,2025-04-07,2025-04-08,2025-04-08,1,1
S001219,O001279,W01,C01,2025-05-20,2025-05-22,2025-05-24,0,2
S001220,O001280,W03,C01,2025-04-21,2025-04-23,2025-04-23,1,1
S001221,O001282,W02,C02,2025-08-26,2025-08-28,2025-08-28,1,1
S001222,O001283,W02,C03,2025-09-23,2025-09-25,2025-09-25,1,0
S001223,O001284,W03,C01,2025-08-03,2025-08-05,2025-08-06,0,2
S001224,O001285,W03,C02,2025-10-26,2025-10-28,2025-10-31,0,0
S001225,O001286,W01,C01,2025-03-28,2025-04-01,2025-03-31,1,0
S001226,O001287,W02,C03,2025-02-21,2025-02-24,2025-02-24,1,1
S001227,O001288,W01,C02,2025-11-26,2025-11-28,2025-11-28,1,1
S001228,O001289,W01,C02,2025-06-11,2025-06-13,2025-06-13,1,1
S001229,O001290,W01,C03,2025-06-14,2025-06-16,2025-06-16,1,1
S001230,O001291,W01,C04,2025-05-12,2025-05-14,2025-05-14,1,1
S001231,O001292,W01,C01,2025-02-10,2025-02-11,2025-02-11,1,1
S001232,O001293,W02,C02,2025-05-04,2025-05-06,2025-05-06,1,2
S001233,O001294,W01,C03,2025-11-23,2025-11-28,2025-11-30,0,0
S001234,O001295,W02,C01,2025-10-27,2025-10-29,2025-10-29,1,2
S001235,O001296,W03,C01,2025-06-20,2025-06-22,2025-06-22,1,2
S001236,O001297,W03,C03,2025-10-09,2025-10-11,2025-10-11,1,2
S001237,O001298,W01,C01,2025-10-12,2025-10-15,2025-10-15,1,1
S001238,O001299,W01,C03,2025-02-06,2025-02-07,2025-02-07,1,2
S001239,O001300,W02,C01,2025-03-23,2025-03-27,2025-03-26,1,1
S001240,O001301,W01,C02,2025-01-16,2025-01-18,2025-01-18,1,0
S001241,O001302,W01,C04,2025-06-02,2025-06-06,2025-06-05,1,1
S001242,O001303,W01,C04,2025-06-20,2025-06-24,2025-06-24,1,1
S001243,O001304,W01,C02,2025-08-15,2025-08-18,2025-08-18,1,1
S001244,O001305,W03,C03,2025-05-20,2025-05-21,2025-05-21,1,2
S001245,O001306,W02,C02,2025-05-25,2025-05-28,2025-05-27,1,2
S001246,O001308,W01,C03,2025-07-27,2025-07-30,2025-07-29,1,1
S001247,O001309,W01,C03,2025-03-23,2025-03-26,2025-03-26,1,1
S001248,O001310,W01,C02,2025-08-10,2025-08-12,2025-08-12,1,1
S001249,O001311,W01,C04,2025-09-22,2025-09-26,2025-09-26,1,1
S001250,O001312,W01,C03,2025-08-28,2025-08-31,2025-08-31,1,0
S001251,O001313,W02,C02,2025-02-19,2025-02-20,2025-02-20,1,2
S001252,O001314,W03,C01,2025-02-23,2025-02-27,2025-02-28,0,1
S001253,O001315,W03,C03,2025-11-13,2025-11-16,2025-11-16,1,1
S001254,O001316,W02,C04,2025-08-03,2025-08-07,2025-08-09,0,0
S001255,O001317,W02,C01,2025-02-17,2025-02-18,2025-02-18,1,2
S001256,O001318,W01,C01,2025-05-26,2025-05-27,2025-05-27,1,2
S001257,O001319,W02,C02,2025-09-18,2025-09-20,2025-09-20,1,2
S001258,O001320,W03,C02,2025-01-09,2025-01-11,2025-01-11,1,1
S001259,O001321,W02,C01,2025-04-13,2025-04-14,2025-04-14,1,2
S001260,O001322,W01,C01,2025-10-30,2025-10-30,2025-10-30,1,2
S001261,O001323,W01,C01,2025-09-27,2025-09-26,2025-09-26,1,3
S001262,O001324,W03,C03,2025-07-24,2025-07-27,2025-07-27,1,1
S001263,O001325,W02,C01,2025-11-09,2025-11-09,2025-11-09,1,2
S001264,O001326,W03,C02,2025-08-14,2025-08-16,2025-08-16,1,1
S001265,O001327,W01,C03,2025-01-04,2025-01-04,2025-01-04,1,2
S001266,O001328,W03,C02,2025-01-31,2025-02-03,2025-02-02,1,0
S001267,O001329,W02,C01,2025-05-05,2025-05-04,2025-05-04,1,3
S001268,O001330,W01,C02,2025-11-07,2025-11-07,2025-11-07,1,2
S001269,O001331,W02,C02,2025-02-01,2025-02-05,2025-02-04,1,0
S001270,O001332,W01,C02,2025-06-12,2025-06-14,2025-06-14,1,2
S001271,O001333,W01,C01,2025-10-23,2025-10-25,2025-10-25,1,1
S001272,O001334,W02,C01,2025-10-18,2025-10-19,2025-10-19,1,2
S001273,O001335,W01,C02,2025-04-14,2025-04-15,2025-04-15,1,1
S001274,O001336,W02,C01,2025-03-14,2025-03-17,2025-03-17,1,1
S001275,O001337,W01,C02,2025-06-29,2025-07-01,2025-07-04,0,1
S001276,O001338,W01,C02,2025-10-08,2025-10-09,2025-10-09,1,1
S001277,O001339,W01,C01,2025-11-21,2025-11-22,2025-11-22,1,1
S001278,O001340,W01,C01,2025-07-22,2025-07-23,2025-07-23,1,1
S001279,O001341,W02,C03,2025-02-13,2025-02-14,2025-02-14,1,1
S001280,O001342,W01,C04,2025-06-23,2025-06-23,2025-06-23,1,2
S001281,O001343,W02,C04,2025-07-05,2025-07-09,2025-07-12,0,0
S001282,O001344,W02,C01,2025-07-10,2025-07-12,2025-07-11,1,1
S001283,O001345,W02,C04,2025-02-04,2025-02-05,2025-02-05,1,2
S001284,O001346,W02,C01,2025-03-10,2025-03-10,2025-03-10,1,2
S001285,O001347,W03,C01,2025-10-07,2025-10-09,2025-10-09,1,1
S001286,O001348,W01,C04,2025-04-11,2025-04-13,2025-04-13,1,1
S001287,O001349,W01,C04,2025-06-30,2025-07-03,2025-07-07,0,0
S001288,O001351,W01,C01,2025-04-14,2025-04-17,2025-04-16,1,1
S001289,O001352,W01,C04,2025-08-25,2025-08-27,2025-08-27,1,1
S001290,O001353,W01,C01,2025-10-06,2025-10-08,2025-10-08,1,1
S001291,O001354,W02,C02,2025-04-29,2025-05-01,2025-05-01,1,1
S001292,O001355,W02,C04,2025-04-12,2025-04-14,2025-04-18,0,3
S001293,O001356,W02,C01,2025-09-14,2025-09-16,2025-09-16,1,2
S001294,O001357,W03,C04,2025-12-10,2025-12-12,2025-12-12,1,0
S001295,O001358,W03,C03,2025-03-11,2025-03-12,2025-03-12,1,1
S001296,O001359,W02,C02,2025-06-06,2025-06-07,2025-06-07,1,1
S001297,O001360,W02,C02,2025-09-26,2025-09-30,2025-09-30,1,0
S001298,O001361,W02,C04,2025-07-27,2025-07-30,2025-07-29,1,2
S001299,O001363,W02,C02,2025-09-15,2025-09-16,2025-09-16,1,2
S001300,O001364,W02,C04,2025-08-13,2025-08-15,2025-08-15,1,1
S001301,O001365,W03,C01,2025-03-03,2025-03-05,2025-03-05,1,1
S001302,O001366,W01,C04,2025-10-15,2025-10-15,2025-10-15,1,2
S001303,O001367,W01,C01,2025-07-06,2025-07-10,2025-07-10,1,1
S001304,O001368,W02,C01,2025-07-02,2025-07-03,2025-07-05,0,3
S001305,O001369,W02,C03,2025-11-09,2025-11-10,2025-11-10,1,2
S001306,O001370,W02,C02,2025-12-06,2025-12-09,2025-12-09,1,1
S001307,O001371,W02,C02,2025-01-10,2025-01-14,2025-01-13,1,1
S001308,O001372,W02,C04,2025-04-13,2025-04-13,2025-04-15,0,2
S001309,O001373,W03,C01,2025-11-27,2025-11-28,2025-11-28,1,2
S001310,O001374,W02,C02,2025-02-09,2025-02-10,2025-02-10,1,1
S001311,O001375,W01,C02,2025-05-18,2025-05-21,2025-05-24,0,1
S001312,O001376,W01,C02,2025-05-10,2025-05-13,2025-05-13,1,1
S001313,O001377,W02,C01,2025-08-08,2025-08-08,2025-08-08,1,3
S001314,O001378,W03,C01,2025-08-08,2025-08-11,2025-08-11,1,1
S001315,O001379,W02,C01,2025-11-28,2025-12-03,2025-12-03,1,0
S001316,O001380,W01,C03,2025-07-27,2025-07-31,2025-07-31,1,1
S001317,O001381,W01,C03,2025-11-20,2025-11-23,2025-11-23,1,2
S001318,O001382,W03,C03,2025-08-25,2025-08-28,2025-08-29,0,1
S001319,O001383,W01,C01,2025-12-10,2025-12-11,2025-12-11,1,1
S001320,O001384,W01,C03,2025-10-20,2025-10-22,2025-10-24,0,1
S001321,O001385,W02,C02,2025-01-21,2025-01-23,2025-01-23,1,1
S001322,O001386,W03,C02,2025-07-10,2025-07-13,2025-07-13,1,2
S001323,O001387,W01,C03,2025-03-11,2025-03-13,2025-03-13,1,1
S001324,O001388,W03,C04,2025-08-21,2025-08-23,2025-08-23,1,1
S001325,O001389,W03,C02,2025-02-18,2025-02-20,2025-02-23,0,2
S001326,O001390,W01,C02,2025-01-31,2025-02-01,2025-02-01,1,1
S001327,O001391,W01,C02,2025-11-30,2025-12-04,2025-12-04,1,1
S001328,O001392,W02,C01,2025-05-07,2025-05-10,2025-05-10,1,1
S001329,O001393,W01,C04,2025-09-17,2025-09-18,2025-09-18,1,2
S001330,O001394,W01,C02,2025-02-20,2025-02-23,2025-02-23,1,2
S001331,O001395,W02,C01,2025-06-07,2025-06-09,2025-06-09,1,2
S001332,O001396,W02,C02,2025-07-05,2025-07-08,2025-07-08,1,1
S001333,O001397,W01,C01,2025-09-17,2025-09-19,2025-09-19,1,0
S001334,O001398,W02,C04,2025-08-22,2025-08-22,2025-08-22,1,2
S001335,O001399,W01,C04,2025-08-29,2025-09-02,2025-09-02,1,0
S001336,O001400,W03,C01,2025-06-24,2025-06-25,2025-06-27,0,2
S001337,O001401,W01,C01,2025-03-18,2025-03-21,2025-03-20,1,1
S001338,O001402,W02,C04,2025-08-27,2025-08-27,2025-08-27,1,2
S001339,O001403,W01,C03,2025-10-29,2025-10-30,2025-10-30,1,1
S001340,O001404,W02,C01,2025-05-19,2025-05-23,2025-05-23,1,1
S001341,O001405,W01,C01,2025-11-11,2025-11-13,2025-11-15,0,2
S001342,O001406,W01,C01,2025-09-01,2025-09-03,2025-09-03,1,1
S001343,O001407,W02,C04,2025-10-21,2025-10-22,2025-10-26,0,2
S001344,O001408,W01,C01,2025-06-13,2025-06-16,2025-06-20,0,0
S001345,O001409,W03,C01,2025-07-11,2025-07-13,2025-07-14,0,2
S001346,O001410,W01,C03,2025-03-02,2025-03-05,2025-03-05,1,0
S001347,O001411,W02,C02,2025-05-02,2025-05-03,2025-05-03,1,2
S001348,O001412,W02,C01,2025-01-20,2025-01-24,2025-01-23,1,1
S001349,O001413,W01,C01,2025-03-04,2025-03-07,2025-03-07,1,0
S001350,O001414,W03,C03,2025-11-21,2025-11-23,2025-11-22,1,0
S001351,O001415,W02,C01,2025-03-10,2025-03-12,2025-03-12,1,2
S001352,O001416,W01,C01,2025-07-04,2025-07-08,2025-07-08,1,1
S001353,O001417,W03,C01,2025-09-21,2025-09-23,2025-09-23,1,2
S001354,O001418,W03,C03,2025-10-15,2025-10-17,2025-10-17,1,1
S001355,O001419,W01,C03,2025-11-22,2025-11-25,2025-11-25,1,2
S001356,O001420,W03,C03,2025-03-30,2025-04-01,2025-04-01,1,1
S001357,O001421,W01,C02,2025-11-22,2025-11-26,2025-11-28,0,1
S001358,O001422,W02,C04,2025-07-04,2025-07-06,2025-07-06,1,0
S001359,O001423,W01,C01,2025-02-27,2025-03-01,2025-03-01,1,2
S001360,O001424,W03,C01,2026-01-01,2026-01-02,2026-01-04,0,3
S001361,O001425,W01,C02,2025-06-09,2025-06-10,2025-06-10,1,1
S001362,O001426,W02,C02,2025-03-18,2025-03-22,2025-03-22,1,0
S001363,O001427,W02,C01,2025-09-11,2025-09-15,2025-09-14,1,1
S001364,O001428,W01,C02,2025-05-23,2025-05-24,2025-05-28,0,1
S001365,O001429,W02,C01,2025-12-07,2025-12-09,2025-12-09,1,2
S001366,O001430,W02,C03,2025-09-07,2025-09-09,2025-09-09,1,1
S001367,O001431,W02,C01,2025-06-19,2025-06-19,2025-06-23,0,2
S001368,O001432,W02,C03,2025-08-14,2025-08-16,2025-08-16,1,1
S001369,O001434,W01,C01,2025-08-25,2025-08-28,2025-08-28,1,0
S001370,O001435,W02,C03,2025-12-29,2026-01-01,2026-01-01,1,1
S001371,O001436,W02,C01,2025-12-29,2026-01-01,2026-01-01,1,2
S001372,O001437,W03,C03,2025-10-20,2025-10-20,2025-10-21,0,2
S001373,O001438,W02,C03,2025-01-20,2025-01-21,2025-01-21,1,2
S001374,O001439,W03,C02,2025-12-05,2025-12-06,2025-12-07,0,1
S001375,O001440,W01,C01,2025-01-29,2025-01-30,2025-01-30,1,2
S001376,O001441,W01,C01,2025-10-26,2025-10-29,2025-10-28,1,0
S001377,O001442,W03,C03,2025-08-18,2025-08-19,2025-08-19,1,1
S001378,O001443,W01,C01,2025-01-16,2025-01-18,2025-01-21,0,2
S001379,O001444,W02,C04,2025-08-03,2025-08-05,2025-08-05,1,1
S001380,O001445,W02,C02,2025-04-16,2025-04-19,2025-04-19,1,1
S001381,O001446,W01,C03,2025-05-24,2025-05-28,2025-05-28,1,0
S001382,O001447,W01,C03,2025-02-15,2025-02-19,2025-02-22,0,0
S001383,O001448,W01,C03,2025-03-15,2025-03-16,2025-03-16,1,1
S001384,O001449,W03,C01,2025-10-15,2025-10-19,2025-10-22,0,1
S001385,O001450,W01,C02,2025-08-27,2025-08-30,2025-08-30,1,1
S001386,O001451,W01,C03,2025-02-16,2025-02-18,2025-02-18,1,1
S001387,O001452,W03,C04,2025-08-26,2025-08-29,2025-08-29,1,1
S001388,O001453,W01,C04,2025-11-22,2025-11-23,2025-11-23,1,1
S001389,O001454,W01,C03,2025-06-28,2025-06-30,2025-06-30,1,1
S001390,O001455,W03,C03,2025-05-01,2025-05-02,2025-05-02,1,1
S001391,O001456,W03,C04,2025-12-26,2025-12-28,2025-12-28,1,1
S001392,O001457,W01,C01,2025-10-20,2025-10-21,2025-10-21,1,1
S001393,O001458,W01,C03,2025-01-06,2025-01-08,2025-01-07,1,2
S001394,O001459,W03,C02,2025-12-06,2025-12-08,2025-12-11,0,2
S001395,O001460,W02,C01,2025-01-28,2025-02-01,2025-01-31,1,1
S001396,O001461,W01,C04,2025-09-28,2025-09-29,2025-09-30,0,1
S001397,O001462,W02,C01,2025-03-09,2025-03-10,2025-03-11,0,2
S001398,O001463,W03,C04,2025-11-20,2025-11-23,2025-11-23,1,2
S001399,O001464,W01,C02,2025-02-21,2025-02-25,2025-02-24,1,0
S001400,O001465,W01,C04,2025-11-09,2025-11-12,2025-11-16,0,0
S001401,O001466,W01,C03,2025-06-17,2025-06-20,2025-06-19,1,1
S001402,O001468,W02,C03,2025-08-28,2025-08-30,2025-08-30,1,1
S001403,O001469,W03,C01,2025-02-18,2025-02-20,2025-02-20,1,2
S001404,O001470,W02,C01,2025-04-26,2025-04-29,2025-04-29,1,1
S001405,O001471,W01,C04,2025-12-19,2025-12-21,2025-12-24,0,2
S001406,O001472,W02,C01,2025-11-28,2025-12-02,2025-12-01,1,0
S001407,O001473,W02,C01,2025-06-15,2025-06-18,2025-06-18,1,1
S001408,O001475,W02,C03,2025-05-21,2025-05-22,2025-05-22,1,1
S001409,O001476,W02,C02,2025-12-10,2025-12-13,2025-12-15,0,0
S001410,O001477,W02,C01,2025-06-24,2025-06-25,2025-06-25,1,1
S001411,O001478,W03,C02,2025-07-27,2025-07-30,2025-08-02,0,1
S001412,O001479,W02,C03,2025-03-25,2025-03-27,2025-03-26,1,1
S001413,O001480,W01,C02,2025-12-30,2026-01-04,2026-01-04,1,0
S001414,O001481,W03,C01,2025-03-21,2025-03-25,2025-03-25,1,1
S001415,O001482,W02,C01,2025-02-17,2025-02-19,2025-02-18,1,1
S001416,O001483,W02,C01,2025-12-15,2025-12-18,2025-12-18,1,1
S001417,O001484,W01,C02,2025-12-23,2025-12-25,2025-12-26,0,2
S001418,O001485,W01,C02,2025-07-01,2025-07-05,2025-07-05,1,0
S001419,O001486,W03,C03,2025-12-23,2025-12-23,2025-12-23,1,2
S001420,O001487,W03,C03,2025-07-16,2025-07-18,2025-07-22,0,1
S001421,O001488,W02,C04,2025-12-12,2025-12-14,2025-12-13,1,0
S001422,O001489,W02,C01,2025-05-12,2025-05-12,2025-05-12,1,3
S001423,O001490,W03,C03,2025-09-15,2025-09-16,2025-09-16,1,1
S001424,O001491,W03,C02,2025-05-14,2025-05-15,2025-05-15,1,2
S001425,O001492,W02,C02,2026-01-02,2026-01-02,2026-01-06,0,3
S001426,O001493,W03,C01,2025-05-11,2025-05-15,2025-05-14,1,0
S001427,O001494,W01,C04,2025-10-09,2025-10-11,2025-10-11,1,2
S001428,O001495,W02,C03,2025-12-09,2025-12-11,2025-12-11,1,1
S001429,O001496,W01,C04,2025-09-20,2025-09-22,2025-09-22,1,1
S001430,O001497,W01,C02,2025-06-25,2025-06-29,2025-06-29,1,0
S001431,O001498,W03,C03,2025-04-06,2025-04-08,2025-04-12,0,1
S001432,O001499,W02,C01,2025-02-19,2025-02-22,2025-02-21,1,0
S001433,O001500,W02,C01,2025-10-14,2025-10-16,2025-10-16,1,1
S001434,O001501,W02,C03,2025-11-01,2025-11-01,2025-11-01,1,3
S001435,O001502,W02,C02,2025-05-10,2025-05-11,2025-05-11,1,2
S001436,O001503,W01,C01,2025-05-21,2025-05-25,2025-05-25,1,1
S001437,O001504,W02,C03,2025-04-03,2025-04-05,2025-04-04,1,1
S001438,O001505,W02,C03,2025-11-27,2025-11-29,2025-11-28,1,2
S001439,O001506,W01,C01,2025-06-23,2025-06-27,2025-06-27,1,1
S001440,O001507,W01,C03,2025-04-26,2025-04-30,2025-05-01,0,0
S001441,O001508,W02,C01,2025-07-27,2025-07-28,2025-07-28,1,2
S001442,O001509,W01,C03,2025-05-23,2025-05-27,2025-05-31,0,1
S001443,O001510,W01,C02,2025-02-08,2025-02-11,2025-02-11,1,1
S001444,O001511,W02,C03,2025-01-16,2025-01-20,2025-01-20,1,0
S001445,O001513,W03,C03,2025-08-16,2025-08-16,2025-08-16,1,2
S001446,O001514,W02,C03,2025-11-13,2025-11-15,2025-11-19,0,1
S001447,O001515,W01,C01,2025-05-15,2025-05-16,2025-05-16,1,2
S001448,O001516,W03,C02,2025-07-16,2025-07-18,2025-07-17,1,1
S001449,O001518,W01,C01,2025-12-11,2025-12-14,2025-12-14,1,1
S001450,O001519,W02,C02,2025-09-04,2025-09-07,2025-09-07,1,2
S001451,O001520,W01,C01,2025-09-04,2025-09-05,2025-09-05,1,2
S001452,O001521,W03,C01,2025-03-22,2025-03-26,2025-03-26,1,1
S001453,O001522,W03,C03,2025-09-26,2025-09-29,2025-09-29,1,0
S001454,O001523,W02,C02,2025-08-21,2025-08-25,2025-08-25,1,1
S001455,O001524,W03,C01,2025-08-21,2025-08-23,2025-08-22,1,0
S001456,O001525,W01,C03,2025-10-31,2025-11-03,2025-11-07,0,1
S001457,O001526,W01,C03,2025-03-10,2025-03-11,2025-03-11,1,1
S001458,O001527,W02,C02,2025-01-28,2025-01-29,2025-01-29,1,2
S001459,O001528,W02,C02,2025-08-06,2025-08-07,2025-08-07,1,2
S001460,O001529,W02,C04,2025-02-23,2025-02-23,2025-02-23,1,2
S001461,O001530,W01,C01,2025-12-18,2025-12-20,2025-12-20,1,1
S001462,O001531,W01,C02,2025-03-11,2025-03-12,2025-03-12,1,1
S001463,O001532,W03,C02,2025-04-11,2025-04-14,2025-04-15,0,0
S001464,O001533,W02,C01,2025-11-15,2025-11-17,2025-11-16,1,1
S001465,O001534,W02,C02,2025-08-23,2025-08-25,2025-08-25,1,1
S001466,O001535,W01,C04,2025-12-14,2025-12-17,2025-12-18,0,1
S001467,O001536,W02,C02,2025-09-22,2025-09-22,2025-09-22,1,3
S001468,O001537,W01,C01,2025-09-26,2025-09-28,2025-09-28,1,1
S001469,O001538,W01,C01,2025-01-11,2025-01-15,2025-01-15,1,1
S001470,O001539,W02,C02,2025-08-27,2025-08-28,2025-08-28,1,2
S001471,O001540,W02,C03,2025-11-29,2025-11-29,2025-11-29,1,3
S001472,O001541,W02,C02,2025-03-13,2025-03-15,2025-03-15,1,0
S001473,O001542,W01,C02,2025-02-25,2025-02-25,2025-02-25,1,2
S001474,O001543,W01,C01,2025-07-02,2025-07-04,2025-07-04,1,2
S001475,O001544,W01,C01,2025-01-05,2025-01-07,2025-01-07,1,2
S001476,O001545,W02,C02,2025-01-30,2025-02-03,2025-02-03,1,1
S001477,O001546,W02,C02,2025-11-23,2025-11-26,2025-11-26,1,0
S001478,O001547,W03,C01,2025-10-28,2025-10-31,2025-10-31,1,1
S001479,O001548,W02,C01,2025-05-09,2025-05-08,2025-05-08,1,3
S001480,O001549,W03,C02,2025-11-04,2025-11-04,2025-11-04,1,3
S001481,O001550,W02,C04,2025-03-08,2025-03-08,2025-03-08,1,2
S001482,O001551,W01,C04,2025-03-19,2025-03-24,2025-03-27,0,0
S001483,O001552,W01,C02,2025-03-22,2025-03-23,2025-03-23,1,2
S001484,O001553,W03,C04,2025-04-24,2025-04-26,2025-04-26,1,1
S001485,O001554,W02,C02,2025-04-24,2025-04-27,2025-04-27,1,2
S001486,O001555,W03,C01,2025-10-22,2025-10-25,2025-10-25,1,1
S001487,O001556,W02,C03,2025-02-01,2025-02-04,2025-02-03,1,2
S001488,O001557,W02,C03,2025-06-12,2025-06-15,2025-06-15,1,1
S001489,O001559,W01,C04,2025-06-30,2025-07-02,2025-07-02,1,2
S001490,O001560,W01,C01,2025-12-24,2025-12-25,2025-12-25,1,2
S001491,O001561,W01,C04,2025-06-18,2025-06-19,2025-06-19,1,2
S001492,O001562,W03,C04,2025-07-07,2025-07-09,2025-07-08,1,1
S001493,O001563,W03,C01,2025-03-08,2025-03-10,2025-03-10,1,2
S001494,O001564,W02,C04,2025-12-14,2025-12-17,2025-12-17,1,0
S001495,O001566,W03,C01,2025-01-23,2025-01-26,2025-01-26,1,1
S001496,O001567,W02,C02,2025-04-01,2025-04-02,2025-04-02,1,2
S001497,O001568,W01,C03,2025-07-14,2025-07-16,2025-07-16,1,2
S001498,O001569,W03,C02,2025-09-11,2025-09-14,2025-09-14,1,0
S001499,O001570,W01,C03,2025-10-16,2025-10-18,2025-10-18,1,2
S001500,O001571,W02,C03,2025-06-28,2025-06-30,2025-07-04,0,1
S001501,O001572,W02,C01,2025-06-20,2025-06-20,2025-06-20,1,2
S001502,O001573,W01,C04,2025-05-03,2025-05-06,2025-05-05,1,0
S001503,O001574,W01,C01,2025-12-01,2025-12-06,2025-12-06,1,0
S001504,O001575,W02,C01,2025-03-17,2025-03-17,2025-03-17,1,3
S001505,O001576,W01,C01,2025-03-18,2025-03-20,2025-03-20,1,1
S001506,O001577,W02,C01,2025-04-13,2025-04-15,2025-04-15,1,2
S001507,O001578,W01,C03,2025-02-21,2025-02-23,2025-02-22,1,1
S001508,O001579,W03,C02,2025-07-31,2025-08-01,2025-08-01,1,2
S001509,O001580,W01,C01,2025-07-09,2025-07-11,2025-07-10,1,1
S001510,O001581,W01,C01,2025-03-28,2025-03-31,2025-03-30,1,1
S001511,O001583,W02,C01,2025-04-06,2025-04-08,2025-04-08,1,3
S001512,O001584,W01,C03,2025-07-22,2025-07-24,2025-07-24,1,1
S001513,O001585,W03,C01,2025-08-16,2025-08-20,2025-08-19,1,0
S001514,O001586,W01,C02,2025-02-09,2025-02-12,2025-02-12,1,2
S001515,O001587,W03,C03,2025-04-09,2025-04-13,2025-04-12,1,0
S001516,O001588,W01,C03,2025-12-29,2025-12-31,2026-01-03,0,1
S001517,O001589,W03,C03,2025-02-27,2025-02-28,2025-02-28,1,2
S001518,O001590,W01,C04,2025-03-05,2025-03-06,2025-03-08,0,1
S001519,O001591,W02,C02,2025-07-05,2025-07-08,2025-07-08,1,1
S001520,O001592,W03,C03,2025-08-03,2025-08-07,2025-08-07,1,1
S001521,O001593,W01,C03,2025-03-22,2025-03-26,2025-03-26,1,1
S001522,O001594,W01,C01,2025-10-02,2025-10-03,2025-10-03,1,2
S001523,O001595,W01,C02,2025-10-14,2025-10-15,2025-10-15,1,2
S001524,O001596,W03,C02,2025-06-08,2025-06-13,2025-06-13,1,0
S001525,O001597,W03,C02,2025-02-16,2025-02-20,2025-02-19,1,1
S001526,O001598,W03,C02,2025-02-10,2025-02-12,2025-02-11,1,1
S001527,O001599,W03,C01,2025-03-30,2025-04-04,2025-04-04,1,0
S001528,O001600,W01,C02,2025-10-04,2025-10-07,2025-10-07,1,1
S001529,O001601,W03,C03,2025-02-02,2025-02-04,2025-02-04,1,1
S001530,O001602,W03,C01,2025-12-04,2025-12-06,2025-12-06,1,0
S001531,O001603,W02,C01,2025-03-14,2025-03-14,2025-03-17,0,2
S001532,O001604,W01,C03,2025-03-16,2025-03-20,2025-03-22,0,1
S001533,O001605,W02,C03,2025-05-15,2025-05-15,2025-05-18,0,3
S001534,O001606,W02,C02,2025-12-11,2025-12-12,2025-12-12,1,2
S001535,O001607,W01,C02,2025-09-08,2025-09-11,2025-09-11,1,0
S001536,O001608,W02,C03,2025-10-17,2025-10-18,2025-10-18,1,1
S001537,O001609,W02,C03,2025-11-14,2025-11-16,2025-11-16,1,2
S001538,O001611,W01,C03,2025-04-17,2025-04-19,2025-04-22,0,2
S001539,O001612,W03,C02,2025-02-17,2025-02-17,2025-02-17,1,2
S001540,O001613,W02,C03,2025-06-14,2025-06-15,2025-06-15,1,2
S001541,O001616,W01,C01,2025-02-09,2025-02-11,2025-02-11,1,1
S001542,O001617,W02,C02,2025-10-18,2025-10-19,2025-10-19,1,1
S001543,O001618,W01,C01,2025-04-05,2025-04-07,2025-04-07,1,1
S001544,O001619,W02,C01,2025-02-25,2025-02-27,2025-02-27,1,2
S001545,O001620,W02,C03,2025-11-14,2025-11-15,2025-11-15,1,1
S001546,O001621,W01,C04,2025-01-02,2025-01-06,2025-01-09,0,1
S001547,O001622,W02,C04,2025-08-18,2025-08-21,2025-08-21,1,1
S001548,O001624,W03,C02,2025-08-09,2025-08-12,2025-08-12,1,0
S001549,O001625,W03,C01,2025-02-04,2025-02-08,2025-02-08,1,0
S001550,O001626,W02,C01,2025-05-04,2025-05-08,2025-05-12,0,1
S001551,O001627,W02,C01,2025-10-31,2025-11-01,2025-11-01,1,2
S001552,O001628,W02,C03,2025-07-18,2025-07-20,2025-07-21,0,2
S001553,O001629,W01,C04,2025-05-28,2025-05-29,2025-06-02,0,2
S001554,O001630,W02,C02,2025-10-15,2025-10-18,2025-10-18,1,2
S001555,O001631,W01,C03,2025-09-24,2025-09-25,2025-09-25,1,1
S001556,O001632,W02,C03,2025-07-11,2025-07-12,2025-07-12,1,2
S001557,O001633,W01,C02,2025-07-16,2025-07-18,2025-07-18,1,1
S001558,O001634,W01,C01,2025-05-07,2025-05-10,2025-05-10,1,2
S001559,O001635,W01,C01,2025-06-02,2025-06-06,2025-06-06,1,1
S001560,O001636,W02,C03,2025-09-01,2025-09-03,2025-09-03,1,1
S001561,O001637,W01,C03,2025-09-11,2025-09-15,2025-09-15,1,1
S001562,O001638,W01,C01,2025-05-04,2025-05-07,2025-05-07,1,1
S001563,O001639,W02,C04,2025-09-25,2025-09-29,2025-09-29,1,1
S001564,O001640,W02,C03,2025-05-08,2025-05-09,2025-05-09,1,2
S001565,O001641,W01,C02,2025-01-07,2025-01-09,2025-01-08,1,1
S001566,O001642,W01,C02,2025-10-29,2025-10-31,2025-10-31,1,2
S001567,O001643,W02,C01,2025-08-23,2025-08-28,2025-08-27,1,0
S001568,O001644,W01,C01,2025-09-04,2025-09-05,2025-09-05,1,2
S001569,O001645,W01,C04,2025-02-01,2025-02-03,2025-02-07,0,2
S001570,O001646,W01,C02,2025-03-22,2025-03-26,2025-03-26,1,0
S001571,O001647,W01,C04,2025-09-11,2025-09-14,2025-09-14,1,1
S001572,O001648,W02,C01,2025-07-15,2025-07-17,2025-07-17,1,1
S001573,O001649,W02,C03,2025-08-03,2025-08-04,2025-08-04,1,2
S001574,O001650,W01,C03,2025-06-28,2025-07-01,2025-07-02,0,0
S001575,O001651,W02,C01,2025-01-29,2025-01-30,2025-01-30,1,3
S001576,O001652,W02,C03,2025-09-26,2025-09-28,2025-09-28,1,1
S001577,O001653,W01,C01,2025-12-30,2026-01-01,2025-12-31,1,1
S001578,O001654,W02,C02,2025-11-21,2025-11-24,2025-11-24,1,1
S001579,O001655,W03,C03,2025-09-29,2025-10-01,2025-10-01,1,1
S001580,O001656,W03,C03,2025-07-22,2025-07-25,2025-07-24,1,0
S001581,O001657,W01,C04,2025-01-25,2025-01-25,2025-01-25,1,3
S001582,O001658,W03,C03,2025-08-06,2025-08-09,2025-08-09,1,1
S001583,O001659,W01,C02,2025-11-01,2025-11-04,2025-11-04,1,0
S001584,O001660,W03,C03,2025-06-10,2025-06-14,2025-06-14,1,1
S001585,O001661,W03,C01,2025-06-11,2025-06-11,2025-06-11,1,3
S001586,O001662,W02,C01,2025-12-21,2025-12-23,2025-12-23,1,2
S001587,O001663,W01,C02,2025-03-20,2025-03-21,2025-03-21,1,2
S001588,O001664,W03,C01,2025-08-23,2025-08-24,2025-08-24,1,2
S001589,O001665,W01,C02,2025-07-16,2025-07-20,2025-07-20,1,0
S001590,O001666,W01,C01,2025-07-08,2025-07-09,2025-07-12,0,2
S001591,O001667,W02,C02,2025-04-23,2025-04-24,2025-04-24,1,2
S001592,O001668,W02,C03,2025-04-03,2025-04-04,2025-04-04,1,2
S001593,O001669,W03,C04,2025-07-12,2025-07-16,2025-07-16,1,1
S001594,O001671,W03,C03,2025-02-18,2025-02-21,2025-02-21,1,0
S001595,O001672,W03,C02,2025-11-16,2025-11-18,2025-11-18,1,1
S001596,O001673,W03,C01,2025-09-09,2025-09-11,2025-09-11,1,1
S001597,O001674,W02,C03,2025-09-12,2025-09-15,2025-09-15,1,2
S001598,O001675,W03,C02,2025-01-25,2025-01-29,2025-01-29,1,1
S001599,O001676,W01,C01,2025-08-02,2025-08-04,2025-08-04,1,0
S001600,O001677,W03,C03,2025-05-24,2025-05-25,2025-05-25,1,1
S001601,O001678,W02,C04,2025-01-10,2025-01-13,2025-01-13,1,0
S001602,O001679,W03,C01,2025-08-11,2025-08-15,2025-08-16,0,1
S001603,O001680,W01,C03,2025-01-13,2025-01-15,2025-01-18,0,1
S001604,O001681,W03,C03,2025-01-18,2025-01-19,2025-01-19,1,1
S001605,O001682,W02,C01,2025-12-27,2025-12-28,2025-12-28,1,2
S001606,O001683,W02,C02,2025-04-02,2025-04-06,2025-04-06,1,1
S001607,O001685,W01,C03,2025-08-15,2025-08-19,2025-08-19,1,0
S001608,O001686,W01,C01,2025-03-19,2025-03-20,2025-03-20,1,2
S001609,O001687,W02,C01,2025-12-07,2025-12-08,2025-12-12,0,2
S001610,O001688,W03,C04,2025-09-01,2025-09-04,2025-09-06,0,0
S001611,O001689,W01,C01,2025-06-15,2025-06-18,2025-06-18,1,0
S001612,O001690,W02,C02,2025-06-17,2025-06-20,2025-06-20,1,1
S001613,O001691,W02,C02,2025-03-19,2025-03-20,2025-03-20,1,1
S001614,O001692,W02,C03,2025-06-10,2025-06-12,2025-06-11,1,2
S001615,O001693,W01,C01,2025-09-09,2025-09-11,2025-09-11,1,1
S001616,O001694,W01,C01,2025-02-03,2025-02-06,2025-02-05,1,2
S001617,O001695,W02,C01,2025-10-21,2025-10-25,2025-10-25,1,1
S001618,O001696,W02,C03,2025-08-18,2025-08-21,2025-08-21,1,1
S001619,O001697,W03,C02,2025-10-12,2025-10-14,2025-10-13,1,1
S001620,O001698,W01,C02,2025-06-27,2025-06-29,2025-06-28,1,1
S001621,O001699,W02,C02,2025-10-06,2025-10-08,2025-10-08,1,2
S001622,O001700,W01,C04,2025-11-18,2025-11-20,2025-11-23,0,1
S001623,O001701,W01,C02,2025-03-16,2025-03-21,2025-03-21,1,0
S001624,O001702,W03,C03,2025-02-19,2025-02-21,2025-02-21,1,3
S001625,O001703,W02,C04,2025-07-16,2025-07-18,2025-07-18,1,2
S001626,O001704,W02,C03,2025-01-25,2025-01-28,2025-01-30,0,1
S001627,O001705,W01,C04,2025-03-26,2025-03-28,2025-03-27,1,0
S001628,O001706,W02,C02,2025-01-03,2025-01-05,2025-01-04,1,1
S001629,O001707,W01,C02,2025-03-01,2025-03-02,2025-03-02,1,2
S001630,O001708,W01,C01,2025-09-06,2025-09-08,2025-09-08,1,1
S001631,O001709,W02,C01,2025-04-17,2025-04-19,2025-04-19,1,1
S001632,O001710,W03,C03,2025-09-04,2025-09-05,2025-09-08,0,1
S001633,O001711,W02,C03,2025-07-14,2025-07-16,2025-07-16,1,1
S001634,O001712,W01,C01,2025-07-07,2025-07-08,2025-07-08,1,2
S001635,O001713,W01,C01,2025-04-30,2025-05-01,2025-05-01,1,2
S001636,O001714,W02,C02,2025-12-23,2025-12-24,2025-12-24,1,1
S001637,O001715,W03,C04,2025-08-03,2025-08-04,2025-08-04,1,1
S001638,O001716,W02,C01,2025-02-03,2025-02-05,2025-02-04,1,2
S001639,O001717,W02,C01,2025-08-30,2025-09-02,2025-09-02,1,2
S001640,O001718,W03,C02,2025-06-30,2025-07-02,2025-07-02,1,0
S001641,O001719,W02,C02,2025-11-26,2025-11-27,2025-11-27,1,2
S001642,O001721,W01,C03,2025-04-08,2025-04-09,2025-04-09,1,2
S001643,O001722,W01,C03,2025-12-22,2025-12-25,2025-12-25,1,0
S001644,O001723,W03,C04,2025-09-29,2025-10-02,2025-10-02,1,0
S001645,O001724,W02,C01,2025-02-26,2025-03-02,2025-03-05,0,0
S001646,O001725,W01,C03,2025-08-26,2025-08-30,2025-08-30,1,1
S001647,O001726,W03,C02,2025-09-29,2025-10-01,2025-10-05,0,1
S001648,O001727,W02,C02,2025-08-25,2025-08-26,2025-08-26,1,1
S001649,O001728,W01,C01,2025-10-29,2025-11-01,2025-10-31,1,0
S001650,O001729,W02,C04,2025-01-16,2025-01-19,2025-01-22,0,1
S001651,O001730,W01,C03,2025-06-07,2025-06-09,2025-06-08,1,2
S001652,O001731,W02,C01,2025-06-21,2025-06-23,2025-06-23,1,1
S001653,O001732,W02,C02,2025-10-14,2025-10-16,2025-10-16,1,2
S001654,O001733,W01,C02,2025-11-28,2025-11-29,2025-11-29,1,2
S001655,O001734,W03,C03,2025-05-20,2025-05-21,2025-05-22,0,2
S001656,O001735,W02,C02,2025-02-23,2025-02-26,2025-02-27,0,0
S001657,O001736,W01,C02,2025-03-31,2025-04-01,2025-04-01,1,2
S001658,O001738,W02,C01,2025-08-26,2025-08-28,2025-08-28,1,2
S001659,O001739,W02,C01,2025-11-16,2025-11-20,2025-11-20,1,0
S001660,O001740,W02,C03,2025-10-07,2025-10-09,2025-10-09,1,1
S001661,O001741,W01,C04,2025-01-31,2025-02-04,2025-02-06,0,1
S001662,O001742,W01,C03,2025-05-09,2025-05-11,2025-05-11,1,1
S001663,O001743,W01,C01,2025-05-22,2025-05-23,2025-05-23,1,3
S001664,O001744,W02,C02,2025-11-10,2025-11-14,2025-11-13,1,1
S001665,O001745,W01,C04,2025-01-13,2025-01-15,2025-01-16,0,1
S001666,O001746,W02,C01,2025-03-31,2025-04-03,2025-04-06,0,1
S001667,O001747,W01,C03,2025-10-30,2025-11-03,2025-11-02,1,0
S001668,O001748,W01,C02,2025-02-25,2025-02-26,2025-02-26,1,2
S001669,O001749,W03,C01,2025-10-11,2025-10-15,2025-10-15,1,0
S001670,O001750,W03,C02,2025-05-08,2025-05-11,2025-05-10,1,1
S001671,O001753,W02,C01,2025-03-03,2025-03-04,2025-03-04,1,2
S001672,O001754,W03,C01,2025-07-17,2025-07-21,2025-07-21,1,0
S001673,O001755,W01,C04,2025-05-20,2025-05-22,2025-05-21,1,1
S001674,O001756,W03,C01,2025-05-18,2025-05-21,2025-05-21,1,1
S001675,O001757,W02,C02,2025-12-18,2025-12-20,2025-12-19,1,1
S001676,O001758,W02,C01,2025-03-23,2025-03-25,2025-03-25,1,2
S001677,O001759,W01,C04,2025-04-22,2025-04-24,2025-04-23,1,2
S001678,O001760,W02,C03,2025-03-12,2025-03-14,2025-03-17,0,2
S001679,O001761,W01,C01,2025-01-31,2025-02-02,2025-02-02,1,2
S001680,O001762,W01,C02,2025-12-10,2025-12-11,2025-12-11,1,1
S001681,O001763,W02,C03,2025-06-27,2025-06-27,2025-06-27,1,3
S001682,O001764,W01,C02,2025-10-14,2025-10-16,2025-10-16,1,1
S001683,O001765,W02,C03,2025-12-28,2025-12-29,2025-12-30,0,3
S001684,O001766,W01,C04,2025-10-10,2025-10-12,2025-10-12,1,1
S001685,O001767,W03,C01,2025-11-23,2025-11-24,2025-11-24,1,2
S001686,O001768,W01,C02,2025-08-05,2025-08-07,2025-08-07,1,1
S001687,O001769,W02,C02,2025-07-24,2025-07-26,2025-07-26,1,1
S001688,O001770,W03,C02,2025-09-19,2025-09-22,2025-09-21,1,1
S001689,O001771,W01,C02,2025-03-01,2025-03-06,2025-03-06,1,0
S001690,O001773,W03,C02,2025-03-17,2025-03-18,2025-03-20,0,1
S001691,O001774,W02,C01,2025-10-11,2025-10-14,2025-10-14,1,1
S001692,O001775,W01,C02,2025-11-12,2025-11-13,2025-11-13,1,2
S001693,O001776,W01,C01,2025-09-16,2025-09-16,2025-09-16,1,2
S001694,O001777,W02,C01,2025-02-12,2025-02-15,2025-02-15,1,1
S001695,O001778,W01,C03,2025-08-01,2025-08-04,2025-08-04,1,1
S001696,O001779,W03,C02,2025-05-04,2025-05-06,2025-05-06,1,2
S001697,O001780,W02,C02,2025-02-26,2025-02-25,2025-02-25,1,3
S001698,O001781,W01,C02,2025-11-08,2025-11-10,2025-11-09,1,1
S001699,O001782,W03,C02,2025-08-01,2025-08-04,2025-08-04,1,1
S001700,O001783,W02,C04,2025-08-16,2025-08-16,2025-08-19,0,2
S001701,O001784,W02,C01,2025-07-22,2025-07-25,2025-07-25,1,1
S001702,O001785,W01,C04,2025-01-22,2025-01-25,2025-01-25,1,1
S001703,O001786,W01,C01,2025-09-01,2025-09-02,2025-09-02,1,2
S001704,O001788,W03,C03,2025-02-26,2025-03-01,2025-03-03,0,1
S001705,O001789,W01,C02,2025-08-04,2025-08-07,2025-08-06,1,0
S001706,O001790,W03,C01,2025-11-02,2025-11-04,2025-11-04,1,1
S001707,O001791,W01,C01,2025-06-23,2025-06-24,2025-06-25,0,1
S001708,O001792,W01,C04,2025-01-15,2025-01-18,2025-01-17,1,0
S001709,O001793,W01,C02,2025-07-27,2025-07-30,2025-07-30,1,1
S001710,O001794,W03,C03,2025-12-04,2025-12-08,2025-12-08,1,0
S001711,O001795,W01,C02,2025-02-04,2025-02-07,2025-02-06,1,1
S001712,O001796,W03,C02,2025-05-25,2025-05-29,2025-05-29,1,1
S001713,O001797,W01,C01,2025-03-22,2025-03-25,2025-03-27,0,1
S001714,O001798,W01,C04,2025-05-30,2025-06-01,2025-06-01,1,1
S001715,O001799,W03,C03,2025-05-20,2025-05-23,2025-05-23,1,1
S001716,O001800,W01,C03,2025-06-18,2025-06-21,2025-06-21,1,0
S001717,O001801,W01,C03,2025-05-25,2025-05-28,2025-05-28,1,2
S001718,O001802,W03,C03,2025-03-21,2025-03-22,2025-03-22,1,1
S001719,O001803,W03,C02,2025-07-24,2025-07-28,2025-07-27,1,0
S001720,O001804,W03,C03,2025-01-12,2025-01-13,2025-01-13,1,1
S001721,O001805,W03,C01,2025-05-11,2025-05-12,2025-05-12,1,1
S001722,O001806,W02,C04,2025-04-27,2025-04-29,2025-04-28,1,2
S001723,O001807,W02,C04,2025-12-31,2026-01-04,2026-01-04,1,1
S001724,O001808,W01,C04,2025-05-10,2025-05-13,2025-05-13,1,0
S001725,O001810,W01,C03,2025-07-11,2025-07-12,2025-07-12,1,1
S001726,O001811,W01,C02,2025-01-03,2025-01-06,2025-01-06,1,2
S001727,O001812,W01,C01,2025-09-07,2025-09-10,2025-09-14,0,1
S001728,O001813,W01,C02,2025-06-27,2025-06-29,2025-06-28,1,1
S001729,O001814,W01,C02,2025-03-28,2025-04-01,2025-04-01,1,1
S001730,O001815,W02,C03,2025-08-08,2025-08-10,2025-08-10,1,1
S001731,O001816,W01,C01,2025-07-18,2025-07-20,2025-07-20,1,2
S001732,O001817,W03,C02,2025-05-27,2025-05-31,2025-05-31,1,0
S001733,O001818,W03,C01,2025-07-29,2025-07-31,2025-07-31,1,2
S001734,O001819,W03,C02,2025-03-31,2025-04-03,2025-04-03,1,1
S001735,O001820,W02,C02,2025-01-04,2025-01-05,2025-01-05,1,2
S001736,O001821,W03,C04,2025-02-03,2025-02-03,2025-02-03,1,3
S001737,O001823,W01,C01,2025-06-08,2025-06-10,2025-06-14,0,1
S001738,O001824,W02,C01,2025-06-05,2025-06-06,2025-06-06,1,2
S001739,O001825,W02,C03,2025-01-31,2025-02-02,2025-02-02,1,1
S001740,O001826,W03,C02,2025-09-28,2025-10-01,2025-09-30,1,1
S001741,O001827,W01,C04,2025-08-03,2025-08-05,2025-08-05,1,0
S001742,O001828,W03,C02,2025-04-21,2025-04-25,2025-04-24,1,1
S001743,O001829,W03,C04,2025-08-23,2025-08-24,2025-08-26,0,1
S001744,O001830,W01,C02,2025-01-16,2025-01-18,2025-01-17,1,2
S001745,O001831,W01,C03,2025-09-16,2025-09-17,2025-09-17,1,1
S001746,O001832,W02,C02,2025-02-26,2025-02-28,2025-02-27,1,1
S001747,O001833,W02,C02,2025-03-23,2025-03-24,2025-03-24,1,1
S001748,O001835,W02,C02,2025-11-17,2025-11-20,2025-11-23,0,1
S001749,O001836,W01,C03,2025-12-08,2025-12-10,2025-12-09,1,1
S001750,O001837,W01,C04,2025-09-04,2025-09-05,2025-09-05,1,2
S001751,O001838,W03,C01,2025-05-25,2025-05-26,2025-05-26,1,2
S001752,O001839,W02,C02,2025-01-18,2025-01-22,2025-01-26,0,0
S001753,O001840,W02,C03,2025-05-03,2025-05-03,2025-05-03,1,2
S001754,O001841,W01,C02,2025-11-29,2025-12-02,2025-12-02,1,0
S001755,O001842,W03,C03,2025-08-18,2025-08-18,2025-08-18,1,2
S001756,O001843,W01,C02,2025-11-13,2025-11-15,2025-11-15,1,1
S001757,O001844,W02,C01,2025-11-17,2025-11-20,2025-11-20,1,1
S001758,O001845,W02,C03,2025-10-31,2025-11-04,2025-11-03,1,1
S001759,O001846,W03,C02,2025-08-27,2025-08-28,2025-08-28,1,2
S001760,O001847,W01,C02,2025-02-18,2025-02-19,2025-02-19,1,1
S001761,O001848,W02,C03,2025-07-16,2025-07-18,2025-07-18,1,1
S001762,O001849,W02,C03,2025-11-13,2025-11-16,2025-11-16,1,2
S001763,O001850,W01,C03,2025-09-15,2025-09-17,2025-09-17,1,1
S001764,O001851,W03,C03,2025-05-11,2025-05-15,2025-05-14,1,0
S001765,O001853,W02,C04,2025-02-04,2025-02-06,2025-02-06,1,0
S001766,O001854,W03,C02,2026-01-02,2026-01-04,2026-01-04,1,2
S001767,O001855,W03,C02,2025-12-16,2025-12-19,2025-12-19,1,0
S001768,O001856,W02,C01,2025-09-22,2025-09-24,2025-09-24,1,1
S001769,O001857,W01,C04,2025-09-06,2025-09-09,2025-09-11,0,2
S001770,O001858,W02,C01,2025-06-16,2025-06-17,2025-06-17,1,2
S001771,O001859,W02,C03,2025-01-10,2025-01-10,2025-01-10,1,2
S001772,O001860,W01,C02,2025-01-20,2025-01-22,2025-01-21,1,1
S001773,O001861,W02,C02,2025-01-22,2025-01-25,2025-01-28,0,2
S001774,O001862,W01,C01,2025-04-13,2025-04-14,2025-04-18,0,1
S001775,O001863,W03,C02,2025-01-12,2025-01-15,2025-01-16,0,1
S001776,O001864,W03,C01,2025-10-25,2025-10-25,2025-10-25,1,2
S001777,O001865,W03,C02,2025-04-29,2025-05-02,2025-05-02,1,0
S001778,O001866,W02,C01,2025-10-04,2025-10-06,2025-10-05,1,1
S001779,O001867,W03,C02,2025-12-20,2025-12-23,2025-12-23,1,1
S001780,O001868,W03,C04,2025-02-21,2025-02-21,2025-02-21,1,2
S001781,O001869,W02,C03,2025-04-24,2025-04-27,2025-04-30,0,1
S001782,O001870,W02,C01,2025-06-29,2025-06-29,2025-06-29,1,2
S001783,O001871,W01,C02,2025-01-07,2025-01-09,2025-01-09,1,1
S001784,O001872,W01,C03,2025-01-13,2025-01-15,2025-01-15,1,2
S001785,O001873,W01,C01,2025-10-02,2025-10-03,2025-10-03,1,2
S001786,O001874,W03,C03,2025-06-28,2025-06-30,2025-06-29,1,1
S001787,O001875,W03,C03,2025-07-15,2025-07-17,2025-07-16,1,1
S001788,O001876,W03,C02,2025-08-20,2025-08-22,2025-08-22,1,1
S001789,O001878,W01,C03,2025-03-29,2025-03-31,2025-03-31,1,1
S001790,O001879,W03,C02,2025-04-02,2025-04-05,2025-04-04,1,1
S001791,O001880,W03,C03,2025-01-10,2025-01-14,2025-01-13,1,0
S001792,O001881,W02,C01,2025-05-03,2025-05-04,2025-05-04,1,1
S001793,O001882,W02,C03,2025-10-07,2025-10-10,2025-10-11,0,1
S001794,O001883,W03,C03,2025-03-31,2025-03-31,2025-04-02,0,2
S001795,O001884,W01,C03,2025-01-03,2025-01-06,2025-01-06,1,1
S001796,O001885,W02,C01,2025-05-01,2025-05-05,2025-05-04,1,1
S001797,O001887,W01,C01,2025-10-24,2025-10-25,2025-10-25,1,1
S001798,O001888,W03,C04,2025-04-01,2025-04-03,2025-04-03,1,0
S001799,O001889,W01,C01,2025-02-20,2025-02-23,2025-02-23,1,1
S001800,O001890,W01,C01,2025-11-21,2025-11-23,2025-11-23,1,1
S001801,O001891,W03,C04,2025-08-31,2025-09-02,2025-09-02,1,1
S001802,O001892,W02,C03,2025-06-06,2025-06-09,2025-06-11,0,1
S001803,O001893,W02,C03,2025-07-02,2025-07-03,2025-07-03,1,2
S001804,O001894,W02,C03,2025-09-15,2025-09-19,2025-09-19,1,0
S001805,O001895,W02,C04,2025-02-06,2025-02-10,2025-02-14,0,1
S001806,O001896,W02,C03,2025-06-02,2025-06-03,2025-06-03,1,1
S001807,O001897,W01,C04,2025-10-27,2025-10-28,2025-10-28,1,2
S001808,O001898,W02,C01,2025-06-11,2025-06-15,2025-06-15,1,1
S001809,O001899,W03,C01,2025-03-30,2025-04-03,2025-04-02,1,1
S001810,O001900,W01,C01,2025-10-06,2025-10-08,2025-10-08,1,2
S001811,O001901,W01,C04,2025-05-26,2025-05-26,2025-05-30,0,2
S001812,O001902,W03,C01,2025-09-29,2025-09-30,2025-09-30,1,2
S001813,O001903,W01,C02,2025-03-07,2025-03-08,2025-03-08,1,1
S001814,O001904,W02,C03,2025-02-02,2025-02-04,2025-02-04,1,1
S001815,O001905,W01,C03,2025-07-06,2025-07-09,2025-07-09,1,1
S001816,O001906,W02,C04,2025-02-06,2025-02-10,2025-02-10,1,1
S001817,O001908,W03,C01,2025-03-18,2025-03-20,2025-03-19,1,1
S001818,O001909,W02,C01,2025-06-04,2025-06-08,2025-06-07,1,1
S001819,O001910,W02,C01,2025-05-05,2025-05-10,2025-05-10,1,0
S001820,O001911,W02,C04,2025-01-19,2025-01-20,2025-01-24,0,2
S001821,O001912,W01,C02,2025-04-25,2025-04-27,2025-04-27,1,1
S001822,O001913,W01,C01,2025-02-03,2025-02-06,2025-02-06,1,1
S001823,O001914,W03,C01,2025-06-24,2025-06-25,2025-06-25,1,1
S001824,O001915,W03,C03,2025-03-22,2025-03-24,2025-03-24,1,0
S001825,O001916,W01,C01,2025-09-21,2025-09-22,2025-09-22,1,1
S001826,O001917,W02,C01,2025-11-26,2025-11-27,2025-11-27,1,2
S001827,O001918,W03,C02,2025-07-23,2025-07-26,2025-07-25,1,1
S001828,O001919,W02,C02,2025-01-03,2025-01-06,2025-01-05,1,1
S001829,O001920,W02,C02,2025-06-01,2025-06-02,2025-06-02,1,2
S001830,O001921,W01,C02,2025-05-18,2025-05-20,2025-05-20,1,0
S001831,O001922,W03,C03,2025-05-18,2025-05-22,2025-05-22,1,1
S001832,O001923,W01,C01,2025-12-22,2025-12-23,2025-12-23,1,1
S001833,O001924,W01,C03,2025-06-14,2025-06-16,2025-06-15,1,2
S001834,O001925,W03,C04,2025-12-18,2025-12-19,2025-12-22,0,2
S001835,O001926,W03,C03,2025-11-06,2025-11-09,2025-11-08,1,1
S001836,O001927,W02,C02,2025-09-11,2025-09-14,2025-09-13,1,2
S001837,O001928,W03,C02,2025-06-29,2025-07-02,2025-07-02,1,1
S001838,O001929,W02,C02,2025-11-12,2025-11-16,2025-11-16,1,1
S001839,O001930,W03,C02,2025-03-28,2025-03-29,2025-03-29,1,1
S001840,O001931,W03,C03,2025-02-02,2025-02-05,2025-02-05,1,0
S001841,O001932,W01,C01,2025-03-10,2025-03-12,2025-03-12,1,2
S001842,O001933,W01,C01,2025-04-14,2025-04-15,2025-04-15,1,1
S001843,O001934,W02,C02,2025-03-01,2025-03-03,2025-03-03,1,1
S001844,O001935,W02,C02,2025-04-04,2025-04-06,2025-04-05,1,1
S001845,O001936,W02,C04,2025-12-20,2025-12-23,2025-12-22,1,0
S001846,O001937,W01,C01,2025-03-20,2025-03-23,2025-03-23,1,1
S001847,O001938,W01,C03,2025-12-06,2025-12-06,2025-12-07,0,2
S001848,O001939,W03,C01,2025-12-15,2025-12-18,2025-12-18,1,1
S001849,O001940,W01,C01,2025-06-28,2025-07-01,2025-06-30,1,1
S001850,O001941,W01,C02,2025-11-19,2025-11-20,2025-11-20,1,1
S001851,O001942,W02,C03,2025-03-29,2025-03-31,2025-03-30,1,2
S001852,O001944,W02,C01,2025-12-01,2025-12-04,2025-12-04,1,2
S001853,O001945,W01,C04,2025-02-26,2025-03-01,2025-03-01,1,1
S001854,O001946,W02,C03,2025-05-07,2025-05-09,2025-05-10,0,1
S001855,O001947,W02,C02,2025-08-09,2025-08-11,2025-08-11,1,1
S001856,O001948,W01,C01,2025-03-11,2025-03-11,2025-03-12,0,2
S001857,O001949,W03,C03,2025-07-05,2025-07-06,2025-07-08,0,1
S001858,O001950,W01,C01,2025-09-19,2025-09-20,2025-09-20,1,1
S001859,O001951,W01,C02,2025-02-07,2025-02-10,2025-02-10,1,1
S001860,O001952,W03,C01,2025-02-16,2025-02-20,2025-02-20,1,0
S001861,O001953,W03,C01,2025-10-09,2025-10-14,2025-10-14,1,0
S001862,O001954,W03,C01,2025-06-04,2025-06-05,2025-06-05,1,2
S001863,O001955,W03,C03,2025-06-03,2025-06-04,2025-06-04,1,1
S001864,O001956,W01,C01,2025-09-30,2025-10-03,2025-10-03,1,1
S001865,O001957,W03,C03,2025-10-15,2025-10-15,2025-10-15,1,2
S001866,O001958,W02,C01,2025-01-19,2025-01-24,2025-01-24,1,0
S001867,O001959,W01,C03,2025-05-01,2025-05-04,2025-05-04,1,2
S001868,O001960,W01,C04,2025-12-23,2025-12-26,2025-12-26,1,2
S001869,O001961,W01,C02,2025-03-28,2025-03-29,2025-03-29,1,1
S001870,O001962,W03,C03,2025-01-04,2025-01-05,2025-01-05,1,2
S001871,O001963,W03,C03,2025-08-16,2025-08-18,2025-08-18,1,1
S001872,O001964,W02,C03,2025-01-18,2025-01-21,2025-01-25,0,1
S001873,O001965,W01,C01,2025-11-08,2025-11-11,2025-11-11,1,1
S001874,O001966,W02,C02,2025-02-09,2025-02-10,2025-02-10,1,3
S001875,O001967,W01,C01,2025-07-30,2025-07-31,2025-07-31,1,2
S001876,O001968,W02,C03,2025-02-14,2025-02-15,2025-02-15,1,1
S001877,O001969,W01,C03,2025-02-15,2025-02-18,2025-02-17,1,1
S001878,O001970,W02,C02,2025-06-22,2025-06-24,2025-06-28,0,1
S001879,O001971,W01,C01,2025-04-01,2025-04-04,2025-04-04,1,2
S001880,O001972,W01,C04,2025-06-30,2025-07-01,2025-07-01,1,2
S001881,O001973,W01,C01,2025-05-29,2025-05-30,2025-05-30,1,2
S001882,O001974,W01,C03,2025-04-21,2025-04-23,2025-04-23,1,1
S001883,O001975,W02,C02,2025-10-20,2025-10-22,2025-10-22,1,1
S001884,O001976,W01,C01,2025-10-31,2025-11-02,2025-11-02,1,1
S001885,O001977,W01,C01,2025-11-23,2025-11-26,2025-11-26,1,1
S001886,O001978,W03,C03,2025-09-02,2025-09-04,2025-09-05,0,1
S001887,O001979,W03,C01,2025-08-28,2025-08-30,2025-08-30,1,1
S001888,O001980,W01,C03,2025-09-26,2025-09-29,2025-09-29,1,1
S001889,O001981,W02,C01,2025-06-13,2025-06-13,2025-06-13,1,2
S001890,O001982,W01,C02,2025-11-08,2025-11-11,2025-11-11,1,2
S001891,O001983,W01,C02,2025-09-17,2025-09-17,2025-09-17,1,2
S001892,O001984,W02,C03,2025-05-18,2025-05-19,2025-05-19,1,1
S001893,O001985,W01,C03,2025-02-19,2025-02-22,2025-02-22,1,1
S001894,O001986,W03,C01,2025-01-13,2025-01-16,2025-01-16,1,1
S001895,O001987,W03,C01,2025-04-09,2025-04-12,2025-04-12,1,0
S001896,O001988,W02,C03,2025-06-30,2025-07-03,2025-07-03,1,1
S001897,O001989,W01,C03,2025-11-28,2025-11-28,2025-11-28,1,2
S001898,O001990,W01,C02,2025-04-18,2025-04-18,2025-04-18,1,2
S001899,O001992,W03,C02,2025-03-31,2025-04-03,2025-04-03,1,2
S001900,O001993,W01,C01,2025-11-12,2025-11-16,2025-11-16,1,0
S001901,O001994,W03,C01,2025-12-02,2025-12-06,2025-12-06,1,1
S001902,O001995,W03,C03,2025-04-14,2025-04-18,2025-04-18,1,1
S001903,O001996,W03,C01,2025-12-09,2025-12-14,2025-12-14,1,0
S001904,O001997,W01,C02,2025-02-07,2025-02-08,2025-02-12,0,2
S001905,O001998,W01,C02,2025-07-27,2025-07-28,2025-07-30,0,1
S001906,O001999,W02,C01,2025-09-13,2025-09-16,2025-09-16,1,1
S001907,O002000,W02,C01,2025-12-19,2025-12-19,2025-12-19,1,2
S001908,O002001,W01,C03,2025-06-04,2025-06-06,2025-06-06,1,2
S001909,O002002,W02,C02,2025-10-15,2025-10-19,2025-10-18,1,0
S001910,O002003,W02,C03,2025-09-09,2025-09-11,2025-09-10,1,1
S001911,O002004,W01,C01,2025-05-02,2025-05-04,2025-05-04,1,1
S001912,O002005,W01,C02,2025-12-15,2025-12-18,2025-12-18,1,2
S001913,O002006,W03,C03,2025-08-23,2025-08-26,2025-08-26,1,1
S001914,O002007,W01,C02,2025-03-24,2025-03-27,2025-03-27,1,1
S001915,O002008,W01,C02,2025-09-02,2025-09-06,2025-09-06,1,0
S001916,O002009,W01,C01,2025-02-18,2025-02-18,2025-02-18,1,2
S001917,O002010,W03,C01,2025-02-14,2025-02-18,2025-02-18,1,0
S001918,O002011,W01,C01,2025-03-31,2025-04-01,2025-04-01,1,1
S001919,O002012,W03,C01,2025-10-18,2025-10-20,2025-10-20,1,1
S001920,O002013,W01,C02,2025-11-14,2025-11-14,2025-11-14,1,2
S001921,O002014,W03,C03,2025-05-04,2025-05-04,2025-05-04,1,2
S001922,O002015,W02,C03,2025-12-20,2025-12-22,2025-12-26,0,2
S001923,O002016,W01,C01,2025-11-03,2025-11-04,2025-11-04,1,1
S001924,O002017,W02,C02,2025-09-25,2025-09-27,2025-09-26,1,2
S001925,O002018,W01,C02,2025-03-18,2025-03-22,2025-03-24,0,0
S001926,O002019,W03,C03,2025-03-02,2025-03-05,2025-03-08,0,2
S001927,O002020,W01,C03,2025-06-22,2025-06-26,2025-06-27,0,0
S001928,O002021,W01,C03,2025-03-17,2025-03-19,2025-03-19,1,1
S001929,O002022,W02,C01,2025-03-20,2025-03-24,2025-03-24,1,0
S001930,O002023,W02,C03,2025-05-15,2025-05-17,2025-05-16,1,3
S001931,O002024,W03,C01,2025-08-03,2025-08-05,2025-08-04,1,2
S001932,O002025,W01,C04,2025-07-01,2025-07-03,2025-07-03,1,1
S001933,O002026,W01,C03,2025-11-06,2025-11-09,2025-11-09,1,1
S001934,O002027,W01,C03,2025-12-05,2025-12-09,2025-12-13,0,0
S001935,O002028,W02,C04,2025-09-15,2025-09-18,2025-09-18,1,1
S001936,O002029,W02,C03,2025-04-02,2025-04-05,2025-04-05,1,2
S001937,O002030,W01,C01,2025-09-21,2025-09-24,2025-09-25,0,0
S001938,O002031,W03,C01,2025-11-29,2025-12-01,2025-12-01,1,0
S001939,O002032,W02,C04,2025-02-11,2025-02-13,2025-02-13,1,1
S001940,O002033,W02,C02,2025-06-22,2025-06-23,2025-06-23,1,2
S001941,O002034,W03,C01,2025-11-17,2025-11-21,2025-11-21,1,1
S001942,O002035,W01,C01,2025-11-28,2025-12-02,2025-12-02,1,0
S001943,O002036,W02,C02,2025-03-05,2025-03-06,2025-03-06,1,2
S001944,O002037,W03,C03,2025-12-11,2025-12-12,2025-12-12,1,1
S001945,O002038,W01,C02,2025-03-04,2025-03-06,2025-03-05,1,1
S001946,O002039,W01,C04,2025-04-12,2025-04-13,2025-04-13,1,2
S001947,O002040,W01,C03,2025-09-13,2025-09-15,2025-09-15,1,0
S001948,O002041,W01,C01,2025-07-05,2025-07-05,2025-07-05,1,2
S001949,O002042,W03,C01,2025-03-17,2025-03-19,2025-03-19,1,1
S001950,O002043,W02,C03,2025-11-15,2025-11-16,2025-11-18,0,2
S001951,O002044,W02,C02,2025-05-26,2025-05-29,2025-05-29,1,2
S001952,O002045,W01,C02,2025-11-29,2025-12-01,2025-11-30,1,0
S001953,O002046,W03,C02,2025-05-14,2025-05-19,2025-05-18,1,0
S001954,O002047,W03,C04,2025-01-20,2025-01-20,2025-01-20,1,2
S001955,O002048,W01,C03,2025-05-07,2025-05-10,2025-05-10,1,1
S001956,O002049,W03,C02,2025-03-18,2025-03-22,2025-03-22,1,0
S001957,O002050,W02,C01,2025-05-15,2025-05-16,2025-05-16,1,2
S001958,O002051,W01,C01,2025-07-20,2025-07-23,2025-07-26,0,1
S001959,O002052,W02,C02,2025-05-25,2025-05-26,2025-05-26,1,2
S001960,O002053,W03,C04,2025-01-04,2025-01-06,2025-01-05,1,1
S001961,O002054,W03,C01,2025-05-11,2025-05-13,2025-05-12,1,1
S001962,O002055,W01,C03,2025-12-19,2025-12-21,2025-12-21,1,1
S001963,O002056,W01,C03,2025-03-10,2025-03-14,2025-03-14,1,0
S001964,O002057,W01,C03,2025-04-03,2025-04-03,2025-04-03,1,2
S001965,O002058,W01,C02,2025-02-19,2025-02-21,2025-02-21,1,1
S001966,O002060,W02,C01,2025-09-10,2025-09-12,2025-09-12,1,1
S001967,O002061,W03,C02,2025-08-08,2025-08-10,2025-08-10,1,1
S001968,O002062,W01,C02,2025-09-11,2025-09-12,2025-09-12,1,2
S001969,O002063,W01,C03,2025-01-10,2025-01-12,2025-01-12,1,1
S001970,O002064,W03,C03,2025-03-08,2025-03-09,2025-03-09,1,2
S001971,O002065,W01,C03,2025-06-29,2025-07-03,2025-07-06,0,1
S001972,O002066,W03,C02,2025-05-06,2025-05-08,2025-05-08,1,2
S001973,O002067,W02,C03,2025-05-31,2025-06-02,2025-06-01,1,0
S001974,O002068,W01,C03,2025-07-11,2025-07-13,2025-07-13,1,1
S001975,O002069,W01,C02,2025-07-03,2025-07-03,2025-07-03,1,3
S001976,O002070,W01,C01,2025-08-19,2025-08-23,2025-08-23,1,1
S001977,O002071,W02,C03,2025-07-09,2025-07-11,2025-07-14,0,1
S001978,O002072,W02,C04,2025-11-18,2025-11-20,2025-11-22,0,1
S001979,O002073,W01,C03,2025-09-11,2025-09-12,2025-09-12,1,2
S001980,O002074,W03,C03,2025-06-11,2025-06-12,2025-06-12,1,1
S001981,O002076,W01,C02,2025-08-23,2025-08-24,2025-08-24,1,2
S001982,O002077,W01,C03,2025-05-28,2025-05-29,2025-05-29,1,2
S001983,O002078,W01,C01,2025-01-15,2025-01-18,2025-01-17,1,1
S001984,O002079,W01,C02,2025-07-02,2025-07-04,2025-07-08,0,1
S001985,O002080,W01,C03,2025-04-03,2025-04-04,2025-04-04,1,2
S001986,O002081,W02,C03,2025-11-03,2025-11-04,2025-11-04,1,2
S001987,O002082,W03,C01,2025-05-04,2025-05-06,2025-05-08,0,2
S001988,O002083,W01,C01,2025-10-15,2025-10-19,2025-10-19,1,0
S001989,O002084,W01,C01,2025-01-19,2025-01-21,2025-01-20,1,2
S001990,O002085,W01,C02,2025-10-21,2025-10-24,2025-10-24,1,1
S001991,O002086,W01,C03,2025-12-22,2025-12-25,2025-12-24,1,1
S001992,O002087,W01,C01,2025-10-31,2025-11-04,2025-11-03,1,0
S001993,O002088,W02,C03,2025-02-25,2025-02-27,2025-02-27,1,1
S001994,O002089,W01,C01,2025-08-26,2025-08-29,2025-08-29,1,1
S001995,O002090,W02,C01,2025-02-21,2025-02-24,2025-02-24,1,1
S001996,O002091,W01,C03,2025-04-21,2025-04-22,2025-04-22,1,1
S001997,O002092,W03,C01,2025-04-20,2025-04-24,2025-04-24,1,1
S001998,O002093,W01,C04,2025-04-04,2025-04-07,2025-04-07,1,1
S001999,O002094,W01,C02,2025-06-18,2025-06-18,2025-06-18,1,2
S002000,O002095,W01,C01,2025-10-20,2025-10-24,2025-10-24,1,1
S002001,O002096,W02,C04,2025-05-27,2025-05-28,2025-05-28,1,2
S002002,O002097,W02,C01,2025-05-27,2025-05-28,2025-05-28,1,3
S002003,O002098,W01,C02,2026-01-01,2026-01-02,2026-01-02,1,2
S002004,O002099,W01,C03,2025-03-16,2025-03-17,2025-03-19,0,2
S002005,O002101,W01,C03,2025-09-08,2025-09-10,2025-09-12,0,2
S002006,O002102,W02,C02,2025-11-11,2025-11-12,2025-11-12,1,3
S002007,O002103,W01,C02,2025-02-24,2025-03-01,2025-03-01,1,0
S002008,O002104,W01,C01,2025-12-29,2025-12-31,2025-12-31,1,2
S002009,O002105,W01,C02,2025-05-13,2025-05-14,2025-05-14,1,1
S002010,O002106,W03,C01,2025-05-03,2025-05-05,2025-05-05,1,0
S002011,O002107,W03,C01,2025-01-11,2025-01-12,2025-01-15,0,2
S002012,O002108,W01,C02,2025-04-18,2025-04-19,2025-04-19,1,3
S002013,O002109,W02,C01,2025-12-19,2025-12-22,2025-12-22,1,1
S002014,O002110,W03,C03,2025-10-11,2025-10-15,2025-10-18,0,0
S002015,O002111,W01,C04,2025-08-30,2025-08-31,2025-08-31,1,2
S002016,O002112,W01,C01,2025-01-08,2025-01-09,2025-01-11,0,1
S002017,O002113,W03,C03,2025-09-30,2025-09-30,2025-09-30,1,3
S002018,O002114,W03,C02,2025-09-04,2025-09-07,2025-09-06,1,1
S002019,O002115,W03,C04,2025-03-23,2025-03-25,2025-03-25,1,2
S002020,O002116,W01,C03,2025-11-14,2025-11-18,2025-11-18,1,0
S002021,O002117,W03,C02,2025-07-21,2025-07-24,2025-07-23,1,2
S002022,O002118,W02,C01,2025-05-18,2025-05-17,2025-05-17,1,3
S002023,O002119,W03,C04,2025-06-13,2025-06-14,2025-06-14,1,1
S002024,O002120,W01,C01,2025-05-23,2025-05-26,2025-05-26,1,1
S002025,O002121,W03,C04,2025-05-01,2025-05-04,2025-05-05,0,1
S002026,O002122,W01,C04,2025-08-13,2025-08-16,2025-08-16,1,1
S002027,O002123,W01,C02,2025-09-11,2025-09-16,2025-09-15,1,0
S002028,O002124,W01,C03,2025-04-25,2025-04-27,2025-04-29,0,0
S002029,O002125,W03,C01,2025-10-04,2025-10-06,2025-10-05,1,1
S002030,O002127,W01,C01,2025-11-11,2025-11-13,2025-11-12,1,1
S002031,O002128,W01,C02,2025-01-30,2025-02-01,2025-02-01,1,1
S002032,O002129,W01,C01,2025-01-25,2025-01-27,2025-01-26,1,0
S002033,O002130,W01,C02,2025-07-19,2025-07-24,2025-07-24,1,0
S002034,O002131,W03,C02,2025-08-07,2025-08-07,2025-08-07,1,2
S002035,O002132,W01,C02,2025-10-02,2025-10-06,2025-10-06,1,0
S002036,O002133,W02,C02,2025-04-26,2025-04-28,2025-04-28,1,1
S002037,O002134,W01,C01,2025-05-05,2025-05-09,2025-05-09,1,1
S002038,O002135,W01,C02,2025-07-12,2025-07-14,2025-07-13,1,2
S002039,O002136,W01,C03,2025-08-11,2025-08-14,2025-08-18,0,0
S002040,O002138,W02,C03,2025-10-30,2025-11-01,2025-11-01,1,1
S002041,O002139,W02,C03,2025-11-21,2025-11-23,2025-11-23,1,2
S002042,O002140,W03,C01,2025-08-22,2025-08-23,2025-08-23,1,1
S002043,O002141,W02,C01,2025-11-25,2025-11-28,2025-11-28,1,1
S002044,O002142,W01,C03,2025-10-08,2025-10-10,2025-10-11,0,1
S002045,O002145,W03,C02,2025-10-28,2025-10-31,2025-10-31,1,1
S002046,O002146,W02,C03,2025-08-12,2025-08-13,2025-08-13,1,1
S002047,O002147,W02,C03,2025-12-16,2025-12-18,2025-12-18,1,2
S002048,O002148,W02,C03,2025-01-04,2025-01-08,2025-01-08,1,1
S002049,O002149,W02,C03,2025-08-06,2025-08-09,2025-08-08,1,1
S002050,O002150,W02,C03,2025-04-02,2025-04-02,2025-04-05,0,2
S002051,O002151,W02,C02,2025-12-29,2026-01-02,2026-01-02,1,1
S002052,O002152,W01,C01,2026-01-02,2026-01-05,2026-01-04,1,2
S002053,O002153,W03,C03,2025-10-19,2025-10-20,2025-10-22,0,1
S002054,O002154,W02,C03,2025-12-31,2026-01-01,2026-01-01,1,2
S002055,O002155,W01,C01,2025-10-02,2025-10-04,2025-10-07,0,1
S002056,O002156,W03,C01,2025-02-21,2025-02-23,2025-02-23,1,0
S002057,O002157,W01,C01,2025-08-24,2025-08-26,2025-08-26,1,1
S002058,O002158,W01,C01,2025-10-25,2025-10-28,2025-10-27,1,1
S002059,O002159,W02,C04,2025-05-13,2025-05-15,2025-05-14,1,1
S002060,O002160,W03,C01,2025-03-13,2025-03-15,2025-03-14,1,1
S002061,O002161,W02,C02,2025-06-02,2025-06-03,2025-06-03,1,2
S002062,O002162,W01,C03,2025-04-06,2025-04-09,2025-04-08,1,0
S002063,O002163,W02,C01,2025-03-03,2025-03-06,2025-03-06,1,1
S002064,O002164,W02,C02,2025-10-16,2025-10-19,2025-10-19,1,0
S002065,O002165,W02,C01,2025-12-31,2026-01-04,2026-01-03,1,0
S002066,O002166,W01,C01,2025-06-08,2025-06-11,2025-06-11,1,0
S002067,O002167,W03,C01,2025-01-30,2025-01-31,2025-01-31,1,1
S002068,O002168,W01,C03,2025-10-18,2025-10-21,2025-10-21,1,0
S002069,O002170,W03,C02,2025-06-16,2025-06-18,2025-06-18,1,1
S002070,O002171,W02,C04,2025-12-28,2025-12-30,2025-12-31,0,1
S002071,O002172,W02,C03,2025-01-24,2025-01-26,2025-01-26,1,1
S002072,O002173,W03,C03,2025-05-13,2025-05-16,2025-05-16,1,1
S002073,O002174,W02,C01,2025-07-31,2025-07-31,2025-07-31,1,2
S002074,O002175,W01,C04,2025-09-29,2025-10-03,2025-10-04,0,0
S002075,O002176,W01,C03,2025-02-23,2025-02-27,2025-02-26,1,0
S002076,O002177,W01,C02,2025-02-19,2025-02-20,2025-02-20,1,1
S002077,O002178,W01,C02,2025-01-29,2025-02-01,2025-02-04,0,1
S002078,O002180,W02,C01,2025-03-15,2025-03-17,2025-03-17,1,1
S002079,O002181,W03,C03,2025-03-08,2025-03-12,2025-03-12,1,1
S002080,O002182,W03,C04,2025-01-22,2025-01-22,2025-01-22,1,2
S002081,O002183,W03,C04,2025-06-16,2025-06-18,2025-06-19,0,1
S002082,O002184,W01,C02,2025-12-04,2025-12-07,2025-12-06,1,0
S002083,O002185,W02,C03,2025-10-03,2025-10-07,2025-10-08,0,0
S002084,O002187,W02,C01,2025-05-03,2025-05-06,2025-05-06,1,0
S002085,O002188,W02,C02,2025-10-05,2025-10-08,2025-10-08,1,1
S002086,O002189,W01,C02,2025-08-16,2025-08-19,2025-08-18,1,0
S002087,O002190,W02,C03,2025-07-29,2025-07-30,2025-08-01,0,1
S002088,O002191,W02,C02,2025-11-10,2025-11-13,2025-11-13,1,2
S002089,O002192,W03,C03,2025-12-21,2025-12-24,2025-12-24,1,1
S002090,O002193,W01,C02,2025-01-20,2025-01-22,2025-01-22,1,2
S002091,O002194,W01,C03,2025-10-08,2025-10-10,2025-10-10,1,1
S002092,O002195,W02,C03,2025-05-15,2025-05-16,2025-05-20,0,2
S002093,O002196,W02,C01,2025-12-11,2025-12-11,2025-12-11,1,2
S002094,O002197,W01,C03,2025-09-27,2025-09-27,2025-09-27,1,2
S002095,O002198,W01,C02,2025-07-06,2025-07-07,2025-07-07,1,2
S002096,O002199,W01,C01,2025-07-14,2025-07-17,2025-07-16,1,0
S002097,O002200,W02,C03,2025-09-06,2025-09-10,2025-09-10,1,1
S002098,O002201,W02,C01,2025-09-02,2025-09-02,2025-09-02,1,3
S002099,O002202,W03,C02,2025-03-31,2025-04-05,2025-04-05,1,0
S002100,O002203,W01,C01,2025-12-09,2025-12-12,2025-12-14,0,1
S002101,O002204,W03,C01,2025-04-29,2025-05-01,2025-04-30,1,1
S002102,O002205,W01,C02,2025-01-28,2025-02-01,2025-01-31,1,0
S002103,O002206,W02,C02,2025-11-05,2025-11-06,2025-11-06,1,1
S002104,O002207,W01,C03,2025-02-13,2025-02-12,2025-02-12,1,3
S002105,O002208,W01,C03,2025-07-25,2025-07-26,2025-07-26,1,1
S002106,O002209,W01,C03,2025-11-07,2025-11-07,2025-11-07,1,2
S002107,O002211,W02,C03,2025-02-25,2025-02-26,2025-02-26,1,1
S002108,O002212,W01,C03,2025-10-17,2025-10-21,2025-10-21,1,0
S002109,O002213,W02,C02,2025-01-03,2025-01-05,2025-01-05,1,1
S002110,O002214,W02,C01,2025-04-25,2025-04-26,2025-04-26,1,2
S002111,O002216,W02,C03,2025-04-15,2025-04-17,2025-04-18,0,0
S002112,O002217,W01,C01,2025-01-12,2025-01-14,2025-01-14,1,1
S002113,O002218,W01,C01,2025-04-19,2025-04-21,2025-04-21,1,1
S002114,O002219,W01,C04,2025-05-03,2025-05-05,2025-05-05,1,2
S002115,O002221,W03,C03,2025-09-17,2025-09-19,2025-09-19,1,1
S002116,O002222,W01,C02,2025-05-20,2025-05-24,2025-05-25,0,1
S002117,O002223,W02,C03,2025-08-05,2025-08-07,2025-08-06,1,2
S002118,O002224,W01,C01,2025-06-13,2025-06-15,2025-06-14,1,1
S002119,O002225,W01,C04,2025-01-12,2025-01-15,2025-01-15,1,2
S002120,O002226,W03,C02,2025-01-13,2025-01-17,2025-01-17,1,0
S002121,O002227,W02,C01,2025-05-12,2025-05-17,2025-05-17,1,0
S002122,O002228,W02,C01,2025-08-23,2025-08-25,2025-08-27,0,1
S002123,O002229,W03,C02,2025-04-25,2025-04-26,2025-04-26,1,1
S002124,O002230,W01,C03,2025-03-03,2025-03-05,2025-03-05,1,2
S002125,O002231,W03,C01,2025-04-22,2025-04-26,2025-04-30,0,0
S002126,O002232,W02,C01,2025-09-13,2025-09-15,2025-09-14,1,2
S002127,O002233,W02,C02,2025-12-04,2025-12-04,2025-12-04,1,2
S002128,O002234,W01,C03,2025-06-05,2025-06-09,2025-06-08,1,1
S002129,O002235,W01,C02,2025-08-20,2025-08-20,2025-08-20,1,2
S002130,O002236,W02,C02,2025-08-22,2025-08-23,2025-08-23,1,2
S002131,O002237,W03,C04,2025-10-27,2025-10-29,2025-10-28,1,2
S002132,O002238,W01,C02,2025-07-19,2025-07-21,2025-07-21,1,1
S002133,O002239,W02,C03,2025-02-13,2025-02-15,2025-02-14,1,0
S002134,O002240,W02,C01,2025-05-13,2025-05-15,2025-05-14,1,1
S002135,O002241,W01,C01,2025-09-01,2025-09-04,2025-09-04,1,1
S002136,O002242,W01,C02,2025-04-23,2025-04-24,2025-04-24,1,2
S002137,O002243,W01,C01,2025-10-06,2025-10-08,2025-10-07,1,1
S002138,O002244,W01,C01,2025-03-20,2025-03-23,2025-03-23,1,1
S002139,O002245,W01,C03,2025-02-19,2025-02-21,2025-02-24,0,1
S002140,O002246,W01,C03,2025-06-20,2025-06-22,2025-06-24,0,1
S002141,O002247,W03,C04,2025-09-20,2025-09-23,2025-09-23,1,2
S002142,O002248,W03,C02,2025-07-20,2025-07-21,2025-07-21,1,1
S002143,O002249,W01,C03,2025-07-28,2025-07-31,2025-07-31,1,1
S002144,O002250,W01,C01,2025-03-10,2025-03-11,2025-03-11,1,2
S002145,O002251,W01,C02,2025-07-30,2025-08-01,2025-08-01,1,2
S002146,O002252,W02,C02,2025-10-17,2025-10-19,2025-10-19,1,1
S002147,O002253,W01,C01,2025-09-19,2025-09-22,2025-09-24,0,1
S002148,O002254,W01,C04,2025-06-19,2025-06-22,2025-06-25,0,1
S002149,O002255,W02,C03,2025-01-24,2025-01-24,2025-01-28,0,3
S002150,O002256,W01,C01,2025-03-20,2025-03-23,2025-03-23,1,1
S002151,O002257,W02,C01,2026-01-02,2026-01-04,2026-01-04,1,2
S002152,O002258,W01,C02,2025-08-03,2025-08-07,2025-08-07,1,1
S002153,O002259,W01,C02,2025-05-01,2025-05-03,2025-05-03,1,1
S002154,O002261,W01,C01,2025-06-10,2025-06-12,2025-06-12,1,1
S002155,O002262,W03,C02,2025-05-01,2025-05-03,2025-05-03,1,2
S002156,O002263,W01,C03,2025-03-02,2025-03-05,2025-03-05,1,0
S002157,O002264,W01,C02,2025-03-09,2025-03-12,2025-03-12,1,1
S002158,O002265,W02,C02,2025-03-09,2025-03-09,2025-03-09,1,2
S002159,O002266,W02,C02,2025-05-30,2025-05-30,2025-05-30,1,2
S002160,O002267,W02,C01,2025-11-20,2025-11-25,2025-11-24,1,0
S002161,O002268,W02,C02,2025-04-08,2025-04-11,2025-04-11,1,2
S002162,O002269,W02,C01,2025-12-13,2025-12-15,2025-12-15,1,2
S002163,O002270,W03,C01,2025-12-01,2025-12-03,2025-12-03,1,1
S002164,O002271,W01,C01,2025-09-30,2025-10-02,2025-10-06,0,2
S002165,O002272,W02,C04,2025-01-09,2025-01-13,2025-01-16,0,1
S002166,O002273,W02,C03,2025-07-02,2025-07-06,2025-07-06,1,0
S002167,O002274,W03,C02,2025-12-25,2025-12-29,2025-12-28,1,1
S002168,O002275,W03,C01,2025-07-30,2025-08-02,2025-08-02,1,1
S002169,O002276,W03,C03,2025-03-27,2025-03-30,2025-03-30,1,1
S002170,O002277,W01,C02,2025-04-03,2025-04-08,2025-04-11,0,0
S002171,O002278,W02,C03,2025-09-11,2025-09-14,2025-09-14,1,1
S002172,O002279,W01,C02,2025-12-15,2025-12-17,2025-12-17,1,2
S002173,O002280,W01,C01,2025-10-17,2025-10-19,2025-10-19,1,1
S002174,O002281,W02,C01,2025-09-19,2025-09-22,2025-09-22,1,1
S002175,O002282,W01,C01,2025-12-18,2025-12-19,2025-12-19,1,2
S002176,O002283,W03,C03,2025-05-03,2025-05-05,2025-05-04,1,1
S002177,O002284,W03,C03,2025-07-02,2025-07-05,2025-07-05,1,1
S002178,O002285,W01,C03,2025-11-28,2025-11-29,2025-11-29,1,2
S002179,O002286,W03,C02,2025-02-10,2025-02-13,2025-02-13,1,0
S002180,O002287,W03,C03,2025-03-18,2025-03-22,2025-03-21,1,0
S002181,O002288,W01,C02,2025-11-10,2025-11-10,2025-11-14,0,3
S002182,O002289,W03,C03,2025-10-31,2025-11-02,2025-11-01,1,1
S002183,O002290,W02,C02,2025-03-06,2025-03-08,2025-03-07,1,2
S002184,O002291,W01,C01,2025-06-14,2025-06-17,2025-06-17,1,0
S002185,O002292,W01,C02,2025-07-06,2025-07-08,2025-07-08,1,1
S002186,O002294,W01,C03,2025-09-13,2025-09-16,2025-09-15,1,0
S002187,O002295,W01,C01,2025-06-19,2025-06-20,2025-06-21,0,2
S002188,O002296,W01,C03,2025-03-20,2025-03-23,2025-03-23,1,1
S002189,O002297,W01,C02,2025-10-05,2025-10-07,2025-10-08,0,1
S002190,O002298,W01,C02,2025-09-21,2025-09-22,2025-09-23,0,2
S002191,O002300,W01,C04,2025-12-22,2025-12-23,2025-12-23,1,2
S002192,O002301,W02,C04,2025-10-14,2025-10-14,2025-10-14,1,2
S002193,O002302,W02,C02,2025-10-13,2025-10-16,2025-10-19,0,1
S002194,O002303,W02,C03,2025-06-03,2025-06-05,2025-06-05,1,1
S002195,O002304,W01,C01,2025-12-17,2025-12-18,2025-12-18,1,2
S002196,O002305,W03,C03,2025-06-05,2025-06-06,2025-06-06,1,1
S002197,O002306,W01,C03,2025-08-13,2025-08-16,2025-08-16,1,2
S002198,O002307,W02,C01,2025-11-14,2025-11-16,2025-11-15,1,3
S002199,O002308,W01,C02,2025-06-25,2025-06-24,2025-06-24,1,3
S002200,O002309,W03,C03,2025-12-11,2025-12-12,2025-12-12,1,1
S002201,O002310,W03,C03,2025-12-15,2025-12-16,2025-12-16,1,1
S002202,O002311,W03,C02,2025-02-23,2025-02-25,2025-02-25,1,2
S002203,O002312,W01,C04,2025-03-16,2025-03-18,2025-03-18,1,2
S002204,O002313,W01,C02,2025-01-08,2025-01-13,2025-01-13,1,0
S002205,O002315,W02,C03,2025-09-30,2025-10-04,2025-10-04,1,1
S002206,O002316,W02,C02,2025-04-23,2025-04-24,2025-04-26,0,1
S002207,O002317,W01,C04,2025-08-10,2025-08-11,2025-08-13,0,2
S002208,O002318,W01,C03,2025-08-21,2025-08-24,2025-08-24,1,2
S002209,O002319,W03,C04,2025-07-24,2025-07-26,2025-07-26,1,1
S002210,O002320,W01,C01,2025-02-01,2025-02-02,2025-02-02,1,2
S002211,O002322,W02,C02,2025-01-29,2025-01-31,2025-01-31,1,1
S002212,O002323,W02,C02,2025-09-29,2025-10-02,2025-10-02,1,1
S002213,O002324,W02,C03,2025-04-02,2025-04-05,2025-04-05,1,1
S002214,O002325,W03,C01,2025-01-06,2025-01-09,2025-01-08,1,1
S002215,O002326,W02,C02,2025-01-16,2025-01-18,2025-01-19,0,1
S002216,O002327,W02,C03,2025-03-27,2025-03-29,2025-03-29,1,2
S002217,O002328,W03,C02,2025-08-04,2025-08-07,2025-08-07,1,1
S002218,O002329,W01,C03,2025-09-11,2025-09-12,2025-09-12,1,1
S002219,O002330,W02,C03,2025-09-16,2025-09-18,2025-09-20,0,2
S002220,O002331,W02,C01,2025-12-20,2025-12-24,2025-12-24,1,1
S002221,O002332,W01,C03,2025-06-12,2025-06-13,2025-06-13,1,2
S002222,O002333,W01,C01,2025-03-16,2025-03-18,2025-03-18,1,2
S002223,O002334,W01,C01,2025-04-26,2025-04-27,2025-04-27,1,1
S002224,O002335,W01,C02,2025-10-22,2025-10-24,2025-10-24,1,2
S002225,O002336,W01,C03,2025-08-12,2025-08-13,2025-08-13,1,1
S002226,O002337,W03,C01,2025-04-17,2025-04-19,2025-04-18,1,1
S002227,O002338,W02,C04,2025-07-08,2025-07-09,2025-07-09,1,2
S002228,O002339,W03,C02,2025-08-01,2025-08-03,2025-08-06,0,1
S002229,O002340,W02,C02,2025-10-17,2025-10-19,2025-10-18,1,2
S002230,O002341,W01,C01,2025-01-03,2025-01-06,2025-01-06,1,1
S002231,O002342,W01,C01,2025-07-01,2025-07-06,2025-07-06,1,0
S002232,O002343,W03,C02,2025-12-16,2025-12-17,2025-12-17,1,2
S002233,O002344,W02,C03,2025-09-19,2025-09-20,2025-09-20,1,2
S002234,O002345,W03,C02,2025-02-07,2025-02-09,2025-02-09,1,2
S002235,O002347,W01,C01,2025-12-14,2025-12-17,2025-12-17,1,1
S002236,O002348,W02,C03,2025-07-14,2025-07-18,2025-07-17,1,1
S002237,O002349,W02,C02,2025-04-13,2025-04-18,2025-04-18,1,0
S002238,O002350,W02,C02,2025-03-03,2025-03-04,2025-03-04,1,2
S002239,O002351,W02,C02,2025-12-07,2025-12-10,2025-12-12,0,1
S002240,O002352,W01,C02,2025-04-18,2025-04-20,2025-04-19,1,1
S002241,O002353,W01,C01,2025-04-05,2025-04-08,2025-04-08,1,1
S002242,O002354,W02,C04,2025-05-22,2025-05-25,2025-05-24,1,2
S002243,O002355,W03,C03,2025-01-19,2025-01-23,2025-01-23,1,1
S002244,O002356,W02,C04,2025-02-04,2025-02-06,2025-02-05,1,1
S002245,O002357,W03,C03,2025-05-01,2025-05-04,2025-05-03,1,0
S002246,O002358,W03,C03,2025-05-27,2025-05-27,2025-05-27,1,2
S002247,O002359,W02,C01,2025-04-15,2025-04-17,2025-04-17,1,1
S002248,O002360,W03,C02,2025-01-20,2025-01-23,2025-01-23,1,1
S002249,O002361,W01,C02,2025-08-29,2025-08-31,2025-09-03,0,2
S002250,O002362,W01,C03,2025-11-03,2025-11-05,2025-11-04,1,2
S002251,O002363,W01,C02,2025-06-26,2025-06-28,2025-07-01,0,2
S002252,O002364,W01,C01,2025-06-14,2025-06-16,2025-06-16,1,2
S002253,O002365,W01,C01,2025-06-20,2025-06-23,2025-06-23,1,1
S002254,O002366,W01,C03,2025-03-14,2025-03-17,2025-03-21,0,1
S002255,O002367,W03,C03,2025-06-24,2025-06-25,2025-06-26,0,2
S002256,O002368,W03,C04,2025-08-26,2025-08-28,2025-08-28,1,3
S002257,O002369,W03,C01,2025-01-14,2025-01-15,2025-01-15,1,2
S002258,O002370,W01,C02,2025-06-13,2025-06-16,2025-06-15,1,1
S002259,O002371,W01,C01,2025-05-21,2025-05-23,2025-05-23,1,1
S002260,O002372,W02,C02,2025-11-09,2025-11-10,2025-11-10,1,2
S002261,O002374,W02,C01,2025-07-11,2025-07-14,2025-07-14,1,0
S002262,O002375,W02,C02,2025-10-02,2025-10-04,2025-10-04,1,1
S002263,O002376,W02,C01,2025-04-14,2025-04-16,2025-04-17,0,1
S002264,O002377,W01,C01,2025-06-25,2025-06-26,2025-06-26,1,2
S002265,O002379,W01,C03,2025-04-07,2025-04-10,2025-04-10,1,1
S002266,O002380,W01,C03,2025-06-04,2025-06-05,2025-06-05,1,3
S002267,O002381,W03,C01,2025-01-20,2025-01-23,2025-01-22,1,1
S002268,O002382,W02,C02,2025-03-20,2025-03-22,2025-03-22,1,2
S002269,O002383,W02,C03,2025-01-07,2025-01-09,2025-01-09,1,2
S002270,O002384,W03,C03,2025-07-16,2025-07-20,2025-07-21,0,1
S002271,O002385,W01,C04,2025-09-23,2025-09-25,2025-09-25,1,1
S002272,O002386,W01,C02,2025-10-25,2025-10-28,2025-10-27,1,1
S002273,O002387,W02,C01,2025-01-02,2025-01-05,2025-01-05,1,1
S002274,O002388,W02,C03,2025-08-20,2025-08-21,2025-08-21,1,1
S002275,O002389,W02,C02,2025-08-10,2025-08-11,2025-08-11,1,2
S002276,O002390,W02,C04,2025-02-05,2025-02-09,2025-02-09,1,1
S002277,O002391,W01,C01,2025-06-17,2025-06-18,2025-06-18,1,2
S002278,O002392,W03,C01,2025-12-13,2025-12-16,2025-12-16,1,1
S002279,O002393,W03,C02,2025-09-18,2025-09-21,2025-09-21,1,0
S002280,O002394,W01,C04,2025-05-14,2025-05-18,2025-05-18,1,0
S002281,O002395,W02,C03,2025-02-03,2025-02-03,2025-02-03,1,2
S002282,O002396,W02,C01,2025-05-25,2025-05-26,2025-05-26,1,2
S002283,O002397,W03,C01,2025-12-13,2025-12-13,2025-12-13,1,3
S002284,O002398,W03,C03,2025-12-19,2025-12-23,2025-12-22,1,1
S002285,O002399,W02,C04,2025-05-21,2025-05-24,2025-05-27,0,0
S002286,O002400,W01,C04,2025-08-10,2025-08-12,2025-08-12,1,1
S002287,O002401,W01,C03,2025-09-24,2025-09-26,2025-09-26,1,1
S002288,O002402,W02,C01,2025-06-17,2025-06-18,2025-06-18,1,3
S002289,O002403,W03,C01,2025-06-14,2025-06-17,2025-06-17,1,0
S002290,O002405,W01,C01,2025-02-11,2025-02-13,2025-02-13,1,1
S002291,O002406,W01,C01,2025-06-01,2025-06-03,2025-06-03,1,1
S002292,O002407,W02,C02,2025-10-17,2025-10-19,2025-10-19,1,0
S002293,O002408,W01,C01,2025-07-03,2025-07-05,2025-07-05,1,1
S002294,O002409,W02,C04,2025-09-25,2025-09-29,2025-09-28,1,1
S002295,O002410,W01,C01,2025-04-11,2025-04-14,2025-04-14,1,1
S002296,O002411,W02,C04,2025-12-03,2025-12-06,2025-12-09,0,0
S002297,O002413,W01,C01,2025-05-04,2025-05-07,2025-05-07,1,2
S002298,O002414,W02,C01,2025-10-05,2025-10-08,2025-10-08,1,1
S002299,O002415,W02,C03,2025-10-15,2025-10-15,2025-10-15,1,2
S002300,O002416,W02,C03,2025-06-22,2025-06-24,2025-06-24,1,1
S002301,O002417,W01,C02,2025-06-10,2025-06-12,2025-06-12,1,2
S002302,O002418,W01,C03,2025-07-25,2025-07-27,2025-07-27,1,0
S002303,O002419,W03,C03,2025-10-07,2025-10-10,2025-10-11,0,0
S002304,O002420,W02,C03,2025-06-27,2025-06-29,2025-06-29,1,2
S002305,O002421,W02,C02,2025-10-04,2025-10-07,2025-10-11,0,2
S002306,O002422,W01,C02,2025-06-16,2025-06-17,2025-06-17,1,2
S002307,O002423,W02,C01,2025-12-08,2025-12-11,2025-12-11,1,1
S002308,O002424,W01,C01,2025-06-18,2025-06-21,2025-06-21,1,0
S002309,O002425,W03,C02,2025-10-22,2025-10-26,2025-10-29,0,0
S002310,O002426,W03,C02,2025-07-14,2025-07-15,2025-07-15,1,2
S002311,O002427,W02,C02,2025-07-07,2025-07-07,2025-07-07,1,2
S002312,O002428,W01,C04,2025-11-27,2025-11-30,2025-11-30,1,2
S002313,O002429,W01,C02,2025-08-10,2025-08-12,2025-08-12,1,1
S002314,O002430,W01,C03,2025-06-06,2025-06-06,2025-06-06,1,2
S002315,O002431,W02,C02,2025-05-04,2025-05-08,2025-05-11,0,1
S002316,O002432,W02,C02,2025-08-13,2025-08-14,2025-08-14,1,1
S002317,O002433,W01,C01,2025-07-07,2025-07-09,2025-07-09,1,1
S002318,O002434,W03,C02,2025-03-31,2025-04-02,2025-04-02,1,1
S002319,O002435,W01,C02,2025-07-23,2025-07-25,2025-07-25,1,2
S002320,O002436,W01,C03,2025-06-16,2025-06-19,2025-06-19,1,1
S002321,O002437,W01,C03,2025-10-24,2025-10-26,2025-10-25,1,2
S002322,O002438,W01,C01,2025-12-25,2025-12-27,2025-12-26,1,2
S002323,O002439,W02,C03,2025-06-04,2025-06-04,2025-06-04,1,3
S002324,O002440,W01,C01,2025-10-30,2025-11-02,2025-11-01,1,2
S002325,O002441,W03,C02,2025-11-10,2025-11-12,2025-11-11,1,0
S002326,O002442,W02,C02,2025-04-17,2025-04-18,2025-04-18,1,2
S002327,O002443,W01,C02,2025-02-10,2025-02-10,2025-02-10,1,3
S002328,O002444,W03,C04,2025-04-16,2025-04-16,2025-04-16,1,2
S002329,O002445,W02,C03,2025-12-17,2025-12-21,2025-12-22,0,0
S002330,O002446,W01,C01,2025-04-09,2025-04-12,2025-04-12,1,2
S002331,O002447,W01,C03,2025-10-14,2025-10-15,2025-10-15,1,2
S002332,O002448,W01,C01,2025-09-04,2025-09-04,2025-09-04,1,2
S002333,O002449,W01,C02,2025-06-29,2025-06-30,2025-06-30,1,1
S002334,O002450,W03,C01,2025-11-07,2025-11-09,2025-11-08,1,1
S002335,O002451,W03,C02,2025-11-20,2025-11-23,2025-11-23,1,1
S002336,O002452,W02,C03,2025-11-26,2025-11-25,2025-11-25,1,3
S002337,O002453,W01,C01,2025-03-06,2025-03-09,2025-03-09,1,1
S002338,O002454,W03,C01,2025-03-03,2025-03-05,2025-03-05,1,2
S002339,O002455,W01,C03,2025-05-14,2025-05-17,2025-05-16,1,2
S002340,O002456,W03,C01,2025-07-19,2025-07-20,2025-07-20,1,1
S002341,O002458,W01,C01,2025-07-01,2025-07-04,2025-07-04,1,1
S002342,O002459,W02,C02,2025-12-21,2025-12-23,2025-12-22,1,2
S002343,O002460,W02,C01,2025-03-02,2025-03-05,2025-03-05,1,1
S002344,O002461,W02,C01,2025-03-21,2025-03-24,2025-03-24,1,2
S002345,O002462,W02,C01,2025-12-15,2025-12-18,2025-12-17,1,1
S002346,O002463,W01,C02,2025-10-07,2025-10-11,2025-10-11,1,1
S002347,O002465,W02,C01,2025-04-10,2025-04-11,2025-04-11,1,1
S002348,O002467,W02,C03,2025-03-29,2025-04-02,2025-04-02,1,1
S002349,O002469,W01,C02,2025-06-03,2025-06-04,2025-06-05,0,2
S002350,O002471,W01,C01,2025-07-18,2025-07-22,2025-07-23,0,1
S002351,O002472,W01,C01,2025-04-16,2025-04-18,2025-04-17,1,1
S002352,O002473,W01,C02,2025-07-09,2025-07-12,2025-07-13,0,2
S002353,O002474,W01,C04,2025-11-09,2025-11-13,2025-11-13,1,1
S002354,O002475,W03,C02,2025-04-11,2025-04-12,2025-04-12,1,1
S002355,O002477,W02,C04,2025-08-22,2025-08-22,2025-08-22,1,2
S002356,O002478,W02,C01,2025-07-01,2025-07-04,2025-07-03,1,0
S002357,O002479,W03,C03,2025-12-16,2025-12-20,2025-12-20,1,1
S002358,O002480,W02,C01,2025-09-15,2025-09-15,2025-09-15,1,2
S002359,O002481,W01,C01,2025-12-06,2025-12-10,2025-12-10,1,1
S002360,O002482,W02,C02,2025-05-09,2025-05-10,2025-05-10,1,2
S002361,O002483,W01,C01,2025-05-07,2025-05-07,2025-05-07,1,2
S002362,O002484,W01,C02,2025-02-03,2025-02-05,2025-02-05,1,2
S002363,O002485,W02,C02,2025-06-30,2025-07-04,2025-07-04,1,0
S002364,O002486,W03,C03,2025-02-17,2025-02-21,2025-02-22,0,1
S002365,O002487,W02,C01,2025-12-01,2025-12-03,2025-12-07,0,2
S002366,O002488,W03,C01,2025-09-03,2025-09-05,2025-09-05,1,1
S002367,O002489,W02,C01,2025-06-01,2025-06-03,2025-06-03,1,0
S002368,O002490,W01,C01,2025-06-21,2025-06-24,2025-06-24,1,2
S002369,O002491,W01,C01,2025-12-13,2025-12-15,2025-12-15,1,2
S002370,O002492,W02,C04,2025-02-21,2025-02-23,2025-02-23,1,3
S002371,O002493,W03,C03,2025-05-27,2025-05-28,2025-05-28,1,1
S002372,O002494,W01,C02,2025-02-08,2025-02-12,2025-02-16,0,0
S002373,O002495,W01,C01,2025-06-04,2025-06-06,2025-06-05,1,2
S002374,O002496,W02,C02,2025-12-15,2025-12-17,2025-12-17,1,2
S002375,O002497,W01,C02,2025-05-18,2025-05-21,2025-05-21,1,2
S002376,O002498,W01,C03,2025-10-19,2025-10-22,2025-10-22,1,1
S002377,O002499,W02,C02,2025-01-23,2025-01-25,2025-01-25,1,1
S002378,O002500,W02,C03,2025-10-29,2025-11-01,2025-11-01,1,2
S002379,O002501,W02,C03,2025-06-11,2025-06-12,2025-06-12,1,2
S002380,O002502,W01,C03,2025-09-30,2025-10-04,2025-10-04,1,0
S002381,O002503,W01,C02,2025-02-10,2025-02-13,2025-02-12,1,1
S002382,O002504,W01,C02,2025-04-17,2025-04-19,2025-04-18,1,2
S002383,O002505,W03,C02,2025-12-21,2025-12-25,2025-12-25,1,0
S002384,O002506,W02,C02,2025-09-23,2025-09-26,2025-09-28,0,1
S002385,O002507,W02,C03,2025-10-20,2025-10-24,2025-10-24,1,1
S002386,O002508,W01,C01,2025-11-08,2025-11-12,2025-11-12,1,1
S002387,O002509,W01,C03,2025-06-18,2025-06-21,2025-06-21,1,1
S002388,O002510,W03,C03,2025-09-07,2025-09-08,2025-09-08,1,1
S002389,O002511,W02,C01,2025-09-08,2025-09-11,2025-09-11,1,1
S002390,O002512,W01,C02,2025-06-16,2025-06-18,2025-06-21,0,2
S002391,O002513,W01,C03,2025-01-02,2025-01-05,2025-01-05,1,1
S002392,O002514,W01,C03,2025-09-15,2025-09-16,2025-09-16,1,2
S002393,O002515,W03,C03,2025-08-04,2025-08-05,2025-08-05,1,2
S002394,O002516,W02,C04,2025-08-23,2025-08-23,2025-08-23,1,2
S002395,O002517,W01,C02,2025-01-20,2025-01-22,2025-01-22,1,1
S002396,O002518,W02,C04,2025-09-10,2025-09-12,2025-09-16,0,1
S002397,O002519,W01,C03,2025-09-26,2025-09-29,2025-09-29,1,0
S002398,O002520,W02,C02,2025-02-19,2025-02-21,2025-02-21,1,3
S002399,O002521,W02,C02,2025-04-06,2025-04-06,2025-04-06,1,2
S002400,O002524,W01,C03,2025-06-17,2025-06-18,2025-06-21,0,2
S002401,O002525,W01,C01,2025-08-28,2025-08-29,2025-08-29,1,1
S002402,O002526,W03,C02,2025-07-04,2025-07-08,2025-07-08,1,0
S002403,O002527,W01,C01,2025-12-27,2025-12-28,2025-12-28,1,2
S002404,O002528,W02,C04,2025-07-14,2025-07-17,2025-07-16,1,1
S002405,O002529,W01,C02,2025-05-25,2025-05-28,2025-05-27,1,0
S002406,O002530,W03,C01,2025-05-08,2025-05-10,2025-05-09,1,1
S002407,O002531,W02,C01,2025-03-09,2025-03-11,2025-03-10,1,1
S002408,O002532,W02,C02,2025-01-31,2025-02-04,2025-02-04,1,1
S002409,O002533,W03,C01,2025-06-22,2025-06-25,2025-06-24,1,1
S002410,O002534,W02,C04,2025-10-16,2025-10-19,2025-10-19,1,1
S002411,O002535,W01,C03,2025-10-17,2025-10-20,2025-10-20,1,2
S002412,O002536,W01,C04,2025-06-27,2025-06-28,2025-06-28,1,2
S002413,O002537,W01,C01,2025-09-26,2025-09-29,2025-09-29,1,1
S002414,O002538,W02,C03,2025-08-06,2025-08-08,2025-08-08,1,1
S002415,O002539,W01,C01,2025-04-03,2025-04-05,2025-04-09,0,1
S002416,O002540,W01,C03,2025-10-03,2025-10-05,2025-10-05,1,2
S002417,O002541,W02,C02,2025-01-23,2025-01-25,2025-01-25,1,1
S002418,O002543,W02,C04,2025-06-04,2025-06-06,2025-06-06,1,1
S002419,O002545,W02,C01,2025-01-07,2025-01-08,2025-01-08,1,1
S002420,O002546,W01,C03,2025-12-17,2025-12-19,2025-12-19,1,1
S002421,O002548,W01,C01,2025-04-05,2025-04-06,2025-04-06,1,3
S002422,O002549,W03,C01,2025-01-15,2025-01-19,2025-01-19,1,0
S002423,O002550,W02,C04,2025-11-03,2025-11-05,2025-11-05,1,2
S002424,O002551,W01,C02,2025-12-10,2025-12-13,2025-12-13,1,0
S002425,O002552,W03,C02,2025-03-03,2025-03-04,2025-03-04,1,2
S002426,O002553,W02,C03,2025-04-08,2025-04-09,2025-04-09,1,2
S002427,O002554,W02,C02,2025-07-14,2025-07-16,2025-07-16,1,1
S002428,O002555,W02,C01,2025-10-13,2025-10-16,2025-10-17,0,0
S002429,O002556,W02,C03,2025-08-09,2025-08-12,2025-08-12,1,2
S002430,O002557,W01,C01,2025-11-21,2025-11-23,2025-11-22,1,1
S002431,O002558,W01,C01,2025-12-02,2025-12-04,2025-12-03,1,1
S002432,O002559,W01,C04,2025-09-25,2025-09-28,2025-09-28,1,1
S002433,O002560,W03,C01,2025-12-26,2025-12-28,2025-12-28,1,1
S002434,O002561,W02,C01,2025-01-24,2025-01-26,2025-01-26,1,1
S002435,O002562,W02,C02,2025-02-06,2025-02-10,2025-02-09,1,1
S002436,O002563,W03,C02,2025-06-05,2025-06-10,2025-06-13,0,0
S002437,O002564,W01,C03,2025-09-04,2025-09-05,2025-09-09,0,2
S002438,O002565,W03,C03,2025-02-24,2025-02-27,2025-02-27,1,2
S002439,O002566,W01,C03,2025-02-12,2025-02-13,2025-02-13,1,2
S002440,O002567,W01,C02,2025-02-15,2025-02-18,2025-02-17,1,2
S002441,O002568,W03,C01,2025-12-26,2025-12-30,2025-12-30,1,1
S002442,O002569,W01,C03,2025-09-21,2025-09-22,2025-09-23,0,2
S002443,O002570,W01,C01,2025-05-13,2025-05-15,2025-05-14,1,1
S002444,O002571,W01,C04,2025-08-01,2025-08-02,2025-08-02,1,1
S002445,O002572,W03,C03,2025-09-12,2025-09-14,2025-09-14,1,1
S002446,O002573,W01,C04,2025-11-15,2025-11-17,2025-11-16,1,2
S002447,O002574,W03,C01,2025-11-03,2025-11-06,2025-11-06,1,1
S002448,O002575,W02,C03,2025-04-17,2025-04-21,2025-04-21,1,1
S002449,O002576,W01,C03,2025-05-11,2025-05-12,2025-05-12,1,2
S002450,O002577,W02,C01,2025-06-25,2025-06-27,2025-06-27,1,1
S002451,O002578,W02,C03,2025-10-29,2025-11-01,2025-11-01,1,0
S002452,O002579,W01,C01,2025-08-27,2025-08-30,2025-08-30,1,2
S002453,O002580,W01,C02,2025-11-27,2025-12-01,2025-12-01,1,1
S002454,O002581,W02,C02,2025-03-22,2025-03-24,2025-03-23,1,1
S002455,O002582,W03,C04,2025-08-27,2025-08-27,2025-08-27,1,2
S002456,O002583,W01,C02,2025-05-02,2025-05-07,2025-05-07,1,0
S002457,O002584,W02,C01,2025-09-12,2025-09-14,2025-09-14,1,1
S002458,O002585,W02,C01,2025-07-03,2025-07-06,2025-07-05,1,0
S002459,O002586,W01,C02,2025-03-14,2025-03-16,2025-03-18,0,2
S002460,O002587,W03,C01,2025-07-26,2025-07-26,2025-07-26,1,2
S002461,O002588,W02,C01,2025-11-10,2025-11-13,2025-11-13,1,2
S002462,O002589,W03,C03,2025-08-31,2025-09-02,2025-09-02,1,0
S002463,O002590,W02,C02,2025-08-11,2025-08-11,2025-08-11,1,3
S002464,O002591,W01,C03,2025-02-14,2025-02-17,2025-02-17,1,1
S002465,O002592,W01,C03,2025-01-18,2025-01-20,2025-01-19,1,1
S002466,O002593,W02,C02,2025-02-03,2025-02-06,2025-02-06,1,1
S002467,O002594,W02,C02,2025-01-18,2025-01-20,2025-01-19,1,2
S002468,O002595,W03,C01,2025-06-27,2025-06-30,2025-06-30,1,1
S002469,O002596,W01,C04,2025-08-02,2025-08-04,2025-08-04,1,1
S002470,O002597,W03,C03,2025-10-03,2025-10-07,2025-10-10,0,0
S002471,O002598,W03,C01,2025-11-28,2025-11-30,2025-11-30,1,1
S002472,O002600,W02,C03,2025-02-28,2025-03-05,2025-03-05,1,0
S002473,O002601,W02,C01,2025-11-17,2025-11-20,2025-11-20,1,1
S002474,O002602,W01,C03,2025-06-30,2025-07-02,2025-07-02,1,3
S002475,O002604,W03,C02,2025-10-19,2025-10-20,2025-10-20,1,1
S002476,O002605,W01,C02,2025-09-03,2025-09-05,2025-09-05,1,1
S002477,O002606,W02,C01,2025-06-07,2025-06-09,2025-06-09,1,2
S002478,O002607,W03,C03,2025-02-28,2025-03-02,2025-03-01,1,1
S002479,O002608,W01,C01,2025-01-14,2025-01-17,2025-01-17,1,2
S002480,O002609,W03,C03,2025-01-27,2025-01-28,2025-01-28,1,2
S002481,O002610,W01,C02,2025-04-04,2025-04-07,2025-04-07,1,1
S002482,O002611,W01,C01,2025-12-11,2025-12-12,2025-12-12,1,1
S002483,O002612,W01,C03,2025-06-06,2025-06-09,2025-06-10,0,0
S002484,O002613,W01,C03,2025-12-29,2025-12-31,2025-12-31,1,1
S002485,O002614,W02,C03,2025-03-03,2025-03-07,2025-03-06,1,0
S002486,O002615,W01,C01,2025-08-06,2025-08-08,2025-08-07,1,1
S002487,O002616,W01,C01,2025-10-30,2025-11-04,2025-11-04,1,0
S002488,O002617,W03,C02,2025-05-23,2025-05-25,2025-05-25,1,1
S002489,O002618,W02,C01,2025-12-20,2025-12-23,2025-12-22,1,2
S002490,O002620,W01,C04,2025-11-14,2025-11-17,2025-11-16,1,0
S002491,O002621,W03,C04,2025-09-03,2025-09-04,2025-09-08,0,1
S002492,O002622,W01,C02,2025-02-05,2025-02-08,2025-02-07,1,1
S002493,O002624,W03,C03,2025-05-16,2025-05-18,2025-05-18,1,1
S002494,O002625,W03,C04,2025-04-08,2025-04-11,2025-04-11,1,2
S002495,O002626,W03,C04,2025-05-13,2025-05-17,2025-05-21,0,0
S002496,O002630,W01,C01,2025-09-21,2025-09-24,2025-09-24,1,1
S002497,O002631,W01,C03,2025-03-27,2025-03-29,2025-03-29,1,2
S002498,O002632,W01,C04,2025-10-09,2025-10-13,2025-10-13,1,0
S002499,O002634,W01,C02,2025-10-30,2025-11-01,2025-11-01,1,1
S002500,O002635,W01,C01,2025-11-18,2025-11-20,2025-11-20,1,1
S002501,O002636,W03,C04,2025-10-23,2025-10-26,2025-10-26,1,1
S002502,O002637,W02,C02,2025-12-17,2025-12-18,2025-12-18,1,2
S002503,O002639,W01,C01,2025-03-17,2025-03-21,2025-03-20,1,0
S002504,O002640,W02,C04,2025-12-20,2025-12-24,2025-12-24,1,0
S002505,O002641,W03,C04,2025-06-02,2025-06-03,2025-06-03,1,2
S002506,O002642,W02,C01,2025-06-26,2025-06-29,2025-07-01,0,2
S002507,O002643,W03,C01,2025-07-31,2025-08-03,2025-08-02,1,1
S002508,O002644,W01,C03,2025-02-05,2025-02-08,2025-02-08,1,0
S002509,O002645,W03,C01,2025-03-15,2025-03-17,2025-03-17,1,0
S002510,O002646,W01,C01,2025-04-19,2025-04-21,2025-04-21,1,1
S002511,O002647,W01,C02,2025-04-20,2025-04-22,2025-04-22,1,1
S002512,O002648,W03,C03,2025-10-23,2025-10-26,2025-10-26,1,0
S002513,O002649,W02,C03,2025-05-20,2025-05-23,2025-05-23,1,1
S002514,O002650,W01,C03,2025-05-02,2025-05-05,2025-05-05,1,1
S002515,O002651,W01,C01,2025-04-20,2025-04-22,2025-04-21,1,2
S002516,O002652,W01,C01,2025-10-22,2025-10-24,2025-10-28,0,1
S002517,O002653,W01,C01,2025-04-06,2025-04-06,2025-04-06,1,2
S002518,O002654,W03,C01,2025-05-28,2025-05-30,2025-05-30,1,2
S002519,O002655,W01,C02,2025-01-16,2025-01-20,2025-01-20,1,1
S002520,O002656,W01,C03,2025-04-27,2025-05-01,2025-04-30,1,1
S002521,O002657,W01,C03,2025-05-23,2025-05-27,2025-05-26,1,1
S002522,O002659,W03,C04,2025-12-05,2025-12-08,2025-12-08,1,1
S002523,O002660,W03,C01,2025-06-22,2025-06-24,2025-06-24,1,0
S002524,O002661,W01,C03,2025-09-09,2025-09-11,2025-09-11,1,2
S002525,O002662,W02,C01,2025-03-21,2025-03-23,2025-03-23,1,1
S002526,O002663,W01,C02,2026-01-01,2026-01-04,2026-01-04,1,1
S002527,O002664,W01,C03,2025-10-14,2025-10-16,2025-10-16,1,1
S002528,O002665,W02,C04,2025-04-30,2025-05-03,2025-05-04,0,1
S002529,O002666,W02,C03,2025-02-24,2025-02-26,2025-02-25,1,2
S002530,O002667,W01,C03,2025-01-28,2025-01-30,2025-01-31,0,2
S002531,O002668,W03,C02,2025-11-07,2025-11-10,2025-11-09,1,1
S002532,O002669,W02,C03,2025-09-30,2025-10-02,2025-10-02,1,2
S002533,O002670,W03,C02,2025-03-19,2025-03-20,2025-03-20,1,1
S002534,O002671,W03,C02,2025-09-08,2025-09-09,2025-09-09,1,2
S002535,O002672,W02,C01,2025-04-24,2025-04-27,2025-04-27,1,1
S002536,O002673,W03,C01,2025-06-27,2025-06-28,2025-06-28,1,2
S002537,O002674,W01,C04,2025-12-14,2025-12-18,2025-12-17,1,0
S002538,O002675,W02,C02,2025-02-22,2025-02-25,2025-02-25,1,1
S002539,O002676,W02,C01,2025-11-25,2025-11-26,2025-11-26,1,3
S002540,O002677,W02,C03,2025-08-21,2025-08-23,2025-08-23,1,1
S002541,O002678,W03,C01,2025-10-12,2025-10-13,2025-10-13,1,2
S002542,O002679,W02,C01,2025-02-01,2025-02-03,2025-02-03,1,2
S002543,O002680,W01,C02,2025-06-17,2025-06-21,2025-06-21,1,0
S002544,O002681,W02,C03,2025-01-12,2025-01-13,2025-01-13,1,2
S002545,O002682,W01,C01,2025-03-10,2025-03-11,2025-03-11,1,1
S002546,O002683,W01,C03,2025-09-29,2025-09-30,2025-09-30,1,2
S002547,O002684,W03,C04,2025-08-12,2025-08-14,2025-08-14,1,1
S002548,O002685,W01,C03,2025-08-13,2025-08-14,2025-08-14,1,1
S002549,O002686,W01,C01,2025-11-01,2025-11-03,2025-11-03,1,1
S002550,O002687,W01,C03,2025-07-27,2025-07-29,2025-07-28,1,1
S002551,O002688,W03,C01,2025-09-30,2025-10-02,2025-10-02,1,1
S002552,O002689,W03,C04,2025-12-12,2025-12-15,2025-12-14,1,1
S002553,O002690,W01,C01,2025-04-24,2025-04-28,2025-04-28,1,1
S002554,O002691,W01,C02,2025-03-22,2025-03-25,2025-03-25,1,1
S002555,O002692,W03,C03,2025-12-28,2025-12-31,2025-12-31,1,2
S002556,O002694,W02,C01,2025-05-01,2025-05-01,2025-05-02,0,2
S002557,O002695,W01,C03,2025-12-03,2025-12-06,2025-12-06,1,1
S002558,O002696,W02,C01,2025-03-22,2025-03-23,2025-03-23,1,2
S002559,O002697,W02,C01,2025-05-17,2025-05-18,2025-05-18,1,2
S002560,O002698,W03,C02,2025-10-28,2025-10-30,2025-10-29,1,0
S002561,O002700,W02,C03,2025-07-14,2025-07-15,2025-07-15,1,2
S002562,O002701,W03,C01,2025-11-14,2025-11-17,2025-11-17,1,0
S002563,O002702,W02,C01,2025-04-28,2025-04-30,2025-04-29,1,2
S002564,O002703,W01,C01,2025-04-24,2025-04-25,2025-04-25,1,2
S002565,O002704,W02,C01,2025-12-06,2025-12-07,2025-12-07,1,1
S002566,O002705,W03,C02,2025-07-11,2025-07-14,2025-07-14,1,1
S002567,O002706,W03,C03,2025-08-28,2025-08-30,2025-08-30,1,1
S002568,O002707,W02,C01,2025-01-23,2025-01-24,2025-01-24,1,1
S002569,O002708,W01,C02,2025-06-30,2025-07-04,2025-07-04,1,0
S002570,O002709,W01,C01,2025-01-06,2025-01-08,2025-01-08,1,1
S002571,O002710,W01,C04,2025-06-16,2025-06-19,2025-06-22,0,1
S002572,O002711,W03,C02,2025-02-05,2025-02-08,2025-02-10,0,1
S002573,O002712,W01,C03,2025-06-29,2025-07-02,2025-07-02,1,2
S002574,O002713,W01,C01,2025-12-08,2025-12-10,2025-12-09,1,1
S002575,O002714,W03,C02,2025-01-11,2025-01-14,2025-01-13,1,1
S002576,O002715,W03,C02,2025-08-02,2025-08-03,2025-08-03,1,2
S002577,O002716,W02,C03,2025-07-31,2025-08-04,2025-08-04,1,1
S002578,O002717,W01,C02,2025-04-30,2025-04-30,2025-04-30,1,2
S002579,O002718,W02,C01,2025-07-18,2025-07-20,2025-07-20,1,2
S002580,O002719,W01,C02,2025-10-15,2025-10-17,2025-10-17,1,1
S002581,O002720,W03,C02,2025-12-12,2025-12-13,2025-12-17,0,2
S002582,O002721,W01,C03,2025-02-22,2025-02-25,2025-02-25,1,1
S002583,O002722,W02,C01,2025-02-16,2025-02-17,2025-02-17,1,2
S002584,O002723,W02,C01,2025-04-02,2025-04-04,2025-04-04,1,2
S002585,O002724,W01,C03,2025-05-31,2025-06-04,2025-06-04,1,1
S002586,O002725,W02,C02,2025-04-15,2025-04-18,2025-04-20,0,1
S002587,O002726,W01,C02,2025-06-18,2025-06-20,2025-06-20,1,1
S002588,O002727,W03,C01,2025-12-18,2025-12-20,2025-12-20,1,1
S002589,O002728,W02,C02,2025-07-29,2025-08-02,2025-08-02,1,1
S002590,O002729,W01,C01,2025-10-29,2025-10-30,2025-10-30,1,1
S002591,O002730,W02,C01,2025-02-10,2025-02-11,2025-02-11,1,2
S002592,O002731,W02,C01,2025-06-19,2025-06-20,2025-06-20,1,2
S002593,O002732,W03,C02,2025-09-25,2025-09-26,2025-09-26,1,1
S002594,O002733,W01,C04,2025-11-30,2025-11-30,2025-11-30,1,2
S002595,O002734,W03,C02,2025-03-11,2025-03-13,2025-03-13,1,1
S002596,O002735,W01,C02,2025-07-11,2025-07-14,2025-07-14,1,0
S002597,O002736,W03,C03,2025-07-23,2025-07-23,2025-07-23,1,3
S002598,O002738,W01,C03,2025-09-15,2025-09-16,2025-09-16,1,2
S002599,O002739,W02,C03,2025-01-25,2025-01-26,2025-01-30,0,3
S002600,O002740,W01,C03,2025-11-29,2025-12-02,2025-12-04,0,1
S002601,O002741,W01,C03,2025-01-20,2025-01-22,2025-01-22,1,2
S002602,O002742,W01,C04,2025-01-30,2025-01-31,2025-01-31,1,2
S002603,O002743,W03,C03,2025-03-21,2025-03-25,2025-03-24,1,1
S002604,O002744,W01,C04,2025-08-17,2025-08-20,2025-08-21,0,1
S002605,O002745,W01,C01,2025-05-06,2025-05-08,2025-05-08,1,1
S002606,O002746,W02,C01,2025-10-26,2025-10-27,2025-10-27,1,2
S002607,O002747,W03,C01,2025-03-05,2025-03-07,2025-03-06,1,1
S002608,O002748,W01,C03,2025-11-10,2025-11-11,2025-11-11,1,2
S002609,O002749,W03,C02,2025-09-21,2025-09-24,2025-09-24,1,1
S002610,O002750,W02,C03,2025-06-16,2025-06-18,2025-06-18,1,2
S002611,O002751,W02,C04,2025-06-13,2025-06-14,2025-06-14,1,2
S002612,O002752,W03,C02,2025-05-11,2025-05-12,2025-05-12,1,1
S002613,O002753,W02,C03,2025-11-11,2025-11-14,2025-11-14,1,1
S002614,O002754,W03,C02,2025-07-29,2025-08-02,2025-08-02,1,0
S002615,O002755,W01,C03,2025-07-17,2025-07-19,2025-07-19,1,1
S002616,O002756,W03,C04,2025-03-18,2025-03-19,2025-03-19,1,2
S002617,O002757,W03,C03,2025-10-10,2025-10-14,2025-10-14,1,1
S002618,O002758,W02,C01,2025-05-06,2025-05-08,2025-05-08,1,2
S002619,O002759,W03,C01,2025-06-11,2025-06-14,2025-06-14,1,0
S002620,O002760,W03,C04,2025-07-08,2025-07-10,2025-07-12,0,1
S002621,O002761,W01,C02,2025-01-25,2025-01-25,2025-01-25,1,2
S002622,O002762,W01,C04,2025-08-13,2025-08-17,2025-08-16,1,1
S002623,O002763,W03,C03,2025-10-27,2025-10-27,2025-10-27,1,2
S002624,O002764,W01,C03,2025-02-01,2025-02-02,2025-02-02,1,1
S002625,O002765,W01,C02,2025-12-03,2025-12-06,2025-12-08,0,2
S002626,O002766,W01,C03,2025-12-14,2025-12-18,2025-12-20,0,0
S002627,O002767,W02,C01,2025-04-19,2025-04-22,2025-04-23,0,1
S002628,O002768,W02,C03,2025-04-09,2025-04-10,2025-04-10,1,1
S002629,O002770,W03,C02,2025-01-17,2025-01-21,2025-01-21,1,1
S002630,O002771,W03,C02,2025-03-23,2025-03-25,2025-03-28,0,0
S002631,O002772,W01,C02,2025-10-24,2025-10-26,2025-10-26,1,2
S002632,O002773,W01,C01,2025-01-12,2025-01-15,2025-01-15,1,1
S002633,O002774,W02,C03,2025-12-31,2026-01-05,2026-01-05,1,0
S002634,O002776,W03,C04,2025-01-11,2025-01-14,2025-01-14,1,1
S002635,O002777,W03,C03,2025-07-14,2025-07-18,2025-07-18,1,0
S002636,O002778,W01,C02,2025-02-07,2025-02-09,2025-02-09,1,2
S002637,O002779,W01,C02,2025-08-19,2025-08-21,2025-08-21,1,1
S002638,O002780,W01,C01,2025-11-15,2025-11-19,2025-11-18,1,0
S002639,O002781,W01,C04,2025-05-07,2025-05-11,2025-05-11,1,0
S002640,O002782,W01,C03,2025-01-09,2025-01-11,2025-01-11,1,2
S002641,O002783,W01,C03,2025-03-23,2025-03-25,2025-03-27,0,2
S002642,O002784,W01,C01,2025-10-27,2025-10-30,2025-10-29,1,1
S002643,O002785,W03,C02,2025-08-06,2025-08-07,2025-08-07,1,2
S002644,O002786,W01,C02,2025-06-11,2025-06-11,2025-06-13,0,2
S002645,O002787,W02,C01,2025-06-17,2025-06-18,2025-06-22,0,2
S002646,O002788,W02,C04,2025-05-11,2025-05-13,2025-05-16,0,2
S002647,O002789,W03,C02,2025-05-12,2025-05-14,2025-05-14,1,1
S002648,O002790,W01,C01,2025-10-20,2025-10-21,2025-10-21,1,3
S002649,O002791,W01,C02,2025-08-29,2025-09-02,2025-09-02,1,1
S002650,O002792,W01,C02,2025-06-24,2025-06-26,2025-06-26,1,1
S002651,O002793,W01,C01,2025-12-30,2025-12-31,2025-12-31,1,2
S002652,O002794,W02,C01,2025-03-26,2025-03-28,2025-03-28,1,1
S002653,O002795,W01,C02,2025-07-08,2025-07-11,2025-07-11,1,1
S002654,O002796,W03,C02,2025-03-27,2025-03-30,2025-03-30,1,1
S002655,O002797,W03,C02,2025-09-09,2025-09-11,2025-09-14,0,2
S002656,O002798,W01,C02,2025-07-17,2025-07-21,2025-07-22,0,1
S002657,O002800,W02,C03,2025-03-10,2025-03-14,2025-03-14,1,1
S002658,O002801,W01,C01,2025-10-21,2025-10-22,2025-10-22,1,1
S002659,O002802,W03,C03,2025-12-11,2025-12-11,2025-12-11,1,2
S002660,O002803,W03,C02,2025-06-14,2025-06-16,2025-06-15,1,1
S002661,O002804,W01,C02,2025-11-06,2025-11-08,2025-11-08,1,1
S002662,O002805,W02,C03,2025-03-04,2025-03-06,2025-03-10,0,1
S002663,O002806,W03,C01,2025-04-19,2025-04-20,2025-04-20,1,1
S002664,O002807,W01,C04,2025-02-02,2025-02-02,2025-02-02,1,3
S002665,O002808,W02,C01,2025-09-05,2025-09-08,2025-09-07,1,0
S002666,O002809,W02,C03,2025-03-04,2025-03-08,2025-03-08,1,1
S002667,O002810,W01,C02,2025-05-08,2025-05-11,2025-05-11,1,1
S002668,O002811,W02,C01,2025-08-21,2025-08-24,2025-08-24,1,1
S002669,O002812,W01,C01,2025-08-15,2025-08-17,2025-08-17,1,2
S002670,O002813,W03,C02,2025-02-18,2025-02-21,2025-02-21,1,1
S002671,O002814,W02,C04,2025-07-22,2025-07-26,2025-07-25,1,0
S002672,O002815,W03,C03,2025-02-05,2025-02-08,2025-02-07,1,2
S002673,O002816,W03,C03,2025-12-31,2026-01-02,2026-01-02,1,2
S002674,O002817,W02,C02,2025-06-16,2025-06-16,2025-06-16,1,2
S002675,O002818,W01,C02,2025-11-18,2025-11-20,2025-11-20,1,1
S002676,O002819,W03,C01,2025-04-20,2025-04-22,2025-04-22,1,1
S002677,O002820,W01,C03,2025-01-07,2025-01-09,2025-01-09,1,1
S002678,O002821,W03,C02,2025-11-26,2025-11-28,2025-11-28,1,1
S002679,O002822,W01,C02,2025-03-23,2025-03-23,2025-03-23,1,3
S002680,O002823,W01,C03,2025-07-14,2025-07-16,2025-07-16,1,1
S002681,O002824,W01,C03,2025-09-13,2025-09-16,2025-09-16,1,1
S002682,O002825,W03,C04,2025-04-20,2025-04-20,2025-04-20,1,2
S002683,O002826,W01,C02,2025-07-28,2025-07-31,2025-08-03,0,2
S002684,O002827,W03,C03,2025-07-07,2025-07-08,2025-07-08,1,2
S002685,O002828,W01,C02,2025-07-24,2025-07-28,2025-07-28,1,0
S002686,O002829,W01,C01,2025-12-30,2026-01-01,2026-01-01,1,1
S002687,O002830,W03,C02,2025-08-13,2025-08-14,2025-08-14,1,1
S002688,O002832,W02,C03,2025-01-11,2025-01-15,2025-01-15,1,1
S002689,O002833,W02,C04,2025-04-15,2025-04-16,2025-04-18,0,2
S002690,O002834,W02,C03,2025-06-21,2025-06-25,2025-06-24,1,1
S002691,O002835,W03,C04,2025-11-02,2025-11-03,2025-11-03,1,2
S002692,O002836,W01,C03,2025-09-05,2025-09-09,2025-09-09,1,1
S002693,O002837,W01,C03,2025-12-29,2026-01-03,2026-01-03,1,0
S002694,O002838,W02,C03,2025-06-26,2025-06-26,2025-06-26,1,2
S002695,O002839,W01,C03,2025-05-30,2025-06-03,2025-06-03,1,0
S002696,O002840,W01,C03,2025-07-22,2025-07-25,2025-07-24,1,1
S002697,O002841,W01,C02,2025-01-24,2025-01-27,2025-01-27,1,1
S002698,O002842,W01,C02,2025-05-25,2025-05-29,2025-06-01,0,1
S002699,O002843,W02,C01,2025-11-21,2025-11-21,2025-11-22,0,2
S002700,O002844,W01,C02,2025-06-25,2025-06-28,2025-06-27,1,1
S002701,O002845,W01,C03,2025-07-17,2025-07-19,2025-07-19,1,2
S002702,O002846,W01,C03,2025-12-22,2025-12-24,2025-12-23,1,2
S002703,O002847,W02,C04,2025-06-11,2025-06-12,2025-06-12,1,2
S002704,O002848,W03,C04,2025-06-14,2025-06-19,2025-06-19,1,0
S002705,O002849,W03,C01,2025-09-26,2025-09-28,2025-09-28,1,1
S002706,O002850,W03,C01,2025-01-24,2025-01-25,2025-01-25,1,2
S002707,O002851,W02,C01,2025-12-02,2025-12-05,2025-12-05,1,1
S002708,O002852,W02,C03,2025-11-24,2025-11-28,2025-11-28,1,1
S002709,O002853,W03,C02,2025-02-08,2025-02-10,2025-02-09,1,1
S002710,O002855,W03,C01,2025-06-26,2025-06-29,2025-06-29,1,1
S002711,O002856,W01,C01,2025-04-15,2025-04-17,2025-04-17,1,1
S002712,O002857,W01,C03,2025-07-03,2025-07-06,2025-07-06,1,1
S002713,O002858,W01,C02,2025-04-18,2025-04-22,2025-04-22,1,1
S002714,O002859,W03,C04,2025-03-12,2025-03-16,2025-03-16,1,0
S002715,O002860,W03,C02,2025-02-05,2025-02-08,2025-02-08,1,0
S002716,O002862,W02,C01,2025-10-15,2025-10-16,2025-10-16,1,1
S002717,O002863,W01,C03,2025-11-17,2025-11-19,2025-11-22,0,1
S002718,O002864,W03,C01,2025-08-17,2025-08-20,2025-08-19,1,1
S002719,O002865,W02,C02,2025-06-22,2025-06-25,2025-06-25,1,1
S002720,O002866,W01,C01,2025-08-04,2025-08-07,2025-08-07,1,1
S002721,O002867,W01,C03,2025-07-05,2025-07-07,2025-07-07,1,1
S002722,O002868,W01,C01,2025-10-06,2025-10-11,2025-10-10,1,0
S002723,O002869,W01,C01,2025-07-31,2025-08-03,2025-08-03,1,2
S002724,O002870,W01,C01,2025-05-17,2025-05-18,2025-05-18,1,1
S002725,O002871,W02,C03,2025-02-18,2025-02-20,2025-02-24,0,2
S002726,O002873,W01,C01,2025-05-29,2025-06-01,2025-06-01,1,1
S002727,O002874,W02,C03,2025-05-16,2025-05-18,2025-05-19,0,1
S002728,O002875,W03,C02,2025-12-23,2025-12-26,2025-12-25,1,1
S002729,O002876,W03,C03,2025-10-09,2025-10-13,2025-10-13,1,1
S002730,O002877,W03,C01,2025-04-05,2025-04-09,2025-04-08,1,1
S002731,O002878,W02,C03,2025-04-17,2025-04-20,2025-04-22,0,2
S002732,O002879,W01,C03,2025-06-18,2025-06-21,2025-06-24,0,1
S002733,O002880,W03,C03,2025-02-12,2025-02-15,2025-02-15,1,0
S002734,O002881,W03,C01,2025-01-09,2025-01-12,2025-01-12,1,1
S002735,O002882,W01,C01,2025-02-01,2025-02-04,2025-02-04,1,0
S002736,O002883,W02,C03,2025-07-15,2025-07-18,2025-07-21,0,1
S002737,O002884,W02,C01,2025-05-25,2025-05-26,2025-05-26,1,1
S002738,O002885,W02,C03,2025-08-22,2025-08-24,2025-08-24,1,1
S002739,O002886,W03,C03,2025-11-15,2025-11-18,2025-11-18,1,0
S002740,O002887,W02,C04,2025-05-22,2025-05-23,2025-05-26,0,2
S002741,O002888,W01,C01,2025-02-11,2025-02-11,2025-02-11,1,2
S002742,O002889,W01,C02,2025-09-08,2025-09-12,2025-09-12,1,1
S002743,O002890,W02,C03,2025-06-04,2025-06-06,2025-06-06,1,2
S002744,O002891,W01,C01,2025-02-15,2025-02-18,2025-02-18,1,1
S002745,O002892,W01,C03,2025-09-11,2025-09-13,2025-09-13,1,1
S002746,O002893,W02,C02,2025-07-30,2025-07-31,2025-07-31,1,1
S002747,O002894,W01,C01,2025-02-17,2025-02-21,2025-02-21,1,1
S002748,O002895,W02,C01,2025-10-15,2025-10-17,2025-10-16,1,2
S002749,O002896,W01,C03,2025-07-16,2025-07-18,2025-07-21,0,2
S002750,O002897,W03,C03,2025-10-07,2025-10-10,2025-10-12,0,1
S002751,O002898,W03,C03,2025-11-01,2025-11-03,2025-11-03,1,1
S002752,O002899,W03,C02,2025-11-03,2025-11-06,2025-11-06,1,1
S002753,O002900,W03,C02,2025-08-15,2025-08-17,2025-08-17,1,1
S002754,O002901,W01,C04,2025-05-12,2025-05-13,2025-05-13,1,2
S002755,O002902,W03,C01,2025-04-04,2025-04-07,2025-04-07,1,0
S002756,O002903,W03,C01,2025-10-30,2025-11-01,2025-10-31,1,2
S002757,O002905,W01,C03,2025-01-28,2025-01-31,2025-01-31,1,2
S002758,O002906,W03,C03,2025-05-29,2025-05-30,2025-05-30,1,2
S002759,O002907,W01,C03,2025-04-20,2025-04-24,2025-04-23,1,0
S002760,O002908,W02,C01,2025-11-15,2025-11-16,2025-11-16,1,1
S002761,O002909,W03,C01,2025-05-28,2025-05-29,2025-05-29,1,2
S002762,O002910,W01,C01,2025-03-03,2025-03-05,2025-03-05,1,2
S002763,O002911,W03,C04,2025-02-24,2025-02-26,2025-02-25,1,1
S002764,O002912,W01,C01,2025-01-11,2025-01-12,2025-01-12,1,1
S002765,O002913,W03,C01,2025-12-26,2025-12-27,2025-12-28,0,1
S002766,O002914,W02,C01,2025-08-15,2025-08-17,2025-08-17,1,2
S002767,O002915,W02,C03,2025-08-13,2025-08-13,2025-08-13,1,2
S002768,O002916,W01,C03,2025-01-22,2025-01-26,2025-01-26,1,1
S002769,O002917,W03,C04,2025-01-27,2025-01-29,2025-01-29,1,2
S002770,O002918,W03,C02,2025-10-06,2025-10-09,2025-10-13,0,1
S002771,O002919,W03,C03,2025-03-06,2025-03-09,2025-03-10,0,1
S002772,O002920,W01,C02,2025-09-30,2025-10-05,2025-10-05,1,0
S002773,O002921,W01,C04,2025-08-21,2025-08-25,2025-08-24,1,0
S002774,O002922,W03,C01,2025-10-19,2025-10-21,2025-10-21,1,0
S002775,O002923,W02,C01,2025-10-06,2025-10-07,2025-10-07,1,2
S002776,O002924,W02,C01,2025-05-04,2025-05-05,2025-05-05,1,1
S002777,O002926,W02,C03,2025-06-11,2025-06-12,2025-06-12,1,2
S002778,O002927,W02,C02,2025-08-02,2025-08-04,2025-08-03,1,2
S002779,O002928,W01,C03,2025-05-05,2025-05-08,2025-05-08,1,0
S002780,O002929,W02,C04,2025-05-09,2025-05-13,2025-05-13,1,1
S002781,O002930,W03,C02,2025-03-15,2025-03-16,2025-03-16,1,2
S002782,O002931,W01,C03,2025-12-21,2025-12-21,2025-12-21,1,2
S002783,O002932,W01,C04,2025-03-27,2025-03-31,2025-04-01,0,0
S002784,O002933,W02,C02,2025-05-08,2025-05-08,2025-05-08,1,2
S002785,O002934,W02,C03,2025-05-22,2025-05-23,2025-05-23,1,2
S002786,O002935,W02,C03,2025-11-23,2025-11-25,2025-11-29,0,1
S002787,O002936,W01,C03,2025-12-10,2025-12-14,2025-12-14,1,0
S002788,O002937,W02,C02,2025-02-11,2025-02-14,2025-02-14,1,1
S002789,O002938,W03,C03,2025-03-04,2025-03-07,2025-03-07,1,1
S002790,O002939,W01,C01,2025-12-27,2025-12-29,2025-12-29,1,2
S002791,O002940,W02,C02,2025-04-28,2025-05-02,2025-05-02,1,1
S002792,O002941,W01,C03,2025-10-20,2025-10-24,2025-10-23,1,1
S002793,O002942,W01,C02,2025-02-13,2025-02-14,2025-02-14,1,2
S002794,O002943,W02,C03,2025-02-16,2025-02-17,2025-02-20,0,1
S002795,O002944,W01,C03,2025-08-25,2025-08-29,2025-08-29,1,1
S002796,O002945,W01,C02,2025-12-04,2025-12-05,2025-12-05,1,1
S002797,O002946,W02,C04,2025-01-24,2025-01-27,2025-01-28,0,1
S002798,O002947,W03,C03,2025-04-27,2025-05-01,2025-05-01,1,0
S002799,O002948,W02,C01,2025-02-26,2025-02-27,2025-02-27,1,1
S002800,O002949,W01,C03,2025-11-06,2025-11-10,2025-11-14,0,1
S002801,O002950,W02,C02,2025-06-07,2025-06-10,2025-06-09,1,1
S002802,O002951,W03,C03,2025-11-24,2025-11-27,2025-11-27,1,0
S002803,O002952,W03,C03,2025-08-07,2025-08-08,2025-08-08,1,3
S002804,O002953,W03,C03,2025-09-24,2025-09-27,2025-09-27,1,1
S002805,O002954,W01,C03,2025-08-11,2025-08-11,2025-08-11,1,2
S002806,O002955,W01,C01,2025-11-11,2025-11-13,2025-11-12,1,1
S002807,O002956,W01,C04,2025-04-21,2025-04-22,2025-04-22,1,2
S002808,O002957,W03,C02,2025-10-19,2025-10-20,2025-10-20,1,2
S002809,O002958,W02,C01,2025-02-23,2025-02-27,2025-02-27,1,1
S002810,O002959,W02,C02,2025-11-13,2025-11-14,2025-11-14,1,3
S002811,O002960,W03,C03,2025-05-27,2025-05-30,2025-06-03,0,1
S002812,O002961,W02,C03,2025-11-20,2025-11-22,2025-11-21,1,1
S002813,O002962,W03,C03,2025-05-08,2025-05-10,2025-05-13,0,2
S002814,O002963,W01,C02,2025-09-18,2025-09-20,2025-09-20,1,1
S002815,O002964,W01,C02,2025-06-10,2025-06-11,2025-06-11,1,1
S002816,O002965,W03,C04,2025-03-26,2025-03-28,2025-03-28,1,2
S002817,O002966,W02,C01,2025-08-09,2025-08-14,2025-08-14,1,0
S002818,O002967,W01,C03,2025-03-05,2025-03-07,2025-03-07,1,1
S002819,O002968,W01,C03,2025-06-27,2025-06-29,2025-06-29,1,1
S002820,O002969,W02,C01,2025-08-29,2025-08-30,2025-08-30,1,2
S002821,O002972,W01,C01,2025-11-13,2025-11-15,2025-11-15,1,1
S002822,O002973,W02,C02,2025-03-26,2025-03-27,2025-03-27,1,1
S002823,O002975,W03,C01,2025-09-28,2025-10-01,2025-09-30,1,1
S002824,O002976,W02,C03,2025-09-28,2025-09-30,2025-10-02,0,1
S002825,O002977,W03,C04,2025-05-04,2025-05-08,2025-05-08,1,1
S002826,O002978,W02,C03,2025-07-22,2025-07-26,2025-07-26,1,0
S002827,O002979,W01,C02,2025-10-26,2025-10-28,2025-10-28,1,1
S002828,O002980,W01,C04,2025-12-07,2025-12-08,2025-12-08,1,1
S002829,O002981,W01,C02,2025-12-22,2025-12-24,2025-12-24,1,2
S002830,O002982,W02,C03,2025-05-14,2025-05-15,2025-05-15,1,1
S002831,O002983,W02,C02,2025-04-02,2025-04-03,2025-04-03,1,2
S002832,O002984,W01,C02,2025-03-23,2025-03-25,2025-03-24,1,1
S002833,O002986,W02,C02,2025-02-11,2025-02-12,2025-02-12,1,1
S002834,O002987,W03,C03,2025-02-15,2025-02-16,2025-02-16,1,1
S002835,O002988,W01,C01,2025-11-25,2025-11-26,2025-11-26,1,2
S002836,O002990,W01,C03,2025-03-15,2025-03-19,2025-03-20,0,1
S002837,O002991,W01,C02,2025-07-30,2025-08-01,2025-08-01,1,2
S002838,O002992,W02,C01,2025-11-28,2025-12-01,2025-12-01,1,0
S002839,O002993,W02,C01,2025-11-21,2025-11-23,2025-11-23,1,1
S002840,O002994,W02,C04,2025-06-28,2025-07-01,2025-07-01,1,1
S002841,O002995,W01,C04,2025-10-21,2025-10-21,2025-10-21,1,2
S002842,O002996,W03,C04,2025-10-08,2025-10-11,2025-10-11,1,1
S002843,O002997,W01,C03,2026-01-01,2026-01-04,2026-01-03,1,1
S002844,O002998,W01,C02,2025-12-09,2025-12-12,2025-12-12,1,0
S002845,O003000,W01,C04,2025-06-13,2025-06-14,2025-06-14,1,2
S002846,O003001,W02,C02,2025-07-28,2025-07-29,2025-07-29,1,2
S002847,O003002,W02,C04,2025-04-05,2025-04-08,2025-04-08,1,1
S002848,O003003,W03,C04,2025-11-19,2025-11-22,2025-11-25,0,0
S002849,O003004,W01,C01,2025-02-19,2025-02-20,2025-02-20,1,2
S002850,O003005,W01,C02,2025-12-28,2025-12-31,2025-12-30,1,2
S002851,O003006,W01,C01,2025-07-29,2025-08-01,2025-08-01,1,0
S002852,O003007,W01,C04,2025-10-28,2025-11-02,2025-11-02,1,0
S002853,O003008,W01,C02,2025-05-21,2025-05-24,2025-05-23,1,2
S002854,O003009,W01,C01,2025-07-12,2025-07-16,2025-07-16,1,0
S002855,O003010,W01,C04,2025-11-13,2025-11-14,2025-11-14,1,1
S002856,O003011,W03,C01,2025-08-23,2025-08-25,2025-08-25,1,1
S002857,O003012,W03,C02,2025-02-05,2025-02-08,2025-02-08,1,1
S002858,O003013,W01,C04,2025-01-18,2025-01-18,2025-01-18,1,2
S002859,O003014,W02,C03,2025-09-11,2025-09-15,2025-09-14,1,1
S002860,O003015,W02,C01,2025-07-25,2025-07-29,2025-07-29,1,1
S002861,O003016,W01,C01,2025-04-22,2025-04-25,2025-04-25,1,1
S002862,O003017,W02,C02,2025-03-08,2025-03-11,2025-03-11,1,2
S002863,O003018,W01,C03,2025-09-06,2025-09-10,2025-09-14,0,1
S002864,O003019,W02,C01,2025-12-05,2025-12-06,2025-12-08,0,2
S002865,O003020,W01,C02,2025-12-19,2025-12-22,2025-12-21,1,0
S002866,O003022,W02,C01,2025-02-05,2025-02-09,2025-02-09,1,0
S002867,O003023,W02,C02,2025-07-03,2025-07-04,2025-07-04,1,1
S002868,O003024,W01,C03,2025-05-24,2025-05-26,2025-05-26,1,1
S002869,O003025,W01,C01,2025-11-11,2025-11-14,2025-11-14,1,2
S002870,O003026,W01,C02,2025-04-08,2025-04-10,2025-04-10,1,0
S002871,O003027,W01,C01,2025-12-31,2026-01-05,2026-01-04,1,0
S002872,O003028,W01,C01,2025-03-03,2025-03-03,2025-03-03,1,2
S002873,O003029,W01,C04,2025-08-21,2025-08-23,2025-08-27,0,1
S002874,O003030,W02,C02,2025-01-31,2025-02-04,2025-02-08,0,1
S002875,O003031,W03,C04,2025-04-24,2025-04-26,2025-04-25,1,1
S002876,O003032,W01,C04,2025-10-07,2025-10-10,2025-10-10,1,1
S002877,O003033,W02,C02,2025-12-08,2025-12-10,2025-12-10,1,1
S002878,O003034,W03,C02,2025-02-03,2025-02-05,2025-02-05,1,0
S002879,O003035,W03,C04,2025-09-17,2025-09-22,2025-09-21,1,0
S002880,O003036,W02,C01,2025-02-11,2025-02-14,2025-02-14,1,1
S002881,O003037,W03,C01,2025-10-29,2025-10-31,2025-10-31,1,1
S002882,O003038,W02,C03,2025-12-08,2025-12-09,2025-12-09,1,3
S002883,O003039,W03,C02,2025-04-20,2025-04-23,2025-04-23,1,0
S002884,O003040,W01,C04,2025-09-25,2025-09-28,2025-09-27,1,2
S002885,O003041,W01,C01,2025-05-18,2025-05-21,2025-05-20,1,1
S002886,O003042,W03,C03,2025-05-29,2025-05-31,2025-05-31,1,1
S002887,O003043,W01,C01,2025-03-18,2025-03-20,2025-03-20,1,1
S002888,O003044,W01,C01,2025-01-29,2025-02-02,2025-02-02,1,1
S002889,O003045,W02,C02,2025-10-23,2025-10-25,2025-10-24,1,1
S002890,O003046,W02,C02,2025-06-18,2025-06-18,2025-06-18,1,2
S002891,O003047,W01,C01,2025-08-17,2025-08-19,2025-08-18,1,1
S002892,O003048,W01,C02,2025-07-06,2025-07-10,2025-07-10,1,0
S002893,O003049,W02,C02,2025-05-14,2025-05-13,2025-05-13,1,3
S002894,O003050,W03,C03,2025-08-07,2025-08-10,2025-08-12,0,1
S002895,O003051,W01,C03,2025-02-17,2025-02-18,2025-02-20,0,2
S002896,O003052,W01,C02,2025-12-20,2025-12-21,2025-12-21,1,1
S002897,O003053,W02,C03,2025-10-07,2025-10-09,2025-10-10,0,1
S002898,O003054,W02,C02,2025-05-14,2025-05-18,2025-05-18,1,1
S002899,O003055,W02,C04,2025-08-14,2025-08-15,2025-08-16,0,1
S002900,O003056,W01,C03,2025-06-23,2025-06-25,2025-06-25,1,2
S002901,O003057,W03,C02,2025-01-21,2025-01-25,2025-01-24,1,0
S002902,O003059,W02,C02,2025-08-14,2025-08-14,2025-08-14,1,2
S002903,O003060,W02,C01,2025-10-04,2025-10-04,2025-10-04,1,2
S002904,O003061,W03,C04,2025-06-27,2025-07-01,2025-07-01,1,1
S002905,O003062,W01,C02,2025-10-10,2025-10-11,2025-10-13,0,2
S002906,O003063,W01,C04,2025-08-06,2025-08-07,2025-08-07,1,2
S002907,O003064,W02,C04,2025-10-20,2025-10-23,2025-10-25,0,2
S002908,O003065,W02,C03,2025-12-29,2026-01-01,2026-01-01,1,2
S002909,O003066,W02,C02,2025-12-12,2025-12-14,2025-12-14,1,0
S002910,O003067,W01,C01,2025-01-19,2025-01-23,2025-01-23,1,0
S002911,O003068,W02,C01,2025-07-08,2025-07-09,2025-07-09,1,2
S002912,O003069,W02,C01,2025-06-25,2025-06-28,2025-07-01,0,2
S002913,O003070,W02,C04,2025-03-08,2025-03-10,2025-03-10,1,1
S002914,O003071,W03,C01,2025-10-10,2025-10-12,2025-10-12,1,1
S002915,O003072,W02,C03,2025-04-24,2025-04-28,2025-04-28,1,1
S002916,O003073,W03,C02,2025-12-14,2025-12-16,2025-12-16,1,1
S002917,O003074,W01,C02,2025-05-08,2025-05-09,2025-05-09,1,1
S002918,O003075,W02,C02,2025-08-29,2025-08-31,2025-08-30,1,1
S002919,O003076,W01,C03,2025-01-16,2025-01-18,2025-01-18,1,1
S002920,O003077,W01,C04,2025-10-27,2025-10-29,2025-10-29,1,1
S002921,O003078,W01,C01,2025-09-02,2025-09-04,2025-09-04,1,1
S002922,O003079,W01,C01,2025-07-06,2025-07-09,2025-07-09,1,0
S002923,O003080,W01,C01,2025-07-17,2025-07-20,2025-07-20,1,1
S002924,O003081,W03,C01,2025-01-21,2025-01-23,2025-01-22,1,0
S002925,O003082,W01,C01,2025-09-11,2025-09-14,2025-09-14,1,1
S002926,O003083,W01,C01,2025-05-14,2025-05-15,2025-05-15,1,2
S002927,O003084,W02,C03,2025-07-06,2025-07-07,2025-07-08,0,1
S002928,O003085,W01,C03,2025-06-21,2025-06-23,2025-06-22,1,2
S002929,O003086,W01,C03,2025-04-01,2025-04-02,2025-04-02,1,1
S002930,O003087,W01,C01,2025-09-12,2025-09-16,2025-09-15,1,0
S002931,O003088,W01,C04,2025-05-12,2025-05-15,2025-05-18,0,2
S002932,O003089,W02,C03,2025-05-19,2025-05-23,2025-05-22,1,0
S002933,O003090,W02,C03,2025-02-19,2025-02-20,2025-02-20,1,1
S002934,O003091,W01,C04,2025-09-02,2025-09-05,2025-09-04,1,1
S002935,O003092,W01,C02,2025-04-08,2025-04-12,2025-04-12,1,1
S002936,O003093,W01,C03,2025-12-06,2025-12-09,2025-12-09,1,1
S002937,O003094,W01,C03,2025-06-24,2025-06-26,2025-06-26,1,1
S002938,O003095,W02,C02,2025-11-19,2025-11-21,2025-11-20,1,1
S002939,O003096,W01,C03,2025-12-30,2026-01-02,2026-01-02,1,1
S002940,O003097,W02,C04,2025-09-19,2025-09-21,2025-09-21,1,0
S002941,O003098,W02,C01,2025-01-27,2025-01-29,2025-01-29,1,2
S002942,O003099,W02,C01,2025-07-16,2025-07-16,2025-07-16,1,2
S002943,O003100,W03,C03,2025-03-18,2025-03-18,2025-03-18,1,2
S002944,O003101,W02,C01,2025-03-16,2025-03-18,2025-03-18,1,0
S002945,O003102,W01,C02,2025-03-12,2025-03-15,2025-03-15,1,1
S002946,O003103,W03,C04,2025-08-24,2025-08-26,2025-08-26,1,2
S002947,O003104,W01,C01,2025-06-30,2025-07-03,2025-07-03,1,0
S002948,O003105,W03,C01,2025-12-01,2025-12-03,2025-12-03,1,2
S002949,O003106,W01,C01,2025-08-13,2025-08-16,2025-08-15,1,1
S002950,O003107,W03,C01,2025-01-26,2025-01-29,2025-01-28,1,1
S002951,O003108,W01,C04,2025-12-27,2025-12-28,2025-12-31,0,2
S002952,O003109,W02,C01,2025-03-15,2025-03-18,2025-03-18,1,2
S002953,O003110,W01,C03,2025-03-14,2025-03-14,2025-03-15,0,2
S002954,O003111,W01,C02,2025-11-16,2025-11-18,2025-11-18,1,1
S002955,O003112,W02,C03,2025-03-06,2025-03-08,2025-03-08,1,1
S002956,O003113,W01,C03,2025-09-17,2025-09-21,2025-09-24,0,0
S002957,O003114,W03,C03,2025-10-05,2025-10-07,2025-10-07,1,1
S002958,O003115,W01,C03,2025-07-05,2025-07-05,2025-07-05,1,2
S002959,O003116,W02,C03,2025-06-19,2025-06-22,2025-06-22,1,2
S002960,O003117,W01,C01,2025-06-26,2025-06-27,2025-06-27,1,3
S002961,O003118,W02,C04,2025-11-01,2025-11-02,2025-11-04,0,2
S002962,O003119,W03,C02,2025-02-13,2025-02-16,2025-02-15,1,1
S002963,O003120,W02,C01,2025-04-24,2025-04-26,2025-04-25,1,1
S002964,O003121,W02,C01,2025-02-09,2025-02-11,2025-02-11,1,1
S002965,O003122,W01,C03,2025-03-24,2025-03-25,2025-03-25,1,1
S002966,O003123,W01,C04,2025-08-30,2025-08-30,2025-08-30,1,3
S002967,O003124,W01,C02,2025-11-19,2025-11-22,2025-11-22,1,1
S002968,O003125,W03,C01,2025-07-14,2025-07-16,2025-07-16,1,2
S002969,O003126,W02,C03,2025-05-08,2025-05-11,2025-05-14,0,2
S002970,O003127,W03,C02,2025-08-17,2025-08-19,2025-08-19,1,1
S002971,O003128,W03,C01,2025-07-18,2025-07-21,2025-07-20,1,1
S002972,O003129,W03,C03,2025-10-26,2025-10-29,2025-10-31,0,1
S002973,O003130,W03,C01,2025-04-03,2025-04-06,2025-04-06,1,1
S002974,O003131,W01,C01,2025-05-02,2025-05-03,2025-05-03,1,2
S002975,O003132,W01,C01,2025-08-08,2025-08-11,2025-08-11,1,2
S002976,O003133,W02,C03,2025-03-27,2025-03-28,2025-03-28,1,2
S002977,O003134,W03,C03,2025-07-08,2025-07-10,2025-07-09,1,2
S002978,O003135,W01,C03,2025-04-28,2025-04-30,2025-04-29,1,1
S002979,O003136,W03,C03,2025-12-04,2025-12-05,2025-12-05,1,1
S002980,O003137,W03,C03,2025-05-01,2025-05-03,2025-05-02,1,1
S002981,O003138,W01,C02,2025-02-21,2025-02-23,2025-02-22,1,1
S002982,O003139,W01,C02,2025-04-06,2025-04-09,2025-04-09,1,1
S002983,O003140,W01,C03,2025-08-17,2025-08-21,2025-08-20,1,1
S002984,O003141,W03,C03,2025-11-01,2025-11-05,2025-11-04,1,0
S002985,O003142,W01,C01,2025-12-13,2025-12-15,2025-12-15,1,2
S002986,O003143,W01,C02,2025-10-09,2025-10-11,2025-10-11,1,1
S002987,O003145,W02,C02,2025-01-18,2025-01-19,2025-01-19,1,2
S002988,O003146,W01,C02,2025-02-02,2025-02-05,2025-02-05,1,0
S002989,O003147,W02,C02,2025-07-02,2025-07-04,2025-07-04,1,1
S002990,O003148,W03,C01,2025-07-23,2025-07-26,2025-07-28,0,0
S002991,O003149,W01,C03,2025-04-16,2025-04-17,2025-04-17,1,2
S002992,O003150,W02,C01,2025-04-12,2025-04-12,2025-04-12,1,2
S002993,O003151,W01,C02,2025-12-19,2025-12-22,2025-12-22,1,0
S002994,O003152,W02,C03,2025-10-19,2025-10-19,2025-10-19,1,2
S002995,O003153,W02,C01,2025-10-19,2025-10-22,2025-10-21,1,1
S002996,O003154,W01,C03,2025-10-03,2025-10-05,2025-10-05,1,0
S002997,O003156,W03,C01,2025-09-28,2025-09-30,2025-09-30,1,2
S002998,O003157,W02,C02,2025-12-21,2025-12-22,2025-12-22,1,2
S002999,O003158,W03,C02,2025-09-21,2025-09-24,2025-09-24,1,1
S003000,O003160,W03,C03,2025-02-17,2025-02-21,2025-02-21,1,1
S003001,O003161,W03,C04,2025-12-31,2026-01-01,2026-01-01,1,2
S003002,O003162,W03,C04,2025-10-14,2025-10-15,2025-10-15,1,1
S003003,O003163,W01,C02,2025-05-25,2025-05-26,2025-05-26,1,1
S003004,O003164,W02,C03,2025-05-17,2025-05-18,2025-05-18,1,2
S003005,O003165,W01,C03,2025-01-21,2025-01-25,2025-01-24,1,1
S003006,O003166,W03,C03,2025-10-08,2025-10-09,2025-10-09,1,2
S003007,O003167,W02,C02,2025-01-06,2025-01-09,2025-01-09,1,2
S003008,O003168,W01,C04,2025-11-02,2025-11-05,2025-11-05,1,1
S003009,O003169,W02,C03,2025-01-07,2025-01-09,2025-01-08,1,1
S003010,O003170,W01,C02,2025-06-10,2025-06-13,2025-06-13,1,1
S003011,O003171,W01,C01,2025-08-13,2025-08-16,2025-08-15,1,1
S003012,O003172,W01,C04,2025-07-08,2025-07-09,2025-07-10,0,2
S003013,O003173,W03,C03,2025-07-30,2025-08-02,2025-08-02,1,1
S003014,O003174,W03,C04,2025-04-28,2025-04-30,2025-05-03,0,2
S003015,O003175,W01,C01,2025-03-02,2025-03-04,2025-03-04,1,1
S003016,O003176,W01,C02,2025-01-09,2025-01-13,2025-01-13,1,1
S003017,O003177,W02,C03,2025-09-13,2025-09-15,2025-09-18,0,1
S003018,O003178,W02,C02,2025-07-12,2025-07-14,2025-07-14,1,1
S003019,O003179,W01,C04,2025-05-08,2025-05-10,2025-05-10,1,1
S003020,O003180,W01,C03,2025-08-21,2025-08-22,2025-08-22,1,2
S003021,O003181,W03,C01,2025-11-18,2025-11-20,2025-11-20,1,1
S003022,O003182,W01,C02,2025-08-14,2025-08-17,2025-08-16,1,2
S003023,O003183,W03,C02,2025-05-13,2025-05-14,2025-05-14,1,2
S003024,O003184,W01,C02,2025-03-13,2025-03-15,2025-03-15,1,1
S003025,O003185,W03,C04,2025-03-26,2025-03-29,2025-04-01,0,0
S003026,O003186,W02,C03,2025-07-06,2025-07-08,2025-07-10,0,2
S003027,O003187,W02,C02,2025-01-06,2025-01-08,2025-01-08,1,2
S003028,O003188,W01,C02,2025-09-07,2025-09-12,2025-09-12,1,0
S003029,O003189,W01,C01,2025-08-01,2025-08-02,2025-08-02,1,1
S003030,O003190,W02,C03,2025-07-26,2025-07-26,2025-07-26,1,3
S003031,O003191,W01,C01,2025-04-08,2025-04-11,2025-04-10,1,1
S003032,O003192,W03,C02,2025-07-25,2025-07-27,2025-07-27,1,1
S003033,O003193,W02,C02,2025-10-17,2025-10-18,2025-10-18,1,2
S003034,O003195,W01,C01,2025-08-27,2025-08-29,2025-08-29,1,1
S003035,O003196,W03,C02,2025-09-13,2025-09-14,2025-09-14,1,2
S003036,O003197,W03,C01,2025-04-20,2025-04-23,2025-04-23,1,0
S003037,O003198,W03,C03,2025-08-25,2025-08-27,2025-08-27,1,2
S003038,O003199,W01,C03,2025-03-27,2025-03-29,2025-04-01,0,1
S003039,O003200,W01,C02,2025-05-31,2025-06-03,2025-06-02,1,1
S003040,O003201,W01,C02,2025-05-16,2025-05-18,2025-05-18,1,2
S003041,O003202,W03,C01,2025-05-02,2025-05-04,2025-05-04,1,1
S003042,O003203,W02,C01,2025-01-13,2025-01-15,2025-01-16,0,1
S003043,O003205,W02,C01,2025-06-02,2025-06-05,2025-06-05,1,2
S003044,O003206,W02,C02,2025-10-25,2025-10-27,2025-10-30,0,1
S003045,O003207,W02,C04,2025-05-30,2025-06-02,2025-06-04,0,2
S003046,O003208,W03,C03,2025-09-08,2025-09-11,2025-09-12,0,1
S003047,O003209,W01,C03,2025-01-18,2025-01-22,2025-01-21,1,1
S003048,O003210,W01,C04,2025-04-26,2025-04-26,2025-04-26,1,2
S003049,O003211,W01,C03,2025-12-25,2025-12-30,2025-12-30,1,0
S003050,O003212,W01,C01,2025-10-01,2025-10-02,2025-10-02,1,1
S003051,O003213,W03,C03,2025-07-17,2025-07-20,2025-07-19,1,1
S003052,O003214,W01,C01,2025-08-07,2025-08-10,2025-08-09,1,1
S003053,O003215,W01,C02,2025-02-28,2025-03-03,2025-03-03,1,2
S003054,O003216,W03,C01,2025-02-07,2025-02-10,2025-02-10,1,2
S003055,O003217,W02,C01,2025-12-23,2025-12-25,2025-12-24,1,2
S003056,O003218,W03,C02,2025-12-09,2025-12-11,2025-12-15,0,1
S003057,O003219,W01,C03,2025-07-08,2025-07-11,2025-07-10,1,1
S003058,O003220,W02,C02,2025-02-16,2025-02-17,2025-02-17,1,1
S003059,O003221,W01,C01,2025-12-15,2025-12-19,2025-12-19,1,1
S003060,O003222,W01,C01,2025-02-06,2025-02-10,2025-02-10,1,1
S003061,O003223,W03,C04,2025-10-15,2025-10-19,2025-10-20,0,1
S003062,O003224,W03,C04,2025-04-13,2025-04-16,2025-04-16,1,1
S003063,O003225,W02,C02,2025-08-27,2025-08-28,2025-08-29,0,1
S003064,O003226,W02,C03,2025-05-07,2025-05-08,2025-05-08,1,2
S003065,O003227,W01,C02,2025-08-14,2025-08-16,2025-08-15,1,1
S003066,O003228,W03,C02,2025-08-03,2025-08-03,2025-08-03,1,2
S003067,O003229,W01,C01,2025-12-23,2025-12-25,2025-12-24,1,1
S003068,O003230,W02,C02,2025-06-04,2025-06-06,2025-06-05,1,1
S003069,O003231,W02,C04,2025-01-20,2025-01-20,2025-01-20,1,2
S003070,O003232,W02,C01,2025-04-10,2025-04-14,2025-04-14,1,0
S003071,O003233,W01,C01,2025-12-30,2026-01-02,2026-01-01,1,1
S003072,O003234,W01,C02,2025-01-27,2025-01-30,2025-01-30,1,2
S003073,O003235,W02,C03,2025-10-22,2025-10-26,2025-10-25,1,1
S003074,O003236,W01,C01,2025-01-09,2025-01-12,2025-01-12,1,0
S003075,O003237,W01,C02,2025-03-04,2025-03-06,2025-03-05,1,0
S003076,O003238,W01,C02,2025-01-14,2025-01-17,2025-01-17,1,0
S003077,O003239,W01,C02,2025-01-24,2025-01-25,2025-01-28,0,2
S003078,O003240,W03,C04,2025-07-30,2025-08-03,2025-08-03,1,0
S003079,O003241,W03,C03,2025-11-21,2025-11-24,2025-11-23,1,0
S003080,O003242,W03,C04,2025-03-29,2025-04-02,2025-04-02,1,0
S003081,O003243,W01,C01,2025-03-03,2025-03-05,2025-03-05,1,1
S003082,O003244,W02,C02,2025-12-23,2025-12-24,2025-12-24,1,2
S003083,O003245,W01,C01,2025-01-21,2025-01-24,2025-01-23,1,1
S003084,O003246,W02,C02,2025-10-04,2025-10-06,2025-10-06,1,2
S003085,O003247,W03,C01,2025-04-15,2025-04-17,2025-04-16,1,1
S003086,O003249,W01,C01,2025-09-24,2025-09-26,2025-09-26,1,1
S003087,O003250,W01,C01,2025-11-28,2025-12-02,2025-12-01,1,1
S003088,O003252,W02,C01,2025-06-21,2025-06-21,2025-06-21,1,2
S003089,O003253,W02,C03,2025-05-18,2025-05-20,2025-05-20,1,0
S003090,O003254,W03,C02,2025-05-01,2025-05-03,2025-05-03,1,1
S003091,O003255,W01,C01,2025-07-22,2025-07-23,2025-07-23,1,1
S003092,O003256,W01,C01,2025-09-18,2025-09-22,2025-09-22,1,0
S003093,O003257,W02,C01,2025-06-03,2025-06-05,2025-06-05,1,2
S003094,O003258,W01,C02,2025-08-25,2025-08-30,2025-08-30,1,0
S003095,O003259,W02,C02,2025-07-22,2025-07-24,2025-07-24,1,1
S003096,O003260,W02,C04,2025-09-12,2025-09-15,2025-09-15,1,1
S003097,O003261,W01,C02,2025-03-29,2025-03-29,2025-03-29,1,3
S003098,O003262,W03,C03,2025-12-17,2025-12-20,2025-12-20,1,2
S003099,O003263,W01,C03,2025-07-05,2025-07-08,2025-07-08,1,1
S003100,O003264,W02,C02,2025-06-21,2025-06-24,2025-06-24,1,1
S003101,O003266,W01,C01,2025-09-12,2025-09-15,2025-09-15,1,0
S003102,O003267,W03,C01,2025-06-22,2025-06-24,2025-06-23,1,1
S003103,O003268,W02,C01,2025-06-29,2025-06-29,2025-06-29,1,2
S003104,O003269,W02,C02,2025-07-20,2025-07-23,2025-07-23,1,1
S003105,O003270,W02,C01,2025-07-08,2025-07-09,2025-07-09,1,2
S003106,O003271,W02,C01,2025-10-14,2025-10-17,2025-10-17,1,1
S003107,O003272,W02,C02,2025-09-11,2025-09-12,2025-09-12,1,1
S003108,O003274,W03,C02,2025-05-04,2025-05-07,2025-05-07,1,0
S003109,O003275,W02,C04,2025-06-18,2025-06-21,2025-06-21,1,0
S003110,O003276,W01,C01,2025-01-16,2025-01-18,2025-01-18,1,1
S003111,O003277,W02,C01,2025-06-25,2025-06-26,2025-06-26,1,2
S003112,O003278,W03,C03,2025-03-28,2025-03-31,2025-03-31,1,1
S003113,O003279,W02,C02,2025-10-19,2025-10-20,2025-10-20,1,2
S003114,O003281,W01,C03,2025-12-26,2025-12-28,2025-12-28,1,0
S003115,O003282,W02,C04,2025-02-20,2025-02-21,2025-02-21,1,1
S003116,O003283,W01,C01,2025-12-10,2025-12-13,2025-12-12,1,1
S003117,O003284,W03,C03,2025-05-27,2025-05-29,2025-05-28,1,2
S003118,O003285,W01,C03,2025-05-17,2025-05-20,2025-05-20,1,0
S003119,O003286,W01,C03,2025-04-13,2025-04-15,2025-04-14,1,2
S003120,O003287,W03,C02,2025-03-20,2025-03-24,2025-03-27,0,1
S003121,O003288,W01,C02,2025-02-23,2025-02-25,2025-02-24,1,1
S003122,O003289,W01,C03,2025-08-12,2025-08-15,2025-08-17,0,0
S003123,O003290,W01,C01,2025-05-09,2025-05-12,2025-05-12,1,1
S003124,O003291,W01,C03,2025-04-11,2025-04-10,2025-04-11,0,3
S003125,O003292,W02,C01,2025-05-26,2025-05-28,2025-05-28,1,2
S003126,O003293,W03,C02,2025-09-09,2025-09-11,2025-09-11,1,1
S003127,O003294,W01,C01,2025-08-14,2025-08-17,2025-08-17,1,0
S003128,O003295,W02,C03,2025-10-22,2025-10-25,2025-10-24,1,1
S003129,O003296,W02,C03,2025-11-17,2025-11-21,2025-11-23,0,1
S003130,O003297,W03,C02,2025-10-21,2025-10-23,2025-10-23,1,1
S003131,O003298,W01,C02,2025-04-17,2025-04-19,2025-04-19,1,1
S003132,O003299,W02,C02,2025-11-18,2025-11-21,2025-11-21,1,0
S003133,O003300,W02,C03,2025-06-30,2025-07-01,2025-07-01,1,2
S003134,O003301,W01,C01,2025-12-03,2025-12-04,2025-12-04,1,1
S003135,O003302,W02,C01,2025-07-07,2025-07-09,2025-07-09,1,2
S003136,O003303,W02,C03,2025-09-02,2025-09-03,2025-09-07,0,1
S003137,O003304,W03,C01,2025-07-18,2025-07-21,2025-07-21,1,1
S003138,O003305,W01,C03,2025-01-04,2025-01-08,2025-01-08,1,0
S003139,O003306,W01,C03,2025-06-24,2025-06-27,2025-07-01,0,1
S003140,O003308,W03,C03,2025-11-17,2025-11-20,2025-11-20,1,1
S003141,O003309,W03,C03,2025-07-01,2025-07-02,2025-07-02,1,2
S003142,O003310,W02,C03,2025-02-23,2025-02-26,2025-02-25,1,1
S003143,O003311,W03,C02,2025-02-16,2025-02-19,2025-02-19,1,1
S003144,O003312,W02,C01,2025-03-30,2025-04-01,2025-04-01,1,1
S003145,O003313,W03,C04,2025-07-09,2025-07-12,2025-07-11,1,1
S003146,O003314,W02,C01,2025-05-14,2025-05-16,2025-05-15,1,1
S003147,O003315,W03,C02,2025-06-08,2025-06-09,2025-06-09,1,2
S003148,O003316,W01,C01,2025-10-01,2025-10-06,2025-10-06,1,0
S003149,O003317,W02,C01,2025-04-01,2025-04-04,2025-04-08,0,2
S003150,O003318,W01,C02,2025-05-27,2025-05-29,2025-05-29,1,1
S003151,O003319,W01,C04,2025-08-19,2025-08-20,2025-08-21,0,1
S003152,O003320,W01,C03,2025-05-26,2025-05-29,2025-05-29,1,1
S003153,O003321,W03,C04,2025-10-03,2025-10-07,2025-10-07,1,0
S003154,O003322,W02,C03,2025-04-12,2025-04-13,2025-04-13,1,3
S003155,O003323,W02,C03,2025-12-25,2025-12-29,2025-12-29,1,0
S003156,O003324,W02,C02,2025-03-01,2025-03-01,2025-03-01,1,2
S003157,O003325,W03,C03,2025-04-20,2025-04-21,2025-04-21,1,1
S003158,O003326,W01,C01,2025-12-31,2026-01-02,2026-01-02,1,1
S003159,O003327,W02,C04,2025-09-29,2025-09-29,2025-09-29,1,2
S003160,O003328,W02,C03,2025-03-12,2025-03-16,2025-03-16,1,1
S003161,O003329,W03,C02,2025-02-05,2025-02-08,2025-02-08,1,1
S003162,O003330,W02,C02,2025-04-19,2025-04-22,2025-04-22,1,1
S003163,O003331,W02,C01,2025-04-27,2025-04-30,2025-04-30,1,1
S003164,O003332,W03,C01,2025-06-24,2025-06-26,2025-06-26,1,1
S003165,O003333,W01,C04,2025-05-02,2025-05-03,2025-05-05,0,2
S003166,O003334,W03,C03,2025-05-10,2025-05-13,2025-05-17,0,1
S003167,O003335,W01,C03,2025-12-25,2025-12-28,2025-12-28,1,0
S003168,O003336,W03,C01,2025-04-14,2025-04-15,2025-04-15,1,1
S003169,O003337,W02,C01,2025-07-30,2025-08-01,2025-08-01,1,2
S003170,O003338,W02,C01,2025-07-15,2025-07-17,2025-07-17,1,2
S003171,O003339,W01,C02,2025-02-06,2025-02-08,2025-02-07,1,1
S003172,O003340,W01,C04,2025-10-04,2025-10-06,2025-10-08,0,1
S003173,O003341,W03,C02,2025-08-03,2025-08-05,2025-08-05,1,1
S003174,O003342,W02,C02,2025-06-23,2025-06-23,2025-06-23,1,3
S003175,O003343,W01,C01,2025-11-20,2025-11-21,2025-11-21,1,2
S003176,O003344,W01,C02,2025-10-06,2025-10-08,2025-10-08,1,1
S003177,O003345,W02,C02,2025-03-20,2025-03-22,2025-03-25,0,2
S003178,O003346,W03,C02,2025-12-30,2025-12-31,2025-12-31,1,1
S003179,O003347,W03,C01,2025-06-13,2025-06-15,2025-06-15,1,1
S003180,O003348,W03,C03,2025-04-08,2025-04-11,2025-04-11,1,0
S003181,O003349,W01,C02,2025-12-18,2025-12-20,2025-12-20,1,2
S003182,O003350,W03,C02,2025-08-23,2025-08-24,2025-08-24,1,1
S003183,O003351,W01,C03,2025-03-14,2025-03-18,2025-03-18,1,1
S003184,O003352,W02,C02,2025-02-25,2025-02-27,2025-02-27,1,1
S003185,O003353,W01,C02,2025-06-03,2025-06-08,2025-06-08,1,0
S003186,O003354,W02,C03,2025-05-12,2025-05-14,2025-05-14,1,1
S003187,O003355,W01,C02,2025-12-12,2025-12-13,2025-12-17,0,2
S003188,O003356,W01,C01,2025-07-04,2025-07-04,2025-07-04,1,2
S003189,O003357,W01,C03,2025-04-11,2025-04-14,2025-04-14,1,0
S003190,O003358,W01,C01,2025-05-02,2025-05-04,2025-05-03,1,2
S003191,O003359,W01,C04,2025-10-25,2025-10-27,2025-10-27,1,1
S003192,O003360,W01,C03,2025-04-04,2025-04-07,2025-04-07,1,2
S003193,O003361,W02,C01,2025-08-02,2025-08-05,2025-08-07,0,2
S003194,O003362,W01,C02,2025-01-04,2025-01-04,2025-01-04,1,2
S003195,O003363,W01,C02,2025-08-16,2025-08-17,2025-08-17,1,2
S003196,O003364,W02,C02,2025-04-28,2025-05-01,2025-04-30,1,1
S003197,O003365,W02,C02,2025-12-16,2025-12-17,2025-12-17,1,2
S003198,O003366,W01,C03,2025-07-31,2025-08-01,2025-08-01,1,2
S003199,O003368,W01,C01,2025-08-02,2025-08-06,2025-08-05,1,1
S003200,O003369,W01,C01,2025-10-14,2025-10-15,2025-10-15,1,2
S003201,O003370,W03,C04,2025-04-04,2025-04-05,2025-04-05,1,1
S003202,O003371,W01,C02,2025-05-07,2025-05-09,2025-05-13,0,1
S003203,O003372,W01,C02,2025-01-08,2025-01-10,2025-01-10,1,2
S003204,O003373,W02,C04,2025-07-26,2025-07-27,2025-07-28,0,2
S003205,O003374,W02,C01,2025-12-21,2025-12-23,2025-12-23,1,2
S003206,O003375,W02,C02,2025-02-22,2025-02-25,2025-02-25,1,1
S003207,O003376,W02,C01,2025-12-16,2025-12-19,2025-12-19,1,0
S003208,O003377,W03,C03,2025-06-20,2025-06-23,2025-06-23,1,0
S003209,O003378,W02,C04,2025-01-25,2025-01-28,2025-01-28,1,0
S003210,O003379,W03,C02,2025-10-31,2025-11-03,2025-11-03,1,1
S003211,O003381,W03,C01,2025-11-27,2025-12-01,2025-12-01,1,1
S003212,O003382,W03,C03,2025-02-20,2025-02-20,2025-02-20,1,2
S003213,O003383,W01,C03,2025-05-10,2025-05-12,2025-05-16,0,1
S003214,O003384,W02,C04,2025-09-02,2025-09-05,2025-09-09,0,2
S003215,O003385,W03,C03,2025-08-06,2025-08-09,2025-08-09,1,1
S003216,O003386,W01,C02,2025-03-15,2025-03-19,2025-03-19,1,1
S003217,O003387,W03,C01,2025-11-09,2025-11-11,2025-11-10,1,1
S003218,O003388,W01,C01,2025-11-23,2025-11-26,2025-11-25,1,1
S003219,O003389,W01,C03,2025-06-29,2025-07-01,2025-07-01,1,1
S003220,O003390,W01,C03,2025-11-11,2025-11-13,2025-11-13,1,0
S003221,O003391,W03,C04,2025-02-01,2025-02-01,2025-02-01,1,2
S003222,O003392,W01,C04,2025-11-11,2025-11-13,2025-11-12,1,1
S003223,O003393,W01,C02,2025-08-22,2025-08-24,2025-08-24,1,1
S003224,O003394,W01,C01,2025-11-12,2025-11-15,2025-11-15,1,0
S003225,O003395,W03,C02,2025-07-11,2025-07-15,2025-07-15,1,1
S003226,O003397,W01,C03,2025-08-25,2025-08-30,2025-08-29,1,0
S003227,O003398,W01,C01,2025-03-06,2025-03-10,2025-03-10,1,0
S003228,O003399,W02,C01,2025-02-16,2025-02-18,2025-02-17,1,2
S003229,O003400,W03,C02,2025-08-24,2025-08-26,2025-08-26,1,1
S003230,O003401,W03,C02,2025-10-18,2025-10-19,2025-10-19,1,1
S003231,O003402,W01,C01,2025-07-26,2025-07-30,2025-07-30,1,0
S003232,O003403,W03,C03,2025-06-18,2025-06-19,2025-06-19,1,1
S003233,O003404,W01,C01,2025-05-05,2025-05-08,2025-05-08,1,2
S003234,O003405,W01,C03,2025-09-09,2025-09-11,2025-09-11,1,2
S003235,O003406,W02,C02,2025-03-01,2025-03-05,2025-03-05,1,1
S003236,O003407,W02,C01,2025-08-27,2025-08-29,2025-08-29,1,2
S003237,O003408,W01,C03,2025-03-03,2025-03-04,2025-03-04,1,2
S003238,O003409,W01,C01,2025-02-24,2025-02-25,2025-02-25,1,2
S003239,O003410,W03,C02,2025-06-25,2025-06-27,2025-06-27,1,1
S003240,O003411,W02,C01,2025-01-13,2025-01-14,2025-01-14,1,1
S003241,O003412,W02,C03,2025-06-13,2025-06-13,2025-06-13,1,2
S003242,O003413,W03,C02,2025-01-23,2025-01-26,2025-01-29,0,0
S003243,O003414,W01,C01,2025-01-30,2025-02-02,2025-02-01,1,2
S003244,O003415,W02,C03,2025-10-03,2025-10-06,2025-10-06,1,2
S003245,O003416,W02,C03,2025-05-27,2025-05-28,2025-05-28,1,1
S003246,O003417,W01,C03,2025-08-29,2025-08-31,2025-08-31,1,1
S003247,O003418,W01,C04,2025-06-29,2025-07-04,2025-07-04,1,0
S003248,O003419,W01,C02,2025-03-18,2025-03-19,2025-03-22,0,1
S003249,O003421,W01,C01,2025-04-21,2025-04-22,2025-04-22,1,2
S003250,O003422,W03,C03,2025-08-07,2025-08-09,2025-08-08,1,1
S003251,O003423,W01,C01,2025-09-10,2025-09-12,2025-09-12,1,2
S003252,O003424,W02,C03,2025-03-14,2025-03-16,2025-03-16,1,1
S003253,O003425,W01,C04,2025-04-24,2025-04-26,2025-04-29,0,1
S003254,O003426,W01,C02,2025-08-04,2025-08-07,2025-08-07,1,1
S003255,O003427,W01,C02,2025-03-18,2025-03-21,2025-03-20,1,2
S003256,O003428,W02,C01,2025-01-15,2025-01-17,2025-01-16,1,1
S003257,O003429,W01,C02,2025-03-18,2025-03-21,2025-03-20,1,1
S003258,O003430,W02,C01,2025-08-01,2025-08-04,2025-08-04,1,1
S003259,O003431,W03,C03,2025-03-07,2025-03-09,2025-03-09,1,1
S003260,O003432,W01,C02,2025-03-01,2025-03-02,2025-03-02,1,2
S003261,O003433,W02,C02,2025-02-05,2025-02-04,2025-02-04,1,3
S003262,O003434,W03,C03,2025-03-02,2025-03-06,2025-03-08,0,1
S003263,O003435,W01,C01,2025-09-07,2025-09-09,2025-09-09,1,2
S003264,O003436,W03,C01,2025-03-23,2025-03-26,2025-03-25,1,0
S003265,O003437,W03,C01,2025-05-19,2025-05-22,2025-05-22,1,1
S003266,O003438,W01,C03,2025-12-26,2025-12-29,2025-12-28,1,2
S003267,O003439,W03,C04,2025-12-06,2025-12-08,2025-12-07,1,1
S003268,O003440,W01,C03,2025-10-02,2025-10-05,2025-10-04,1,0
S003269,O003441,W03,C04,2025-08-27,2025-08-28,2025-09-01,0,2
S003270,O003442,W02,C02,2025-09-01,2025-09-03,2025-09-03,1,2
S003271,O003443,W03,C04,2025-01-04,2025-01-04,2025-01-04,1,3
S003272,O003444,W01,C02,2025-01-26,2025-01-27,2025-01-27,1,2
S003273,O003445,W02,C03,2025-11-06,2025-11-10,2025-11-10,1,0
S003274,O003446,W01,C02,2025-07-03,2025-07-06,2025-07-06,1,1
S003275,O003447,W01,C01,2025-06-30,2025-07-03,2025-07-03,1,2
S003276,O003448,W02,C01,2025-10-17,2025-10-21,2025-10-20,1,1
S003277,O003449,W03,C01,2025-06-24,2025-06-27,2025-06-27,1,0
S003278,O003450,W03,C02,2025-01-21,2025-01-24,2025-01-23,1,2
S003279,O003451,W02,C02,2025-02-09,2025-02-11,2025-02-11,1,1
S003280,O003452,W01,C03,2025-06-05,2025-06-06,2025-06-06,1,2
S003281,O003453,W03,C03,2026-01-02,2026-01-03,2026-01-04,0,2
S003282,O003454,W02,C01,2025-01-15,2025-01-16,2025-01-16,1,2
S003283,O003455,W03,C03,2025-12-04,2025-12-06,2025-12-06,1,1
S003284,O003456,W01,C02,2025-03-27,2025-03-28,2025-03-28,1,1
S003285,O003457,W02,C01,2025-01-14,2025-01-18,2025-01-18,1,1
S003286,O003458,W01,C03,2025-12-05,2025-12-06,2025-12-07,0,1
S003287,O003459,W01,C03,2025-06-06,2025-06-09,2025-06-09,1,1
S003288,O003460,W01,C03,2025-05-29,2025-05-31,2025-05-30,1,2
S003289,O003461,W01,C04,2025-10-27,2025-10-30,2025-11-01,0,1
S003290,O003462,W03,C03,2025-03-17,2025-03-19,2025-03-23,0,2
S003291,O003463,W03,C01,2025-04-28,2025-05-01,2025-05-01,1,1
S003292,O003464,W01,C01,2025-06-26,2025-06-27,2025-06-27,1,1
S003293,O003465,W03,C03,2025-10-31,2025-11-02,2025-11-01,1,1
S003294,O003466,W02,C03,2025-05-27,2025-05-30,2025-05-29,1,1
S003295,O003467,W03,C01,2025-05-14,2025-05-18,2025-05-18,1,0
S003296,O003468,W03,C04,2025-07-01,2025-07-02,2025-07-02,1,2
S003297,O003469,W03,C01,2025-01-20,2025-01-21,2025-01-21,1,2
S003298,O003470,W02,C01,2025-06-06,2025-06-08,2025-06-12,0,1
S003299,O003471,W01,C04,2025-02-10,2025-02-13,2025-02-13,1,1
S003300,O003472,W01,C03,2025-08-24,2025-08-25,2025-08-25,1,2
S003301,O003473,W03,C01,2025-01-28,2025-01-31,2025-01-31,1,2
S003302,O003474,W03,C02,2025-03-18,2025-03-19,2025-03-19,1,2
S003303,O003475,W02,C01,2025-05-15,2025-05-17,2025-05-17,1,2
S003304,O003476,W01,C03,2025-08-05,2025-08-06,2025-08-08,0,2
S003305,O003477,W02,C02,2025-05-20,2025-05-21,2025-05-21,1,3
S003306,O003478,W01,C02,2025-01-02,2025-01-06,2025-01-06,1,1
S003307,O003479,W01,C02,2025-06-19,2025-06-21,2025-06-21,1,1
S003308,O003480,W01,C01,2025-10-02,2025-10-03,2025-10-03,1,2
S003309,O003481,W02,C04,2025-10-11,2025-10-14,2025-10-13,1,0
S003310,O003482,W01,C03,2025-01-28,2025-02-01,2025-02-01,1,0
S003311,O003483,W03,C01,2025-10-07,2025-10-09,2025-10-08,1,1
S003312,O003484,W01,C02,2025-11-05,2025-11-06,2025-11-06,1,2
S003313,O003485,W02,C02,2025-11-28,2025-11-29,2025-11-29,1,2
S003314,O003486,W03,C02,2025-03-27,2025-04-01,2025-04-01,1,0
S003315,O003487,W01,C04,2025-06-10,2025-06-13,2025-06-13,1,1
S003316,O003488,W01,C02,2025-02-09,2025-02-12,2025-02-12,1,1
S003317,O003489,W02,C01,2025-10-23,2025-10-27,2025-10-27,1,1
S003318,O003490,W02,C02,2025-02-19,2025-02-22,2025-02-22,1,1
S003319,O003491,W02,C01,2025-01-24,2025-01-25,2025-01-25,1,2
S003320,O003492,W03,C02,2025-02-26,2025-02-28,2025-02-28,1,1
S003321,O003493,W01,C01,2025-08-19,2025-08-22,2025-08-22,1,2
S003322,O003494,W01,C03,2025-06-21,2025-06-24,2025-06-24,1,1
S003323,O003495,W01,C02,2025-06-30,2025-07-01,2025-07-01,1,2
S003324,O003496,W01,C02,2025-02-11,2025-02-14,2025-02-13,1,1
S003325,O003497,W01,C01,2025-09-29,2025-10-02,2025-10-02,1,0
S003326,O003498,W02,C01,2025-04-21,2025-04-24,2025-04-24,1,1
S003327,O003499,W02,C03,2025-05-08,2025-05-11,2025-05-10,1,0
S003328,O003500,W01,C03,2025-03-28,2025-04-02,2025-04-02,1,0
S003329,O003501,W03,C02,2025-02-08,2025-02-11,2025-02-10,1,1
S003330,O003502,W01,C02,2025-06-24,2025-06-25,2025-06-25,1,2
S003331,O003503,W02,C02,2025-01-18,2025-01-19,2025-01-19,1,2
S003332,O003504,W01,C03,2025-10-14,2025-10-15,2025-10-19,0,1
S003333,O003505,W01,C01,2025-06-30,2025-07-02,2025-07-02,1,2
S003334,O003506,W01,C02,2025-02-09,2025-02-10,2025-02-10,1,2
S003335,O003507,W02,C01,2025-08-27,2025-08-30,2025-08-30,1,1
S003336,O003509,W02,C02,2025-07-22,2025-07-25,2025-07-26,0,1
S003337,O003510,W02,C02,2025-09-27,2025-09-28,2025-09-28,1,2
S003338,O003511,W02,C02,2025-07-17,2025-07-18,2025-07-18,1,2
S003339,O003512,W01,C01,2025-09-30,2025-10-02,2025-10-02,1,1
S003340,O003513,W02,C04,2025-02-17,2025-02-18,2025-02-18,1,2
S003341,O003515,W01,C03,2025-12-29,2026-01-01,2026-01-01,1,1
S003342,O003516,W01,C02,2025-02-25,2025-02-26,2025-02-26,1,2
S003343,O003517,W01,C04,2025-08-03,2025-08-06,2025-08-06,1,1
S003344,O003518,W01,C03,2025-04-16,2025-04-16,2025-04-16,1,2
S003345,O003519,W03,C03,2025-04-19,2025-04-21,2025-04-20,1,0
S003346,O003520,W01,C03,2025-02-19,2025-02-21,2025-02-21,1,1
S003347,O003521,W01,C04,2025-04-21,2025-04-23,2025-04-23,1,1
S003348,O003522,W01,C02,2025-05-21,2025-05-22,2025-05-22,1,2
S003349,O003523,W03,C04,2025-02-01,2025-02-05,2025-02-08,0,0
S003350,O003524,W01,C04,2025-06-12,2025-06-14,2025-06-14,1,1
S003351,O003525,W02,C01,2025-04-25,2025-04-25,2025-04-25,1,2
S003352,O003526,W01,C02,2025-08-27,2025-08-28,2025-09-01,0,2
S003353,O003527,W02,C03,2025-09-19,2025-09-22,2025-09-22,1,2
S003354,O003528,W01,C01,2025-02-27,2025-03-01,2025-03-01,1,1
S003355,O003529,W03,C02,2025-12-09,2025-12-12,2025-12-15,0,0
S003356,O003530,W03,C04,2025-03-27,2025-03-28,2025-03-30,0,1
S003357,O003531,W02,C01,2025-02-02,2025-02-04,2025-02-04,1,1
S003358,O003532,W01,C01,2025-07-28,2025-07-30,2025-07-30,1,1
S003359,O003533,W02,C03,2025-09-13,2025-09-16,2025-09-16,1,1
S003360,O003534,W02,C03,2025-05-26,2025-05-28,2025-05-28,1,2
S003361,O003535,W03,C04,2025-12-21,2025-12-21,2025-12-22,0,3
S003362,O003536,W01,C01,2025-06-20,2025-06-22,2025-06-22,1,3
S003363,O003537,W01,C02,2025-08-26,2025-08-28,2025-08-27,1,1
S003364,O003538,W03,C01,2025-12-16,2025-12-17,2025-12-17,1,2
S003365,O003539,W01,C01,2025-11-03,2025-11-06,2025-11-06,1,1
S003366,O003540,W01,C01,2025-05-04,2025-05-05,2025-05-05,1,2
S003367,O003541,W03,C01,2025-06-30,2025-07-04,2025-07-04,1,1
S003368,O003543,W02,C03,2025-02-04,2025-02-08,2025-02-08,1,1
S003369,O003544,W01,C04,2025-05-25,2025-05-28,2025-05-28,1,1
S003370,O003545,W03,C02,2025-09-19,2025-09-22,2025-09-22,1,1
S003371,O003546,W01,C03,2025-01-27,2025-01-28,2025-01-28,1,2
S003372,O003547,W01,C02,2025-04-04,2025-04-07,2025-04-07,1,2
S003373,O003548,W03,C03,2025-11-21,2025-11-24,2025-11-24,1,0
S003374,O003549,W03,C02,2025-03-28,2025-03-31,2025-03-31,1,1
S003375,O003550,W01,C01,2025-12-08,2025-12-12,2025-12-16,0,0
S003376,O003551,W01,C01,2025-04-29,2025-04-30,2025-04-30,1,1
S003377,O003552,W02,C01,2025-06-09,2025-06-10,2025-06-10,1,2
S003378,O003553,W01,C01,2025-12-20,2025-12-21,2025-12-21,1,1
S003379,O003554,W02,C01,2025-08-17,2025-08-19,2025-08-19,1,1
S003380,O003555,W02,C01,2025-06-24,2025-06-26,2025-06-30,0,2
S003381,O003556,W01,C01,2025-06-03,2025-06-06,2025-06-05,1,1
S003382,O003557,W01,C03,2025-09-27,2025-09-29,2025-09-30,0,1
S003383,O003558,W03,C02,2025-04-14,2025-04-14,2025-04-18,0,3
S003384,O003559,W03,C03,2025-02-10,2025-02-10,2025-02-14,0,2
S003385,O003560,W03,C02,2026-01-01,2026-01-04,2026-01-04,1,2
S003386,O003561,W02,C02,2025-08-15,2025-08-15,2025-08-15,1,3
S003387,O003562,W01,C03,2026-01-02,2026-01-03,2026-01-03,1,2
S003388,O003563,W01,C03,2025-10-03,2025-10-05,2025-10-05,1,1
S003389,O003564,W01,C01,2025-11-15,2025-11-18,2025-11-17,1,1
S003390,O003565,W03,C02,2025-05-11,2025-05-14,2025-05-13,1,0
S003391,O003566,W01,C01,2025-02-06,2025-02-06,2025-02-06,1,2
S003392,O003567,W01,C03,2025-12-22,2025-12-23,2025-12-23,1,2
S003393,O003568,W03,C01,2025-10-22,2025-10-23,2025-10-23,1,1
S003394,O003569,W03,C03,2025-06-19,2025-06-22,2025-06-25,0,1
S003395,O003570,W03,C01,2025-04-24,2025-04-27,2025-04-27,1,1
S003396,O003571,W01,C02,2025-11-13,2025-11-13,2025-11-13,1,2
S003397,O003572,W01,C03,2025-11-30,2025-12-04,2025-12-07,0,1
S003398,O003573,W02,C02,2025-04-18,2025-04-20,2025-04-20,1,2
S003399,O003574,W01,C03,2025-03-31,2025-04-02,2025-04-01,1,2
S003400,O003575,W03,C03,2025-02-23,2025-02-27,2025-02-26,1,0
S003401,O003576,W01,C02,2025-04-10,2025-04-11,2025-04-11,1,2
S003402,O003577,W01,C03,2025-07-06,2025-07-09,2025-07-09,1,0
S003403,O003578,W01,C04,2025-02-24,2025-02-25,2025-02-25,1,1
S003404,O003579,W03,C02,2025-01-15,2025-01-16,2025-01-16,1,1
S003405,O003580,W03,C02,2025-02-10,2025-02-13,2025-02-13,1,1
S003406,O003581,W02,C03,2025-06-21,2025-06-25,2025-06-24,1,1
S003407,O003582,W03,C01,2025-10-29,2025-10-31,2025-10-30,1,1
S003408,O003583,W01,C01,2025-06-02,2025-06-04,2025-06-04,1,1
S003409,O003584,W01,C03,2025-07-13,2025-07-16,2025-07-20,0,1
S003410,O003585,W03,C01,2025-12-23,2025-12-26,2025-12-26,1,1
S003411,O003586,W03,C02,2025-01-03,2025-01-03,2025-01-03,1,2
S003412,O003587,W03,C01,2025-11-28,2025-11-29,2025-11-29,1,2
S003413,O003588,W01,C02,2025-04-26,2025-04-27,2025-04-27,1,2
S003414,O003589,W03,C01,2025-07-03,2025-07-05,2025-07-05,1,0
S003415,O003590,W01,C01,2025-10-14,2025-10-15,2025-10-15,1,2
S003416,O003591,W01,C02,2025-05-31,2025-06-02,2025-06-05,0,0
S003417,O003592,W03,C01,2025-10-06,2025-10-07,2025-10-07,1,2
S003418,O003593,W03,C01,2025-06-19,2025-06-21,2025-06-20,1,1
S003419,O003595,W02,C01,2025-10-09,2025-10-13,2025-10-13,1,1
S003420,O003596,W03,C03,2025-09-23,2025-09-26,2025-09-27,0,1
S003421,O003597,W03,C02,2025-12-27,2025-12-30,2025-12-31,0,1
S003422,O003598,W02,C01,2025-04-01,2025-04-04,2025-04-04,1,1
S003423,O003599,W03,C04,2025-04-22,2025-04-25,2025-04-27,0,1
S003424,O003601,W02,C02,2025-10-21,2025-10-24,2025-10-23,1,2
S003425,O003602,W02,C01,2025-03-05,2025-03-08,2025-03-07,1,1
S003426,O003603,W01,C02,2025-10-29,2025-11-02,2025-11-01,1,0
S003427,O003604,W01,C01,2025-12-15,2025-12-16,2025-12-16,1,1
S003428,O003605,W03,C03,2025-02-14,2025-02-16,2025-02-15,1,1
S003429,O003606,W03,C01,2025-05-13,2025-05-15,2025-05-14,1,2
S003430,O003608,W02,C02,2025-01-22,2025-01-25,2025-01-24,1,1
S003431,O003609,W01,C03,2025-07-30,2025-08-01,2025-08-05,0,1
S003432,O003610,W03,C01,2025-08-02,2025-08-04,2025-08-04,1,3
S003433,O003611,W01,C03,2025-04-28,2025-04-30,2025-04-30,1,2
S003434,O003612,W02,C04,2025-05-13,2025-05-15,2025-05-15,1,1
S003435,O003613,W01,C04,2025-07-13,2025-07-16,2025-07-20,0,1
S003436,O003614,W03,C03,2025-03-28,2025-03-31,2025-03-31,1,2
S003437,O003615,W02,C02,2025-05-01,2025-05-01,2025-05-01,1,3
S003438,O003616,W01,C01,2025-03-02,2025-03-03,2025-03-03,1,1
S003439,O003618,W01,C01,2025-02-25,2025-02-28,2025-02-28,1,1
S003440,O003619,W02,C01,2025-07-28,2025-07-31,2025-07-31,1,1
S003441,O003620,W01,C03,2025-08-31,2025-09-01,2025-09-01,1,1
S003442,O003621,W02,C01,2025-11-17,2025-11-18,2025-11-18,1,2
S003443,O003622,W01,C02,2025-09-17,2025-09-18,2025-09-18,1,2
S003444,O003623,W01,C03,2025-03-30,2025-04-02,2025-04-02,1,1
S003445,O003624,W01,C02,2025-12-01,2025-12-01,2025-12-01,1,2
S003446,O003625,W01,C03,2025-09-19,2025-09-20,2025-09-20,1,2
S003447,O003626,W01,C02,2025-04-30,2025-05-03,2025-05-03,1,2
S003448,O003627,W01,C01,2025-10-03,2025-10-07,2025-10-07,1,1
S003449,O003628,W02,C01,2025-04-06,2025-04-06,2025-04-06,1,2
S003450,O003629,W01,C02,2025-02-02,2025-02-04,2025-02-04,1,1
S003451,O003630,W02,C02,2025-05-15,2025-05-16,2025-05-16,1,2
S003452,O003631,W02,C01,2025-12-19,2025-12-19,2025-12-19,1,2
S003453,O003632,W02,C02,2025-04-20,2025-04-20,2025-04-20,1,2
S003454,O003634,W01,C02,2025-09-28,2025-09-28,2025-10-01,0,2
S003455,O003635,W03,C01,2025-07-11,2025-07-13,2025-07-12,1,2
S003456,O003636,W01,C04,2025-05-07,2025-05-10,2025-05-10,1,0
S003457,O003637,W02,C03,2025-09-12,2025-09-14,2025-09-14,1,2
S003458,O003638,W03,C02,2025-01-27,2025-01-30,2025-01-29,1,2
S003459,O003639,W01,C01,2025-10-31,2025-11-01,2025-11-01,1,1
S003460,O003640,W03,C01,2025-08-08,2025-08-09,2025-08-09,1,1
S003461,O003641,W01,C01,2025-04-15,2025-04-18,2025-04-17,1,2
S003462,O003642,W02,C01,2025-10-10,2025-10-12,2025-10-12,1,2
S003463,O003643,W01,C02,2025-03-04,2025-03-09,2025-03-09,1,0
S003464,O003644,W01,C02,2025-02-15,2025-02-15,2025-02-16,0,2
S003465,O003645,W02,C01,2025-07-25,2025-07-26,2025-07-26,1,2
S003466,O003647,W03,C01,2025-09-30,2025-10-03,2025-10-03,1,2
S003467,O003648,W01,C03,2025-10-24,2025-10-25,2025-10-25,1,2
S003468,O003649,W03,C04,2025-06-10,2025-06-14,2025-06-14,1,0
S003469,O003650,W01,C02,2025-01-27,2025-02-01,2025-01-31,1,0
S003470,O003651,W03,C02,2025-12-09,2025-12-13,2025-12-13,1,0
S003471,O003653,W01,C02,2025-06-29,2025-06-29,2025-06-29,1,2
S003472,O003655,W01,C03,2025-10-29,2025-10-29,2025-10-29,1,3
S003473,O003657,W03,C03,2025-03-28,2025-03-30,2025-03-29,1,1
S003474,O003658,W02,C01,2025-10-27,2025-10-28,2025-10-28,1,2
S003475,O003659,W02,C01,2025-05-14,2025-05-18,2025-05-18,1,1
S003476,O003660,W01,C03,2025-07-19,2025-07-21,2025-07-21,1,0
S003477,O003661,W03,C04,2025-09-24,2025-09-26,2025-09-26,1,2
S003478,O003662,W03,C02,2025-05-31,2025-05-31,2025-06-01,0,3
S003479,O003663,W01,C02,2025-03-11,2025-03-14,2025-03-14,1,1
S003480,O003664,W03,C02,2025-08-16,2025-08-18,2025-08-18,1,1
S003481,O003665,W01,C03,2025-04-02,2025-04-02,2025-04-02,1,3
S003482,O003666,W02,C01,2025-06-16,2025-06-18,2025-06-17,1,1
S003483,O003667,W01,C04,2025-06-20,2025-06-19,2025-06-19,1,3
S003484,O003668,W02,C02,2025-09-20,2025-09-21,2025-09-21,1,2
S003485,O003669,W02,C01,2025-11-15,2025-11-14,2025-11-14,1,3
S003486,O003671,W01,C01,2025-07-17,2025-07-18,2025-07-18,1,1
S003487,O003672,W01,C02,2025-10-08,2025-10-12,2025-10-11,1,1
S003488,O003673,W01,C01,2025-09-23,2025-09-26,2025-09-29,0,1
S003489,O003674,W03,C02,2025-12-08,2025-12-11,2025-12-11,1,1
S003490,O003675,W02,C03,2025-03-11,2025-03-10,2025-03-10,1,3
S003491,O003676,W02,C04,2025-06-19,2025-06-20,2025-06-20,1,2
S003492,O003677,W02,C01,2025-05-25,2025-05-26,2025-05-26,1,2
S003493,O003678,W02,C02,2025-03-24,2025-03-27,2025-03-27,1,1
S003494,O003679,W01,C01,2025-04-03,2025-04-06,2025-04-06,1,2
S003495,O003680,W01,C04,2025-07-10,2025-07-13,2025-07-13,1,1
S003496,O003681,W01,C02,2025-08-14,2025-08-17,2025-08-17,1,0
S003497,O003683,W01,C02,2025-05-11,2025-05-14,2025-05-15,0,1
S003498,O003684,W02,C01,2025-10-05,2025-10-08,2025-10-08,1,1
S003499,O003685,W02,C01,2025-02-17,2025-02-20,2025-02-20,1,1
S003500,O003686,W02,C03,2025-09-23,2025-09-26,2025-09-26,1,1
S003501,O003687,W01,C01,2025-05-18,2025-05-21,2025-05-20,1,0
S003502,O003688,W02,C04,2025-03-03,2025-03-07,2025-03-06,1,1
S003503,O003689,W01,C01,2025-09-11,2025-09-10,2025-09-10,1,3
S003504,O003691,W01,C02,2025-01-10,2025-01-12,2025-01-11,1,2
S003505,O003692,W01,C02,2025-12-19,2025-12-21,2025-12-21,1,1
S003506,O003693,W02,C01,2025-09-16,2025-09-20,2025-09-20,1,1
S003507,O003694,W03,C01,2025-10-11,2025-10-14,2025-10-14,1,2
S003508,O003695,W02,C03,2025-03-12,2025-03-14,2025-03-18,0,1
S003509,O003696,W01,C02,2025-01-17,2025-01-21,2025-01-22,0,1
S003510,O003697,W01,C01,2025-08-09,2025-08-11,2025-08-11,1,1
S003511,O003698,W01,C01,2025-02-15,2025-02-19,2025-02-19,1,1
S003512,O003699,W01,C02,2025-07-28,2025-08-01,2025-08-01,1,1
S003513,O003700,W01,C02,2025-03-22,2025-03-24,2025-03-24,1,1
S003514,O003701,W01,C02,2025-06-03,2025-06-07,2025-06-07,1,0
S003515,O003702,W03,C04,2025-01-10,2025-01-12,2025-01-12,1,1
S003516,O003703,W01,C04,2025-01-12,2025-01-14,2025-01-14,1,2
S003517,O003704,W02,C01,2025-10-27,2025-10-30,2025-10-30,1,1
S003518,O003705,W02,C03,2025-03-17,2025-03-19,2025-03-19,1,2
S003519,O003706,W01,C02,2025-03-21,2025-03-22,2025-03-22,1,2
S003520,O003707,W01,C04,2025-06-01,2025-06-03,2025-06-03,1,2
S003521,O003708,W02,C04,2025-01-20,2025-01-25,2025-01-25,1,0
S003522,O003709,W03,C01,2025-02-19,2025-02-23,2025-02-23,1,0
S003523,O003710,W01,C03,2025-02-21,2025-02-24,2025-02-24,1,1
S003524,O003711,W03,C02,2025-11-05,2025-11-07,2025-11-07,1,1
S003525,O003712,W01,C01,2025-06-24,2025-06-25,2025-06-25,1,2
S003526,O003713,W01,C01,2025-04-02,2025-04-06,2025-04-06,1,1
S003527,O003714,W01,C03,2025-08-26,2025-08-29,2025-09-02,0,1
S003528,O003715,W01,C02,2025-03-02,2025-03-06,2025-03-06,1,1
S003529,O003716,W01,C03,2025-06-11,2025-06-11,2025-06-11,1,3
S003530,O003717,W01,C02,2025-08-21,2025-08-24,2025-08-24,1,2
S003531,O003718,W01,C04,2025-03-08,2025-03-09,2025-03-12,0,2
S003532,O003719,W03,C03,2025-07-13,2025-07-15,2025-07-15,1,1
S003533,O003721,W02,C03,2025-06-17,2025-06-17,2025-06-17,1,2
S003534,O003722,W01,C03,2025-05-21,2025-05-26,2025-05-26,1,0
S003535,O003723,W03,C04,2025-12-28,2025-12-30,2025-12-29,1,1
S003536,O003725,W03,C03,2025-04-11,2025-04-15,2025-04-17,0,1
S003537,O003726,W01,C02,2025-10-03,2025-10-05,2025-10-04,1,2
S003538,O003727,W01,C03,2025-05-28,2025-05-30,2025-05-31,0,1
S003539,O003728,W01,C01,2025-05-18,2025-05-22,2025-05-22,1,1
S003540,O003729,W02,C02,2025-03-16,2025-03-20,2025-03-20,1,1
S003541,O003730,W01,C03,2025-04-27,2025-04-29,2025-04-29,1,1
S003542,O003731,W03,C03,2025-08-21,2025-08-23,2025-08-23,1,2
S003543,O003732,W03,C02,2025-06-16,2025-06-17,2025-06-17,1,1
S003544,O003733,W03,C01,2025-01-19,2025-01-23,2025-01-22,1,0
S003545,O003734,W01,C01,2025-09-05,2025-09-09,2025-09-12,0,1
S003546,O003735,W01,C04,2025-05-25,2025-05-27,2025-05-26,1,1
S003547,O003736,W01,C02,2025-12-02,2025-12-04,2025-12-04,1,0
S003548,O003738,W03,C03,2025-01-03,2025-01-05,2025-01-05,1,1
S003549,O003739,W01,C03,2025-05-22,2025-05-26,2025-05-26,1,1
S003550,O003740,W02,C04,2025-08-03,2025-08-05,2025-08-07,0,0
S003551,O003741,W03,C03,2025-09-21,2025-09-24,2025-09-24,1,0
S003552,O003742,W01,C01,2025-12-27,2025-12-31,2025-12-30,1,1
S003553,O003743,W01,C04,2025-10-27,2025-10-29,2025-10-31,0,2
S003554,O003744,W01,C03,2025-07-10,2025-07-11,2025-07-13,0,2
S003555,O003745,W01,C01,2025-07-06,2025-07-07,2025-07-07,1,1
S003556,O003746,W02,C02,2025-10-12,2025-10-12,2025-10-16,0,2
S003557,O003747,W02,C01,2025-09-07,2025-09-09,2025-09-09,1,2
S003558,O003748,W03,C03,2025-04-07,2025-04-09,2025-04-08,1,1
S003559,O003749,W01,C01,2025-09-17,2025-09-19,2025-09-18,1,1
S003560,O003750,W03,C02,2025-06-15,2025-06-17,2025-06-17,1,1
S003561,O003751,W01,C03,2025-08-04,2025-08-07,2025-08-11,0,0
S003562,O003752,W02,C02,2025-09-03,2025-09-05,2025-09-05,1,1
S003563,O003753,W03,C04,2025-08-31,2025-09-05,2025-09-05,1,0
S003564,O003754,W02,C04,2025-12-25,2025-12-26,2025-12-27,0,2
S003565,O003755,W01,C01,2025-08-04,2025-08-07,2025-08-06,1,1
S003566,O003756,W01,C02,2025-05-04,2025-05-07,2025-05-07,1,1
S003567,O003757,W02,C03,2025-08-02,2025-08-02,2025-08-02,1,3
S003568,O003758,W02,C03,2025-05-04,2025-05-05,2025-05-05,1,2
S003569,O003759,W02,C02,2025-12-15,2025-12-16,2025-12-16,1,2
S003570,O003760,W01,C02,2025-07-16,2025-07-18,2025-07-18,1,0
S003571,O003761,W02,C03,2025-10-19,2025-10-23,2025-10-24,0,0
S003572,O003762,W02,C02,2025-10-12,2025-10-13,2025-10-13,1,2
S003573,O003763,W02,C02,2025-12-24,2025-12-27,2025-12-27,1,1
S003574,O003764,W01,C02,2025-11-04,2025-11-06,2025-11-06,1,0
S003575,O003765,W01,C01,2025-12-22,2025-12-25,2025-12-25,1,1
S003576,O003766,W02,C03,2025-01-24,2025-01-28,2025-01-27,1,1
S003577,O003767,W03,C01,2025-09-18,2025-09-20,2025-09-23,0,2
S003578,O003768,W03,C02,2025-05-04,2025-05-06,2025-05-05,1,1
S003579,O003769,W03,C02,2025-08-04,2025-08-04,2025-08-04,1,2
S003580,O003770,W03,C02,2025-09-10,2025-09-13,2025-09-13,1,1
S003581,O003771,W03,C02,2025-06-21,2025-06-21,2025-06-22,0,2
S003582,O003772,W01,C02,2025-12-27,2025-12-28,2025-12-28,1,3
S003583,O003773,W03,C02,2025-07-20,2025-07-24,2025-07-24,1,1
S003584,O003774,W01,C01,2025-01-09,2025-01-10,2025-01-10,1,1
S003585,O003775,W01,C02,2025-08-25,2025-08-27,2025-08-27,1,2
S003586,O003776,W01,C03,2025-04-27,2025-04-29,2025-04-29,1,2
S003587,O003777,W03,C01,2025-07-23,2025-07-25,2025-07-25,1,0
S003588,O003778,W02,C01,2025-08-21,2025-08-22,2025-08-22,1,2
S003589,O003779,W01,C03,2025-12-12,2025-12-16,2025-12-16,1,0
S003590,O003780,W01,C03,2025-12-08,2025-12-09,2025-12-09,1,1
S003591,O003782,W02,C03,2025-11-27,2025-11-28,2025-11-28,1,2
S003592,O003783,W03,C01,2025-08-28,2025-08-30,2025-08-29,1,2
S003593,O003784,W03,C02,2025-12-08,2025-12-11,2025-12-11,1,0
S003594,O003785,W03,C01,2025-09-21,2025-09-22,2025-09-22,1,1
S003595,O003786,W02,C02,2025-11-01,2025-11-04,2025-11-07,0,0
S003596,O003787,W03,C02,2025-06-03,2025-06-05,2025-06-05,1,2
S003597,O003788,W01,C01,2025-03-07,2025-03-10,2025-03-09,1,1
S003598,O003789,W01,C04,2025-06-14,2025-06-18,2025-06-22,0,1
S003599,O003790,W01,C01,2025-04-25,2025-04-27,2025-04-27,1,3
S003600,O003791,W01,C03,2025-09-13,2025-09-17,2025-09-17,1,1
S003601,O003792,W01,C03,2025-05-27,2025-05-29,2025-05-29,1,2
S003602,O003793,W03,C02,2025-06-29,2025-07-01,2025-07-01,1,2
S003603,O003794,W03,C02,2025-06-05,2025-06-06,2025-06-06,1,1
S003604,O003795,W01,C03,2025-01-30,2025-02-01,2025-01-31,1,2
S003605,O003796,W01,C03,2025-01-08,2025-01-13,2025-01-12,1,0
S003606,O003797,W01,C04,2025-11-30,2025-12-04,2025-12-04,1,1
S003607,O003798,W01,C01,2025-04-25,2025-04-28,2025-04-28,1,2
S003608,O003799,W03,C01,2025-11-19,2025-11-22,2025-11-22,1,1
S003609,O003800,W03,C02,2025-06-04,2025-06-07,2025-06-07,1,1
S003610,O003801,W01,C03,2025-05-08,2025-05-12,2025-05-12,1,0
S003611,O003802,W02,C03,2025-12-28,2025-12-30,2026-01-02,0,1
S003612,O003803,W03,C01,2025-07-19,2025-07-19,2025-07-19,1,2
S003613,O003804,W03,C03,2025-02-08,2025-02-10,2025-02-13,0,1
S003614,O003805,W03,C03,2025-09-11,2025-09-14,2025-09-14,1,1
S003615,O003807,W01,C04,2025-11-09,2025-11-13,2025-11-13,1,1
S003616,O003808,W01,C04,2025-03-27,2025-03-30,2025-03-30,1,1
S003617,O003809,W02,C01,2025-03-28,2025-03-30,2025-03-30,1,1
S003618,O003810,W01,C02,2025-02-19,2025-02-21,2025-02-21,1,1
S003619,O003811,W01,C02,2025-02-22,2025-02-25,2025-02-24,1,0
S003620,O003812,W02,C01,2025-04-29,2025-05-01,2025-04-30,1,1
S003621,O003813,W02,C03,2025-04-04,2025-04-07,2025-04-07,1,1
S003622,O003814,W02,C02,2025-06-19,2025-06-19,2025-06-19,1,2
S003623,O003815,W01,C01,2025-06-09,2025-06-09,2025-06-10,0,2
S003624,O003816,W03,C02,2025-02-19,2025-02-21,2025-02-21,1,1
S003625,O003817,W03,C02,2025-05-14,2025-05-17,2025-05-17,1,1
S003626,O003818,W03,C03,2025-12-02,2025-12-06,2025-12-06,1,1
S003627,O003819,W02,C01,2025-07-16,2025-07-16,2025-07-16,1,3
S003628,O003820,W03,C01,2025-01-11,2025-01-14,2025-01-13,1,2
S003629,O003821,W03,C03,2025-01-14,2025-01-17,2025-01-16,1,0
S003630,O003822,W02,C03,2025-11-20,2025-11-21,2025-11-21,1,2
S003631,O003823,W02,C02,2025-09-24,2025-09-28,2025-09-28,1,1
S003632,O003824,W01,C02,2025-02-07,2025-02-09,2025-02-09,1,1
S003633,O003825,W01,C03,2025-10-05,2025-10-06,2025-10-07,0,2
S003634,O003826,W01,C01,2025-07-16,2025-07-19,2025-07-19,1,1
S003635,O003827,W02,C03,2025-07-19,2025-07-22,2025-07-21,1,1
S003636,O003828,W03,C04,2025-07-16,2025-07-18,2025-07-18,1,0
S003637,O003829,W02,C02,2025-07-14,2025-07-17,2025-07-20,0,1
S003638,O003830,W01,C01,2025-12-31,2026-01-02,2026-01-02,1,2
S003639,O003831,W01,C01,2025-03-22,2025-03-23,2025-03-23,1,1
S003640,O003832,W02,C04,2025-10-02,2025-10-04,2025-10-04,1,0
S003641,O003833,W02,C02,2025-09-25,2025-09-28,2025-09-28,1,2
S003642,O003834,W02,C04,2025-12-08,2025-12-09,2025-12-09,1,2
S003643,O003835,W01,C03,2025-07-15,2025-07-18,2025-07-17,1,1
S003644,O003836,W02,C02,2025-06-27,2025-06-29,2025-06-28,1,1
S003645,O003837,W02,C01,2025-05-11,2025-05-15,2025-05-15,1,0
S003646,O003838,W01,C03,2025-08-20,2025-08-22,2025-08-23,0,1
S003647,O003839,W02,C04,2025-01-26,2025-01-28,2025-01-29,0,1
S003648,O003840,W03,C02,2025-07-10,2025-07-13,2025-07-13,1,1
S003649,O003841,W01,C02,2025-09-09,2025-09-10,2025-09-10,1,2
S003650,O003842,W01,C01,2025-01-08,2025-01-11,2025-01-11,1,2
S003651,O003843,W03,C01,2025-08-07,2025-08-09,2025-08-09,1,1
S003652,O003844,W01,C04,2025-03-02,2025-03-03,2025-03-03,1,2
S003653,O003845,W01,C02,2025-03-04,2025-03-06,2025-03-06,1,2
S003654,O003846,W01,C01,2025-05-15,2025-05-16,2025-05-16,1,1
S003655,O003847,W01,C01,2025-08-02,2025-08-04,2025-08-07,0,1
S003656,O003848,W03,C01,2025-07-30,2025-08-03,2025-08-04,0,1
S003657,O003849,W01,C02,2025-06-04,2025-06-08,2025-06-08,1,0
S003658,O003850,W03,C03,2025-03-18,2025-03-21,2025-03-20,1,2
S003659,O003851,W03,C02,2025-04-22,2025-04-24,2025-04-24,1,1
S003660,O003852,W02,C01,2025-11-23,2025-11-26,2025-11-26,1,1
S003661,O003853,W03,C01,2025-04-12,2025-04-16,2025-04-16,1,1
S003662,O003854,W01,C02,2025-12-03,2025-12-05,2025-12-05,1,1
S003663,O003855,W03,C01,2025-08-05,2025-08-07,2025-08-07,1,1
S003664,O003856,W02,C01,2025-10-22,2025-10-25,2025-10-25,1,1
S003665,O003857,W01,C01,2025-02-06,2025-02-08,2025-02-08,1,1
S003666,O003858,W01,C03,2025-01-16,2025-01-19,2025-01-19,1,0
S003667,O003859,W02,C03,2025-08-22,2025-08-24,2025-08-24,1,1
S003668,O003860,W02,C03,2025-08-26,2025-08-26,2025-08-26,1,2
S003669,O003861,W01,C03,2025-11-23,2025-11-28,2025-11-27,1,0
S003670,O003862,W02,C03,2025-01-20,2025-01-20,2025-01-20,1,2
S003671,O003863,W01,C03,2025-12-18,2025-12-21,2025-12-21,1,0
S003672,O003864,W03,C03,2025-08-14,2025-08-15,2025-08-15,1,2
S003673,O003865,W03,C03,2025-06-26,2025-06-27,2025-06-27,1,2
S003674,O003866,W01,C03,2025-03-18,2025-03-20,2025-03-20,1,3
S003675,O003867,W02,C04,2025-06-01,2025-06-05,2025-06-07,0,0
S003676,O003868,W03,C03,2025-10-16,2025-10-18,2025-10-18,1,2
S003677,O003869,W02,C02,2025-10-05,2025-10-09,2025-10-09,1,0
S003678,O003870,W02,C03,2025-08-10,2025-08-12,2025-08-12,1,2
S003679,O003871,W03,C01,2025-03-25,2025-03-27,2025-03-27,1,1
S003680,O003872,W01,C02,2025-05-10,2025-05-11,2025-05-11,1,2
S003681,O003873,W01,C02,2025-04-02,2025-04-05,2025-04-05,1,0
S003682,O003875,W02,C02,2025-11-30,2025-12-02,2025-12-01,1,2
S003683,O003876,W01,C02,2025-12-28,2025-12-30,2025-12-30,1,2
S003684,O003877,W01,C02,2025-11-07,2025-11-08,2025-11-08,1,2
S003685,O003878,W02,C01,2025-03-17,2025-03-19,2025-03-19,1,2
S003686,O003879,W01,C04,2025-07-06,2025-07-08,2025-07-10,0,2
S003687,O003880,W03,C01,2025-06-09,2025-06-12,2025-06-11,1,1
S003688,O003881,W01,C03,2025-05-05,2025-05-07,2025-05-10,0,2
S003689,O003883,W02,C02,2025-05-09,2025-05-11,2025-05-11,1,1
S003690,O003884,W02,C01,2025-12-21,2025-12-25,2025-12-25,1,0
S003691,O003885,W03,C04,2025-06-07,2025-06-10,2025-06-10,1,2
S003692,O003886,W01,C01,2025-02-16,2025-02-19,2025-02-19,1,0
S003693,O003887,W01,C01,2025-02-16,2025-02-19,2025-02-19,1,1
S003694,O003888,W02,C04,2025-12-21,2025-12-23,2025-12-25,0,1
S003695,O003889,W01,C01,2025-06-22,2025-06-23,2025-06-23,1,1
S003696,O003890,W03,C01,2025-07-22,2025-07-25,2025-07-24,1,1
S003697,O003891,W02,C02,2025-05-10,2025-05-14,2025-05-14,1,0
S003698,O003892,W02,C01,2025-11-07,2025-11-10,2025-11-10,1,1
S003699,O003893,W02,C02,2025-01-25,2025-01-27,2025-01-27,1,0
S003700,O003895,W02,C01,2025-06-15,2025-06-15,2025-06-15,1,2
S003701,O003896,W01,C01,2025-10-22,2025-10-23,2025-10-23,1,1
S003702,O003897,W02,C03,2025-12-02,2025-12-04,2025-12-07,0,2
S003703,O003898,W03,C03,2025-09-30,2025-10-02,2025-10-04,0,1
S003704,O003899,W01,C02,2025-06-14,2025-06-18,2025-06-19,0,0
S003705,O003900,W02,C04,2025-09-09,2025-09-12,2025-09-11,1,1
S003706,O003901,W03,C04,2025-09-21,2025-09-24,2025-09-24,1,1
S003707,O003902,W01,C02,2025-06-21,2025-06-22,2025-06-22,1,2
S003708,O003903,W03,C03,2025-04-26,2025-04-29,2025-04-29,1,0
S003709,O003904,W01,C01,2025-09-14,2025-09-16,2025-09-16,1,1
S003710,O003905,W02,C03,2025-07-08,2025-07-09,2025-07-09,1,2
S003711,O003906,W01,C02,2025-08-08,2025-08-11,2025-08-11,1,1
S003712,O003907,W01,C02,2025-12-24,2025-12-26,2025-12-25,1,1
S003713,O003908,W03,C03,2025-10-17,2025-10-20,2025-10-20,1,2
S003714,O003909,W03,C04,2025-05-13,2025-05-15,2025-05-15,1,1
S003715,O003910,W03,C03,2025-10-20,2025-10-24,2025-10-24,1,0
S003716,O003911,W02,C01,2025-01-21,2025-01-22,2025-01-22,1,2
S003717,O003912,W01,C01,2025-07-12,2025-07-13,2025-07-14,0,2
S003718,O003913,W01,C01,2025-07-31,2025-08-03,2025-08-03,1,0
S003719,O003915,W01,C04,2025-09-03,2025-09-03,2025-09-03,1,2
S003720,O003916,W01,C01,2025-09-06,2025-09-06,2025-09-06,1,2
S003721,O003917,W03,C02,2025-08-10,2025-08-14,2025-08-13,1,0
S003722,O003918,W01,C03,2025-01-17,2025-01-20,2025-01-20,1,1
S003723,O003919,W02,C02,2025-10-14,2025-10-17,2025-10-17,1,2
S003724,O003920,W02,C04,2025-01-19,2025-01-20,2025-01-20,1,1
S003725,O003921,W01,C02,2025-04-14,2025-04-14,2025-04-14,1,2
S003726,O003922,W02,C02,2025-06-16,2025-06-17,2025-06-17,1,2
S003727,O003923,W01,C01,2025-09-27,2025-10-01,2025-09-30,1,1
S003728,O003924,W02,C03,2025-09-30,2025-10-02,2025-10-02,1,1
S003729,O003925,W03,C03,2025-04-02,2025-04-04,2025-04-05,0,1
S003730,O003926,W02,C03,2025-07-08,2025-07-08,2025-07-08,1,2
S003731,O003927,W02,C01,2025-03-31,2025-04-04,2025-04-04,1,1
S003732,O003928,W02,C02,2025-12-16,2025-12-18,2025-12-18,1,0
S003733,O003929,W01,C01,2025-03-11,2025-03-12,2025-03-12,1,2
S003734,O003930,W03,C03,2025-03-12,2025-03-15,2025-03-15,1,1
S003735,O003931,W02,C02,2025-03-08,2025-03-10,2025-03-10,1,2
S003736,O003932,W01,C03,2025-03-20,2025-03-23,2025-03-22,1,1
S003737,O003933,W03,C04,2025-08-07,2025-08-10,2025-08-10,1,0
S003738,O003934,W02,C02,2025-01-12,2025-01-14,2025-01-14,1,2
S003739,O003935,W01,C02,2025-05-23,2025-05-26,2025-05-26,1,0
S003740,O003936,W01,C02,2025-12-26,2025-12-28,2025-12-28,1,1
S003741,O003937,W02,C01,2025-07-02,2025-07-04,2025-07-04,1,3
S003742,O003938,W01,C01,2025-05-06,2025-05-10,2025-05-09,1,1
S003743,O003939,W03,C04,2025-11-27,2025-11-28,2025-11-28,1,2
S003744,O003940,W02,C03,2025-11-08,2025-11-10,2025-11-09,1,1
S003745,O003941,W01,C03,2025-07-29,2025-07-31,2025-07-31,1,1
S003746,O003942,W01,C01,2025-11-04,2025-11-06,2025-11-06,1,1
S003747,O003943,W02,C01,2025-02-15,2025-02-17,2025-02-16,1,2
S003748,O003944,W03,C03,2025-07-06,2025-07-10,2025-07-09,1,0
S003749,O003945,W01,C02,2025-10-21,2025-10-23,2025-10-23,1,0
S003750,O003946,W01,C02,2025-12-01,2025-12-06,2025-12-05,1,0
S003751,O003947,W03,C01,2025-04-01,2025-04-04,2025-04-04,1,1
S003752,O003948,W03,C01,2025-11-21,2025-11-24,2025-11-24,1,1
S003753,O003949,W01,C03,2025-03-10,2025-03-13,2025-03-13,1,1
S003754,O003950,W03,C03,2025-01-19,2025-01-19,2025-01-19,1,3
S003755,O003951,W01,C03,2025-05-16,2025-05-17,2025-05-17,1,2
S003756,O003952,W03,C03,2025-02-06,2025-02-08,2025-02-07,1,1
S003757,O003953,W02,C01,2025-05-25,2025-05-26,2025-05-26,1,2
S003758,O003954,W01,C02,2025-12-09,2025-12-11,2025-12-11,1,2
S003759,O003955,W03,C02,2025-07-15,2025-07-15,2025-07-15,1,2
S003760,O003956,W01,C01,2025-09-25,2025-09-27,2025-09-28,0,2
S003761,O003957,W01,C02,2025-03-20,2025-03-21,2025-03-22,0,2
S003762,O003958,W01,C02,2025-10-10,2025-10-12,2025-10-13,0,1
S003763,O003959,W01,C03,2025-10-28,2025-10-28,2025-10-28,1,2
S003764,O003960,W01,C01,2025-11-10,2025-11-12,2025-11-12,1,1
S003765,O003961,W03,C01,2025-08-01,2025-08-02,2025-08-02,1,1
S003766,O003962,W01,C02,2025-06-28,2025-07-01,2025-07-01,1,1
S003767,O003963,W01,C02,2025-01-18,2025-01-21,2025-01-21,1,1
S003768,O003964,W02,C02,2025-06-15,2025-06-17,2025-06-17,1,0
S003769,O003965,W01,C03,2025-12-08,2025-12-10,2025-12-10,1,2
S003770,O003966,W01,C02,2025-01-10,2025-01-14,2025-01-14,1,1
S003771,O003968,W03,C01,2025-07-12,2025-07-12,2025-07-12,1,3
S003772,O003969,W01,C01,2025-04-06,2025-04-08,2025-04-08,1,1
S003773,O003970,W02,C03,2025-07-10,2025-07-11,2025-07-15,0,2
S003774,O003971,W01,C03,2025-07-09,2025-07-12,2025-07-13,0,1
S003775,O003972,W01,C02,2025-05-29,2025-06-02,2025-06-02,1,1
S003776,O003974,W03,C02,2025-03-06,2025-03-09,2025-03-09,1,1
S003777,O003975,W01,C01,2025-04-25,2025-04-29,2025-04-29,1,0
S003778,O003976,W03,C04,2025-01-11,2025-01-13,2025-01-13,1,1
S003779,O003977,W01,C01,2025-10-15,2025-10-19,2025-10-18,1,0
S003780,O003978,W03,C01,2025-01-21,2025-01-22,2025-01-22,1,2
S003781,O003979,W01,C03,2025-03-24,2025-03-25,2025-03-25,1,1
S003782,O003980,W01,C02,2025-11-25,2025-11-25,2025-11-25,1,2
S003783,O003981,W01,C02,2025-03-22,2025-03-25,2025-03-25,1,0
S003784,O003982,W02,C03,2025-10-03,2025-10-05,2025-10-05,1,0
S003785,O003983,W02,C03,2025-09-10,2025-09-12,2025-09-16,0,1
S003786,O003984,W02,C02,2025-04-17,2025-04-20,2025-04-19,1,1
S003787,O003985,W02,C01,2025-01-31,2025-02-02,2025-02-01,1,2
S003788,O003986,W01,C03,2025-03-18,2025-03-20,2025-03-24,0,1
S003789,O003987,W01,C03,2025-01-07,2025-01-08,2025-01-10,0,2
S003790,O003988,W02,C03,2025-11-22,2025-11-26,2025-11-30,0,1
S003791,O003989,W02,C01,2025-10-24,2025-10-26,2025-10-26,1,1
S003792,O003990,W02,C02,2025-06-13,2025-06-16,2025-06-16,1,1
S003793,O003991,W01,C03,2025-06-08,2025-06-09,2025-06-09,1,2
S003794,O003992,W02,C03,2025-07-25,2025-07-28,2025-07-28,1,1
S003795,O003993,W02,C01,2025-07-20,2025-07-21,2025-07-25,0,3
S003796,O003994,W01,C02,2025-11-14,2025-11-15,2025-11-15,1,2
S003797,O003995,W03,C04,2025-02-11,2025-02-11,2025-02-11,1,2
S003798,O003996,W01,C02,2025-08-24,2025-08-27,2025-08-26,1,1
S003799,O003997,W02,C04,2025-12-21,2025-12-25,2025-12-25,1,1
S003800,O003998,W02,C03,2025-03-18,2025-03-19,2025-03-19,1,1
S003801,O003999,W02,C03,2025-04-22,2025-04-24,2025-04-24,1,1
S003802,O004000,W03,C02,2025-01-24,2025-01-27,2025-01-26,1,0
S003803,O004002,W02,C03,2026-01-01,2026-01-02,2026-01-02,1,2
S003804,O004003,W02,C01,2025-09-30,2025-10-01,2025-10-01,1,2
S003805,O004004,W02,C04,2025-07-04,2025-07-07,2025-07-07,1,2
S003806,O004005,W01,C02,2025-10-27,2025-10-30,2025-10-30,1,2
S003807,O004006,W02,C02,2025-12-03,2025-12-04,2025-12-04,1,2
S003808,O004007,W02,C01,2025-08-27,2025-08-28,2025-08-28,1,2
S003809,O004008,W03,C01,2025-08-31,2025-09-02,2025-09-02,1,1
S003810,O004009,W01,C03,2025-06-04,2025-06-06,2025-06-09,0,2
S003811,O004010,W02,C01,2025-04-18,2025-04-20,2025-04-20,1,2
S003812,O004011,W01,C03,2025-12-14,2025-12-14,2025-12-16,0,3
S003813,O004012,W03,C01,2025-11-03,2025-11-05,2025-11-04,1,1
S003814,O004013,W01,C02,2025-11-19,2025-11-22,2025-11-22,1,1
S003815,O004014,W01,C02,2025-02-11,2025-02-14,2025-02-14,1,2
S003816,O004015,W01,C02,2025-05-08,2025-05-10,2025-05-10,1,1
S003817,O004016,W01,C02,2025-02-16,2025-02-18,2025-02-18,1,1
S003818,O004017,W01,C02,2025-04-02,2025-04-03,2025-04-03,1,2
S003819,O004018,W02,C02,2025-07-23,2025-07-26,2025-07-26,1,1
S003820,O004020,W01,C02,2025-07-13,2025-07-16,2025-07-16,1,1
S003821,O004021,W02,C03,2025-07-10,2025-07-13,2025-07-13,1,0
S003822,O004022,W01,C01,2025-07-31,2025-08-04,2025-08-04,1,1
S003823,O004023,W03,C01,2025-08-24,2025-08-27,2025-08-27,1,1
S003824,O004024,W03,C01,2025-12-12,2025-12-13,2025-12-13,1,2
S003825,O004025,W02,C01,2025-12-17,2025-12-18,2025-12-18,1,2
S003826,O004026,W03,C01,2025-02-26,2025-02-27,2025-02-27,1,1
S003827,O004027,W03,C01,2025-05-10,2025-05-12,2025-05-12,1,1
S003828,O004028,W01,C01,2025-12-28,2025-12-29,2025-12-29,1,1
S003829,O004029,W02,C02,2025-05-31,2025-06-02,2025-06-01,1,1
S003830,O004030,W03,C04,2025-10-01,2025-10-02,2025-10-02,1,1
S003831,O004031,W01,C03,2025-05-04,2025-05-06,2025-05-06,1,2
S003832,O004032,W03,C01,2025-05-27,2025-05-29,2025-05-29,1,2
S003833,O004033,W02,C02,2025-09-12,2025-09-14,2025-09-13,1,2
S003834,O004034,W01,C03,2025-11-26,2025-11-28,2025-12-02,0,1
S003835,O004035,W02,C02,2025-07-29,2025-07-30,2025-07-30,1,1
S003836,O004036,W01,C03,2025-01-15,2025-01-17,2025-01-16,1,1
S003837,O004037,W02,C01,2025-12-04,2025-12-05,2025-12-05,1,2
S003838,O004038,W01,C02,2025-08-12,2025-08-14,2025-08-14,1,2
S003839,O004039,W01,C03,2025-06-15,2025-06-18,2025-06-18,1,0
S003840,O004040,W01,C01,2025-02-19,2025-02-24,2025-02-24,1,0
S003841,O004041,W02,C01,2025-09-18,2025-09-19,2025-09-19,1,1
S003842,O004042,W01,C03,2025-04-29,2025-04-30,2025-04-30,1,2
S003843,O004043,W02,C02,2025-03-29,2025-03-31,2025-03-31,1,1
S003844,O004044,W01,C03,2025-12-07,2025-12-10,2025-12-10,1,1
S003845,O004045,W02,C01,2025-12-26,2025-12-29,2025-12-29,1,0
S003846,O004046,W01,C03,2025-08-27,2025-08-30,2025-08-30,1,1
S003847,O004047,W01,C03,2025-04-18,2025-04-21,2025-04-21,1,1
S003848,O004048,W02,C04,2025-04-21,2025-04-25,2025-04-24,1,0
S003849,O004049,W03,C04,2025-06-30,2025-07-02,2025-07-01,1,2
S003850,O004050,W02,C04,2025-10-16,2025-10-18,2025-10-18,1,1
S003851,O004051,W01,C01,2025-08-09,2025-08-11,2025-08-10,1,0
S003852,O004052,W02,C02,2025-05-02,2025-05-06,2025-05-06,1,0
S003853,O004053,W02,C02,2025-11-02,2025-11-03,2025-11-03,1,2
S003854,O004054,W01,C01,2025-12-10,2025-12-11,2025-12-11,1,2
S003855,O004055,W01,C02,2025-03-06,2025-03-07,2025-03-07,1,1
S003856,O004056,W03,C02,2025-03-31,2025-04-02,2025-04-01,1,1
S003857,O004057,W03,C02,2025-12-07,2025-12-08,2025-12-08,1,1
S003858,O004058,W03,C03,2025-03-12,2025-03-14,2025-03-13,1,0
S003859,O004059,W02,C02,2025-08-03,2025-08-04,2025-08-04,1,1
S003860,O004060,W02,C01,2025-04-10,2025-04-13,2025-04-13,1,1
S003861,O004062,W02,C02,2025-03-11,2025-03-15,2025-03-15,1,1
S003862,O004063,W02,C03,2025-09-20,2025-09-24,2025-09-24,1,0
S003863,O004064,W02,C03,2025-06-30,2025-07-02,2025-07-02,1,1
S003864,O004067,W01,C03,2025-10-18,2025-10-20,2025-10-20,1,1
S003865,O004068,W03,C01,2025-11-22,2025-11-25,2025-11-25,1,1
S003866,O004069,W01,C01,2025-04-04,2025-04-06,2025-04-05,1,1
S003867,O004070,W02,C03,2025-03-16,2025-03-18,2025-03-18,1,1
S003868,O004071,W03,C04,2025-07-23,2025-07-24,2025-07-24,1,2
S003869,O004072,W03,C01,2025-02-16,2025-02-17,2025-02-17,1,2
S003870,O004073,W01,C04,2025-11-02,2025-11-03,2025-11-06,0,1
S003871,O004074,W01,C01,2025-07-10,2025-07-13,2025-07-13,1,1
S003872,O004075,W03,C02,2025-01-19,2025-01-20,2025-01-23,0,2
S003873,O004076,W01,C02,2025-12-02,2025-12-04,2025-12-04,1,1
S003874,O004077,W03,C01,2025-04-19,2025-04-21,2025-04-21,1,2
S003875,O004078,W03,C02,2025-12-14,2025-12-16,2025-12-15,1,1
S003876,O004079,W03,C03,2025-11-14,2025-11-16,2025-11-15,1,2
S003877,O004080,W01,C04,2025-11-13,2025-11-15,2025-11-14,1,1
S003878,O004081,W03,C03,2025-10-29,2025-10-31,2025-11-01,0,1
S003879,O004082,W02,C03,2025-01-05,2025-01-07,2025-01-07,1,1
S003880,O004083,W03,C03,2025-06-06,2025-06-07,2025-06-10,0,3
S003881,O004084,W03,C02,2025-01-28,2025-01-29,2025-01-29,1,1
S003882,O004085,W02,C03,2025-05-28,2025-05-30,2025-05-29,1,1
S003883,O004086,W01,C04,2025-09-30,2025-10-02,2025-10-02,1,2
S003884,O004087,W01,C02,2025-05-31,2025-06-02,2025-06-02,1,1
S003885,O004088,W03,C03,2025-01-15,2025-01-17,2025-01-21,0,1
S003886,O004089,W01,C02,2025-04-09,2025-04-12,2025-04-12,1,1
S003887,O004090,W02,C03,2025-11-18,2025-11-19,2025-11-21,0,1
S003888,O004091,W02,C02,2025-06-06,2025-06-07,2025-06-07,1,2
S003889,O004092,W01,C02,2025-09-01,2025-09-03,2025-09-03,1,1
S003890,O004093,W03,C04,2025-04-13,2025-04-16,2025-04-16,1,1
S003891,O004094,W03,C02,2025-11-30,2025-12-01,2025-12-01,1,1
S003892,O004095,W02,C03,2025-10-15,2025-10-17,2025-10-17,1,1
S003893,O004096,W02,C01,2025-06-15,2025-06-18,2025-06-18,1,1
S003894,O004097,W01,C03,2025-04-08,2025-04-10,2025-04-10,1,2
S003895,O004098,W03,C02,2025-05-08,2025-05-09,2025-05-09,1,1
S003896,O004099,W03,C02,2025-09-27,2025-09-28,2025-09-28,1,2
S003897,O004100,W03,C03,2025-12-25,2025-12-27,2025-12-27,1,1
S003898,O004101,W01,C03,2025-03-04,2025-03-04,2025-03-04,1,2
S003899,O004102,W02,C03,2025-03-07,2025-03-12,2025-03-12,1,0
S003900,O004103,W01,C04,2025-02-28,2025-03-03,2025-03-03,1,1
S003901,O004104,W02,C02,2025-08-20,2025-08-23,2025-08-23,1,1
S003902,O004105,W03,C01,2025-12-10,2025-12-11,2025-12-11,1,2
S003903,O004106,W02,C03,2025-10-15,2025-10-18,2025-10-18,1,0
S003904,O004107,W01,C03,2025-04-01,2025-04-03,2025-04-02,1,2
S003905,O004108,W01,C01,2025-09-15,2025-09-15,2025-09-15,1,2
S003906,O004109,W03,C01,2025-01-23,2025-01-26,2025-01-26,1,0
S003907,O004110,W02,C01,2025-02-20,2025-02-24,2025-02-23,1,1
S003908,O004111,W03,C01,2025-03-21,2025-03-23,2025-03-23,1,3
S003909,O004112,W02,C03,2025-10-06,2025-10-08,2025-10-08,1,2
S003910,O004113,W01,C02,2025-12-19,2025-12-20,2025-12-20,1,2
S003911,O004114,W02,C01,2025-08-11,2025-08-13,2025-08-17,0,1
S003912,O004115,W03,C02,2025-05-27,2025-05-30,2025-05-30,1,1
S003913,O004116,W01,C02,2025-06-26,2025-06-27,2025-06-27,1,2
S003914,O004117,W02,C04,2025-08-04,2025-08-04,2025-08-04,1,3
S003915,O004118,W02,C01,2025-02-09,2025-02-12,2025-02-12,1,2
S003916,O004119,W02,C02,2025-09-17,2025-09-19,2025-09-19,1,1
S003917,O004120,W03,C02,2025-03-14,2025-03-17,2025-03-17,1,1
S003918,O004121,W01,C01,2025-05-22,2025-05-22,2025-05-22,1,2
S003919,O004122,W03,C01,2025-12-01,2025-12-01,2025-12-01,1,3
S003920,O004123,W02,C01,2025-01-17,2025-01-19,2025-01-19,1,1
S003921,O004124,W02,C02,2025-10-07,2025-10-08,2025-10-08,1,1
S003922,O004125,W01,C03,2025-05-13,2025-05-14,2025-05-14,1,1
S003923,O004126,W01,C01,2025-06-21,2025-06-23,2025-06-23,1,1
S003924,O004127,W03,C02,2025-08-14,2025-08-18,2025-08-18,1,0
S003925,O004128,W02,C03,2025-10-31,2025-11-04,2025-11-03,1,1
S003926,O004129,W02,C01,2025-09-07,2025-09-11,2025-09-11,1,0
S003927,O004131,W03,C01,2025-02-26,2025-03-02,2025-03-01,1,0
S003928,O004132,W01,C02,2025-06-07,2025-06-10,2025-06-10,1,2
S003929,O004135,W03,C02,2025-05-08,2025-05-11,2025-05-11,1,2
S003930,O004136,W03,C03,2025-08-09,2025-08-11,2025-08-11,1,2
S003931,O004137,W02,C03,2025-05-17,2025-05-18,2025-05-19,0,2
S003932,O004138,W02,C04,2025-12-20,2025-12-23,2025-12-23,1,1
S003933,O004139,W01,C03,2025-09-08,2025-09-10,2025-09-10,1,2
S003934,O004140,W02,C03,2025-03-25,2025-03-28,2025-03-27,1,2
S003935,O004141,W02,C01,2025-01-09,2025-01-12,2025-01-12,1,1
S003936,O004142,W03,C03,2025-07-29,2025-08-01,2025-08-01,1,1
S003937,O004143,W01,C03,2025-09-25,2025-09-26,2025-09-26,1,2
S003938,O004144,W02,C02,2025-02-11,2025-02-14,2025-02-14,1,1
S003939,O004145,W01,C03,2025-07-08,2025-07-12,2025-07-12,1,1
S003940,O004146,W01,C02,2025-08-12,2025-08-13,2025-08-13,1,1
S003941,O004147,W02,C02,2025-03-15,2025-03-18,2025-03-18,1,2
S003942,O004148,W01,C03,2025-01-04,2025-01-06,2025-01-05,1,1
S003943,O004149,W01,C02,2025-11-26,2025-11-28,2025-11-28,1,3
S003944,O004150,W01,C04,2025-05-19,2025-05-21,2025-05-25,0,1
S003945,O004151,W01,C02,2025-04-15,2025-04-18,2025-04-18,1,1
S003946,O004152,W01,C01,2025-01-24,2025-01-25,2025-01-25,1,2
S003947,O004153,W02,C02,2025-10-09,2025-10-12,2025-10-12,1,1
S003948,O004154,W01,C02,2025-05-23,2025-05-27,2025-05-27,1,1
S003949,O004155,W01,C04,2025-05-08,2025-05-11,2025-05-11,1,1
S003950,O004156,W03,C01,2025-07-12,2025-07-15,2025-07-18,0,1
S003951,O004157,W02,C04,2025-09-14,2025-09-15,2025-09-15,1,2
S003952,O004158,W01,C01,2025-08-11,2025-08-12,2025-08-12,1,1
S003953,O004159,W01,C01,2025-05-19,2025-05-22,2025-05-22,1,2
S003954,O004160,W02,C02,2025-05-17,2025-05-19,2025-05-19,1,2
S003955,O004161,W03,C02,2025-10-16,2025-10-19,2025-10-19,1,1
S003956,O004162,W01,C03,2025-12-20,2025-12-21,2025-12-21,1,2
S003957,O004163,W01,C03,2025-12-08,2025-12-09,2025-12-09,1,2
S003958,O004164,W02,C02,2025-11-25,2025-11-24,2025-11-24,1,3
S003959,O004165,W03,C02,2025-02-20,2025-02-21,2025-02-21,1,2
S003960,O004166,W01,C04,2025-09-19,2025-09-21,2025-09-21,1,1
S003961,O004167,W01,C01,2025-08-19,2025-08-21,2025-08-20,1,2
S003962,O004168,W03,C03,2025-03-13,2025-03-15,2025-03-18,0,1
S003963,O004169,W01,C01,2025-05-14,2025-05-16,2025-05-16,1,1
S003964,O004170,W01,C02,2025-11-17,2025-11-21,2025-11-22,0,0
S003965,O004171,W02,C01,2025-12-13,2025-12-14,2025-12-14,1,1
S003966,O004172,W01,C04,2025-03-23,2025-03-27,2025-03-30,0,0
S003967,O004173,W01,C03,2025-08-09,2025-08-11,2025-08-11,1,2
S003968,O004174,W01,C04,2025-04-14,2025-04-17,2025-04-17,1,1
S003969,O004175,W03,C03,2025-03-14,2025-03-15,2025-03-15,1,1
S003970,O004176,W01,C03,2025-01-16,2025-01-18,2025-01-21,0,2
S003971,O004177,W03,C04,2025-09-13,2025-09-16,2025-09-20,0,2
S003972,O004178,W03,C01,2025-10-23,2025-10-26,2025-10-28,0,1
S003973,O004179,W03,C04,2025-09-02,2025-09-04,2025-09-04,1,1
S003974,O004180,W01,C03,2025-03-15,2025-03-17,2025-03-17,1,2
S003975,O004181,W02,C03,2025-04-24,2025-04-25,2025-04-25,1,2
S003976,O004182,W01,C03,2025-04-19,2025-04-22,2025-04-22,1,1
S003977,O004183,W02,C02,2025-01-24,2025-01-27,2025-01-27,1,1
S003978,O004184,W03,C01,2025-08-21,2025-08-23,2025-08-23,1,1
S003979,O004185,W01,C01,2025-04-24,2025-04-27,2025-04-27,1,1
S003980,O004187,W03,C04,2025-01-27,2025-01-30,2025-01-30,1,0
S003981,O004188,W01,C03,2025-05-03,2025-05-06,2025-05-08,0,1
S003982,O004190,W02,C03,2025-08-29,2025-08-31,2025-09-03,0,1
S003983,O004191,W01,C01,2025-02-10,2025-02-12,2025-02-12,1,2
S003984,O004192,W01,C02,2025-04-11,2025-04-12,2025-04-12,1,2
S003985,O004193,W02,C01,2025-11-08,2025-11-08,2025-11-08,1,2
S003986,O004194,W01,C03,2025-06-02,2025-06-04,2025-06-08,0,1
S003987,O004195,W03,C01,2025-07-09,2025-07-13,2025-07-13,1,1
S003988,O004196,W02,C02,2025-01-28,2025-02-01,2025-01-31,1,1
S003989,O004197,W01,C03,2025-09-13,2025-09-17,2025-09-17,1,1
S003990,O004198,W03,C02,2025-01-04,2025-01-06,2025-01-07,0,1
S003991,O004199,W03,C01,2025-09-15,2025-09-19,2025-09-19,1,1
S003992,O004200,W03,C02,2025-06-01,2025-06-03,2025-06-03,1,1
S003993,O004201,W01,C01,2025-11-18,2025-11-18,2025-11-18,1,2
S003994,O004202,W01,C01,2025-03-05,2025-03-06,2025-03-06,1,2
S003995,O004203,W02,C03,2025-06-11,2025-06-13,2025-06-12,1,1
S003996,O004204,W01,C03,2025-04-11,2025-04-13,2025-04-16,0,1
S003997,O004205,W02,C01,2025-08-17,2025-08-18,2025-08-18,1,2
S003998,O004206,W01,C01,2025-10-27,2025-10-30,2025-10-29,1,0
S003999,O004207,W02,C03,2025-01-18,2025-01-19,2025-01-19,1,1
S004000,O004208,W02,C03,2025-12-17,2025-12-19,2025-12-23,0,1
S004001,O004209,W01,C03,2025-04-25,2025-04-27,2025-04-27,1,0
S004002,O004210,W01,C02,2025-11-19,2025-11-21,2025-11-21,1,2
S004003,O004211,W01,C01,2025-01-08,2025-01-09,2025-01-09,1,2
S004004,O004212,W03,C03,2025-04-29,2025-05-01,2025-05-01,1,2
S004005,O004213,W03,C03,2025-08-21,2025-08-24,2025-08-24,1,0
S004006,O004214,W03,C03,2025-10-12,2025-10-13,2025-10-13,1,1
S004007,O004215,W02,C03,2025-05-24,2025-05-26,2025-05-30,0,1
S004008,O004216,W02,C04,2025-03-03,2025-03-05,2025-03-04,1,2
S004009,O004217,W01,C01,2025-02-17,2025-02-21,2025-02-21,1,1
S004010,O004218,W01,C02,2025-05-18,2025-05-19,2025-05-19,1,2
S004011,O004219,W03,C03,2025-03-03,2025-03-05,2025-03-04,1,0
S004012,O004220,W03,C02,2025-06-10,2025-06-11,2025-06-13,0,2
S004013,O004221,W03,C03,2025-04-10,2025-04-12,2025-04-12,1,1
S004014,O004222,W02,C01,2025-02-13,2025-02-16,2025-02-16,1,1
S004015,O004223,W03,C04,2025-09-06,2025-09-08,2025-09-08,1,0
S004016,O004224,W03,C01,2025-05-12,2025-05-13,2025-05-13,1,1
S004017,O004225,W03,C04,2025-08-10,2025-08-12,2025-08-12,1,1
S004018,O004226,W02,C02,2025-02-13,2025-02-15,2025-02-14,1,2
S004019,O004227,W03,C02,2025-12-23,2025-12-25,2025-12-25,1,2
S004020,O004228,W01,C01,2025-01-30,2025-02-02,2025-02-01,1,1
S004021,O004229,W01,C03,2025-10-25,2025-10-27,2025-10-27,1,1
S004022,O004230,W02,C01,2025-12-21,2025-12-24,2025-12-24,1,2
S004023,O004231,W01,C01,2025-06-26,2025-06-29,2025-06-29,1,1
S004024,O004232,W02,C03,2025-03-23,2025-03-26,2025-03-26,1,1
S004025,O004233,W03,C02,2025-03-13,2025-03-17,2025-03-17,1,0
S004026,O004234,W01,C01,2025-05-03,2025-05-05,2025-05-05,1,1
S004027,O004235,W01,C01,2025-11-30,2025-12-02,2025-12-02,1,1
S004028,O004236,W01,C03,2025-09-04,2025-09-06,2025-09-06,1,1
S004029,O004237,W02,C04,2025-07-06,2025-07-08,2025-07-08,1,2
S004030,O004238,W03,C01,2025-03-27,2025-03-30,2025-03-30,1,1
S004031,O004239,W03,C03,2025-08-12,2025-08-15,2025-08-15,1,0
S004032,O004240,W02,C01,2026-01-01,2026-01-03,2026-01-05,0,1
S004033,O004241,W01,C03,2025-10-09,2025-10-11,2025-10-14,0,2
S004034,O004242,W01,C01,2025-09-20,2025-09-22,2025-09-22,1,2
S004035,O004243,W02,C03,2025-07-09,2025-07-10,2025-07-10,1,2
S004036,O004244,W01,C03,2025-12-14,2025-12-17,2025-12-19,0,1
S004037,O004245,W02,C04,2025-02-13,2025-02-16,2025-02-16,1,0
S004038,O004246,W03,C04,2025-06-14,2025-06-15,2025-06-15,1,2
S004039,O004247,W01,C02,2025-07-09,2025-07-13,2025-07-13,1,1
S004040,O004248,W01,C03,2025-07-29,2025-07-31,2025-07-31,1,1
S004041,O004249,W01,C02,2025-03-16,2025-03-17,2025-03-19,0,3
S004042,O004250,W01,C04,2025-05-07,2025-05-10,2025-05-10,1,1
S004043,O004251,W03,C02,2025-01-18,2025-01-21,2025-01-21,1,1
S004044,O004252,W02,C03,2025-08-12,2025-08-14,2025-08-13,1,2
S004045,O004253,W01,C01,2025-12-29,2025-12-31,2025-12-31,1,1
S004046,O004254,W01,C03,2025-06-07,2025-06-10,2025-06-10,1,1
S004047,O004255,W01,C02,2025-08-10,2025-08-13,2025-08-17,0,1
S004048,O004256,W03,C02,2025-05-17,2025-05-20,2025-05-19,1,1
S004049,O004257,W01,C01,2025-06-04,2025-06-06,2025-06-06,1,1
S004050,O004258,W03,C01,2025-06-17,2025-06-18,2025-06-18,1,1
S004051,O004259,W01,C01,2025-07-23,2025-07-25,2025-07-25,1,1
S004052,O004260,W01,C02,2025-05-29,2025-06-01,2025-06-01,1,0
S004053,O004261,W03,C01,2025-07-24,2025-07-28,2025-07-27,1,1
S004054,O004262,W03,C01,2025-10-21,2025-10-24,2025-10-24,1,0
S004055,O004263,W03,C03,2025-08-08,2025-08-11,2025-08-10,1,2
S004056,O004264,W02,C01,2025-05-17,2025-05-20,2025-05-20,1,2
S004057,O004265,W03,C03,2025-08-19,2025-08-23,2025-08-23,1,0
S004058,O004266,W02,C01,2025-05-12,2025-05-13,2025-05-16,0,2
S004059,O004267,W01,C01,2025-04-09,2025-04-10,2025-04-10,1,2
S004060,O004268,W03,C03,2025-04-17,2025-04-19,2025-04-19,1,1
S004061,O004269,W01,C03,2025-03-05,2025-03-08,2025-03-08,1,1
S004062,O004270,W03,C02,2025-05-23,2025-05-25,2025-05-25,1,1
S004063,O004271,W01,C01,2025-07-09,2025-07-13,2025-07-16,0,0
S004064,O004272,W01,C01,2025-07-08,2025-07-11,2025-07-13,0,2
S004065,O004273,W02,C04,2025-06-28,2025-06-29,2025-06-29,1,1
S004066,O004274,W02,C01,2025-07-31,2025-08-04,2025-08-07,0,0
S004067,O004275,W02,C03,2025-01-23,2025-01-24,2025-01-24,1,1
S004068,O004276,W03,C02,2025-08-04,2025-08-06,2025-08-07,0,2
S004069,O004277,W03,C03,2025-09-29,2025-10-01,2025-09-30,1,2
S004070,O004278,W01,C01,2025-09-21,2025-09-23,2025-09-23,1,2
S004071,O004279,W01,C03,2025-12-09,2025-12-11,2025-12-11,1,2
S004072,O004280,W03,C02,2025-11-25,2025-11-28,2025-11-28,1,1
S004073,O004281,W02,C02,2025-12-29,2025-12-28,2025-12-28,1,3
S004074,O004282,W01,C03,2025-02-03,2025-02-05,2025-02-05,1,2
S004075,O004283,W01,C02,2025-04-23,2025-04-25,2025-04-24,1,2
S004076,O004284,W01,C02,2025-05-21,2025-05-24,2025-05-24,1,2
S004077,O004285,W01,C01,2025-01-09,2025-01-12,2025-01-12,1,0
S004078,O004286,W02,C02,2025-02-19,2025-02-22,2025-02-25,0,1
S004079,O004287,W03,C02,2025-04-14,2025-04-16,2025-04-16,1,1
S004080,O004288,W03,C01,2025-03-03,2025-03-06,2025-03-06,1,1
S004081,O004289,W03,C01,2025-10-23,2025-10-24,2025-10-24,1,1
S004082,O004290,W01,C04,2025-12-08,2025-12-11,2025-12-11,1,0
S004083,O004291,W01,C03,2025-03-01,2025-03-03,2025-03-03,1,1
S004084,O004292,W02,C02,2025-10-07,2025-10-07,2025-10-07,1,2
S004085,O004293,W01,C03,2025-03-12,2025-03-13,2025-03-13,1,1
S004086,O004294,W03,C03,2025-10-09,2025-10-13,2025-10-12,1,1
S004087,O004295,W02,C03,2025-03-17,2025-03-18,2025-03-19,0,2
S004088,O004296,W01,C03,2025-03-06,2025-03-08,2025-03-08,1,1
S004089,O004297,W03,C02,2025-04-20,2025-04-23,2025-04-23,1,0
S004090,O004298,W02,C01,2025-09-05,2025-09-07,2025-09-07,1,1
S004091,O004299,W02,C02,2025-06-15,2025-06-17,2025-06-16,1,2
S004092,O004300,W03,C01,2025-11-20,2025-11-24,2025-11-24,1,1
S004093,O004301,W03,C02,2025-05-21,2025-05-23,2025-05-22,1,2
S004094,O004302,W02,C02,2025-12-09,2025-12-13,2025-12-13,1,1
S004095,O004303,W02,C01,2025-10-31,2025-11-01,2025-11-01,1,1
S004096,O004304,W01,C03,2025-07-09,2025-07-10,2025-07-10,1,2
S004097,O004305,W03,C02,2025-09-28,2025-09-29,2025-09-29,1,2
S004098,O004306,W03,C03,2025-01-25,2025-01-26,2025-01-26,1,3
S004099,O004307,W02,C03,2025-05-30,2025-05-31,2025-06-02,0,2
S004100,O004308,W01,C01,2025-03-16,2025-03-17,2025-03-17,1,2
S004101,O004309,W01,C01,2025-12-26,2025-12-27,2025-12-27,1,3
S004102,O004310,W01,C03,2025-03-02,2025-03-04,2025-03-03,1,1
S004103,O004311,W01,C03,2025-05-26,2025-05-29,2025-05-28,1,0
S004104,O004312,W03,C02,2025-11-28,2025-12-01,2025-12-03,0,1
S004105,O004313,W01,C03,2025-06-04,2025-06-04,2025-06-04,1,2
S004106,O004314,W01,C02,2025-09-09,2025-09-09,2025-09-12,0,3
S004107,O004315,W03,C02,2025-07-08,2025-07-12,2025-07-12,1,1
S004108,O004316,W03,C03,2025-06-17,2025-06-20,2025-06-20,1,0
S004109,O004317,W02,C03,2025-05-03,2025-05-05,2025-05-05,1,1
S004110,O004318,W02,C01,2025-05-20,2025-05-22,2025-05-22,1,1
S004111,O004319,W01,C01,2025-10-13,2025-10-15,2025-10-14,1,1
S004112,O004320,W02,C03,2025-12-08,2025-12-09,2025-12-09,1,2
S004113,O004321,W03,C03,2025-05-06,2025-05-10,2025-05-10,1,1
S004114,O004322,W03,C04,2025-08-19,2025-08-22,2025-08-21,1,1
S004115,O004323,W01,C01,2025-10-31,2025-11-02,2025-11-02,1,2
S004116,O004324,W01,C02,2025-02-13,2025-02-15,2025-02-15,1,1
S004117,O004325,W03,C03,2025-05-04,2025-05-07,2025-05-07,1,1
S004118,O004326,W01,C02,2025-02-27,2025-03-04,2025-03-04,1,0
S004119,O004327,W01,C01,2025-02-26,2025-02-28,2025-02-28,1,1
S004120,O004328,W03,C04,2025-09-30,2025-10-05,2025-10-06,0,0
S004121,O004329,W02,C01,2025-04-22,2025-04-23,2025-04-23,1,2
S004122,O004330,W03,C01,2025-05-06,2025-05-09,2025-05-09,1,1
S004123,O004331,W01,C04,2025-10-05,2025-10-08,2025-10-08,1,1
S004124,O004332,W02,C01,2025-10-02,2025-10-03,2025-10-03,1,2
S004125,O004333,W02,C03,2025-06-03,2025-06-05,2025-06-05,1,2
S004126,O004334,W01,C02,2025-08-30,2025-09-02,2025-09-02,1,1
S004127,O004335,W01,C01,2025-03-16,2025-03-17,2025-03-17,1,2
S004128,O004336,W01,C04,2025-09-07,2025-09-08,2025-09-08,1,2
S004129,O004337,W03,C04,2025-01-24,2025-01-26,2025-01-26,1,1
S004130,O004338,W02,C02,2025-07-22,2025-07-26,2025-07-26,1,1
S004131,O004339,W01,C01,2025-12-28,2025-12-30,2025-12-29,1,2
S004132,O004340,W03,C03,2025-01-12,2025-01-14,2025-01-15,0,1
S004133,O004341,W02,C03,2025-07-29,2025-07-31,2025-07-31,1,1
S004134,O004342,W03,C01,2026-01-01,2026-01-04,2026-01-04,1,1
S004135,O004343,W01,C03,2025-12-26,2025-12-30,2025-12-30,1,0
S004136,O004344,W03,C02,2025-10-14,2025-10-18,2025-10-18,1,1
S004137,O004345,W01,C01,2025-07-11,2025-07-13,2025-07-12,1,1
S004138,O004346,W01,C03,2025-04-01,2025-04-03,2025-04-03,1,1
S004139,O004347,W01,C02,2025-10-08,2025-10-09,2025-10-09,1,1
S004140,O004348,W02,C01,2025-02-21,2025-02-22,2025-02-22,1,2
S004141,O004349,W02,C02,2025-06-12,2025-06-13,2025-06-13,1,2
S004142,O004350,W01,C02,2025-11-18,2025-11-23,2025-11-23,1,0
S004143,O004351,W01,C02,2025-08-15,2025-08-17,2025-08-21,0,1
S004144,O004352,W01,C02,2025-07-30,2025-08-01,2025-08-01,1,2
S004145,O004353,W03,C02,2025-07-16,2025-07-18,2025-07-18,1,2
S004146,O004354,W03,C02,2025-06-29,2025-07-02,2025-07-02,1,1
S004147,O004355,W02,C04,2025-02-05,2025-02-07,2025-02-06,1,1
S004148,O004356,W01,C01,2025-10-23,2025-10-27,2025-10-27,1,0
S004149,O004357,W02,C01,2025-02-05,2025-02-08,2025-02-08,1,0
S004150,O004358,W01,C03,2025-12-29,2026-01-01,2025-12-31,1,1
S004151,O004359,W03,C03,2025-11-23,2025-11-27,2025-11-27,1,1
S004152,O004360,W03,C01,2025-04-18,2025-04-21,2025-04-20,1,1
S004153,O004361,W03,C04,2025-02-15,2025-02-16,2025-02-16,1,2
S004154,O004362,W01,C01,2025-05-10,2025-05-12,2025-05-12,1,2
S004155,O004363,W01,C02,2025-11-01,2025-11-03,2025-11-03,1,2
S004156,O004364,W01,C03,2025-05-10,2025-05-13,2025-05-12,1,2
S004157,O004365,W01,C04,2025-10-27,2025-10-30,2025-10-30,1,0
S004158,O004366,W03,C03,2025-01-25,2025-01-27,2025-01-27,1,1
S004159,O004367,W01,C04,2025-04-04,2025-04-06,2025-04-10,0,2
S004160,O004368,W03,C02,2025-02-10,2025-02-12,2025-02-12,1,0
S004161,O004369,W01,C04,2025-08-10,2025-08-14,2025-08-14,1,0
S004162,O004370,W01,C01,2025-06-08,2025-06-10,2025-06-10,1,1
S004163,O004371,W02,C02,2025-01-13,2025-01-15,2025-01-15,1,1
S004164,O004373,W01,C03,2025-09-05,2025-09-09,2025-09-09,1,0
S004165,O004374,W03,C01,2025-02-07,2025-02-10,2025-02-10,1,0
S004166,O004375,W02,C03,2025-01-29,2025-02-01,2025-02-04,0,1
S004167,O004376,W01,C01,2025-02-24,2025-02-26,2025-02-26,1,2
S004168,O004377,W03,C02,2025-01-06,2025-01-09,2025-01-08,1,1
S004169,O004378,W03,C03,2025-07-31,2025-08-03,2025-08-02,1,0
S004170,O004379,W01,C04,2025-11-06,2025-11-09,2025-11-09,1,2
S004171,O004380,W03,C02,2025-10-17,2025-10-19,2025-10-20,0,1
S004172,O004381,W02,C04,2025-03-18,2025-03-20,2025-03-19,1,2
S004173,O004382,W02,C04,2025-09-04,2025-09-06,2025-09-06,1,1
S004174,O004383,W03,C03,2025-01-28,2025-01-30,2025-02-03,0,2
S004175,O004384,W01,C02,2025-10-23,2025-10-26,2025-10-26,1,2
S004176,O004385,W02,C04,2025-12-25,2025-12-27,2025-12-28,0,1
S004177,O004386,W01,C01,2025-03-11,2025-03-14,2025-03-13,1,1
S004178,O004387,W02,C02,2025-06-07,2025-06-07,2025-06-08,0,2
S004179,O004388,W02,C03,2025-02-05,2025-02-05,2025-02-05,1,3
S004180,O004389,W01,C03,2025-06-03,2025-06-04,2025-06-04,1,2
S004181,O004391,W01,C02,2025-06-20,2025-06-21,2025-06-21,1,1
S004182,O004392,W02,C01,2025-06-09,2025-06-09,2025-06-09,1,2
S004183,O004393,W02,C03,2025-05-25,2025-05-29,2025-05-30,0,1
S004184,O004394,W01,C02,2025-05-25,2025-05-30,2025-05-30,1,0
S004185,O004395,W03,C02,2025-02-17,2025-02-18,2025-02-18,1,1
S004186,O004396,W01,C03,2025-03-04,2025-03-05,2025-03-05,1,3
S004187,O004397,W03,C04,2025-10-18,2025-10-19,2025-10-19,1,1
S004188,O004398,W01,C01,2025-08-07,2025-08-11,2025-08-11,1,1
S004189,O004399,W03,C01,2025-04-05,2025-04-07,2025-04-07,1,1
S004190,O004400,W03,C02,2025-05-06,2025-05-11,2025-05-11,1,0
S004191,O004401,W01,C03,2025-08-06,2025-08-09,2025-08-09,1,0
S004192,O004402,W01,C03,2025-08-24,2025-08-26,2025-08-26,1,1
S004193,O004403,W03,C01,2025-10-17,2025-10-21,2025-10-21,1,0
S004194,O004404,W02,C02,2025-02-13,2025-02-14,2025-02-14,1,2
S004195,O004405,W02,C02,2025-09-28,2025-09-29,2025-09-29,1,1
S004196,O004406,W02,C01,2025-02-16,2025-02-19,2025-02-19,1,0
S004197,O004407,W03,C04,2025-05-08,2025-05-12,2025-05-12,1,0
S004198,O004408,W02,C04,2025-06-18,2025-06-21,2025-06-21,1,1
S004199,O004409,W02,C02,2025-06-17,2025-06-17,2025-06-17,1,2
S004200,O004410,W02,C02,2025-06-27,2025-06-28,2025-06-28,1,2
S004201,O004411,W03,C01,2025-09-05,2025-09-07,2025-09-11,0,0
S004202,O004412,W03,C03,2025-03-12,2025-03-13,2025-03-13,1,2
S004203,O004413,W02,C01,2025-04-23,2025-04-25,2025-04-25,1,1
S004204,O004414,W01,C03,2025-08-23,2025-08-26,2025-08-26,1,1
S004205,O004415,W02,C01,2025-07-23,2025-07-24,2025-07-24,1,1
S004206,O004416,W02,C03,2025-01-16,2025-01-16,2025-01-16,1,3
S004207,O004417,W01,C03,2025-05-23,2025-05-27,2025-05-27,1,1
S004208,O004418,W03,C03,2025-01-26,2025-01-28,2025-01-27,1,0
S004209,O004419,W01,C04,2025-05-07,2025-05-12,2025-05-13,0,0
S004210,O004420,W01,C04,2025-11-14,2025-11-16,2025-11-15,1,1
S004211,O004421,W01,C03,2025-01-14,2025-01-17,2025-01-18,0,0
S004212,O004422,W01,C04,2025-03-15,2025-03-16,2025-03-16,1,3
S004213,O004423,W03,C02,2025-01-03,2025-01-06,2025-01-07,0,1
S004214,O004424,W02,C02,2025-06-03,2025-06-03,2025-06-03,1,2
S004215,O004425,W03,C01,2025-11-02,2025-11-04,2025-11-03,1,1
S004216,O004426,W01,C04,2025-03-20,2025-03-23,2025-03-23,1,0
S004217,O004427,W01,C03,2025-02-06,2025-02-11,2025-02-10,1,0
S004218,O004428,W01,C02,2026-01-02,2026-01-05,2026-01-08,0,2
S004219,O004429,W01,C01,2025-08-13,2025-08-15,2025-08-15,1,1
S004220,O004430,W02,C02,2025-05-29,2025-06-01,2025-06-01,1,1
S004221,O004431,W01,C04,2025-08-04,2025-08-08,2025-08-09,0,1
S004222,O004432,W03,C04,2025-10-06,2025-10-08,2025-10-08,1,1
S004223,O004433,W02,C01,2025-04-05,2025-04-06,2025-04-06,1,1
S004224,O004434,W02,C02,2025-03-08,2025-03-11,2025-03-11,1,0
S004225,O004435,W01,C02,2025-05-14,2025-05-18,2025-05-18,1,1
S004226,O004436,W03,C01,2025-09-18,2025-09-22,2025-09-22,1,1
S004227,O004437,W02,C03,2025-10-16,2025-10-18,2025-10-19,0,1
S004228,O004438,W02,C01,2025-01-25,2025-01-26,2025-01-26,1,1
S004229,O004439,W02,C02,2025-04-06,2025-04-05,2025-04-09,0,3
S004230,O004440,W02,C01,2025-10-22,2025-10-26,2025-10-25,1,1
S004231,O004441,W02,C01,2025-09-13,2025-09-15,2025-09-18,0,1
S004232,O004442,W02,C03,2025-05-23,2025-05-27,2025-05-26,1,0
S004233,O004443,W02,C03,2025-08-01,2025-08-04,2025-08-04,1,1
S004234,O004444,W02,C01,2025-12-02,2025-12-07,2025-12-06,1,0
S004235,O004445,W01,C03,2025-04-08,2025-04-11,2025-04-11,1,0
S004236,O004446,W02,C01,2025-01-21,2025-01-23,2025-01-22,1,0
S004237,O004447,W03,C01,2025-12-02,2025-12-06,2025-12-06,1,1
S004238,O004448,W01,C02,2025-10-25,2025-10-26,2025-10-26,1,3
S004239,O004449,W02,C02,2025-10-23,2025-10-25,2025-10-25,1,0
S004240,O004450,W02,C02,2025-08-28,2025-08-30,2025-08-30,1,1
S004241,O004451,W03,C02,2025-08-13,2025-08-18,2025-08-18,1,0
S004242,O004452,W01,C03,2025-07-28,2025-07-29,2025-07-29,1,1
S004243,O004453,W01,C01,2025-08-08,2025-08-11,2025-08-11,1,1
S004244,O004454,W03,C02,2025-11-11,2025-11-14,2025-11-16,0,1
S004245,O004455,W03,C01,2025-06-05,2025-06-07,2025-06-07,1,1
S004246,O004456,W02,C02,2025-02-24,2025-02-25,2025-02-25,1,1
S004247,O004457,W02,C01,2025-02-13,2025-02-14,2025-02-14,1,2
S004248,O004458,W03,C03,2025-04-19,2025-04-20,2025-04-20,1,2
S004249,O004459,W03,C03,2025-11-19,2025-11-21,2025-11-20,1,1
S004250,O004460,W02,C03,2025-10-28,2025-10-30,2025-10-30,1,2
S004251,O004461,W03,C02,2025-09-21,2025-09-23,2025-09-23,1,3
S004252,O004462,W01,C01,2025-01-24,2025-01-26,2025-01-26,1,1
S004253,O004463,W02,C04,2025-09-28,2025-09-29,2025-09-29,1,1
S004254,O004464,W01,C01,2025-08-24,2025-08-26,2025-08-26,1,2
S004255,O004465,W01,C02,2025-05-19,2025-05-21,2025-05-21,1,1
S004256,O004466,W01,C02,2025-10-07,2025-10-09,2025-10-08,1,1
S004257,O004467,W01,C02,2025-01-28,2025-01-31,2025-01-31,1,2
S004258,O004468,W01,C03,2025-07-07,2025-07-11,2025-07-11,1,1
S004259,O004469,W01,C01,2025-04-19,2025-04-20,2025-04-20,1,2
S004260,O004470,W03,C01,2025-10-29,2025-11-01,2025-11-01,1,2
S004261,O004471,W02,C03,2025-06-16,2025-06-18,2025-06-17,1,2
S004262,O004472,W01,C03,2025-08-08,2025-08-11,2025-08-11,1,1
S004263,O004473,W01,C02,2025-11-21,2025-11-24,2025-11-24,1,2
S004264,O004474,W01,C03,2025-04-30,2025-05-03,2025-05-03,1,1
S004265,O004475,W01,C02,2025-12-14,2025-12-16,2025-12-15,1,1
S004266,O004476,W03,C04,2025-07-26,2025-07-28,2025-07-27,1,1
S004267,O004477,W03,C01,2025-05-22,2025-05-23,2025-05-23,1,2
S004268,O004478,W03,C04,2025-07-12,2025-07-13,2025-07-13,1,2
S004269,O004479,W02,C04,2025-07-24,2025-07-26,2025-07-29,0,2
S004270,O004480,W02,C03,2025-05-19,2025-05-22,2025-05-21,1,2
S004271,O004482,W03,C04,2025-10-13,2025-10-14,2025-10-14,1,1
S004272,O004483,W02,C02,2025-09-14,2025-09-15,2025-09-15,1,2
S004273,O004484,W02,C01,2025-08-02,2025-08-03,2025-08-05,0,2
S004274,O004485,W01,C02,2025-03-08,2025-03-11,2025-03-11,1,1
S004275,O004486,W03,C01,2025-09-21,2025-09-24,2025-09-23,1,1
S004276,O004487,W02,C02,2025-03-03,2025-03-06,2025-03-05,1,1
S004277,O004488,W02,C01,2025-11-05,2025-11-07,2025-11-07,1,2
S004278,O004489,W02,C01,2025-05-20,2025-05-22,2025-05-22,1,2
S004279,O004490,W01,C02,2025-05-30,2025-06-03,2025-06-03,1,1
S004280,O004491,W02,C02,2025-04-04,2025-04-06,2025-04-05,1,1
S004281,O004492,W01,C04,2025-04-14,2025-04-18,2025-04-20,0,0
S004282,O004493,W02,C02,2025-05-11,2025-05-14,2025-05-14,1,1
S004283,O004494,W02,C03,2025-09-01,2025-09-03,2025-09-03,1,0
S004284,O004495,W03,C01,2025-04-04,2025-04-08,2025-04-08,1,1
S004285,O004496,W01,C02,2025-11-09,2025-11-10,2025-11-10,1,1
S004286,O004497,W02,C03,2025-01-06,2025-01-08,2025-01-10,0,1
S004287,O004498,W01,C02,2025-01-28,2025-01-30,2025-02-01,0,1
S004288,O004499,W02,C03,2025-08-05,2025-08-09,2025-08-09,1,1
S004289,O004500,W01,C04,2025-03-18,2025-03-20,2025-03-20,1,1
S004290,O004501,W01,C03,2025-05-25,2025-05-29,2025-05-28,1,1
S004291,O004502,W02,C03,2025-01-15,2025-01-17,2025-01-17,1,1
S004292,O004503,W02,C02,2025-04-04,2025-04-07,2025-04-07,1,1
S004293,O004504,W02,C01,2025-06-19,2025-06-21,2025-06-21,1,1
S004294,O004505,W02,C01,2025-08-20,2025-08-21,2025-08-21,1,1
S004295,O004506,W01,C01,2025-08-03,2025-08-05,2025-08-04,1,1
S004296,O004507,W03,C02,2025-04-25,2025-04-29,2025-04-29,1,1
S004297,O004508,W02,C02,2025-10-27,2025-10-29,2025-10-28,1,2
S004298,O004509,W03,C02,2025-05-25,2025-05-25,2025-05-28,0,3
S004299,O004510,W02,C04,2025-09-24,2025-09-24,2025-09-24,1,2
S004300,O004511,W01,C02,2025-01-05,2025-01-09,2025-01-09,1,0
S004301,O004512,W01,C01,2025-04-09,2025-04-11,2025-04-11,1,2
S004302,O004513,W03,C03,2025-03-30,2025-04-01,2025-04-01,1,1
S004303,O004514,W01,C03,2025-04-30,2025-05-03,2025-05-06,0,1
S004304,O004515,W02,C01,2025-10-19,2025-10-19,2025-10-19,1,3
S004305,O004516,W01,C03,2025-09-04,2025-09-06,2025-09-06,1,0
S004306,O004517,W01,C03,2025-04-04,2025-04-08,2025-04-08,1,0
S004307,O004518,W02,C04,2025-03-22,2025-03-24,2025-03-24,1,1
S004308,O004520,W02,C04,2025-06-06,2025-06-10,2025-06-10,1,0
S004309,O004521,W02,C03,2025-04-25,2025-04-29,2025-05-01,0,1
S004310,O004522,W03,C02,2025-08-08,2025-08-11,2025-08-11,1,1
S004311,O004523,W01,C02,2025-03-31,2025-03-31,2025-03-31,1,3
S004312,O004524,W01,C01,2025-10-05,2025-10-07,2025-10-07,1,1
S004313,O004525,W01,C03,2025-03-09,2025-03-10,2025-03-10,1,1
S004314,O004526,W03,C01,2025-07-21,2025-07-24,2025-07-24,1,0
S004315,O004527,W03,C03,2025-08-12,2025-08-17,2025-08-17,1,0
S004316,O004528,W03,C02,2025-03-03,2025-03-05,2025-03-05,1,1
S004317,O004529,W01,C03,2025-06-10,2025-06-11,2025-06-11,1,2
S004318,O004530,W01,C03,2025-07-02,2025-07-06,2025-07-07,0,1
S004319,O004531,W02,C03,2025-11-17,2025-11-20,2025-11-20,1,2
S004320,O004532,W01,C03,2025-03-22,2025-03-23,2025-03-23,1,1
S004321,O004533,W01,C01,2025-04-13,2025-04-16,2025-04-15,1,1
S004322,O004534,W03,C01,2025-10-11,2025-10-12,2025-10-12,1,2
S004323,O004535,W01,C01,2025-08-10,2025-08-12,2025-08-12,1,1
S004324,O004536,W02,C02,2025-05-31,2025-06-02,2025-06-02,1,1
S004325,O004537,W01,C03,2025-01-22,2025-01-25,2025-01-25,1,1
S004326,O004538,W02,C03,2025-02-09,2025-02-13,2025-02-13,1,0
S004327,O004539,W03,C04,2025-06-20,2025-06-23,2025-06-23,1,0
S004328,O004540,W02,C03,2025-10-04,2025-10-07,2025-10-07,1,1
S004329,O004541,W01,C01,2025-03-10,2025-03-12,2025-03-12,1,1
S004330,O004542,W01,C01,2025-12-20,2025-12-23,2025-12-23,1,1
S004331,O004543,W01,C03,2025-03-02,2025-03-04,2025-03-04,1,2
S004332,O004544,W01,C03,2025-02-07,2025-02-08,2025-02-09,0,2
S004333,O004545,W03,C02,2025-01-23,2025-01-27,2025-01-27,1,1
S004334,O004546,W02,C03,2025-08-18,2025-08-20,2025-08-20,1,1
S004335,O004547,W03,C01,2025-02-17,2025-02-20,2025-02-20,1,1
S004336,O004548,W01,C02,2025-12-01,2025-12-04,2025-12-05,0,2
S004337,O004549,W01,C01,2025-02-07,2025-02-08,2025-02-08,1,1
S004338,O004550,W03,C02,2025-09-17,2025-09-19,2025-09-18,1,1
S004339,O004551,W03,C03,2025-09-11,2025-09-12,2025-09-13,0,2
S004340,O004552,W02,C02,2025-07-25,2025-07-29,2025-07-29,1,1
S004341,O004553,W02,C01,2025-06-29,2025-07-03,2025-07-02,1,1
S004342,O004555,W01,C03,2025-07-13,2025-07-15,2025-07-15,1,0
S004343,O004556,W03,C01,2025-06-17,2025-06-19,2025-06-19,1,1
S004344,O004557,W01,C03,2025-07-28,2025-07-30,2025-07-29,1,2
S004345,O004558,W02,C02,2025-10-18,2025-10-22,2025-10-22,1,0
S004346,O004559,W02,C02,2025-09-11,2025-09-15,2025-09-15,1,0
S004347,O004560,W01,C01,2025-01-20,2025-01-20,2025-01-20,1,3
S004348,O004561,W02,C03,2025-01-15,2025-01-17,2025-01-17,1,1
S004349,O004562,W02,C03,2025-12-08,2025-12-11,2025-12-11,1,1
S004350,O004563,W02,C02,2025-05-23,2025-05-27,2025-05-27,1,1
S004351,O004564,W02,C02,2025-07-29,2025-07-29,2025-07-29,1,2
S004352,O004566,W02,C02,2025-01-21,2025-01-25,2025-01-24,1,0
S004353,O004567,W03,C02,2025-01-31,2025-02-02,2025-02-02,1,1
S004354,O004568,W02,C01,2025-12-24,2025-12-26,2025-12-26,1,2
S004355,O004569,W03,C03,2025-04-23,2025-04-24,2025-04-24,1,2
S004356,O004570,W02,C03,2025-06-20,2025-06-21,2025-06-21,1,2
S004357,O004571,W01,C01,2025-04-07,2025-04-12,2025-04-15,0,0
S004358,O004572,W01,C01,2025-06-29,2025-07-02,2025-07-02,1,0
S004359,O004574,W01,C03,2025-12-06,2025-12-07,2025-12-07,1,2
S004360,O004575,W01,C03,2025-04-14,2025-04-16,2025-04-16,1,1
S004361,O004576,W03,C02,2025-02-16,2025-02-18,2025-02-17,1,1
S004362,O004577,W03,C03,2025-04-26,2025-04-27,2025-04-27,1,2
S004363,O004578,W03,C04,2025-07-01,2025-07-02,2025-07-02,1,2
S004364,O004579,W01,C01,2025-08-28,2025-08-30,2025-08-29,1,0
S004365,O004580,W02,C03,2025-10-12,2025-10-14,2025-10-14,1,1
S004366,O004581,W01,C02,2025-05-28,2025-05-31,2025-05-31,1,2
S004367,O004582,W03,C02,2025-05-05,2025-05-08,2025-05-08,1,1
S004368,O004583,W02,C03,2025-10-28,2025-10-30,2025-10-30,1,1
S004369,O004584,W01,C02,2025-02-28,2025-03-01,2025-03-01,1,2
S004370,O004585,W01,C03,2025-02-19,2025-02-20,2025-02-20,1,1
S004371,O004586,W01,C04,2025-04-02,2025-04-05,2025-04-06,0,1
S004372,O004588,W01,C02,2025-04-19,2025-04-21,2025-04-21,1,2
S004373,O004589,W03,C04,2025-04-05,2025-04-10,2025-04-10,1,0
S004374,O004590,W03,C02,2025-10-27,2025-10-31,2025-10-30,1,1
S004375,O004591,W02,C03,2025-07-16,2025-07-17,2025-07-17,1,2
S004376,O004592,W02,C03,2025-10-31,2025-10-31,2025-10-31,1,3
S004377,O004593,W03,C02,2025-02-11,2025-02-16,2025-02-15,1,0
S004378,O004594,W01,C04,2025-11-23,2025-11-25,2025-11-24,1,1
S004379,O004595,W03,C01,2025-08-25,2025-08-27,2025-08-27,1,1
S004380,O004596,W01,C01,2025-02-13,2025-02-15,2025-02-15,1,1
S004381,O004597,W01,C03,2025-07-04,2025-07-07,2025-07-10,0,1
S004382,O004598,W01,C01,2025-02-23,2025-02-24,2025-02-24,1,2
S004383,O004599,W01,C02,2025-07-19,2025-07-22,2025-07-21,1,0
S004384,O004600,W01,C03,2025-05-19,2025-05-21,2025-05-21,1,1
S004385,O004601,W01,C02,2025-10-01,2025-10-05,2025-10-05,1,1
S004386,O004602,W01,C04,2025-02-06,2025-02-09,2025-02-10,0,1
S004387,O004603,W01,C01,2025-07-23,2025-07-23,2025-07-23,1,2
S004388,O004604,W03,C03,2025-08-26,2025-08-28,2025-08-30,0,1
S004389,O004605,W01,C03,2025-12-27,2025-12-29,2025-12-31,0,1
S004390,O004606,W02,C01,2025-01-10,2025-01-10,2025-01-10,1,2
S004391,O004607,W01,C01,2025-02-17,2025-02-20,2025-02-20,1,1
S004392,O004608,W01,C02,2025-07-22,2025-07-24,2025-07-25,0,0
S004393,O004609,W02,C01,2025-04-04,2025-04-07,2025-04-07,1,1
S004394,O004610,W01,C01,2025-05-19,2025-05-23,2025-05-23,1,1
S004395,O004611,W01,C03,2025-04-20,2025-04-23,2025-04-23,1,0
S004396,O004612,W02,C01,2025-12-13,2025-12-17,2025-12-17,1,1
S004397,O004613,W01,C04,2025-09-06,2025-09-06,2025-09-06,1,3
S004398,O004615,W03,C02,2025-04-25,2025-04-27,2025-04-26,1,1
S004399,O004616,W01,C03,2025-10-12,2025-10-14,2025-10-13,1,1
S004400,O004617,W01,C02,2025-09-20,2025-09-23,2025-09-23,1,2
S004401,O004618,W01,C04,2025-04-05,2025-04-07,2025-04-06,1,1
S004402,O004619,W01,C03,2025-01-14,2025-01-16,2025-01-16,1,2
S004403,O004620,W03,C04,2025-07-18,2025-07-22,2025-07-22,1,1
S004404,O004621,W01,C02,2025-02-20,2025-02-21,2025-02-21,1,2
S004405,O004622,W01,C02,2025-10-11,2025-10-14,2025-10-14,1,2
S004406,O004623,W01,C01,2025-10-25,2025-10-29,2025-10-29,1,1
S004407,O004624,W02,C02,2025-03-12,2025-03-15,2025-03-15,1,1
S004408,O004625,W01,C02,2025-08-30,2025-09-03,2025-09-03,1,0
S004409,O004626,W01,C03,2025-03-26,2025-03-26,2025-03-26,1,3
S004410,O004628,W02,C03,2025-06-29,2025-06-30,2025-06-30,1,1
S004411,O004629,W03,C02,2025-09-22,2025-09-24,2025-09-23,1,1
S004412,O004631,W03,C03,2025-01-22,2025-01-23,2025-01-25,0,1
S004413,O004632,W02,C02,2025-10-10,2025-10-13,2025-10-13,1,2
S004414,O004633,W01,C01,2025-02-20,2025-02-20,2025-02-20,1,2
S004415,O004634,W01,C01,2025-08-28,2025-08-30,2025-08-30,1,1
S004416,O004635,W02,C03,2025-05-10,2025-05-11,2025-05-11,1,2
S004417,O004636,W03,C04,2025-06-29,2025-07-04,2025-07-04,1,0
S004418,O004637,W01,C01,2025-07-09,2025-07-11,2025-07-11,1,1
S004419,O004638,W01,C02,2025-01-21,2025-01-24,2025-01-24,1,2
S004420,O004640,W03,C02,2025-05-25,2025-05-28,2025-05-28,1,0
S004421,O004641,W01,C02,2025-05-20,2025-05-23,2025-05-22,1,1
S004422,O004642,W01,C03,2025-03-31,2025-04-01,2025-04-01,1,2
S004423,O004643,W03,C04,2025-03-08,2025-03-09,2025-03-09,1,2
S004424,O004644,W03,C02,2025-10-01,2025-10-01,2025-10-01,1,2
S004425,O004645,W02,C01,2025-11-10,2025-11-13,2025-11-16,0,1
S004426,O004646,W01,C02,2025-10-04,2025-10-07,2025-10-06,1,1
S004427,O004647,W02,C03,2025-11-07,2025-11-11,2025-11-11,1,1
S004428,O004648,W02,C04,2025-12-20,2025-12-23,2025-12-22,1,2
S004429,O004649,W01,C03,2025-06-24,2025-06-28,2025-07-02,0,1
S004430,O004650,W03,C01,2025-03-14,2025-03-17,2025-03-16,1,1
S004431,O004651,W02,C01,2025-12-23,2025-12-27,2025-12-27,1,1
S004432,O004652,W02,C03,2025-07-17,2025-07-19,2025-07-19,1,1
S004433,O004653,W01,C02,2025-07-18,2025-07-21,2025-07-20,1,1
S004434,O004654,W02,C03,2025-12-11,2025-12-14,2025-12-16,0,1
S004435,O004655,W03,C03,2025-03-09,2025-03-12,2025-03-16,0,1
S004436,O004656,W03,C03,2025-12-04,2025-12-06,2025-12-06,1,1
S004437,O004658,W01,C01,2025-11-03,2025-11-07,2025-11-07,1,1
S004438,O004659,W01,C01,2025-04-01,2025-04-04,2025-04-04,1,1
S004439,O004660,W03,C01,2025-08-02,2025-08-02,2025-08-02,1,2
S004440,O004661,W01,C01,2025-07-13,2025-07-17,2025-07-17,1,0
S004441,O004662,W02,C03,2025-10-24,2025-10-26,2025-10-26,1,2
S004442,O004663,W01,C01,2025-11-16,2025-11-19,2025-11-19,1,1
S004443,O004664,W01,C03,2025-12-07,2025-12-07,2025-12-07,1,3
S004444,O004665,W02,C03,2025-09-01,2025-09-01,2025-09-01,1,3
S004445,O004666,W01,C01,2025-02-02,2025-02-04,2025-02-04,1,2
S004446,O004667,W01,C01,2025-06-06,2025-06-09,2025-06-08,1,1
S004447,O004669,W02,C02,2025-03-15,2025-03-18,2025-03-18,1,2
S004448,O004670,W01,C03,2025-09-02,2025-09-06,2025-09-06,1,1
S004449,O004671,W03,C01,2025-12-18,2025-12-21,2025-12-21,1,0
S004450,O004672,W02,C01,2025-10-01,2025-10-02,2025-10-02,1,1
S004451,O004673,W01,C03,2025-03-28,2025-03-29,2025-03-29,1,2
S004452,O004674,W02,C01,2025-11-25,2025-11-26,2025-11-26,1,2
S004453,O004675,W03,C01,2025-08-06,2025-08-08,2025-08-07,1,1
S004454,O004676,W01,C03,2025-12-16,2025-12-18,2025-12-18,1,1
S004455,O004677,W02,C02,2025-02-10,2025-02-12,2025-02-16,0,2
S004456,O004678,W02,C01,2025-09-27,2025-09-28,2025-09-28,1,2
S004457,O004679,W02,C02,2025-08-23,2025-08-27,2025-08-27,1,1
S004458,O004680,W03,C03,2025-04-13,2025-04-15,2025-04-15,1,1
S004459,O004681,W02,C01,2025-07-14,2025-07-15,2025-07-15,1,2
S004460,O004682,W01,C01,2025-12-18,2025-12-23,2025-12-26,0,0
S004461,O004683,W01,C01,2025-06-23,2025-06-25,2025-06-24,1,2
S004462,O004684,W03,C01,2025-06-14,2025-06-17,2025-06-17,1,1
S004463,O004685,W02,C01,2025-12-01,2025-12-04,2025-12-04,1,0
S004464,O004686,W01,C03,2025-06-24,2025-06-27,2025-06-27,1,1
S004465,O004687,W01,C03,2025-02-26,2025-02-28,2025-03-03,0,0
S004466,O004688,W02,C02,2025-11-09,2025-11-12,2025-11-12,1,1
S004467,O004689,W02,C01,2025-05-29,2025-06-02,2025-06-02,1,0
S004468,O004690,W02,C02,2025-09-04,2025-09-06,2025-09-06,1,1
S004469,O004691,W02,C02,2025-02-21,2025-02-24,2025-02-24,1,2
S004470,O004692,W03,C01,2025-11-07,2025-11-11,2025-11-13,0,1
S004471,O004693,W01,C03,2025-01-29,2025-01-30,2025-01-31,0,2
S004472,O004694,W02,C01,2025-04-06,2025-04-07,2025-04-07,1,1
S004473,O004695,W03,C03,2025-04-12,2025-04-12,2025-04-12,1,2
S004474,O004697,W02,C02,2025-04-01,2025-04-02,2025-04-02,1,2
S004475,O004698,W02,C03,2025-10-23,2025-10-26,2025-10-29,0,1
S004476,O004699,W03,C01,2025-12-18,2025-12-19,2025-12-19,1,1
S004477,O004700,W02,C02,2025-07-01,2025-07-05,2025-07-05,1,0
S004478,O004701,W01,C04,2025-05-24,2025-05-25,2025-05-29,0,2
S004479,O004702,W03,C02,2025-11-08,2025-11-10,2025-11-10,1,1
S004480,O004703,W01,C03,2025-09-22,2025-09-24,2025-09-23,1,2
S004481,O004704,W03,C04,2025-08-04,2025-08-08,2025-08-08,1,1
S004482,O004705,W01,C03,2025-10-02,2025-10-04,2025-10-04,1,1
S004483,O004706,W02,C03,2025-08-31,2025-09-03,2025-09-03,1,2
S004484,O004707,W01,C04,2025-07-13,2025-07-16,2025-07-15,1,1
S004485,O004708,W02,C01,2025-02-06,2025-02-07,2025-02-07,1,3
S004486,O004709,W01,C01,2025-02-18,2025-02-20,2025-02-20,1,0
S004487,O004710,W01,C03,2025-07-04,2025-07-06,2025-07-06,1,1
S004488,O004711,W02,C02,2025-05-22,2025-05-24,2025-05-23,1,1
S004489,O004713,W02,C03,2025-09-12,2025-09-13,2025-09-13,1,2
S004490,O004714,W01,C04,2025-07-08,2025-07-11,2025-07-15,0,1
S004491,O004715,W03,C02,2025-02-06,2025-02-07,2025-02-07,1,2
S004492,O004716,W01,C04,2025-12-05,2025-12-07,2025-12-07,1,2
S004493,O004717,W03,C03,2025-10-12,2025-10-15,2025-10-14,1,1
S004494,O004718,W01,C01,2025-04-03,2025-04-04,2025-04-04,1,1
S004495,O004719,W02,C01,2025-11-13,2025-11-15,2025-11-14,1,3
S004496,O004720,W03,C03,2025-09-29,2025-09-29,2025-10-03,0,2
S004497,O004721,W01,C01,2025-11-19,2025-11-21,2025-11-21,1,1
S004498,O004722,W02,C02,2025-06-28,2025-06-28,2025-06-28,1,2
S004499,O004723,W02,C01,2025-05-29,2025-05-31,2025-05-31,1,2
S004500,O004724,W03,C03,2025-11-27,2025-12-01,2025-12-01,1,1
S004501,O004725,W02,C02,2025-02-16,2025-02-17,2025-02-17,1,2
S004502,O004727,W01,C01,2025-03-11,2025-03-13,2025-03-12,1,1
S004503,O004728,W03,C01,2025-07-10,2025-07-12,2025-07-11,1,1
S004504,O004729,W03,C03,2025-02-18,2025-02-22,2025-02-21,1,0
S004505,O004730,W01,C02,2025-11-01,2025-11-02,2025-11-02,1,1
S004506,O004731,W01,C02,2025-06-30,2025-07-01,2025-07-01,1,2
S004507,O004732,W01,C03,2025-04-17,2025-04-18,2025-04-18,1,2
S004508,O004733,W02,C02,2025-05-09,2025-05-11,2025-05-11,1,1
S004509,O004734,W03,C01,2025-12-12,2025-12-15,2025-12-15,1,0
S004510,O004735,W01,C02,2025-10-12,2025-10-14,2025-10-14,1,2
S004511,O004736,W02,C03,2025-10-09,2025-10-13,2025-10-13,1,1
S004512,O004737,W02,C02,2025-04-27,2025-04-30,2025-05-02,0,1
S004513,O004738,W01,C03,2025-06-25,2025-06-27,2025-06-26,1,2
S004514,O004739,W03,C01,2025-12-12,2025-12-15,2025-12-17,0,1
S004515,O004740,W01,C01,2025-06-30,2025-07-02,2025-07-02,1,2
S004516,O004741,W02,C02,2025-07-12,2025-07-14,2025-07-14,1,2
S004517,O004742,W02,C03,2025-10-07,2025-10-07,2025-10-07,1,2
S004518,O004743,W03,C02,2025-07-22,2025-07-26,2025-07-26,1,0
S004519,O004744,W02,C03,2025-10-26,2025-10-28,2025-10-27,1,1
S004520,O004745,W01,C03,2025-05-10,2025-05-13,2025-05-13,1,1
S004521,O004746,W03,C04,2025-10-01,2025-10-05,2025-10-05,1,1
S004522,O004747,W02,C03,2025-03-24,2025-03-25,2025-03-25,1,3
S004523,O004748,W02,C02,2025-10-02,2025-10-02,2025-10-02,1,2
S004524,O004749,W02,C02,2025-06-07,2025-06-09,2025-06-09,1,1
S004525,O004750,W01,C01,2025-11-12,2025-11-15,2025-11-14,1,1
S004526,O004751,W02,C03,2025-06-07,2025-06-06,2025-06-06,1,3
S004527,O004752,W02,C01,2025-06-15,2025-06-19,2025-06-18,1,0
S004528,O004753,W02,C01,2025-10-17,2025-10-19,2025-10-19,1,1
S004529,O004754,W02,C03,2025-01-20,2025-01-21,2025-01-21,1,2
S004530,O004755,W01,C03,2025-08-29,2025-09-01,2025-08-31,1,1
S004531,O004756,W02,C01,2025-10-22,2025-10-25,2025-10-24,1,1
S004532,O004757,W02,C03,2025-01-31,2025-02-02,2025-02-02,1,1
S004533,O004758,W01,C04,2025-05-02,2025-05-04,2025-05-03,1,2
S004534,O004759,W01,C03,2025-09-26,2025-09-29,2025-09-28,1,1
S004535,O004760,W01,C01,2025-10-16,2025-10-19,2025-10-19,1,1
S004536,O004761,W01,C01,2025-11-12,2025-11-16,2025-11-15,1,0
S004537,O004762,W01,C02,2025-01-16,2025-01-20,2025-01-20,1,1
S004538,O004763,W03,C03,2025-01-21,2025-01-23,2025-01-22,1,2
S004539,O004764,W01,C02,2025-02-25,2025-02-28,2025-02-28,1,1
S004540,O004765,W03,C04,2025-04-12,2025-04-14,2025-04-14,1,1
S004541,O004766,W02,C03,2025-11-06,2025-11-08,2025-11-11,0,1
S004542,O004767,W02,C01,2025-04-18,2025-04-22,2025-04-22,1,1
S004543,O004768,W03,C02,2025-05-05,2025-05-08,2025-05-08,1,0
S004544,O004769,W01,C02,2025-06-20,2025-06-22,2025-06-22,1,2
S004545,O004770,W03,C02,2025-07-03,2025-07-06,2025-07-06,1,2
S004546,O004771,W02,C02,2025-02-23,2025-02-24,2025-02-24,1,1
S004547,O004772,W01,C03,2025-12-04,2025-12-05,2025-12-05,1,1
S004548,O004773,W01,C04,2025-03-01,2025-03-03,2025-03-03,1,0
S004549,O004774,W02,C01,2025-02-13,2025-02-15,2025-02-15,1,1
S004550,O004775,W01,C03,2025-04-06,2025-04-09,2025-04-09,1,1
S004551,O004776,W03,C03,2025-09-13,2025-09-17,2025-09-16,1,1
S004552,O004777,W02,C03,2025-07-31,2025-07-31,2025-07-31,1,2
S004553,O004778,W03,C01,2025-09-14,2025-09-19,2025-09-18,1,0
S004554,O004779,W01,C01,2025-11-08,2025-11-09,2025-11-09,1,1
S004555,O004781,W02,C01,2025-12-03,2025-12-07,2025-12-07,1,0
S004556,O004782,W01,C01,2025-08-07,2025-08-10,2025-08-11,0,1
S004557,O004783,W02,C03,2025-03-29,2025-03-31,2025-03-31,1,2
S004558,O004784,W01,C03,2025-11-17,2025-11-17,2025-11-20,0,2
S004559,O004785,W02,C03,2025-01-05,2025-01-08,2025-01-07,1,2
S004560,O004786,W01,C02,2025-08-29,2025-08-31,2025-08-31,1,1
S004561,O004787,W03,C03,2025-04-04,2025-04-07,2025-04-06,1,1
S004562,O004788,W01,C03,2025-04-03,2025-04-05,2025-04-04,1,2
S004563,O004789,W01,C04,2025-03-23,2025-03-25,2025-03-25,1,1
S004564,O004790,W03,C02,2025-04-05,2025-04-07,2025-04-07,1,1
S004565,O004791,W02,C03,2025-02-20,2025-02-23,2025-02-23,1,1
S004566,O004792,W02,C04,2025-09-19,2025-09-22,2025-09-24,0,1
S004567,O004793,W01,C03,2025-03-01,2025-03-03,2025-03-02,1,2
S004568,O004794,W03,C01,2025-05-02,2025-05-03,2025-05-03,1,2
S004569,O004795,W02,C03,2025-06-06,2025-06-07,2025-06-07,1,2
S004570,O004796,W01,C03,2025-08-07,2025-08-09,2025-08-11,0,1
S004571,O004798,W02,C03,2025-08-09,2025-08-12,2025-08-12,1,0
S004572,O004799,W03,C02,2025-02-26,2025-03-02,2025-03-02,1,1
S004573,O004800,W03,C03,2025-04-13,2025-04-14,2025-04-18,0,2
S004574,O004801,W01,C02,2025-02-06,2025-02-07,2025-02-07,1,2
S004575,O004802,W03,C04,2025-07-15,2025-07-17,2025-07-18,0,1
S004576,O004803,W01,C03,2025-11-02,2025-11-05,2025-11-04,1,1
S004577,O004804,W02,C02,2025-11-12,2025-11-15,2025-11-15,1,1
S004578,O004806,W01,C02,2025-04-10,2025-04-14,2025-04-13,1,0
S004579,O004807,W02,C04,2025-05-12,2025-05-14,2025-05-17,0,2
S004580,O004808,W01,C03,2025-11-08,2025-11-11,2025-11-11,1,2
S004581,O004809,W03,C03,2025-08-07,2025-08-07,2025-08-08,0,3
S004582,O004810,W01,C02,2025-10-10,2025-10-13,2025-10-13,1,1
S004583,O004811,W03,C03,2025-05-04,2025-05-07,2025-05-09,0,1
S004584,O004812,W03,C01,2025-04-13,2025-04-17,2025-04-17,1,1
S004585,O004813,W01,C04,2025-01-09,2025-01-10,2025-01-11,0,1
S004586,O004814,W01,C04,2025-09-17,2025-09-17,2025-09-17,1,2
S004587,O004815,W03,C03,2025-05-04,2025-05-03,2025-05-03,1,4
S004588,O004816,W02,C03,2025-02-25,2025-02-26,2025-02-26,1,2
S004589,O004817,W03,C03,2025-05-03,2025-05-04,2025-05-04,1,2
S004590,O004818,W02,C04,2025-04-13,2025-04-16,2025-04-17,0,0
S004591,O004819,W02,C02,2025-09-05,2025-09-05,2025-09-08,0,2
S004592,O004820,W03,C04,2025-06-18,2025-06-18,2025-06-18,1,2
S004593,O004821,W01,C02,2025-02-18,2025-02-20,2025-02-20,1,1
S004594,O004822,W02,C02,2025-10-10,2025-10-11,2025-10-11,1,3
S004595,O004823,W03,C03,2025-08-07,2025-08-09,2025-08-08,1,1
S004596,O004824,W01,C03,2025-07-15,2025-07-16,2025-07-16,1,2
S004597,O004825,W02,C03,2025-03-08,2025-03-10,2025-03-09,1,1
S004598,O004826,W01,C03,2025-12-07,2025-12-07,2025-12-07,1,2
S004599,O004827,W02,C03,2025-03-09,2025-03-12,2025-03-15,0,1
S004600,O004829,W03,C01,2025-08-13,2025-08-14,2025-08-14,1,2
S004601,O004830,W02,C01,2025-08-11,2025-08-12,2025-08-12,1,1
S004602,O004831,W02,C02,2025-12-26,2025-12-26,2025-12-26,1,2
S004603,O004832,W03,C04,2025-10-04,2025-10-07,2025-10-07,1,1
S004604,O004833,W01,C01,2025-12-23,2025-12-24,2025-12-24,1,1
S004605,O004834,W01,C04,2025-03-25,2025-03-28,2025-03-28,1,2
S004606,O004835,W01,C02,2025-11-15,2025-11-17,2025-11-17,1,2
S004607,O004836,W02,C03,2025-10-16,2025-10-18,2025-10-17,1,3
S004608,O004838,W02,C03,2025-10-28,2025-11-01,2025-11-01,1,1
S004609,O004839,W01,C01,2025-11-29,2025-12-01,2025-12-01,1,0
S004610,O004840,W02,C03,2025-02-23,2025-02-24,2025-02-24,1,3
S004611,O004841,W01,C02,2025-05-18,2025-05-19,2025-05-19,1,1
S004612,O004842,W03,C04,2025-02-28,2025-03-02,2025-03-02,1,1
S004613,O004843,W03,C01,2025-06-16,2025-06-18,2025-06-18,1,1
S004614,O004844,W01,C01,2025-07-09,2025-07-11,2025-07-10,1,1
S004615,O004845,W01,C01,2025-10-26,2025-10-27,2025-10-27,1,2
S004616,O004846,W02,C01,2025-06-18,2025-06-20,2025-06-20,1,2
S004617,O004847,W01,C04,2025-03-13,2025-03-17,2025-03-16,1,1
S004618,O004848,W03,C03,2025-08-10,2025-08-12,2025-08-12,1,1
S004619,O004849,W01,C03,2025-09-06,2025-09-08,2025-09-08,1,2
S004620,O004850,W02,C01,2025-05-20,2025-05-22,2025-05-22,1,0
S004621,O004851,W03,C01,2025-01-24,2025-01-27,2025-01-26,1,1
S004622,O004852,W01,C04,2025-06-22,2025-06-26,2025-06-26,1,1
S004623,O004853,W03,C02,2025-12-07,2025-12-10,2025-12-10,1,0
S004624,O004854,W03,C02,2025-11-04,2025-11-06,2025-11-06,1,2
S004625,O004855,W01,C01,2025-09-09,2025-09-12,2025-09-12,1,1
S004626,O004856,W03,C03,2025-02-08,2025-02-09,2025-02-12,0,1
S004627,O004857,W01,C03,2025-12-10,2025-12-13,2025-12-13,1,0
S004628,O004858,W03,C03,2025-10-08,2025-10-10,2025-10-10,1,1
S004629,O004859,W01,C01,2025-03-27,2025-03-30,2025-03-30,1,2
S004630,O004860,W01,C03,2025-09-24,2025-09-25,2025-09-25,1,2
S004631,O004861,W01,C01,2025-05-11,2025-05-14,2025-05-14,1,1
S004632,O004863,W01,C01,2025-10-04,2025-10-08,2025-10-07,1,1
S004633,O004864,W02,C03,2025-02-24,2025-02-26,2025-02-26,1,2
S004634,O004865,W02,C01,2025-07-30,2025-08-01,2025-08-01,1,2
S004635,O004866,W01,C03,2025-02-08,2025-02-10,2025-02-10,1,2
S004636,O004867,W02,C01,2025-02-09,2025-02-10,2025-02-10,1,2
S004637,O004868,W01,C03,2025-09-29,2025-10-04,2025-10-05,0,0
S004638,O004869,W01,C03,2025-02-26,2025-03-01,2025-03-01,1,1
S004639,O004870,W02,C03,2025-07-14,2025-07-14,2025-07-14,1,2
S004640,O004871,W01,C02,2025-06-29,2025-06-30,2025-06-30,1,1
S004641,O004872,W02,C03,2025-04-18,2025-04-21,2025-04-25,0,1
S004642,O004873,W02,C01,2025-03-24,2025-03-27,2025-03-27,1,1
S004643,O004874,W03,C01,2025-05-04,2025-05-05,2025-05-05,1,2
S004644,O004875,W01,C01,2025-09-01,2025-09-04,2025-09-04,1,1
S004645,O004876,W03,C03,2025-06-15,2025-06-19,2025-06-19,1,0
S004646,O004877,W01,C03,2025-03-23,2025-03-25,2025-03-24,1,2
S004647,O004878,W01,C01,2025-03-17,2025-03-18,2025-03-18,1,2
S004648,O004879,W03,C03,2025-08-07,2025-08-09,2025-08-08,1,1
S004649,O004880,W01,C02,2025-05-20,2025-05-21,2025-05-24,0,2
S004650,O004881,W02,C02,2025-04-11,2025-04-13,2025-04-17,0,2
S004651,O004882,W01,C03,2025-10-13,2025-10-16,2025-10-20,0,1
S004652,O004883,W02,C04,2025-02-13,2025-02-17,2025-02-19,0,1
S004653,O004884,W03,C04,2025-08-31,2025-09-04,2025-09-04,1,1
S004654,O004885,W02,C01,2025-06-20,2025-06-20,2025-06-20,1,2
S004655,O004886,W01,C03,2025-08-18,2025-08-21,2025-08-21,1,1
S004656,O004887,W02,C03,2025-01-24,2025-01-25,2025-01-25,1,2
S004657,O004888,W01,C03,2025-11-30,2025-12-03,2025-12-04,0,1
S004658,O004889,W03,C03,2025-01-13,2025-01-16,2025-01-16,1,0
S004659,O004890,W01,C04,2025-10-19,2025-10-21,2025-10-23,0,1
S004660,O004891,W02,C02,2025-09-24,2025-09-27,2025-09-27,1,1
S004661,O004892,W01,C03,2025-02-13,2025-02-14,2025-02-14,1,2
S004662,O004893,W02,C01,2025-04-07,2025-04-10,2025-04-12,0,1
S004663,O004894,W01,C03,2025-05-05,2025-05-08,2025-05-08,1,1
S004664,O004895,W01,C04,2025-08-04,2025-08-09,2025-08-09,1,0
S004665,O004896,W02,C01,2025-07-24,2025-07-27,2025-07-28,0,2
S004666,O004897,W03,C02,2025-12-05,2025-12-07,2025-12-07,1,1
S004667,O004898,W02,C04,2025-12-28,2025-12-31,2026-01-01,0,2
S004668,O004899,W02,C03,2025-06-28,2025-06-29,2025-07-02,0,2
S004669,O004900,W03,C03,2025-04-03,2025-04-04,2025-04-04,1,3
S004670,O004901,W01,C02,2025-11-26,2025-11-28,2025-11-28,1,2
S004671,O004902,W02,C03,2025-02-27,2025-02-27,2025-02-27,1,2
S004672,O004903,W03,C01,2025-01-31,2025-02-02,2025-02-02,1,1
S004673,O004904,W01,C03,2025-11-20,2025-11-23,2025-11-22,1,1
S004674,O004905,W01,C03,2025-10-13,2025-10-17,2025-10-19,0,0
S004675,O004906,W03,C02,2025-01-31,2025-02-04,2025-02-04,1,0
S004676,O004907,W02,C02,2025-03-06,2025-03-10,2025-03-10,1,1
S004677,O004908,W01,C01,2025-09-25,2025-09-27,2025-09-27,1,1
S004678,O004909,W02,C03,2025-04-17,2025-04-19,2025-04-19,1,2
S004679,O004910,W01,C01,2025-06-10,2025-06-13,2025-06-13,1,1
S004680,O004911,W02,C03,2025-12-13,2025-12-16,2025-12-15,1,1
S004681,O004912,W01,C03,2025-06-03,2025-06-03,2025-06-03,1,2
S004682,O004913,W01,C01,2025-10-27,2025-10-28,2025-10-28,1,1
S004683,O004914,W02,C03,2025-05-16,2025-05-18,2025-05-18,1,2
S004684,O004915,W03,C03,2025-08-08,2025-08-11,2025-08-10,1,1
S004685,O004916,W01,C01,2025-03-01,2025-03-03,2025-03-02,1,1
S004686,O004917,W01,C03,2025-10-01,2025-10-02,2025-10-06,0,2
S004687,O004918,W03,C01,2025-03-31,2025-04-03,2025-04-03,1,1
S004688,O004919,W01,C01,2025-06-01,2025-06-02,2025-06-02,1,1
S004689,O004920,W03,C02,2025-09-04,2025-09-07,2025-09-06,1,1
S004690,O004921,W01,C01,2025-05-05,2025-05-08,2025-05-08,1,1
S004691,O004922,W02,C02,2025-05-24,2025-05-27,2025-05-27,1,2
S004692,O004923,W02,C04,2025-01-11,2025-01-14,2025-01-14,1,1
S004693,O004924,W03,C01,2025-07-07,2025-07-10,2025-07-10,1,0
S004694,O004925,W01,C01,2025-05-28,2025-05-31,2025-05-30,1,2
S004695,O004926,W03,C01,2025-12-30,2026-01-01,2026-01-01,1,1
S004696,O004927,W02,C02,2025-12-30,2026-01-03,2026-01-02,1,1
S004697,O004928,W02,C03,2025-11-06,2025-11-09,2025-11-09,1,2
S004698,O004929,W02,C03,2025-02-20,2025-02-22,2025-02-21,1,2
S004699,O004930,W03,C03,2025-10-07,2025-10-09,2025-10-09,1,2
S004700,O004931,W01,C03,2025-07-14,2025-07-17,2025-07-17,1,1
S004701,O004932,W02,C02,2025-06-21,2025-06-24,2025-06-26,0,2
S004702,O004933,W01,C01,2025-02-26,2025-02-28,2025-02-27,1,1
S004703,O004934,W02,C01,2025-03-28,2025-03-31,2025-03-31,1,1
S004704,O004935,W01,C02,2025-03-08,2025-03-11,2025-03-11,1,2
S004705,O004936,W03,C04,2025-03-04,2025-03-06,2025-03-05,1,2
S004706,O004937,W02,C03,2025-05-15,2025-05-18,2025-05-19,0,1
S004707,O004938,W03,C04,2025-12-09,2025-12-10,2025-12-10,1,1
S004708,O004939,W01,C02,2025-04-15,2025-04-19,2025-04-21,0,1
S004709,O004940,W01,C01,2025-02-01,2025-02-02,2025-02-02,1,1
S004710,O004941,W02,C01,2025-01-18,2025-01-19,2025-01-19,1,2
S004711,O004942,W01,C01,2025-08-01,2025-08-04,2025-08-06,0,2
S004712,O004943,W02,C02,2025-05-31,2025-06-05,2025-06-04,1,0
S004713,O004944,W03,C01,2025-09-14,2025-09-16,2025-09-16,1,1
S004714,O004945,W02,C03,2025-02-10,2025-02-13,2025-02-13,1,1
S004715,O004946,W02,C02,2025-05-27,2025-05-30,2025-05-30,1,0
S004716,O004947,W02,C03,2025-04-12,2025-04-13,2025-04-13,1,1
S004717,O004948,W01,C02,2025-04-12,2025-04-15,2025-04-14,1,1
S004718,O004949,W01,C03,2025-07-11,2025-07-13,2025-07-13,1,2
S004719,O004950,W02,C02,2025-08-18,2025-08-21,2025-08-21,1,1
S004720,O004951,W02,C02,2025-08-09,2025-08-08,2025-08-08,1,3
S004721,O004952,W01,C02,2025-04-09,2025-04-11,2025-04-14,0,1
S004722,O004953,W02,C04,2025-09-20,2025-09-21,2025-09-25,0,1
S004723,O004954,W01,C04,2025-09-06,2025-09-10,2025-09-10,1,1
S004724,O004956,W02,C03,2025-05-02,2025-05-04,2025-05-04,1,2
S004725,O004957,W01,C02,2025-08-10,2025-08-14,2025-08-14,1,0
S004726,O004958,W03,C02,2025-03-26,2025-03-28,2025-03-28,1,0
S004727,O004959,W02,C01,2025-04-09,2025-04-11,2025-04-12,0,2
S004728,O004960,W03,C01,2025-02-04,2025-02-05,2025-02-05,1,2
S004729,O004961,W03,C01,2025-06-02,2025-06-05,2025-06-05,1,1
S004730,O004962,W01,C03,2025-09-27,2025-09-27,2025-09-27,1,2
S004731,O004963,W02,C02,2025-05-30,2025-06-01,2025-05-31,1,1
S004732,O004964,W02,C01,2025-12-09,2025-12-11,2025-12-10,1,1
S004733,O004965,W02,C02,2025-03-30,2025-03-31,2025-03-31,1,1
S004734,O004966,W01,C04,2025-11-08,2025-11-09,2025-11-12,0,2
S004735,O004967,W01,C03,2025-03-21,2025-03-22,2025-03-26,0,1
S004736,O004968,W02,C01,2025-08-24,2025-08-24,2025-08-24,1,2
S004737,O004970,W03,C03,2025-10-25,2025-10-27,2025-10-27,1,1
S004738,O004971,W02,C03,2025-09-20,2025-09-22,2025-09-22,1,1
S004739,O004972,W02,C03,2025-10-30,2025-11-02,2025-11-01,1,1
S004740,O004973,W02,C01,2025-09-16,2025-09-18,2025-09-18,1,1
S004741,O004974,W02,C03,2025-06-06,2025-06-07,2025-06-07,1,2
S004742,O004975,W02,C03,2025-02-13,2025-02-16,2025-02-16,1,1
S004743,O004976,W02,C04,2025-07-13,2025-07-14,2025-07-14,1,2
S004744,O004979,W01,C01,2025-09-28,2025-10-01,2025-10-01,1,1
S004745,O004980,W03,C01,2025-04-29,2025-05-01,2025-05-01,1,1
S004746,O004981,W03,C01,2025-03-16,2025-03-19,2025-03-19,1,1
S004747,O004982,W01,C01,2025-09-07,2025-09-08,2025-09-08,1,2
S004748,O004983,W03,C02,2025-12-15,2025-12-19,2025-12-19,1,1
S004749,O004984,W03,C01,2025-12-11,2025-12-13,2025-12-13,1,1
S004750,O004985,W02,C01,2025-04-17,2025-04-18,2025-04-18,1,2
S004751,O004986,W01,C03,2025-03-01,2025-03-04,2025-03-04,1,1
S004752,O004987,W01,C01,2025-05-22,2025-05-26,2025-05-26,1,0
S004753,O004988,W02,C03,2025-01-07,2025-01-07,2025-01-07,1,2
S004754,O004989,W03,C01,2025-06-18,2025-06-20,2025-06-20,1,1
S004755,O004990,W02,C02,2025-07-25,2025-07-26,2025-07-26,1,1
S004756,O004991,W03,C02,2025-06-19,2025-06-22,2025-06-22,1,1
S004757,O004992,W03,C03,2025-10-20,2025-10-20,2025-10-20,1,2
S004758,O004994,W01,C01,2025-02-12,2025-02-16,2025-02-16,1,1
S004759,O004995,W02,C02,2025-05-13,2025-05-16,2025-05-16,1,2
S004760,O004996,W01,C02,2025-05-05,2025-05-07,2025-05-07,1,1
S004761,O004997,W02,C04,2025-08-15,2025-08-18,2025-08-21,0,1
S004762,O004998,W03,C04,2025-01-27,2025-01-29,2025-01-31,0,2
S004763,O004999,W01,C01,2025-01-07,2025-01-11,2025-01-10,1,0
S004764,O005000,W02,C03,2025-02-03,2025-02-03,2025-02-03,1,2
S004765,O005001,W02,C02,2025-01-26,2025-01-28,2025-01-28,1,1
S004766,O005003,W03,C03,2025-09-13,2025-09-16,2025-09-16,1,1
S004767,O005004,W01,C02,2025-01-27,2025-02-01,2025-01-31,1,0
S004768,O005005,W01,C04,2025-09-23,2025-09-25,2025-09-24,1,0
S004769,O005006,W03,C04,2025-06-25,2025-06-28,2025-06-28,1,2
S004770,O005007,W01,C03,2025-07-08,2025-07-12,2025-07-12,1,0
S004771,O005008,W02,C01,2025-06-20,2025-06-23,2025-06-24,0,1
S004772,O005009,W02,C02,2025-12-03,2025-12-07,2025-12-07,1,1
S004773,O005010,W01,C01,2025-06-14,2025-06-15,2025-06-15,1,1
S004774,O005011,W02,C03,2025-05-26,2025-05-28,2025-05-30,0,1
S004775,O005012,W01,C01,2025-02-01,2025-02-02,2025-02-02,1,2
S004776,O005013,W02,C02,2025-08-26,2025-08-30,2025-08-30,1,0
S004777,O005014,W01,C01,2025-10-23,2025-10-26,2025-10-26,1,2
S004778,O005015,W03,C01,2025-03-23,2025-03-25,2025-03-25,1,1
S004779,O005016,W03,C02,2025-11-19,2025-11-19,2025-11-19,1,3
S004780,O005017,W02,C03,2025-04-24,2025-04-26,2025-04-30,0,0
S004781,O005018,W01,C02,2025-05-12,2025-05-15,2025-05-16,0,1
S004782,O005019,W03,C03,2025-09-07,2025-09-08,2025-09-08,1,2
S004783,O005020,W01,C02,2025-02-03,2025-02-07,2025-02-11,0,1
S004784,O005021,W02,C02,2025-11-25,2025-11-27,2025-11-30,0,2
S004785,O005022,W02,C01,2025-07-30,2025-08-02,2025-08-02,1,2
S004786,O005023,W01,C03,2025-04-30,2025-04-30,2025-04-30,1,3
S004787,O005024,W03,C01,2025-06-01,2025-06-04,2025-06-04,1,1
S004788,O005025,W01,C02,2025-12-13,2025-12-15,2025-12-14,1,1
S004789,O005026,W03,C03,2025-02-15,2025-02-19,2025-02-22,0,1
S004790,O005028,W01,C01,2025-01-25,2025-01-27,2025-01-26,1,2
S004791,O005029,W01,C01,2025-01-17,2025-01-21,2025-01-21,1,1
S004792,O005030,W01,C02,2025-05-07,2025-05-11,2025-05-11,1,0
S004793,O005031,W03,C01,2025-02-27,2025-03-04,2025-03-05,0,0
S004794,O005032,W02,C02,2025-03-04,2025-03-06,2025-03-06,1,2
S004795,O005033,W01,C02,2025-07-13,2025-07-14,2025-07-16,0,2
S004796,O005034,W01,C01,2025-08-31,2025-09-01,2025-09-05,0,2
S004797,O005035,W02,C03,2025-09-23,2025-09-25,2025-09-24,1,1
S004798,O005036,W01,C01,2025-10-04,2025-10-05,2025-10-05,1,1
S004799,O005037,W02,C02,2025-11-08,2025-11-10,2025-11-09,1,1
S004800,O005038,W03,C01,2025-12-20,2025-12-24,2025-12-24,1,0
S004801,O005039,W01,C02,2025-03-01,2025-03-02,2025-03-02,1,1
S004802,O005040,W03,C02,2025-06-30,2025-06-30,2025-06-30,1,2
S004803,O005042,W01,C04,2025-06-19,2025-06-20,2025-06-20,1,2
S004804,O005043,W02,C04,2025-01-19,2025-01-21,2025-01-20,1,1
S004805,O005044,W01,C03,2025-07-04,2025-07-06,2025-07-09,0,1
S004806,O005045,W01,C01,2025-05-11,2025-05-11,2025-05-11,1,3
S004807,O005046,W03,C04,2025-10-18,2025-10-22,2025-10-22,1,0
S004808,O005047,W03,C02,2025-10-18,2025-10-20,2025-10-20,1,1
S004809,O005048,W01,C01,2025-09-11,2025-09-12,2025-09-12,1,2
S004810,O005049,W03,C04,2025-06-17,2025-06-20,2025-06-20,1,1
S004811,O005050,W01,C02,2025-07-03,2025-07-08,2025-07-08,1,0
S004812,O005051,W02,C03,2025-08-07,2025-08-08,2025-08-08,1,1
S004813,O005052,W02,C04,2025-03-24,2025-03-26,2025-03-25,1,1
S004814,O005053,W01,C02,2025-10-08,2025-10-10,2025-10-10,1,1
S004815,O005054,W02,C03,2025-05-20,2025-05-22,2025-05-22,1,2
S004816,O005055,W01,C03,2025-01-20,2025-01-24,2025-01-24,1,1
S004817,O005056,W01,C03,2025-05-30,2025-06-03,2025-06-03,1,1
S004818,O005057,W01,C03,2025-05-28,2025-05-30,2025-05-30,1,2
S004819,O005058,W03,C02,2025-09-03,2025-09-08,2025-09-09,0,0
S004820,O005059,W02,C02,2025-03-09,2025-03-10,2025-03-10,1,1
S004821,O005060,W03,C04,2025-11-25,2025-11-27,2025-11-27,1,1
S004822,O005061,W01,C01,2025-05-25,2025-05-29,2025-05-29,1,1
S004823,O005062,W02,C01,2025-08-08,2025-08-08,2025-08-08,1,2
S004824,O005063,W01,C02,2025-11-24,2025-11-26,2025-11-25,1,1
S004825,O005064,W01,C01,2025-02-07,2025-02-09,2025-02-08,1,2
S004826,O005065,W02,C04,2025-09-11,2025-09-12,2025-09-12,1,1
S004827,O005066,W01,C01,2025-09-11,2025-09-14,2025-09-14,1,0
S004828,O005067,W01,C01,2025-08-16,2025-08-19,2025-08-19,1,0
S004829,O005068,W02,C02,2025-10-07,2025-10-08,2025-10-08,1,3
S004830,O005069,W01,C01,2025-07-28,2025-07-28,2025-07-28,1,2
S004831,O005070,W03,C03,2025-01-12,2025-01-14,2025-01-14,1,1
S004832,O005071,W02,C02,2025-05-30,2025-06-02,2025-06-02,1,2
S004833,O005072,W02,C03,2025-12-13,2025-12-15,2025-12-14,1,1
S004834,O005073,W02,C03,2025-10-16,2025-10-21,2025-10-24,0,0
S004835,O005074,W01,C03,2025-06-03,2025-06-05,2025-06-08,0,2
S004836,O005076,W02,C01,2025-12-05,2025-12-08,2025-12-07,1,1
S004837,O005077,W02,C04,2025-02-15,2025-02-16,2025-02-16,1,1
S004838,O005078,W03,C01,2025-12-13,2025-12-14,2025-12-14,1,1
S004839,O005079,W03,C01,2025-08-22,2025-08-24,2025-08-23,1,1
S004840,O005080,W02,C02,2025-04-29,2025-05-01,2025-05-01,1,1
S004841,O005081,W01,C03,2025-08-28,2025-08-30,2025-08-31,0,1
S004842,O005082,W03,C01,2025-12-26,2025-12-27,2025-12-27,1,2
S004843,O005083,W02,C04,2025-02-20,2025-02-23,2025-02-23,1,0
S004844,O005084,W02,C03,2025-02-27,2025-02-28,2025-02-28,1,2
S004845,O005085,W01,C02,2025-03-06,2025-03-09,2025-03-09,1,1
S004846,O005086,W01,C04,2025-11-22,2025-11-24,2025-11-24,1,1
S004847,O005087,W02,C01,2025-11-02,2025-11-05,2025-11-05,1,1
S004848,O005088,W02,C02,2025-12-14,2025-12-16,2025-12-16,1,0
S004849,O005089,W01,C03,2025-08-28,2025-08-28,2025-08-28,1,4
S004850,O005091,W01,C02,2025-07-12,2025-07-13,2025-07-13,1,1
S004851,O005092,W01,C03,2025-07-13,2025-07-14,2025-07-14,1,2
S004852,O005093,W03,C01,2025-09-27,2025-09-30,2025-09-30,1,1
S004853,O005094,W02,C02,2025-12-19,2025-12-21,2025-12-20,1,3
S004854,O005095,W01,C04,2025-01-21,2025-01-24,2025-01-23,1,0
S004855,O005097,W01,C03,2025-01-18,2025-01-19,2025-01-19,1,2
S004856,O005098,W01,C03,2025-07-30,2025-08-01,2025-08-04,0,2
S004857,O005099,W01,C04,2025-11-08,2025-11-11,2025-11-10,1,1
S004858,O005100,W03,C02,2025-03-26,2025-03-27,2025-03-27,1,2
S004859,O005101,W02,C01,2025-08-12,2025-08-14,2025-08-13,1,2
S004860,O005102,W01,C01,2025-01-12,2025-01-15,2025-01-15,1,2
S004861,O005104,W02,C03,2025-11-17,2025-11-20,2025-11-19,1,1
S004862,O005105,W01,C02,2025-05-19,2025-05-20,2025-05-24,0,2
S004863,O005106,W01,C02,2025-03-21,2025-03-23,2025-03-23,1,2
S004864,O005107,W01,C01,2025-08-19,2025-08-21,2025-08-21,1,1
S004865,O005108,W03,C01,2025-09-10,2025-09-11,2025-09-11,1,1
S004866,O005109,W01,C02,2025-10-31,2025-11-04,2025-11-06,0,0
S004867,O005110,W02,C01,2025-09-29,2025-10-02,2025-10-02,1,1
S004868,O005111,W01,C04,2025-04-02,2025-04-04,2025-04-03,1,1
S004869,O005112,W03,C03,2025-06-12,2025-06-12,2025-06-12,1,2
S004870,O005113,W02,C02,2025-11-01,2025-11-04,2025-11-04,1,0
S004871,O005114,W02,C01,2025-02-12,2025-02-12,2025-02-16,0,3
S004872,O005115,W01,C01,2025-03-24,2025-03-25,2025-03-25,1,2
S004873,O005116,W01,C02,2025-02-11,2025-02-12,2025-02-16,0,2
S004874,O005117,W02,C03,2025-02-17,2025-02-18,2025-02-18,1,1
S004875,O005118,W03,C03,2025-02-06,2025-02-07,2025-02-07,1,1
S004876,O005119,W01,C04,2025-07-31,2025-08-01,2025-08-01,1,1
S004877,O005120,W02,C01,2025-10-05,2025-10-07,2025-10-06,1,2
S004878,O005121,W02,C03,2025-04-06,2025-04-07,2025-04-07,1,2
S004879,O005122,W01,C01,2025-06-10,2025-06-15,2025-06-14,1,0
S004880,O005123,W02,C01,2025-08-30,2025-09-01,2025-09-01,1,2
S004881,O005125,W02,C02,2025-01-18,2025-01-18,2025-01-21,0,2
S004882,O005128,W02,C02,2025-08-24,2025-08-27,2025-08-27,1,1
S004883,O005129,W01,C01,2025-11-02,2025-11-05,2025-11-04,1,0
S004884,O005130,W02,C02,2025-07-20,2025-07-22,2025-07-22,1,1
S004885,O005131,W01,C02,2025-02-16,2025-02-16,2025-02-16,1,3
S004886,O005132,W03,C04,2025-10-28,2025-10-29,2025-10-29,1,1
S004887,O005133,W01,C03,2025-07-20,2025-07-21,2025-07-21,1,2
S004888,O005134,W01,C01,2025-03-19,2025-03-21,2025-03-21,1,2
S004889,O005135,W03,C02,2025-02-03,2025-02-05,2025-02-05,1,1
S004890,O005136,W02,C03,2025-11-22,2025-11-24,2025-11-23,1,1
S004891,O005137,W01,C01,2025-06-27,2025-06-28,2025-06-28,1,2
S004892,O005138,W02,C02,2025-12-15,2025-12-16,2025-12-16,1,2
S004893,O005139,W02,C04,2025-08-31,2025-09-03,2025-09-03,1,1
S004894,O005140,W02,C02,2025-09-29,2025-10-01,2025-10-01,1,1
S004895,O005141,W03,C04,2025-05-09,2025-05-11,2025-05-11,1,1
S004896,O005142,W01,C02,2025-08-09,2025-08-12,2025-08-12,1,2
S004897,O005143,W01,C02,2025-08-12,2025-08-15,2025-08-15,1,0
S004898,O005144,W02,C04,2025-05-11,2025-05-13,2025-05-15,0,2
S004899,O005145,W02,C03,2025-05-01,2025-05-03,2025-05-03,1,2
S004900,O005146,W02,C01,2025-08-07,2025-08-10,2025-08-10,1,1
S004901,O005147,W02,C02,2025-12-16,2025-12-18,2025-12-18,1,1
S004902,O005148,W01,C03,2025-09-24,2025-09-25,2025-09-25,1,2
S004903,O005149,W02,C01,2025-09-18,2025-09-22,2025-09-21,1,1
S004904,O005150,W03,C01,2025-10-23,2025-10-26,2025-10-26,1,1
S004905,O005151,W02,C02,2025-08-23,2025-08-26,2025-08-26,1,1
S004906,O005152,W03,C04,2025-08-09,2025-08-09,2025-08-09,1,2
S004907,O005153,W03,C01,2025-06-03,2025-06-06,2025-06-06,1,0
S004908,O005154,W02,C02,2025-06-25,2025-06-26,2025-06-26,1,1
S004909,O005155,W01,C03,2025-05-09,2025-05-10,2025-05-14,0,1
S004910,O005157,W01,C04,2025-02-06,2025-02-10,2025-02-10,1,0
S004911,O005158,W02,C01,2025-01-30,2025-02-01,2025-02-01,1,2
S004912,O005159,W01,C04,2025-09-01,2025-09-01,2025-09-03,0,2
S004913,O005160,W03,C03,2025-04-20,2025-04-21,2025-04-21,1,1
S004914,O005161,W03,C01,2025-10-12,2025-10-13,2025-10-13,1,1
S004915,O005162,W01,C03,2025-11-12,2025-11-14,2025-11-14,1,2
S004916,O005163,W01,C02,2025-12-27,2025-12-31,2025-12-31,1,1
S004917,O005164,W01,C04,2025-04-19,2025-04-21,2025-04-21,1,1
S004918,O005165,W03,C01,2025-09-24,2025-09-26,2025-09-25,1,1
S004919,O005166,W02,C01,2025-07-18,2025-07-21,2025-07-21,1,1
S004920,O005167,W03,C02,2025-06-18,2025-06-21,2025-06-20,1,2
S004921,O005168,W01,C02,2025-02-06,2025-02-09,2025-02-09,1,1
S004922,O005169,W02,C01,2025-04-07,2025-04-10,2025-04-10,1,2
S004923,O005170,W03,C01,2025-01-04,2025-01-06,2025-01-06,1,1
S004924,O005171,W01,C01,2025-05-06,2025-05-10,2025-05-10,1,1
S004925,O005172,W02,C01,2025-08-09,2025-08-12,2025-08-11,1,1
S004926,O005173,W02,C03,2025-01-10,2025-01-12,2025-01-12,1,1
S004927,O005174,W02,C03,2025-08-02,2025-08-02,2025-08-02,1,3
S004928,O005175,W01,C01,2025-07-30,2025-08-03,2025-08-03,1,1
S004929,O005176,W03,C01,2025-04-10,2025-04-13,2025-04-16,0,1
S004930,O005177,W03,C04,2025-02-10,2025-02-11,2025-02-11,1,2
S004931,O005178,W02,C02,2025-09-13,2025-09-17,2025-09-16,1,1
S004932,O005179,W03,C01,2025-10-21,2025-10-23,2025-10-23,1,2
S004933,O005180,W03,C01,2025-11-25,2025-11-27,2025-11-27,1,1
S004934,O005181,W03,C01,2025-01-14,2025-01-15,2025-01-15,1,1
S004935,O005183,W02,C02,2025-04-06,2025-04-10,2025-04-10,1,0
S004936,O005184,W02,C01,2025-04-22,2025-04-25,2025-04-25,1,1
S004937,O005185,W02,C01,2025-03-12,2025-03-15,2025-03-15,1,0
S004938,O005186,W03,C03,2025-08-13,2025-08-18,2025-08-18,1,0
S004939,O005187,W01,C03,2025-05-14,2025-05-16,2025-05-15,1,2
S004940,O005188,W01,C01,2025-12-30,2026-01-01,2026-01-01,1,1
S004941,O005189,W01,C01,2025-09-20,2025-09-21,2025-09-21,1,2
S004942,O005190,W02,C01,2025-09-02,2025-09-03,2025-09-03,1,1
S004943,O005191,W03,C01,2025-08-21,2025-08-22,2025-08-22,1,1
S004944,O005192,W01,C02,2025-08-20,2025-08-21,2025-08-21,1,1
S004945,O005193,W03,C03,2025-04-30,2025-05-01,2025-05-01,1,2
S004946,O005194,W01,C01,2025-10-12,2025-10-14,2025-10-13,1,1
S004947,O005195,W03,C03,2025-08-21,2025-08-23,2025-08-25,0,1
S004948,O005196,W01,C02,2025-06-23,2025-06-26,2025-06-26,1,2
S004949,O005197,W03,C01,2025-04-17,2025-04-20,2025-04-20,1,0
S004950,O005198,W03,C03,2025-09-10,2025-09-12,2025-09-12,1,2
S004951,O005199,W01,C02,2025-12-25,2025-12-27,2025-12-31,0,2
S004952,O005200,W02,C03,2025-05-01,2025-05-02,2025-05-02,1,1
S004953,O005201,W01,C02,2025-05-05,2025-05-06,2025-05-06,1,1
S004954,O005202,W01,C03,2025-03-15,2025-03-18,2025-03-18,1,0
S004955,O005203,W01,C03,2025-03-25,2025-03-28,2025-03-28,1,1
S004956,O005204,W01,C02,2025-09-03,2025-09-05,2025-09-04,1,2
S004957,O005205,W02,C01,2025-02-20,2025-02-21,2025-02-21,1,2
S004958,O005206,W01,C02,2025-11-25,2025-11-28,2025-11-28,1,1
S004959,O005208,W01,C01,2025-12-27,2025-12-29,2025-12-29,1,2
S004960,O005209,W02,C03,2025-07-07,2025-07-10,2025-07-10,1,2
S004961,O005210,W01,C01,2025-10-03,2025-10-04,2025-10-04,1,2
S004962,O005211,W03,C02,2025-09-28,2025-09-28,2025-09-28,1,2
S004963,O005212,W02,C03,2025-12-31,2026-01-01,2026-01-01,1,1
S004964,O005213,W02,C04,2025-07-25,2025-07-27,2025-07-29,0,1
S004965,O005214,W01,C03,2025-06-30,2025-07-04,2025-07-03,1,0
S004966,O005216,W03,C01,2025-03-05,2025-03-08,2025-03-08,1,1
S004967,O005217,W01,C02,2025-01-08,2025-01-11,2025-01-11,1,1
S004968,O005218,W01,C03,2025-09-07,2025-09-11,2025-09-10,1,1
S004969,O005219,W01,C03,2025-02-28,2025-03-01,2025-03-01,1,1
S004970,O005220,W01,C01,2025-02-06,2025-02-10,2025-02-10,1,1
S004971,O005221,W01,C02,2025-09-01,2025-09-04,2025-09-05,0,0
S004972,O005222,W01,C02,2025-08-26,2025-08-29,2025-08-29,1,2
S004973,O005223,W01,C03,2025-04-06,2025-04-11,2025-04-11,1,0
S004974,O005226,W02,C03,2025-09-02,2025-09-04,2025-09-07,0,1
S004975,O005227,W02,C04,2025-08-03,2025-08-04,2025-08-06,0,1
S004976,O005228,W01,C04,2025-09-26,2025-09-28,2025-09-28,1,2
S004977,O005229,W01,C03,2025-03-25,2025-03-26,2025-03-26,1,2
S004978,O005230,W02,C02,2025-10-17,2025-10-19,2025-10-19,1,2
S004979,O005231,W03,C03,2025-04-03,2025-04-03,2025-04-03,1,2
S004980,O005233,W01,C03,2025-08-01,2025-08-03,2025-08-02,1,0
S004981,O005234,W01,C02,2025-03-17,2025-03-19,2025-03-18,1,1
S004982,O005235,W02,C04,2025-07-23,2025-07-24,2025-07-24,1,1
S004983,O005236,W03,C01,2025-02-14,2025-02-16,2025-02-17,0,1
S004984,O005237,W03,C02,2025-08-22,2025-08-24,2025-08-24,1,1
S004985,O005238,W01,C03,2025-01-25,2025-01-29,2025-01-29,1,1
S004986,O005239,W03,C02,2025-02-18,2025-02-18,2025-02-18,1,3
S004987,O005240,W03,C01,2025-07-22,2025-07-23,2025-07-23,1,1
S004988,O005241,W02,C01,2025-06-01,2025-06-02,2025-06-02,1,2
S004989,O005242,W01,C02,2025-02-14,2025-02-15,2025-02-18,0,2
S004990,O005243,W02,C02,2025-11-14,2025-11-17,2025-11-16,1,0
S004991,O005244,W02,C01,2025-05-03,2025-05-04,2025-05-04,1,2
S004992,O005245,W01,C02,2025-11-19,2025-11-20,2025-11-20,1,2
S004993,O005246,W03,C02,2025-06-19,2025-06-21,2025-06-21,1,2
S004994,O005247,W02,C02,2025-10-12,2025-10-15,2025-10-14,1,1
S004995,O005248,W01,C01,2025-07-13,2025-07-15,2025-07-15,1,2
S004996,O005249,W01,C01,2025-02-26,2025-02-28,2025-02-28,1,1
S004997,O005250,W02,C04,2025-10-07,2025-10-10,2025-10-09,1,2
S004998,O005251,W03,C04,2025-03-02,2025-03-04,2025-03-05,0,1
S004999,O005252,W01,C04,2025-07-06,2025-07-09,2025-07-09,1,0
S005000,O005253,W01,C04,2025-04-06,2025-04-08,2025-04-11,0,1
S005001,O005254,W02,C02,2025-05-18,2025-05-20,2025-05-20,1,2
S005002,O005255,W01,C03,2025-04-02,2025-04-06,2025-04-06,1,0
S005003,O005256,W03,C03,2025-12-21,2025-12-24,2025-12-24,1,0
S005004,O005257,W02,C03,2025-01-14,2025-01-17,2025-01-17,1,1
S005005,O005258,W03,C01,2025-11-16,2025-11-16,2025-11-16,1,2
S005006,O005259,W02,C03,2025-11-04,2025-11-05,2025-11-05,1,1
S005007,O005260,W01,C02,2025-06-14,2025-06-14,2025-06-14,1,2
S005008,O005261,W01,C02,2025-08-26,2025-08-29,2025-09-02,0,2
S005009,O005262,W01,C03,2025-12-23,2025-12-25,2025-12-25,1,2
S005010,O005263,W01,C01,2025-03-29,2025-03-31,2025-03-31,1,3
S005011,O005264,W01,C04,2025-06-18,2025-06-22,2025-06-24,0,1
S005012,O005265,W01,C04,2025-07-10,2025-07-14,2025-07-14,1,0
S005013,O005266,W01,C02,2025-09-03,2025-09-04,2025-09-04,1,2
S005014,O005267,W01,C04,2025-06-08,2025-06-11,2025-06-11,1,1
S005015,O005268,W03,C03,2025-07-27,2025-07-30,2025-07-30,1,0
S005016,O005269,W03,C02,2025-10-06,2025-10-09,2025-10-09,1,0
S005017,O005270,W01,C03,2025-04-12,2025-04-14,2025-04-14,1,1
S005018,O005271,W01,C04,2025-07-06,2025-07-07,2025-07-07,1,2
S005019,O005272,W03,C03,2025-01-06,2025-01-08,2025-01-08,1,1
S005020,O005273,W02,C01,2025-10-27,2025-10-28,2025-10-28,1,1
S005021,O005274,W01,C01,2025-08-13,2025-08-13,2025-08-13,1,2
S005022,O005275,W01,C01,2025-07-14,2025-07-16,2025-07-15,1,2
S005023,O005276,W01,C03,2025-01-12,2025-01-13,2025-01-13,1,3
S005024,O005277,W03,C01,2025-11-07,2025-11-10,2025-11-10,1,1
S005025,O005278,W03,C04,2025-02-25,2025-02-25,2025-02-25,1,2
S005026,O005279,W01,C04,2025-12-02,2025-12-03,2025-12-06,0,2
S005027,O005280,W03,C03,2025-09-12,2025-09-16,2025-09-16,1,1
S005028,O005281,W01,C01,2025-02-09,2025-02-10,2025-02-10,1,2
S005029,O005282,W02,C03,2025-03-04,2025-03-06,2025-03-06,1,1
S005030,O005283,W02,C04,2025-11-11,2025-11-13,2025-11-13,1,2
S005031,O005284,W03,C03,2026-01-01,2026-01-02,2026-01-03,0,1
S005032,O005285,W02,C02,2025-08-29,2025-08-30,2025-08-30,1,2
S005033,O005286,W01,C02,2025-11-25,2025-11-28,2025-11-28,1,1
S005034,O005287,W03,C03,2025-11-08,2025-11-12,2025-11-12,1,1
S005035,O005288,W02,C03,2025-08-23,2025-08-25,2025-08-25,1,2
S005036,O005289,W02,C01,2025-10-09,2025-10-11,2025-10-11,1,2
S005037,O005290,W02,C02,2025-08-07,2025-08-07,2025-08-07,1,2
S005038,O005291,W02,C03,2025-04-09,2025-04-08,2025-04-08,1,3
S005039,O005292,W01,C04,2025-06-07,2025-06-08,2025-06-10,0,2
S005040,O005293,W01,C01,2025-12-03,2025-12-04,2025-12-04,1,2
S005041,O005294,W01,C01,2025-04-21,2025-04-23,2025-04-22,1,2
S005042,O005295,W02,C01,2025-05-03,2025-05-05,2025-05-09,0,2
S005043,O005296,W01,C01,2025-10-30,2025-11-01,2025-11-01,1,3
S005044,O005297,W01,C01,2025-05-04,2025-05-07,2025-05-07,1,1
S005045,O005298,W03,C02,2025-11-28,2025-12-02,2025-12-02,1,0
S005046,O005299,W02,C03,2025-06-30,2025-07-02,2025-07-01,1,1
S005047,O005301,W02,C04,2025-05-25,2025-05-27,2025-05-26,1,2
S005048,O005302,W03,C02,2025-02-18,2025-02-21,2025-02-21,1,0
S005049,O005303,W01,C01,2025-11-29,2025-12-02,2025-12-02,1,1
S005050,O005304,W02,C03,2025-11-15,2025-11-17,2025-11-17,1,2
S005051,O005306,W02,C01,2025-10-27,2025-10-29,2025-10-29,1,1
S005052,O005307,W02,C02,2025-10-29,2025-10-30,2025-10-30,1,1
S005053,O005308,W02,C03,2025-03-31,2025-04-01,2025-04-01,1,1
S005054,O005309,W02,C02,2025-07-21,2025-07-24,2025-07-24,1,1
S005055,O005310,W02,C02,2025-04-04,2025-04-04,2025-04-04,1,3
S005056,O005311,W02,C03,2025-03-02,2025-03-02,2025-03-02,1,2
S005057,O005312,W01,C02,2025-11-21,2025-11-22,2025-11-22,1,2
S005058,O005313,W01,C03,2025-06-12,2025-06-14,2025-06-14,1,1
S005059,O005314,W02,C02,2025-01-21,2025-01-22,2025-01-22,1,3
S005060,O005315,W01,C03,2025-07-18,2025-07-20,2025-07-20,1,2
S005061,O005316,W01,C01,2025-10-25,2025-10-25,2025-10-25,1,2
S005062,O005317,W02,C04,2025-07-11,2025-07-12,2025-07-16,0,1
S005063,O005318,W03,C02,2025-02-09,2025-02-13,2025-02-13,1,1
S005064,O005319,W02,C03,2025-06-02,2025-06-04,2025-06-03,1,1
S005065,O005320,W01,C01,2025-06-15,2025-06-16,2025-06-16,1,3
S005066,O005322,W02,C01,2025-01-31,2025-02-02,2025-02-02,1,1
S005067,O005323,W01,C03,2025-05-16,2025-05-18,2025-05-18,1,1
S005068,O005324,W03,C03,2025-05-22,2025-05-24,2025-05-24,1,1
S005069,O005325,W01,C02,2025-01-20,2025-01-21,2025-01-21,1,1
S005070,O005326,W02,C03,2025-02-19,2025-02-23,2025-02-22,1,0
S005071,O005327,W03,C01,2025-06-13,2025-06-15,2025-06-15,1,2
S005072,O005328,W03,C02,2025-01-27,2025-01-30,2025-01-30,1,1
S005073,O005329,W02,C01,2025-07-03,2025-07-04,2025-07-04,1,2
S005074,O005330,W02,C02,2025-01-29,2025-02-01,2025-01-31,1,2
S005075,O005331,W02,C02,2025-02-14,2025-02-16,2025-02-19,0,2
S005076,O005332,W03,C03,2025-11-16,2025-11-19,2025-11-20,0,0
S005077,O005333,W02,C03,2025-09-20,2025-09-22,2025-09-22,1,1
S005078,O005334,W01,C02,2025-09-11,2025-09-12,2025-09-12,1,1
S005079,O005335,W01,C01,2025-02-16,2025-02-18,2025-02-18,1,1
S005080,O005336,W02,C02,2025-08-07,2025-08-10,2025-08-14,0,1
S005081,O005337,W02,C03,2025-09-14,2025-09-15,2025-09-15,1,2
S005082,O005338,W03,C02,2025-05-11,2025-05-12,2025-05-12,1,1
S005083,O005339,W03,C01,2025-12-26,2025-12-30,2025-12-30,1,1
S005084,O005340,W01,C02,2025-08-17,2025-08-22,2025-08-22,1,0
S005085,O005341,W02,C02,2025-08-27,2025-08-30,2025-08-30,1,1
S005086,O005342,W02,C03,2025-09-24,2025-09-29,2025-09-28,1,0
S005087,O005343,W03,C01,2025-11-03,2025-11-05,2025-11-05,1,1
S005088,O005344,W01,C01,2025-04-28,2025-05-02,2025-05-01,1,1
S005089,O005345,W01,C04,2025-12-17,2025-12-21,2025-12-25,0,0
S005090,O005346,W02,C01,2025-12-10,2025-12-11,2025-12-11,1,2
S005091,O005347,W03,C03,2025-09-27,2025-09-30,2025-09-29,1,1
S005092,O005348,W02,C01,2025-06-06,2025-06-09,2025-06-08,1,2
S005093,O005350,W01,C01,2025-07-07,2025-07-09,2025-07-09,1,1
S005094,O005352,W01,C04,2025-01-17,2025-01-20,2025-01-19,1,1
S005095,O005353,W01,C02,2025-08-17,2025-08-20,2025-08-20,1,1
S005096,O005354,W03,C01,2025-07-05,2025-07-07,2025-07-10,0,1
S005097,O005355,W02,C01,2025-05-02,2025-05-03,2025-05-03,1,3
S005098,O005356,W03,C02,2025-02-28,2025-03-03,2025-03-06,0,0
S005099,O005357,W03,C03,2025-07-22,2025-07-24,2025-07-24,1,2
S005100,O005359,W01,C02,2025-10-11,2025-10-12,2025-10-12,1,1
S005101,O005360,W02,C02,2025-04-04,2025-04-05,2025-04-05,1,2
S005102,O005361,W01,C03,2025-09-13,2025-09-15,2025-09-19,0,1
S005103,O005362,W01,C02,2025-07-20,2025-07-22,2025-07-21,1,1
S005104,O005363,W01,C01,2025-08-20,2025-08-21,2025-08-21,1,1
S005105,O005364,W01,C01,2025-02-07,2025-02-09,2025-02-09,1,0
S005106,O005365,W03,C03,2025-09-19,2025-09-22,2025-09-22,1,1
S005107,O005366,W02,C02,2025-04-21,2025-04-26,2025-04-25,1,0
S005108,O005367,W02,C02,2025-06-08,2025-06-10,2025-06-10,1,1
S005109,O005368,W01,C01,2025-12-18,2025-12-19,2025-12-22,0,1
S005110,O005369,W01,C01,2025-09-12,2025-09-14,2025-09-14,1,1
S005111,O005370,W03,C01,2025-01-08,2025-01-08,2025-01-08,1,2
S005112,O005372,W03,C01,2025-04-11,2025-04-14,2025-04-18,0,2
S005113,O005373,W01,C02,2025-09-02,2025-09-04,2025-09-04,1,1
S005114,O005374,W03,C03,2025-12-05,2025-12-06,2025-12-06,1,1
S005115,O005375,W02,C01,2025-02-05,2025-02-07,2025-02-11,0,1
S005116,O005376,W02,C02,2025-12-23,2025-12-24,2025-12-24,1,1
S005117,O005377,W02,C03,2025-07-13,2025-07-15,2025-07-15,1,1
S005118,O005378,W03,C04,2025-09-18,2025-09-21,2025-09-21,1,1
S005119,O005379,W01,C02,2025-05-28,2025-06-01,2025-05-31,1,1
S005120,O005380,W03,C04,2025-12-12,2025-12-14,2025-12-18,0,1
S005121,O005381,W02,C02,2025-12-10,2025-12-13,2025-12-13,1,0
S005122,O005382,W02,C04,2025-03-22,2025-03-24,2025-03-27,0,1
S005123,O005383,W03,C01,2025-08-06,2025-08-09,2025-08-09,1,1
S005124,O005384,W01,C01,2025-12-18,2025-12-22,2025-12-22,1,0
S005125,O005385,W01,C03,2025-09-28,2025-10-01,2025-09-30,1,0
S005126,O005386,W02,C03,2025-12-30,2025-12-31,2026-01-04,0,1
S005127,O005388,W01,C01,2025-04-22,2025-04-24,2025-04-24,1,0
S005128,O005389,W02,C03,2025-10-29,2025-10-30,2025-10-30,1,1
S005129,O005390,W01,C01,2025-02-11,2025-02-13,2025-02-13,1,1
S005130,O005391,W03,C01,2025-08-10,2025-08-11,2025-08-11,1,1
S005131,O005392,W01,C02,2025-06-30,2025-07-03,2025-07-03,1,0
S005132,O005393,W02,C03,2025-07-31,2025-08-02,2025-08-02,1,1
S005133,O005394,W03,C02,2025-03-31,2025-04-01,2025-04-01,1,1
S005134,O005395,W02,C02,2025-12-05,2025-12-10,2025-12-10,1,0
S005135,O005396,W03,C03,2025-06-06,2025-06-09,2025-06-13,0,0
S005136,O005397,W01,C02,2025-07-26,2025-07-28,2025-08-01,0,1
S005137,O005398,W02,C03,2025-09-26,2025-09-28,2025-09-27,1,2
S005138,O005399,W01,C02,2025-11-14,2025-11-18,2025-11-17,1,1
S005139,O005400,W02,C01,2025-12-05,2025-12-08,2025-12-07,1,1
S005140,O005401,W01,C02,2025-02-18,2025-02-20,2025-02-20,1,1
S005141,O005402,W03,C01,2025-09-30,2025-10-02,2025-10-02,1,1
S005142,O005403,W01,C02,2025-10-26,2025-10-26,2025-10-26,1,2
S005143,O005404,W01,C01,2025-07-09,2025-07-11,2025-07-15,0,1
S005144,O005405,W02,C02,2025-12-28,2025-12-31,2025-12-31,1,1
S005145,O005406,W01,C02,2025-03-13,2025-03-15,2025-03-15,1,1
S005146,O005407,W01,C01,2025-08-17,2025-08-20,2025-08-20,1,1
S005147,O005408,W02,C02,2025-09-01,2025-09-03,2025-09-04,0,1
S005148,O005409,W01,C04,2025-11-03,2025-11-05,2025-11-05,1,2
S005149,O005410,W03,C03,2025-05-17,2025-05-19,2025-05-23,0,1
S005150,O005411,W01,C03,2025-05-30,2025-06-04,2025-06-04,1,0
S005151,O005412,W01,C04,2025-09-22,2025-09-26,2025-09-26,1,1
S005152,O005413,W01,C03,2025-01-19,2025-01-20,2025-01-23,0,2
S005153,O005414,W02,C01,2025-06-10,2025-06-13,2025-06-16,0,1
S005154,O005415,W01,C03,2025-10-09,2025-10-11,2025-10-11,1,0
S005155,O005416,W02,C04,2025-06-19,2025-06-22,2025-06-22,1,1
S005156,O005417,W03,C02,2025-12-24,2025-12-27,2025-12-27,1,1
S005157,O005418,W03,C01,2025-04-16,2025-04-19,2025-04-18,1,1
S005158,O005419,W01,C01,2025-10-25,2025-10-27,2025-10-27,1,1
S005159,O005420,W03,C02,2025-03-25,2025-03-28,2025-03-27,1,1
S005160,O005421,W02,C01,2025-01-18,2025-01-20,2025-01-20,1,1
S005161,O005422,W01,C03,2025-09-02,2025-09-06,2025-09-05,1,0
S005162,O005423,W02,C03,2025-12-18,2025-12-21,2025-12-24,0,1
S005163,O005424,W02,C03,2025-07-22,2025-07-23,2025-07-23,1,1
S005164,O005425,W02,C03,2025-05-25,2025-05-28,2025-06-01,0,1
S005165,O005426,W02,C02,2025-06-28,2025-07-01,2025-06-30,1,1
S005166,O005427,W03,C02,2025-12-31,2026-01-01,2026-01-01,1,1
S005167,O005428,W02,C03,2025-05-04,2025-05-07,2025-05-07,1,2
S005168,O005429,W03,C04,2025-12-29,2026-01-01,2026-01-04,0,1
S005169,O005430,W01,C04,2025-07-13,2025-07-16,2025-07-15,1,2
S005170,O005431,W01,C03,2025-09-04,2025-09-07,2025-09-07,1,0
S005171,O005432,W02,C03,2025-07-21,2025-07-23,2025-07-23,1,1
S005172,O005433,W03,C02,2025-08-02,2025-08-06,2025-08-06,1,1
S005173,O005434,W02,C04,2025-12-31,2026-01-01,2026-01-01,1,2
S005174,O005436,W01,C03,2025-07-03,2025-07-07,2025-07-07,1,1
S005175,O005437,W01,C02,2025-03-06,2025-03-06,2025-03-06,1,2
S005176,O005438,W03,C04,2025-02-20,2025-02-22,2025-02-24,0,1
S005177,O005439,W02,C03,2025-01-22,2025-01-24,2025-01-24,1,0
S005178,O005440,W02,C04,2025-12-24,2025-12-28,2025-12-30,0,0
S005179,O005441,W01,C01,2025-10-21,2025-10-26,2025-10-30,0,0
S005180,O005442,W01,C02,2025-01-10,2025-01-13,2025-01-13,1,2
S005181,O005443,W02,C02,2025-05-17,2025-05-18,2025-05-18,1,1
S005182,O005444,W02,C02,2025-06-04,2025-06-06,2025-06-06,1,2
S005183,O005445,W01,C02,2025-12-11,2025-12-15,2025-12-17,0,0
S005184,O005446,W01,C01,2025-06-02,2025-06-05,2025-06-05,1,2
S005185,O005447,W03,C03,2025-04-18,2025-04-19,2025-04-23,0,1
S005186,O005448,W03,C04,2025-09-11,2025-09-12,2025-09-12,1,2
S005187,O005449,W02,C02,2025-07-23,2025-07-25,2025-07-27,0,2
S005188,O005450,W01,C03,2025-04-30,2025-04-30,2025-04-30,1,2
S005189,O005451,W02,C04,2025-11-17,2025-11-20,2025-11-24,0,2
S005190,O005452,W03,C01,2025-12-30,2026-01-01,2026-01-01,1,0
S005191,O005453,W01,C02,2025-10-15,2025-10-20,2025-10-20,1,0
S005192,O005454,W01,C03,2025-05-07,2025-05-11,2025-05-12,0,1
S005193,O005455,W03,C02,2025-01-11,2025-01-14,2025-01-14,1,1
S005194,O005456,W01,C03,2025-09-01,2025-09-06,2025-09-05,1,0
S005195,O005457,W01,C03,2025-07-27,2025-07-29,2025-07-29,1,1
S005196,O005458,W01,C03,2025-09-25,2025-09-26,2025-09-26,1,1
S005197,O005459,W01,C01,2025-11-24,2025-11-28,2025-11-28,1,0
S005198,O005460,W02,C04,2025-12-24,2025-12-25,2025-12-25,1,2
S005199,O005461,W02,C03,2025-06-22,2025-06-25,2025-06-27,0,1
S005200,O005462,W03,C01,2025-06-25,2025-06-27,2025-06-28,0,1
S005201,O005463,W01,C03,2025-07-27,2025-07-31,2025-07-31,1,0
S005202,O005464,W01,C02,2025-11-08,2025-11-11,2025-11-11,1,1
S005203,O005465,W01,C04,2025-04-28,2025-05-01,2025-05-01,1,1
S005204,O005466,W01,C01,2025-02-08,2025-02-11,2025-02-11,1,1
S005205,O005467,W02,C02,2025-02-27,2025-03-01,2025-03-01,1,1
S005206,O005468,W01,C02,2025-05-13,2025-05-17,2025-05-17,1,0
S005207,O005469,W01,C01,2025-04-03,2025-04-05,2025-04-05,1,1
S005208,O005470,W03,C03,2025-01-14,2025-01-16,2025-01-16,1,1
S005209,O005471,W02,C01,2025-10-29,2025-10-29,2025-10-29,1,2
S005210,O005472,W02,C01,2025-02-24,2025-02-26,2025-02-26,1,2
S005211,O005473,W01,C01,2025-10-18,2025-10-21,2025-10-20,1,1
S005212,O005474,W01,C02,2025-04-23,2025-04-24,2025-04-26,0,2
S005213,O005475,W01,C01,2025-04-26,2025-04-28,2025-04-28,1,0
S005214,O005476,W01,C03,2025-10-09,2025-10-11,2025-10-11,1,1
S005215,O005477,W02,C03,2025-06-25,2025-06-26,2025-06-27,0,2
S005216,O005478,W02,C01,2025-04-19,2025-04-21,2025-04-20,1,1
S005217,O005479,W01,C01,2025-03-10,2025-03-12,2025-03-12,1,1
S005218,O005480,W03,C01,2025-08-03,2025-08-06,2025-08-06,1,0
S005219,O005481,W02,C03,2025-08-24,2025-08-25,2025-08-25,1,2
S005220,O005482,W03,C02,2025-08-13,2025-08-18,2025-08-17,1,0
S005221,O005483,W03,C04,2025-08-21,2025-08-24,2025-08-23,1,1
S005222,O005484,W02,C01,2025-08-22,2025-08-24,2025-08-24,1,2
S005223,O005485,W02,C01,2025-05-18,2025-05-19,2025-05-19,1,2
S005224,O005486,W02,C01,2025-02-05,2025-02-06,2025-02-06,1,2
S005225,O005487,W02,C03,2025-02-23,2025-02-26,2025-02-26,1,0
S005226,O005488,W01,C01,2025-07-04,2025-07-06,2025-07-05,1,2
S005227,O005489,W01,C02,2025-12-01,2025-12-04,2025-12-03,1,0
S005228,O005491,W01,C01,2025-10-26,2025-10-29,2025-10-29,1,1
S005229,O005492,W02,C04,2025-05-14,2025-05-15,2025-05-15,1,2
S005230,O005493,W01,C04,2025-11-06,2025-11-08,2025-11-07,1,1
S005231,O005494,W01,C01,2025-08-19,2025-08-20,2025-08-20,1,1
S005232,O005495,W03,C01,2025-05-24,2025-05-27,2025-05-27,1,1
S005233,O005496,W01,C02,2025-04-17,2025-04-18,2025-04-18,1,2
S005234,O005497,W02,C01,2025-10-22,2025-10-24,2025-10-23,1,1
S005235,O005498,W02,C03,2025-03-30,2025-03-31,2025-03-31,1,2
S005236,O005499,W01,C01,2025-10-29,2025-11-01,2025-10-31,1,1
S005237,O005500,W03,C03,2025-06-05,2025-06-08,2025-06-08,1,1
S005238,O005501,W03,C01,2025-05-03,2025-05-07,2025-05-07,1,0
S005239,O005503,W02,C04,2025-10-06,2025-10-10,2025-10-09,1,1
S005240,O005504,W01,C01,2025-12-18,2025-12-21,2025-12-21,1,1
S005241,O005505,W02,C04,2025-02-13,2025-02-16,2025-02-15,1,1
S005242,O005506,W03,C01,2025-09-12,2025-09-14,2025-09-13,1,1
S005243,O005507,W02,C03,2025-04-07,2025-04-10,2025-04-10,1,1
S005244,O005508,W02,C02,2025-07-11,2025-07-14,2025-07-16,0,2
S005245,O005509,W01,C02,2025-12-29,2026-01-01,2026-01-01,1,2
S005246,O005511,W01,C03,2025-01-19,2025-01-22,2025-01-21,1,1
S005247,O005512,W01,C04,2025-12-13,2025-12-14,2025-12-16,0,2
S005248,O005513,W02,C01,2025-11-24,2025-11-26,2025-11-26,1,2
S005249,O005514,W01,C02,2025-08-06,2025-08-06,2025-08-06,1,2
S005250,O005515,W02,C02,2025-05-01,2025-05-03,2025-05-06,0,2
S005251,O005516,W03,C01,2025-04-23,2025-04-25,2025-04-25,1,1
S005252,O005517,W03,C04,2025-10-14,2025-10-14,2025-10-14,1,2
S005253,O005518,W03,C02,2025-05-22,2025-05-26,2025-05-27,0,0
S005254,O005519,W01,C02,2025-09-13,2025-09-15,2025-09-15,1,1
S005255,O005521,W01,C04,2025-07-11,2025-07-14,2025-07-14,1,1
S005256,O005522,W02,C02,2026-01-01,2026-01-04,2026-01-04,1,1
S005257,O005523,W02,C01,2025-04-29,2025-05-02,2025-05-02,1,1
S005258,O005524,W03,C02,2025-06-15,2025-06-17,2025-06-17,1,2
S005259,O005525,W02,C01,2025-09-15,2025-09-17,2025-09-17,1,2
S005260,O005526,W03,C01,2025-04-25,2025-04-28,2025-04-28,1,1
S005261,O005527,W03,C02,2025-09-05,2025-09-08,2025-09-08,1,2
S005262,O005528,W03,C04,2025-04-25,2025-04-28,2025-04-27,1,1
S005263,O005529,W03,C01,2025-01-23,2025-01-24,2025-01-24,1,1
S005264,O005530,W01,C02,2025-12-26,2025-12-30,2025-12-30,1,1
S005265,O005531,W02,C01,2025-03-13,2025-03-17,2025-03-17,1,0
S005266,O005532,W03,C02,2025-06-19,2025-06-23,2025-06-23,1,1
S005267,O005533,W02,C03,2025-06-04,2025-06-08,2025-06-08,1,1
S005268,O005534,W01,C03,2025-01-18,2025-01-20,2025-01-20,1,0
S005269,O005535,W02,C03,2025-03-09,2025-03-11,2025-03-11,1,2
S005270,O005536,W01,C01,2025-09-19,2025-09-22,2025-09-22,1,1
S005271,O005537,W03,C02,2025-04-13,2025-04-17,2025-04-16,1,1
S005272,O005538,W01,C03,2025-12-15,2025-12-19,2025-12-19,1,0
S005273,O005539,W01,C03,2025-06-12,2025-06-14,2025-06-15,0,1
S005274,O005540,W03,C03,2025-05-06,2025-05-07,2025-05-07,1,1
S005275,O005541,W01,C02,2025-04-21,2025-04-25,2025-04-24,1,1
S005276,O005542,W01,C03,2025-01-20,2025-01-21,2025-01-21,1,2
S005277,O005543,W02,C01,2025-10-22,2025-10-23,2025-10-23,1,2
S005278,O005544,W03,C01,2025-07-10,2025-07-11,2025-07-11,1,1
S005279,O005545,W01,C02,2025-06-03,2025-06-05,2025-06-05,1,1
S005280,O005546,W02,C01,2025-06-13,2025-06-15,2025-06-15,1,2
S005281,O005547,W01,C02,2025-05-05,2025-05-07,2025-05-07,1,1
S005282,O005549,W02,C02,2025-02-02,2025-02-03,2025-02-03,1,1
S005283,O005550,W03,C01,2025-08-08,2025-08-10,2025-08-10,1,1
S005284,O005551,W01,C04,2025-09-07,2025-09-08,2025-09-11,0,1
S005285,O005552,W03,C04,2025-11-27,2025-11-30,2025-11-30,1,0
S005286,O005553,W03,C01,2025-03-31,2025-04-03,2025-04-03,1,1
S005287,O005555,W02,C02,2025-03-13,2025-03-13,2025-03-13,1,3
S005288,O005556,W03,C01,2025-01-05,2025-01-08,2025-01-08,1,1
S005289,O005557,W01,C02,2025-04-04,2025-04-06,2025-04-06,1,1
S005290,O005558,W03,C01,2025-12-26,2025-12-27,2025-12-27,1,1
S005291,O005559,W03,C03,2025-02-10,2025-02-12,2025-02-11,1,0
S005292,O005560,W02,C01,2025-06-21,2025-06-24,2025-06-23,1,0
S005293,O005561,W02,C02,2025-05-04,2025-05-08,2025-05-07,1,0
S005294,O005562,W01,C02,2025-03-21,2025-03-22,2025-03-22,1,2
S005295,O005563,W03,C04,2025-03-18,2025-03-21,2025-03-21,1,1
S005296,O005564,W02,C01,2025-04-07,2025-04-10,2025-04-09,1,1
S005297,O005565,W02,C03,2025-02-15,2025-02-17,2025-02-21,0,2
S005298,O005566,W02,C03,2025-11-19,2025-11-20,2025-11-20,1,2
S005299,O005567,W02,C01,2025-03-29,2025-04-01,2025-04-01,1,1
S005300,O005568,W03,C03,2025-10-08,2025-10-12,2025-10-11,1,1
S005301,O005569,W02,C03,2025-10-23,2025-10-27,2025-10-27,1,1
S005302,O005570,W03,C04,2025-01-10,2025-01-13,2025-01-13,1,1
S005303,O005571,W02,C01,2025-09-19,2025-09-21,2025-09-21,1,1
S005304,O005572,W02,C02,2025-08-22,2025-08-22,2025-08-22,1,3
S005305,O005573,W02,C02,2025-02-18,2025-02-21,2025-02-21,1,2
S005306,O005575,W01,C03,2025-09-22,2025-09-25,2025-09-24,1,1
S005307,O005576,W03,C02,2025-09-08,2025-09-09,2025-09-09,1,2
S005308,O005577,W01,C03,2025-09-02,2025-09-03,2025-09-03,1,1
S005309,O005578,W02,C03,2025-03-27,2025-03-30,2025-03-30,1,0
S005310,O005579,W01,C04,2025-01-12,2025-01-14,2025-01-14,1,1
S005311,O005580,W01,C03,2025-04-04,2025-04-08,2025-04-08,1,1
S005312,O005581,W01,C01,2025-05-22,2025-05-25,2025-05-25,1,1
S005313,O005582,W02,C03,2025-10-01,2025-10-03,2025-10-03,1,2
S005314,O005583,W01,C01,2025-10-03,2025-10-05,2025-10-05,1,1
S005315,O005584,W03,C02,2025-10-28,2025-11-01,2025-11-01,1,0
S005316,O005585,W01,C01,2025-05-08,2025-05-09,2025-05-09,1,1
S005317,O005586,W01,C01,2025-04-30,2025-05-03,2025-05-03,1,1
S005318,O005587,W01,C01,2025-04-02,2025-04-04,2025-04-04,1,2
S005319,O005588,W03,C02,2025-04-12,2025-04-14,2025-04-17,0,0
S005320,O005589,W02,C03,2025-08-31,2025-09-04,2025-09-05,0,0
S005321,O005590,W02,C01,2025-01-26,2025-01-28,2025-01-28,1,1
S005322,O005591,W02,C01,2025-09-06,2025-09-09,2025-09-09,1,1
S005323,O005592,W02,C03,2025-09-14,2025-09-16,2025-09-16,1,2
S005324,O005593,W01,C01,2025-08-27,2025-08-30,2025-08-30,1,0
S005325,O005594,W01,C01,2025-01-23,2025-01-26,2025-01-27,0,1
S005326,O005595,W02,C01,2025-05-22,2025-05-24,2025-05-24,1,1
S005327,O005596,W01,C01,2025-06-24,2025-06-25,2025-06-25,1,1
S005328,O005597,W02,C03,2025-03-31,2025-03-31,2025-03-31,1,3
S005329,O005598,W03,C01,2025-08-18,2025-08-20,2025-08-20,1,2
S005330,O005599,W02,C03,2025-06-08,2025-06-09,2025-06-13,0,2
S005331,O005600,W02,C02,2025-10-09,2025-10-12,2025-10-12,1,2
S005332,O005601,W01,C03,2025-12-02,2025-12-05,2025-12-05,1,1
S005333,O005602,W02,C02,2025-01-22,2025-01-24,2025-01-25,0,1
S005334,O005603,W03,C01,2025-03-19,2025-03-23,2025-03-23,1,0
S005335,O005604,W03,C03,2025-06-13,2025-06-14,2025-06-14,1,1
S005336,O005605,W02,C03,2025-09-16,2025-09-17,2025-09-17,1,2
S005337,O005606,W01,C03,2025-10-30,2025-11-04,2025-11-04,1,0
S005338,O005607,W02,C01,2025-07-04,2025-07-06,2025-07-05,1,2
S005339,O005608,W03,C02,2025-04-11,2025-04-13,2025-04-13,1,1
S005340,O005609,W03,C02,2025-07-11,2025-07-14,2025-07-14,1,1
S005341,O005610,W01,C01,2025-11-08,2025-11-08,2025-11-12,0,3
S005342,O005611,W02,C04,2025-02-02,2025-02-02,2025-02-02,1,2
S005343,O005612,W02,C03,2025-06-16,2025-06-17,2025-06-17,1,3
S005344,O005613,W02,C02,2025-08-28,2025-08-28,2025-08-28,1,3
S005345,O005614,W01,C01,2025-04-27,2025-05-02,2025-05-02,1,0
S005346,O005615,W02,C03,2025-03-20,2025-03-20,2025-03-23,0,2
S005347,O005616,W01,C02,2025-10-11,2025-10-12,2025-10-12,1,2
S005348,O005617,W01,C04,2025-07-23,2025-07-26,2025-07-26,1,1
S005349,O005618,W02,C01,2025-10-12,2025-10-14,2025-10-14,1,3
S005350,O005619,W03,C01,2025-10-09,2025-10-12,2025-10-12,1,0
S005351,O005620,W01,C02,2025-07-20,2025-07-20,2025-07-20,1,2
S005352,O005621,W01,C01,2025-10-25,2025-10-27,2025-10-27,1,1
S005353,O005622,W01,C03,2025-06-12,2025-06-15,2025-06-15,1,1
S005354,O005623,W03,C04,2025-05-07,2025-05-10,2025-05-10,1,1
S005355,O005625,W02,C04,2025-03-01,2025-03-06,2025-03-05,1,0
S005356,O005626,W01,C03,2025-11-02,2025-11-03,2025-11-05,0,2
S005357,O005627,W02,C01,2025-07-20,2025-07-22,2025-07-22,1,2
S005358,O005628,W03,C01,2025-02-05,2025-02-10,2025-02-10,1,0
S005359,O005629,W03,C02,2025-01-07,2025-01-11,2025-01-10,1,0
S005360,O005630,W02,C02,2025-10-18,2025-10-20,2025-10-22,0,1
S005361,O005631,W03,C03,2025-02-02,2025-02-05,2025-02-05,1,0
S005362,O005632,W03,C04,2025-09-01,2025-09-03,2025-09-03,1,1
S005363,O005633,W03,C02,2025-06-24,2025-06-24,2025-06-24,1,2
S005364,O005634,W02,C04,2025-02-25,2025-02-26,2025-03-02,0,2
S005365,O005635,W02,C02,2025-03-20,2025-03-23,2025-03-23,1,1
S005366,O005636,W02,C02,2025-08-25,2025-08-26,2025-08-26,1,1
S005367,O005637,W02,C03,2025-11-04,2025-11-07,2025-11-06,1,1
S005368,O005638,W03,C01,2025-10-13,2025-10-17,2025-10-17,1,1
S005369,O005639,W02,C04,2025-08-21,2025-08-21,2025-08-21,1,2
S005370,O005640,W02,C04,2025-10-07,2025-10-08,2025-10-08,1,2
S005371,O005641,W01,C02,2025-07-04,2025-07-06,2025-07-06,1,1
S005372,O005642,W03,C03,2025-11-03,2025-11-07,2025-11-06,1,1
S005373,O005643,W01,C01,2025-10-30,2025-11-02,2025-11-02,1,0
S005374,O005644,W01,C03,2025-08-25,2025-08-28,2025-08-27,1,1
S005375,O005645,W02,C02,2025-10-20,2025-10-21,2025-10-21,1,3
S005376,O005646,W01,C01,2025-12-30,2026-01-01,2026-01-01,1,1
S005377,O005647,W03,C03,2025-06-06,2025-06-07,2025-06-07,1,1
S005378,O005648,W02,C01,2025-11-23,2025-11-24,2025-11-24,1,1
S005379,O005649,W02,C02,2025-05-22,2025-05-24,2025-05-24,1,1
S005380,O005650,W02,C03,2025-01-09,2025-01-10,2025-01-10,1,2
S005381,O005651,W01,C01,2025-01-08,2025-01-10,2025-01-10,1,1
S005382,O005652,W01,C02,2025-05-02,2025-05-04,2025-05-04,1,1
S005383,O005653,W02,C02,2025-08-14,2025-08-15,2025-08-15,1,2
S005384,O005654,W02,C03,2025-05-25,2025-05-27,2025-05-26,1,2
S005385,O005655,W01,C03,2025-06-23,2025-06-28,2025-06-28,1,0
S005386,O005656,W01,C02,2025-04-19,2025-04-23,2025-04-25,0,0
S005387,O005657,W01,C03,2025-11-14,2025-11-17,2025-11-16,1,1
S005388,O005658,W01,C03,2025-05-12,2025-05-14,2025-05-14,1,3
S005389,O005659,W03,C01,2025-04-10,2025-04-11,2025-04-11,1,1
S005390,O005660,W02,C03,2025-04-17,2025-04-20,2025-04-21,0,1
S005391,O005661,W03,C02,2025-08-09,2025-08-10,2025-08-10,1,1
S005392,O005662,W01,C04,2025-06-14,2025-06-19,2025-06-19,1,0
S005393,O005663,W02,C01,2025-06-05,2025-06-07,2025-06-06,1,2
S005394,O005664,W01,C01,2025-04-12,2025-04-15,2025-04-15,1,0
S005395,O005665,W03,C02,2025-11-22,2025-11-25,2025-11-25,1,1
S005396,O005666,W02,C01,2025-01-16,2025-01-18,2025-01-18,1,1
S005397,O005667,W03,C03,2025-04-05,2025-04-09,2025-04-13,0,0
S005398,O005668,W02,C01,2025-04-03,2025-04-05,2025-04-05,1,3
S005399,O005669,W02,C04,2025-06-09,2025-06-11,2025-06-11,1,2
S005400,O005670,W03,C04,2025-10-06,2025-10-10,2025-10-09,1,1
S005401,O005671,W01,C01,2025-01-10,2025-01-12,2025-01-12,1,1
S005402,O005672,W01,C03,2025-01-14,2025-01-16,2025-01-17,0,1
S005403,O005673,W01,C02,2025-03-09,2025-03-09,2025-03-09,1,2
S005404,O005674,W03,C01,2025-10-14,2025-10-15,2025-10-15,1,2
S005405,O005675,W01,C04,2025-02-13,2025-02-14,2025-02-17,0,1
S005406,O005676,W03,C03,2025-10-24,2025-10-25,2025-10-28,0,3
S005407,O005677,W01,C04,2025-12-02,2025-12-04,2025-12-04,1,2
S005408,O005678,W01,C03,2025-11-02,2025-11-04,2025-11-04,1,2
S005409,O005679,W01,C03,2025-03-05,2025-03-07,2025-03-07,1,2
S005410,O005680,W02,C02,2025-04-07,2025-04-08,2025-04-08,1,1
S005411,O005681,W02,C02,2025-07-09,2025-07-11,2025-07-11,1,2
S005412,O005682,W01,C03,2025-02-18,2025-02-21,2025-02-21,1,1
S005413,O005683,W01,C03,2025-10-22,2025-10-24,2025-10-23,1,0
S005414,O005684,W01,C01,2025-08-03,2025-08-06,2025-08-05,1,1
S005415,O005685,W01,C01,2025-05-27,2025-05-31,2025-05-31,1,1
S005416,O005686,W03,C01,2025-03-30,2025-04-03,2025-04-03,1,0
S005417,O005687,W01,C02,2025-10-16,2025-10-19,2025-10-19,1,0
S005418,O005688,W01,C02,2025-01-13,2025-01-14,2025-01-14,1,1
S005419,O005689,W02,C02,2025-10-04,2025-10-08,2025-10-07,1,0
S005420,O005690,W03,C04,2025-06-17,2025-06-17,2025-06-19,0,2
S005421,O005691,W03,C02,2025-07-16,2025-07-18,2025-07-18,1,1
S005422,O005692,W03,C02,2025-09-09,2025-09-12,2025-09-12,1,1
S005423,O005693,W01,C04,2025-07-12,2025-07-12,2025-07-12,1,2
S005424,O005694,W02,C01,2025-12-26,2025-12-27,2025-12-27,1,1
S005425,O005695,W01,C01,2025-11-05,2025-11-07,2025-11-07,1,1
S005426,O005696,W01,C03,2025-06-08,2025-06-09,2025-06-09,1,2
S005427,O005697,W02,C01,2026-01-01,2026-01-03,2026-01-03,1,2
S005428,O005698,W02,C02,2025-11-08,2025-11-08,2025-11-08,1,2
S005429,O005699,W01,C03,2025-12-03,2025-12-04,2025-12-04,1,1
S005430,O005700,W01,C02,2025-10-30,2025-11-01,2025-10-31,1,1
S005431,O005701,W03,C02,2025-04-01,2025-04-02,2025-04-02,1,2
S005432,O005702,W02,C01,2025-04-29,2025-05-01,2025-05-01,1,2
S005433,O005703,W02,C02,2025-02-11,2025-02-12,2025-02-12,1,2
S005434,O005704,W03,C04,2025-07-27,2025-07-29,2025-07-29,1,1
S005435,O005705,W02,C01,2025-01-20,2025-01-23,2025-01-22,1,1
S005436,O005706,W02,C01,2025-10-01,2025-10-02,2025-10-02,1,2
S005437,O005707,W03,C02,2025-11-28,2025-11-30,2025-11-30,1,1
S005438,O005708,W01,C01,2025-06-21,2025-06-22,2025-06-22,1,2
S005439,O005709,W03,C03,2025-01-16,2025-01-20,2025-01-24,0,0
S005440,O005710,W01,C01,2025-06-19,2025-06-23,2025-06-23,1,0
S005441,O005711,W02,C02,2025-09-22,2025-09-23,2025-09-23,1,2
S005442,O005712,W01,C04,2025-02-15,2025-02-16,2025-02-16,1,2
S005443,O005713,W01,C01,2025-06-30,2025-07-02,2025-07-02,1,1
S005444,O005714,W01,C01,2025-09-29,2025-10-01,2025-10-01,1,1
S005445,O005715,W01,C02,2025-09-14,2025-09-16,2025-09-16,1,1
S005446,O005716,W03,C03,2025-12-15,2025-12-17,2025-12-17,1,2
S005447,O005717,W02,C03,2025-12-19,2025-12-22,2025-12-22,1,1
S005448,O005718,W02,C04,2025-07-24,2025-07-26,2025-07-25,1,1
S005449,O005719,W03,C01,2026-01-01,2026-01-03,2026-01-03,1,2
S005450,O005720,W01,C02,2025-06-19,2025-06-21,2025-06-20,1,1
S005451,O005721,W02,C01,2025-07-23,2025-07-24,2025-07-24,1,2
S005452,O005722,W03,C02,2025-09-09,2025-09-11,2025-09-11,1,1
S005453,O005723,W02,C01,2025-12-24,2025-12-27,2025-12-27,1,1
S005454,O005724,W01,C04,2025-04-01,2025-04-02,2025-04-02,1,1
S005455,O005725,W01,C04,2025-02-16,2025-02-21,2025-02-21,1,0
S005456,O005726,W02,C01,2025-05-26,2025-05-29,2025-05-29,1,1
S005457,O005727,W01,C01,2025-07-13,2025-07-16,2025-07-19,0,2
S005458,O005728,W02,C02,2025-03-22,2025-03-25,2025-03-25,1,1
S005459,O005729,W02,C03,2025-10-30,2025-10-31,2025-10-31,1,2
S005460,O005730,W01,C04,2025-10-20,2025-10-21,2025-10-24,0,2
S005461,O005731,W01,C03,2025-11-30,2025-12-03,2025-12-03,1,2
S005462,O005732,W02,C02,2025-08-19,2025-08-22,2025-08-26,0,1
S005463,O005733,W03,C02,2025-11-24,2025-11-29,2025-11-29,1,0
S005464,O005734,W01,C03,2025-09-11,2025-09-13,2025-09-12,1,2
S005465,O005735,W01,C03,2025-08-06,2025-08-09,2025-08-13,0,1
S005466,O005736,W02,C04,2025-12-04,2025-12-06,2025-12-05,1,2
S005467,O005737,W01,C01,2025-03-31,2025-04-02,2025-04-01,1,1
S005468,O005738,W01,C03,2025-10-01,2025-10-01,2025-10-01,1,2
S005469,O005739,W03,C01,2025-09-12,2025-09-13,2025-09-13,1,2
S005470,O005740,W01,C03,2025-01-19,2025-01-22,2025-01-22,1,1
S005471,O005741,W01,C01,2025-04-01,2025-04-05,2025-04-04,1,0
S005472,O005742,W01,C04,2025-11-14,2025-11-17,2025-11-19,0,0
S005473,O005743,W02,C02,2025-02-09,2025-02-12,2025-02-12,1,1
S005474,O005744,W01,C02,2025-10-24,2025-10-27,2025-10-26,1,2
S005475,O005745,W01,C03,2025-01-19,2025-01-22,2025-01-22,1,1
S005476,O005746,W01,C02,2025-08-08,2025-08-08,2025-08-11,0,2
S005477,O005748,W03,C02,2025-07-31,2025-08-05,2025-08-05,1,0
S005478,O005749,W01,C04,2025-12-21,2025-12-25,2025-12-24,1,1
S005479,O005750,W01,C02,2025-06-27,2025-06-29,2025-06-29,1,2
S005480,O005751,W01,C03,2025-06-10,2025-06-12,2025-06-16,0,1
S005481,O005752,W03,C01,2025-01-14,2025-01-15,2025-01-15,1,1
S005482,O005753,W02,C03,2025-03-24,2025-03-25,2025-03-25,1,1
S005483,O005754,W01,C02,2025-09-10,2025-09-13,2025-09-17,0,2
S005484,O005755,W02,C02,2025-11-15,2025-11-18,2025-11-18,1,1
S005485,O005756,W02,C01,2025-07-12,2025-07-14,2025-07-13,1,1
S005486,O005757,W02,C01,2025-11-21,2025-11-24,2025-11-23,1,1
S005487,O005758,W03,C03,2025-04-02,2025-04-04,2025-04-04,1,1
S005488,O005759,W01,C01,2025-02-19,2025-02-22,2025-02-22,1,0
S005489,O005760,W03,C02,2025-11-17,2025-11-19,2025-11-19,1,2
S005490,O005761,W01,C03,2025-12-10,2025-12-11,2025-12-11,1,2
S005491,O005762,W03,C03,2025-07-17,2025-07-18,2025-07-18,1,2
S005492,O005763,W02,C03,2025-06-20,2025-06-23,2025-06-22,1,2
S005493,O005764,W02,C01,2025-09-09,2025-09-12,2025-09-11,1,1
S005494,O005765,W01,C02,2025-05-01,2025-05-03,2025-05-02,1,1
S005495,O005766,W02,C01,2025-08-14,2025-08-16,2025-08-16,1,1
S005496,O005767,W03,C01,2025-12-24,2025-12-27,2025-12-27,1,1
S005497,O005768,W02,C02,2025-12-04,2025-12-04,2025-12-04,1,2
S005498,O005769,W02,C02,2025-12-14,2025-12-16,2025-12-19,0,2
S005499,O005770,W01,C03,2025-01-31,2025-02-02,2025-02-02,1,2
S005500,O005771,W01,C04,2025-02-03,2025-02-06,2025-02-06,1,1
S005501,O005772,W01,C01,2025-04-30,2025-05-02,2025-05-02,1,0
S005502,O005773,W01,C01,2025-10-24,2025-10-26,2025-10-26,1,1
S005503,O005774,W02,C03,2025-05-06,2025-05-08,2025-05-08,1,2
S005504,O005776,W03,C02,2025-12-22,2025-12-26,2025-12-26,1,1
S005505,O005777,W03,C03,2025-04-08,2025-04-07,2025-04-07,1,3
S005506,O005778,W02,C03,2025-11-03,2025-11-04,2025-11-04,1,2
S005507,O005779,W01,C01,2025-07-09,2025-07-12,2025-07-12,1,1
S005508,O005780,W02,C03,2025-12-27,2025-12-28,2025-12-28,1,2
S005509,O005781,W01,C02,2025-06-07,2025-06-10,2025-06-09,1,1
S005510,O005782,W01,C03,2025-10-14,2025-10-15,2025-10-18,0,1
S005511,O005783,W03,C03,2025-12-16,2025-12-17,2025-12-17,1,1
S005512,O005784,W02,C02,2025-09-27,2025-09-29,2025-09-29,1,1
S005513,O005785,W01,C03,2025-04-15,2025-04-15,2025-04-15,1,2
S005514,O005786,W01,C03,2025-10-14,2025-10-17,2025-10-17,1,1
S005515,O005787,W01,C02,2025-08-19,2025-08-20,2025-08-20,1,1
S005516,O005788,W02,C01,2025-12-17,2025-12-19,2025-12-19,1,2
S005517,O005789,W01,C02,2025-01-10,2025-01-11,2025-01-11,1,1
S005518,O005790,W02,C03,2025-10-31,2025-11-02,2025-11-02,1,2
S005519,O005791,W03,C03,2025-08-29,2025-08-29,2025-08-30,0,2
S005520,O005792,W02,C02,2025-12-28,2025-12-31,2025-12-31,1,2
S005521,O005793,W01,C03,2025-12-25,2025-12-27,2025-12-27,1,1
S005522,O005794,W03,C01,2025-02-25,2025-02-28,2025-02-28,1,0
S005523,O005795,W01,C03,2025-04-20,2025-04-20,2025-04-21,0,2
S005524,O005796,W02,C03,2025-09-03,2025-09-05,2025-09-05,1,2
S005525,O005797,W02,C03,2025-01-17,2025-01-21,2025-01-20,1,0
S005526,O005798,W03,C01,2025-02-19,2025-02-19,2025-02-19,1,2
S005527,O005799,W03,C02,2025-01-19,2025-01-20,2025-01-20,1,1
S005528,O005800,W03,C01,2025-07-01,2025-07-02,2025-07-02,1,1
S005529,O005801,W02,C04,2025-10-08,2025-10-11,2025-10-11,1,1
S005530,O005802,W03,C01,2025-02-11,2025-02-14,2025-02-18,0,0
S005531,O005803,W01,C03,2025-05-14,2025-05-16,2025-05-16,1,1
S005532,O005804,W02,C02,2025-05-05,2025-05-09,2025-05-09,1,1
S005533,O005805,W02,C04,2025-09-13,2025-09-18,2025-09-17,1,0
S005534,O005806,W02,C03,2025-07-27,2025-07-29,2025-07-29,1,1
S005535,O005807,W02,C01,2025-08-21,2025-08-23,2025-08-23,1,1
S005536,O005808,W03,C01,2025-07-31,2025-08-02,2025-08-02,1,1
S005537,O005809,W03,C03,2025-01-20,2025-01-22,2025-01-22,1,1
S005538,O005810,W03,C02,2025-05-16,2025-05-16,2025-05-16,1,2
S005539,O005811,W01,C04,2025-03-26,2025-03-31,2025-03-30,1,0
S005540,O005812,W03,C02,2025-03-23,2025-03-25,2025-03-27,0,1
S005541,O005813,W02,C01,2025-10-02,2025-10-04,2025-10-04,1,1
S005542,O005814,W03,C03,2025-10-09,2025-10-12,2025-10-12,1,1
S005543,O005815,W02,C01,2025-05-20,2025-05-21,2025-05-21,1,2
S005544,O005816,W02,C03,2025-05-02,2025-05-03,2025-05-06,0,2
S005545,O005817,W03,C01,2025-07-19,2025-07-20,2025-07-20,1,2
S005546,O005818,W02,C02,2025-01-06,2025-01-07,2025-01-11,0,2
S005547,O005819,W02,C04,2025-05-17,2025-05-17,2025-05-19,0,2
S005548,O005820,W03,C03,2025-02-11,2025-02-14,2025-02-13,1,0
S005549,O005821,W02,C03,2025-10-25,2025-10-29,2025-10-28,1,0
S005550,O005822,W02,C04,2025-01-24,2025-01-25,2025-01-25,1,2
S005551,O005823,W02,C01,2025-09-17,2025-09-17,2025-09-17,1,2
S005552,O005825,W01,C03,2025-06-17,2025-06-18,2025-06-21,0,1
S005553,O005826,W01,C02,2025-06-28,2025-07-01,2025-06-30,1,0
S005554,O005827,W01,C01,2025-10-11,2025-10-12,2025-10-12,1,1
S005555,O005828,W02,C02,2025-03-27,2025-03-30,2025-03-30,1,1
S005556,O005829,W01,C04,2025-09-27,2025-09-28,2025-09-28,1,2
S005557,O005830,W03,C04,2025-03-23,2025-03-27,2025-03-27,1,0
S005558,O005831,W01,C01,2025-03-14,2025-03-16,2025-03-16,1,1
S005559,O005832,W02,C03,2025-03-03,2025-03-05,2025-03-05,1,1
S005560,O005833,W02,C01,2025-06-06,2025-06-07,2025-06-07,1,1
S005561,O005834,W03,C03,2025-08-09,2025-08-09,2025-08-12,0,2
S005562,O005835,W03,C03,2025-12-18,2025-12-20,2025-12-20,1,1
S005563,O005836,W03,C04,2025-10-26,2025-10-31,2025-10-31,1,0
S005564,O005837,W01,C02,2025-11-21,2025-11-24,2025-11-23,1,1
S005565,O005838,W01,C02,2025-11-29,2025-12-01,2025-12-01,1,0
S005566,O005839,W02,C01,2025-05-07,2025-05-08,2025-05-08,1,1
S005567,O005840,W01,C03,2025-05-16,2025-05-18,2025-05-21,0,1
S005568,O005841,W02,C03,2025-08-03,2025-08-05,2025-08-06,0,1
S005569,O005842,W03,C02,2025-06-09,2025-06-11,2025-06-10,1,1
S005570,O005843,W02,C04,2025-01-19,2025-01-21,2025-01-24,0,2
S005571,O005844,W02,C04,2025-12-02,2025-12-05,2025-12-08,0,2
S005572,O005845,W02,C03,2025-10-08,2025-10-10,2025-10-10,1,1
S005573,O005846,W03,C02,2025-10-16,2025-10-17,2025-10-17,1,1
S005574,O005847,W01,C04,2025-03-14,2025-03-15,2025-03-15,1,1
S005575,O005849,W01,C01,2025-05-16,2025-05-17,2025-05-17,1,2
S005576,O005850,W01,C01,2025-03-18,2025-03-21,2025-03-21,1,1
S005577,O005851,W03,C03,2025-09-20,2025-09-22,2025-09-22,1,2
S005578,O005852,W01,C01,2025-04-27,2025-05-01,2025-05-01,1,1
S005579,O005853,W03,C03,2025-03-28,2025-03-30,2025-03-30,1,2
S005580,O005854,W02,C01,2025-02-18,2025-02-22,2025-02-23,0,0
S005581,O005855,W02,C01,2025-01-05,2025-01-06,2025-01-06,1,2
S005582,O005856,W03,C02,2025-06-29,2025-07-01,2025-06-30,1,1
S005583,O005857,W01,C04,2025-01-23,2025-01-25,2025-01-29,0,2
S005584,O005858,W03,C03,2025-09-27,2025-09-29,2025-10-03,0,2
S005585,O005860,W01,C01,2025-05-15,2025-05-16,2025-05-16,1,2
S005586,O005861,W03,C01,2025-08-12,2025-08-14,2025-08-14,1,1
S005587,O005862,W01,C02,2025-08-28,2025-08-29,2025-08-29,1,1
S005588,O005863,W02,C02,2025-12-11,2025-12-13,2025-12-13,1,2
S005589,O005864,W03,C02,2025-10-02,2025-10-06,2025-10-09,0,0
S005590,O005865,W01,C01,2025-06-04,2025-06-05,2025-06-05,1,2
S005591,O005866,W01,C02,2025-07-18,2025-07-19,2025-07-19,1,2
S005592,O005867,W03,C03,2025-03-22,2025-03-25,2025-03-25,1,0
S005593,O005868,W02,C01,2025-10-09,2025-10-11,2025-10-14,0,1
S005594,O005869,W02,C04,2025-06-30,2025-07-02,2025-07-02,1,1
S005595,O005870,W03,C03,2025-04-10,2025-04-09,2025-04-09,1,3
S005596,O005871,W02,C03,2025-05-30,2025-05-30,2025-05-30,1,3
S005597,O005872,W02,C04,2025-02-17,2025-02-18,2025-02-18,1,2
S005598,O005873,W03,C03,2025-08-25,2025-08-25,2025-08-29,0,2
S005599,O005874,W01,C03,2025-09-13,2025-09-15,2025-09-15,1,2
S005600,O005875,W01,C01,2025-11-10,2025-11-12,2025-11-11,1,2
S005601,O005876,W01,C01,2025-02-05,2025-02-07,2025-02-07,1,1
S005602,O005877,W02,C03,2025-10-22,2025-10-23,2025-10-23,1,2
S005603,O005878,W03,C03,2025-07-02,2025-07-05,2025-07-05,1,1
S005604,O005879,W02,C01,2025-05-16,2025-05-17,2025-05-17,1,1
S005605,O005880,W01,C01,2025-09-09,2025-09-11,2025-09-10,1,1
S005606,O005881,W01,C01,2025-06-24,2025-06-26,2025-06-26,1,1
S005607,O005882,W03,C03,2025-03-09,2025-03-13,2025-03-13,1,1
S005608,O005883,W03,C04,2025-02-21,2025-02-25,2025-02-25,1,1
S005609,O005884,W01,C02,2025-12-31,2026-01-03,2026-01-02,1,2
S005610,O005885,W02,C01,2025-09-06,2025-09-08,2025-09-08,1,1
S005611,O005886,W02,C02,2025-11-15,2025-11-16,2025-11-16,1,2
S005612,O005887,W02,C01,2025-07-21,2025-07-23,2025-07-23,1,2
S005613,O005888,W02,C03,2026-01-01,2026-01-02,2026-01-06,0,2
S005614,O005889,W01,C02,2025-03-27,2025-03-29,2025-03-29,1,2
S005615,O005890,W02,C02,2025-06-24,2025-06-23,2025-06-23,1,3
S005616,O005891,W03,C01,2025-07-25,2025-07-27,2025-07-30,0,1
S005617,O005892,W01,C03,2025-05-02,2025-05-03,2025-05-03,1,2
S005618,O005893,W03,C02,2025-02-22,2025-02-24,2025-02-24,1,1
S005619,O005894,W02,C01,2025-02-15,2025-02-18,2025-02-17,1,1
S005620,O005895,W02,C01,2025-02-26,2025-03-01,2025-02-28,1,2
S005621,O005896,W02,C02,2025-09-24,2025-09-26,2025-09-25,1,1
S005622,O005897,W01,C02,2025-02-24,2025-02-25,2025-02-25,1,3
S005623,O005898,W02,C02,2025-05-12,2025-05-14,2025-05-13,1,2
S005624,O005899,W01,C03,2025-08-13,2025-08-14,2025-08-14,1,1
S005625,O005900,W01,C04,2025-09-22,2025-09-24,2025-09-23,1,1
S005626,O005901,W01,C03,2025-04-28,2025-04-30,2025-04-30,1,1
S005627,O005902,W02,C02,2025-09-25,2025-09-28,2025-09-27,1,1
S005628,O005904,W01,C02,2025-09-25,2025-09-27,2025-09-26,1,1
S005629,O005906,W02,C01,2025-07-08,2025-07-09,2025-07-09,1,2
S005630,O005907,W01,C03,2025-07-09,2025-07-12,2025-07-15,0,2
S005631,O005908,W03,C03,2025-11-26,2025-11-29,2025-11-29,1,2
S005632,O005909,W03,C01,2025-03-14,2025-03-18,2025-03-18,1,1
S005633,O005910,W01,C01,2025-07-10,2025-07-13,2025-07-13,1,1
S005634,O005911,W01,C04,2025-06-18,2025-06-21,2025-06-21,1,1
S005635,O005912,W01,C02,2025-06-17,2025-06-19,2025-06-19,1,1
S005636,O005913,W03,C01,2025-06-02,2025-06-06,2025-06-06,1,0
S005637,O005914,W01,C02,2025-12-04,2025-12-07,2025-12-07,1,0
S005638,O005915,W01,C04,2025-10-21,2025-10-25,2025-10-25,1,1
S005639,O005916,W03,C04,2025-04-09,2025-04-12,2025-04-15,0,0
S005640,O005917,W01,C03,2025-09-15,2025-09-18,2025-09-18,1,2
S005641,O005918,W02,C02,2025-10-09,2025-10-11,2025-10-11,1,1
S005642,O005919,W01,C03,2025-08-24,2025-08-27,2025-08-26,1,2
S005643,O005920,W02,C03,2025-08-28,2025-08-31,2025-08-31,1,1
S005644,O005921,W03,C01,2025-04-01,2025-04-03,2025-04-03,1,2
S005645,O005922,W01,C01,2025-04-14,2025-04-16,2025-04-16,1,1
S005646,O005923,W01,C02,2025-02-22,2025-02-25,2025-02-25,1,1
S005647,O005924,W02,C03,2025-06-26,2025-06-27,2025-06-27,1,2
S005648,O005925,W02,C02,2025-02-26,2025-02-28,2025-02-28,1,1
S005649,O005926,W01,C01,2025-05-08,2025-05-09,2025-05-09,1,1
S005650,O005927,W03,C02,2025-01-30,2025-02-01,2025-02-01,1,1
S005651,O005928,W03,C04,2025-12-06,2025-12-06,2025-12-06,1,2
S005652,O005929,W01,C03,2025-09-23,2025-09-26,2025-09-26,1,1
S005653,O005930,W01,C04,2025-03-11,2025-03-13,2025-03-12,1,1
S005654,O005931,W02,C04,2025-05-09,2025-05-11,2025-05-11,1,1
S005655,O005932,W03,C04,2025-12-09,2025-12-10,2025-12-10,1,1
S005656,O005934,W01,C01,2025-03-28,2025-03-31,2025-03-31,1,0
S005657,O005935,W03,C04,2025-01-27,2025-01-31,2025-02-01,0,1
S005658,O005936,W01,C01,2025-07-31,2025-08-02,2025-08-06,0,1
S005659,O005937,W03,C04,2025-07-21,2025-07-25,2025-07-25,1,0
S005660,O005938,W03,C03,2025-06-13,2025-06-15,2025-06-15,1,1
S005661,O005939,W01,C03,2025-03-16,2025-03-19,2025-03-19,1,1
S005662,O005941,W01,C01,2025-02-02,2025-02-03,2025-02-03,1,2
S005663,O005942,W01,C01,2025-02-20,2025-02-23,2025-02-23,1,1
S005664,O005943,W02,C01,2025-01-10,2025-01-14,2025-01-13,1,1
S005665,O005944,W03,C01,2025-10-09,2025-10-12,2025-10-12,1,0
S005666,O005945,W02,C01,2025-10-24,2025-10-26,2025-10-26,1,1
S005667,O005946,W01,C02,2025-04-01,2025-04-05,2025-04-09,0,0
S005668,O005947,W03,C01,2025-10-04,2025-10-09,2025-10-10,0,0
S005669,O005948,W01,C03,2025-10-12,2025-10-14,2025-10-14,1,1
S005670,O005949,W03,C01,2025-03-02,2025-03-05,2025-03-04,1,2
S005671,O005950,W02,C03,2025-11-25,2025-11-26,2025-11-26,1,2
S005672,O005951,W02,C01,2025-10-08,2025-10-09,2025-10-09,1,2
S005673,O005952,W02,C04,2025-11-26,2025-11-30,2025-11-30,1,1
S005674,O005953,W03,C03,2025-08-29,2025-08-30,2025-08-30,1,1
S005675,O005955,W03,C04,2025-02-05,2025-02-09,2025-02-09,1,1
S005676,O005957,W03,C03,2025-02-10,2025-02-11,2025-02-11,1,1
S005677,O005958,W01,C03,2025-10-26,2025-10-29,2025-10-28,1,0
S005678,O005959,W02,C02,2025-02-04,2025-02-06,2025-02-06,1,1
S005679,O005961,W03,C04,2025-08-12,2025-08-13,2025-08-14,0,2
S005680,O005962,W02,C02,2025-06-09,2025-06-12,2025-06-12,1,1
S005681,O005963,W01,C03,2025-12-17,2025-12-20,2025-12-19,1,1
S005682,O005964,W01,C03,2025-08-09,2025-08-11,2025-08-11,1,1
S005683,O005965,W02,C01,2025-12-09,2025-12-11,2025-12-10,1,0
S005684,O005967,W02,C01,2025-10-02,2025-10-03,2025-10-03,1,2
S005685,O005968,W02,C02,2025-12-03,2025-12-05,2025-12-07,0,2
S005686,O005969,W02,C02,2025-06-13,2025-06-14,2025-06-14,1,2
S005687,O005970,W03,C01,2025-12-23,2025-12-25,2025-12-25,1,2
S005688,O005971,W01,C01,2025-03-30,2025-03-31,2025-03-31,1,2
S005689,O005972,W02,C03,2025-04-19,2025-04-20,2025-04-20,1,2
S005690,O005973,W01,C03,2025-08-23,2025-08-26,2025-08-26,1,1
S005691,O005974,W01,C03,2025-12-21,2025-12-22,2025-12-22,1,1
S005692,O005976,W01,C03,2025-03-28,2025-03-30,2025-03-30,1,1
S005693,O005977,W01,C03,2025-10-15,2025-10-17,2025-10-17,1,2
S005694,O005978,W03,C04,2025-12-11,2025-12-14,2025-12-14,1,0
S005695,O005979,W02,C03,2025-01-24,2025-01-27,2025-01-30,0,1
S005696,O005980,W02,C04,2025-03-02,2025-03-05,2025-03-05,1,1
S005697,O005981,W01,C02,2025-11-07,2025-11-09,2025-11-09,1,1
S005698,O005982,W02,C01,2025-07-06,2025-07-09,2025-07-08,1,2
S005699,O005983,W02,C01,2025-02-12,2025-02-13,2025-02-13,1,2
S005700,O005984,W01,C04,2025-12-17,2025-12-20,2025-12-22,0,1
S005701,O005985,W03,C03,2025-06-03,2025-06-06,2025-06-06,1,1
S005702,O005986,W02,C01,2025-08-11,2025-08-12,2025-08-12,1,2
S005703,O005987,W01,C03,2025-03-21,2025-03-25,2025-03-25,1,1
S005704,O005988,W03,C02,2025-01-07,2025-01-10,2025-01-09,1,1
S005705,O005989,W02,C03,2025-07-04,2025-07-07,2025-07-07,1,1
S005706,O005990,W03,C04,2025-10-13,2025-10-15,2025-10-15,1,1
S005707,O005991,W03,C01,2025-10-15,2025-10-20,2025-10-20,1,0
S005708,O005992,W03,C01,2025-11-01,2025-11-04,2025-11-04,1,1
S005709,O005993,W02,C02,2025-05-20,2025-05-23,2025-05-22,1,2
S005710,O005994,W02,C03,2025-12-04,2025-12-06,2025-12-05,1,1
S005711,O005995,W01,C02,2025-04-14,2025-04-16,2025-04-16,1,1
S005712,O005996,W01,C03,2025-05-31,2025-06-05,2025-06-05,1,0
S005713,O005997,W02,C04,2025-05-06,2025-05-09,2025-05-10,0,2
S005714,O005998,W02,C01,2025-01-26,2025-01-28,2025-01-28,1,2
S005715,O006000,W03,C04,2025-07-19,2025-07-21,2025-07-21,1,2
S005716,O006001,W01,C02,2025-08-26,2025-08-29,2025-08-29,1,1
S005717,O006002,W03,C02,2025-03-23,2025-03-25,2025-03-25,1,1
S005718,O006003,W02,C02,2025-05-08,2025-05-08,2025-05-08,1,2
S005719,O006004,W01,C04,2025-01-10,2025-01-10,2025-01-10,1,3
S005720,O006006,W02,C03,2025-10-18,2025-10-19,2025-10-19,1,2
S005721,O006007,W01,C02,2025-02-24,2025-02-27,2025-02-26,1,0
S005722,O006008,W02,C03,2025-12-30,2025-12-31,2025-12-31,1,2
S005723,O006009,W03,C03,2025-10-04,2025-10-06,2025-10-06,1,1
S005724,O006010,W02,C03,2025-12-04,2025-12-06,2025-12-06,1,2
S005725,O006011,W03,C03,2025-02-13,2025-02-15,2025-02-15,1,1
S005726,O006012,W03,C02,2025-08-19,2025-08-20,2025-08-20,1,1
S005727,O006013,W01,C02,2025-03-24,2025-03-26,2025-03-26,1,1
S005728,O006014,W02,C01,2025-06-11,2025-06-14,2025-06-14,1,1
S005729,O006016,W01,C03,2025-11-04,2025-11-08,2025-11-08,1,1
S005730,O006017,W03,C01,2025-12-23,2025-12-26,2025-12-26,1,2
S005731,O006018,W01,C03,2025-03-24,2025-03-23,2025-03-23,1,3
S005732,O006019,W03,C02,2025-11-19,2025-11-21,2025-11-21,1,1
S005733,O006020,W02,C03,2025-01-20,2025-01-21,2025-01-21,1,1
S005734,O006021,W03,C02,2025-08-24,2025-08-26,2025-08-27,0,1
S005735,O006022,W02,C01,2025-10-24,2025-10-25,2025-10-25,1,2
S005736,O006023,W02,C03,2025-12-16,2025-12-16,2025-12-16,1,3
S005737,O006024,W01,C02,2025-03-28,2025-03-30,2025-03-30,1,2
S005738,O006025,W02,C03,2025-06-14,2025-06-16,2025-06-16,1,1
S005739,O006026,W02,C01,2025-11-19,2025-11-24,2025-11-24,1,0
S005740,O006027,W03,C01,2025-12-15,2025-12-18,2025-12-17,1,1
S005741,O006028,W01,C03,2025-02-09,2025-02-12,2025-02-11,1,1
S005742,O006029,W01,C03,2025-01-24,2025-01-26,2025-01-25,1,1
S005743,O006030,W02,C03,2025-11-04,2025-11-04,2025-11-04,1,3
S005744,O006031,W01,C03,2025-05-07,2025-05-09,2025-05-09,1,1
S005745,O006032,W01,C02,2025-11-06,2025-11-08,2025-11-08,1,2
S005746,O006033,W02,C03,2025-07-27,2025-07-28,2025-07-28,1,2
S005747,O006034,W01,C01,2025-11-24,2025-11-25,2025-11-25,1,1
S005748,O006035,W01,C03,2025-07-07,2025-07-08,2025-07-08,1,2
S005749,O006036,W01,C02,2025-04-08,2025-04-11,2025-04-11,1,1
S005750,O006037,W03,C04,2025-09-15,2025-09-16,2025-09-16,1,1
S005751,O006038,W02,C03,2025-09-19,2025-09-21,2025-09-21,1,2
S005752,O006039,W01,C04,2025-08-11,2025-08-12,2025-08-12,1,1
S005753,O006040,W02,C03,2025-03-19,2025-03-22,2025-03-22,1,2
S005754,O006041,W01,C01,2025-02-23,2025-02-25,2025-02-25,1,1
S005755,O006042,W03,C03,2025-06-19,2025-06-20,2025-06-20,1,2
S005756,O006043,W03,C03,2025-07-10,2025-07-10,2025-07-10,1,2
S005757,O006044,W02,C01,2025-10-12,2025-10-15,2025-10-15,1,1
S005758,O006045,W02,C01,2025-10-18,2025-10-21,2025-10-22,0,0
S005759,O006046,W01,C03,2025-08-05,2025-08-07,2025-08-07,1,0
S005760,O006047,W02,C01,2025-02-28,2025-03-04,2025-03-04,1,0
S005761,O006048,W03,C04,2025-11-27,2025-11-29,2025-12-03,0,2
S005762,O006049,W01,C01,2025-03-14,2025-03-19,2025-03-18,1,0
S005763,O006050,W01,C02,2025-05-25,2025-05-25,2025-05-25,1,2
S005764,O006051,W01,C01,2025-09-14,2025-09-15,2025-09-15,1,2
S005765,O006052,W03,C02,2025-02-14,2025-02-13,2025-02-13,1,3
S005766,O006053,W01,C04,2025-07-30,2025-08-01,2025-08-04,0,1
S005767,O006054,W01,C01,2025-07-14,2025-07-15,2025-07-15,1,2
S005768,O006055,W02,C04,2025-04-03,2025-04-04,2025-04-04,1,2
S005769,O006056,W01,C04,2025-12-30,2026-01-01,2026-01-05,0,1
S005770,O006058,W01,C02,2025-01-24,2025-01-26,2025-01-26,1,1
S005771,O006059,W01,C02,2025-02-02,2025-02-06,2025-02-06,1,0
S005772,O006060,W03,C04,2025-05-02,2025-05-02,2025-05-02,1,2
S005773,O006061,W01,C03,2025-03-04,2025-03-04,2025-03-04,1,3
S005774,O006063,W01,C04,2025-11-24,2025-11-24,2025-11-24,1,2
S005775,O006064,W03,C03,2025-04-20,2025-04-22,2025-04-22,1,1
S005776,O006065,W01,C03,2025-03-03,2025-03-05,2025-03-05,1,0
S005777,O006066,W02,C02,2025-10-23,2025-10-25,2025-10-25,1,1
S005778,O006067,W01,C01,2025-02-14,2025-02-16,2025-02-15,1,1
S005779,O006068,W03,C01,2025-10-20,2025-10-21,2025-10-21,1,1
S005780,O006069,W01,C02,2025-06-17,2025-06-21,2025-06-21,1,1
S005781,O006070,W02,C01,2025-10-20,2025-10-21,2025-10-21,1,2
S005782,O006071,W01,C02,2025-01-23,2025-01-23,2025-01-23,1,3
S005783,O006072,W03,C01,2025-12-27,2025-12-29,2025-12-28,1,1
S005784,O006073,W03,C03,2025-09-14,2025-09-16,2025-09-16,1,3
S005785,O006075,W01,C01,2025-09-27,2025-09-29,2025-09-29,1,2
S005786,O006076,W01,C01,2025-05-30,2025-05-31,2025-05-31,1,2
S005787,O006077,W02,C03,2025-10-26,2025-10-30,2025-10-30,1,1
S005788,O006078,W02,C01,2026-01-01,2026-01-03,2026-01-03,1,1
S005789,O006079,W01,C03,2025-12-28,2025-12-31,2025-12-31,1,1
S005790,O006080,W02,C03,2025-11-23,2025-11-24,2025-11-24,1,1
S005791,O006081,W03,C02,2025-09-18,2025-09-20,2025-09-24,0,1
S005792,O006082,W03,C04,2025-09-21,2025-09-25,2025-09-29,0,1
S005793,O006083,W02,C03,2025-12-08,2025-12-12,2025-12-12,1,1
S005794,O006084,W03,C01,2025-08-05,2025-08-07,2025-08-07,1,2
S005795,O006085,W02,C03,2025-09-01,2025-09-02,2025-09-02,1,2
S005796,O006086,W02,C03,2025-04-20,2025-04-22,2025-04-22,1,1
S005797,O006087,W03,C01,2025-12-03,2025-12-07,2025-12-07,1,0
S005798,O006088,W01,C03,2025-10-05,2025-10-10,2025-10-10,1,0
S005799,O006089,W01,C01,2025-07-01,2025-07-02,2025-07-02,1,1
S005800,O006090,W03,C01,2025-02-26,2025-03-01,2025-03-04,0,1
S005801,O006091,W03,C02,2025-08-19,2025-08-22,2025-08-22,1,1
S005802,O006092,W01,C02,2025-09-04,2025-09-05,2025-09-05,1,1
S005803,O006093,W01,C02,2025-01-15,2025-01-16,2025-01-16,1,3
S005804,O006094,W01,C03,2025-05-10,2025-05-12,2025-05-12,1,2
S005805,O006095,W02,C02,2025-02-09,2025-02-12,2025-02-12,1,2
S005806,O006096,W01,C04,2025-09-09,2025-09-10,2025-09-10,1,2
S005807,O006097,W03,C02,2025-11-03,2025-11-08,2025-11-08,1,0
S005808,O006098,W03,C04,2025-08-15,2025-08-20,2025-08-20,1,0
S005809,O006099,W01,C03,2025-04-26,2025-04-28,2025-04-28,1,2
S005810,O006100,W02,C01,2025-02-21,2025-02-22,2025-02-22,1,2
S005811,O006101,W03,C03,2025-11-20,2025-11-19,2025-11-19,1,3
S005812,O006102,W03,C01,2025-10-12,2025-10-15,2025-10-15,1,2
S005813,O006103,W02,C03,2025-02-15,2025-02-19,2025-02-19,1,1
S005814,O006104,W03,C01,2025-05-06,2025-05-07,2025-05-07,1,2
S005815,O006106,W03,C01,2025-09-04,2025-09-05,2025-09-05,1,1
S005816,O006107,W01,C03,2025-08-15,2025-08-16,2025-08-16,1,1
S005817,O006108,W01,C03,2025-09-26,2025-09-30,2025-09-29,1,1
S005818,O006109,W01,C01,2025-11-28,2025-12-01,2025-12-01,1,1
S005819,O006110,W02,C02,2025-10-14,2025-10-15,2025-10-15,1,2
S005820,O006111,W02,C01,2025-01-27,2025-01-30,2025-01-30,1,0
S005821,O006112,W03,C02,2025-10-24,2025-10-25,2025-10-25,1,2
S005822,O006113,W01,C03,2025-11-29,2025-12-02,2025-12-05,0,1
S005823,O006114,W02,C02,2025-11-25,2025-11-28,2025-11-28,1,2
S005824,O006115,W01,C02,2025-11-16,2025-11-18,2025-11-18,1,1
S005825,O006116,W01,C01,2025-06-10,2025-06-12,2025-06-12,1,2
S005826,O006117,W03,C02,2025-08-02,2025-08-04,2025-08-03,1,1
S005827,O006118,W01,C03,2025-05-02,2025-05-05,2025-05-05,1,0
S005828,O006119,W02,C02,2025-12-06,2025-12-08,2025-12-08,1,1
S005829,O006120,W03,C03,2025-08-14,2025-08-15,2025-08-17,0,2
S005830,O006121,W02,C02,2025-10-28,2025-11-01,2025-10-31,1,0
S005831,O006122,W02,C03,2025-02-20,2025-02-23,2025-02-23,1,2
S005832,O006124,W01,C03,2025-11-13,2025-11-14,2025-11-14,1,2
S005833,O006125,W02,C02,2025-04-26,2025-04-29,2025-04-28,1,0
S005834,O006126,W03,C01,2025-07-07,2025-07-07,2025-07-07,1,2
S005835,O006127,W01,C04,2025-06-12,2025-06-15,2025-06-14,1,1
S005836,O006128,W02,C03,2025-10-29,2025-11-01,2025-11-01,1,1
S005837,O006129,W03,C02,2025-04-16,2025-04-17,2025-04-17,1,1
S005838,O006130,W03,C03,2025-06-16,2025-06-20,2025-06-20,1,0
S005839,O006132,W03,C04,2025-10-02,2025-10-03,2025-10-03,1,2
S005840,O006133,W02,C01,2025-10-15,2025-10-19,2025-10-19,1,0
S005841,O006134,W03,C02,2025-09-16,2025-09-18,2025-09-18,1,1
S005842,O006135,W01,C03,2025-03-14,2025-03-17,2025-03-17,1,1
S005843,O006136,W01,C01,2025-05-10,2025-05-11,2025-05-11,1,2
S005844,O006137,W02,C01,2025-07-24,2025-07-24,2025-07-24,1,2
S005845,O006139,W01,C04,2025-10-07,2025-10-08,2025-10-08,1,2
S005846,O006140,W01,C02,2025-05-15,2025-05-17,2025-05-17,1,1
S005847,O006141,W01,C01,2025-07-14,2025-07-16,2025-07-16,1,1
S005848,O006142,W01,C04,2025-04-01,2025-04-03,2025-04-02,1,1
S005849,O006143,W01,C01,2025-06-05,2025-06-09,2025-06-11,0,0
S005850,O006144,W02,C03,2025-01-30,2025-02-02,2025-02-02,1,1
S005851,O006145,W01,C01,2025-01-14,2025-01-16,2025-01-16,1,3
S005852,O006146,W02,C02,2025-04-23,2025-04-25,2025-04-28,0,1
S005853,O006147,W02,C01,2025-05-13,2025-05-14,2025-05-14,1,2
S005854,O006148,W01,C03,2025-08-22,2025-08-24,2025-08-24,1,1
S005855,O006149,W02,C02,2025-12-01,2025-12-03,2025-12-03,1,2
S005856,O006150,W02,C04,2025-01-31,2025-02-04,2025-02-04,1,1
S005857,O006151,W02,C01,2025-02-19,2025-02-24,2025-02-24,1,0
S005858,O006152,W02,C01,2025-10-09,2025-10-10,2025-10-10,1,1
S005859,O006153,W01,C03,2025-11-29,2025-12-02,2025-12-05,0,1
S005860,O006154,W02,C03,2025-03-28,2025-03-31,2025-03-31,1,1
S005861,O006155,W02,C02,2025-11-04,2025-11-06,2025-11-05,1,1
S005862,O006156,W03,C01,2025-01-29,2025-01-29,2025-01-29,1,2
S005863,O006157,W01,C01,2025-04-28,2025-05-02,2025-05-06,0,1
S005864,O006158,W03,C02,2025-09-12,2025-09-14,2025-09-13,1,1
S005865,O006160,W01,C03,2025-02-16,2025-02-17,2025-02-19,0,1
S005866,O006161,W03,C02,2025-07-13,2025-07-14,2025-07-14,1,2
S005867,O006162,W03,C01,2025-11-17,2025-11-20,2025-11-20,1,1
S005868,O006163,W02,C02,2025-01-30,2025-02-03,2025-02-03,1,1
S005869,O006164,W01,C01,2025-11-22,2025-11-23,2025-11-23,1,1
S005870,O006165,W02,C01,2025-03-24,2025-03-26,2025-03-26,1,0
S005871,O006166,W03,C01,2025-09-18,2025-09-21,2025-09-21,1,0
S005872,O006167,W02,C02,2025-05-11,2025-05-14,2025-05-14,1,1
S005873,O006168,W01,C01,2025-05-18,2025-05-20,2025-05-19,1,1
S005874,O006170,W01,C02,2025-04-02,2025-04-03,2025-04-03,1,2
S005875,O006171,W02,C01,2025-09-30,2025-10-01,2025-10-01,1,2
S005876,O006172,W03,C01,2025-09-12,2025-09-14,2025-09-14,1,2
S005877,O006173,W01,C04,2025-08-17,2025-08-18,2025-08-22,0,2
S005878,O006174,W01,C02,2025-09-05,2025-09-07,2025-09-07,1,1
S005879,O006175,W01,C04,2025-10-25,2025-10-25,2025-10-25,1,2
S005880,O006176,W03,C01,2025-05-31,2025-06-01,2025-06-01,1,1
S005881,O006177,W01,C01,2025-12-14,2025-12-17,2025-12-17,1,0
S005882,O006178,W01,C01,2025-03-15,2025-03-17,2025-03-17,1,1
S005883,O006179,W01,C03,2025-04-10,2025-04-14,2025-04-14,1,1
S005884,O006180,W01,C03,2025-10-09,2025-10-11,2025-10-11,1,1
S005885,O006181,W01,C02,2025-05-13,2025-05-15,2025-05-15,1,1
S005886,O006182,W03,C03,2025-07-22,2025-07-23,2025-07-23,1,2
S005887,O006183,W01,C04,2025-11-10,2025-11-13,2025-11-15,0,1
S005888,O006184,W01,C01,2025-05-23,2025-05-26,2025-05-26,1,0
S005889,O006185,W01,C02,2025-03-15,2025-03-19,2025-03-19,1,1
S005890,O006186,W01,C01,2025-03-05,2025-03-07,2025-03-07,1,2
S005891,O006187,W01,C01,2025-11-05,2025-11-07,2025-11-07,1,1
S005892,O006188,W02,C02,2025-03-20,2025-03-21,2025-03-21,1,2
S005893,O006189,W02,C03,2025-08-04,2025-08-05,2025-08-05,1,2
S005894,O006190,W01,C01,2025-03-27,2025-03-31,2025-03-31,1,0
S005895,O006191,W02,C03,2025-10-07,2025-10-07,2025-10-07,1,3
S005896,O006192,W01,C04,2025-02-08,2025-02-09,2025-02-09,1,2
S005897,O006193,W01,C01,2025-12-27,2025-12-30,2025-12-30,1,1
S005898,O006194,W02,C02,2025-12-03,2025-12-05,2025-12-05,1,1
S005899,O006195,W01,C04,2025-07-08,2025-07-13,2025-07-13,1,0
S005900,O006196,W02,C04,2025-06-28,2025-06-29,2025-06-29,1,1
S005901,O006197,W01,C04,2025-09-11,2025-09-15,2025-09-17,0,1
S005902,O006198,W01,C03,2025-08-30,2025-09-02,2025-09-02,1,1
S005903,O006200,W03,C01,2025-02-26,2025-02-27,2025-02-27,1,1
S005904,O006201,W03,C01,2025-04-03,2025-04-06,2025-04-06,1,1
S005905,O006202,W01,C03,2025-10-16,2025-10-16,2025-10-16,1,2
S005906,O006203,W02,C03,2025-09-17,2025-09-19,2025-09-19,1,1
S005907,O006204,W03,C03,2025-07-25,2025-07-26,2025-07-26,1,1
S005908,O006205,W01,C01,2025-09-06,2025-09-09,2025-09-08,1,1
S005909,O006206,W01,C01,2025-03-29,2025-04-02,2025-04-02,1,0
S005910,O006207,W03,C02,2025-01-08,2025-01-10,2025-01-14,0,1
S005911,O006208,W02,C04,2025-03-25,2025-03-27,2025-03-28,0,1
S005912,O006209,W03,C04,2025-07-18,2025-07-19,2025-07-19,1,1
S005913,O006210,W02,C02,2025-06-28,2025-07-01,2025-06-30,1,1
S005914,O006211,W03,C02,2025-12-09,2025-12-12,2025-12-11,1,0
S005915,O006212,W02,C03,2025-06-25,2025-06-28,2025-06-28,1,2
S005916,O006213,W03,C03,2025-03-27,2025-03-29,2025-03-29,1,0
S005917,O006214,W03,C03,2025-08-18,2025-08-19,2025-08-19,1,2
S005918,O006215,W01,C02,2025-10-26,2025-10-30,2025-10-30,1,1
S005919,O006216,W03,C01,2025-03-17,2025-03-18,2025-03-18,1,1
S005920,O006217,W03,C01,2025-07-13,2025-07-15,2025-07-14,1,2
S005921,O006218,W02,C02,2025-12-06,2025-12-08,2025-12-07,1,1
S005922,O006219,W01,C02,2025-09-16,2025-09-18,2025-09-21,0,2
S005923,O006220,W02,C03,2025-09-25,2025-09-30,2025-09-30,1,0
S005924,O006221,W02,C03,2025-05-19,2025-05-19,2025-05-19,1,2
S005925,O006222,W01,C04,2025-01-04,2025-01-06,2025-01-06,1,1
S005926,O006223,W03,C02,2025-06-06,2025-06-09,2025-06-08,1,1
S005927,O006224,W03,C04,2025-04-24,2025-04-26,2025-04-29,0,1
S005928,O006225,W02,C02,2025-03-08,2025-03-09,2025-03-09,1,1
S005929,O006226,W02,C03,2025-03-20,2025-03-22,2025-03-22,1,1
S005930,O006227,W03,C03,2025-05-04,2025-05-07,2025-05-07,1,1
S005931,O006228,W03,C02,2025-03-10,2025-03-13,2025-03-13,1,2
S005932,O006229,W02,C01,2025-05-28,2025-05-28,2025-05-29,0,2
S005933,O006230,W01,C04,2025-11-21,2025-11-23,2025-11-22,1,2
S005934,O006231,W02,C02,2025-05-19,2025-05-23,2025-05-26,0,1
S005935,O006232,W02,C01,2025-10-18,2025-10-20,2025-10-20,1,2
S005936,O006233,W01,C02,2025-05-05,2025-05-07,2025-05-07,1,1
S005937,O006235,W01,C01,2025-05-18,2025-05-22,2025-05-21,1,0
S005938,O006236,W01,C03,2025-05-13,2025-05-14,2025-05-14,1,1
S005939,O006237,W02,C03,2025-12-23,2025-12-26,2025-12-25,1,1
S005940,O006238,W01,C03,2025-08-22,2025-08-23,2025-08-24,0,1
S005941,O006239,W02,C03,2025-07-02,2025-07-03,2025-07-03,1,1
S005942,O006240,W01,C03,2025-11-03,2025-11-04,2025-11-04,1,2
S005943,O006241,W01,C02,2025-02-23,2025-02-27,2025-03-02,0,1
S005944,O006242,W01,C03,2025-05-25,2025-05-27,2025-05-26,1,1
S005945,O006243,W03,C01,2025-07-30,2025-08-01,2025-08-01,1,1
S005946,O006244,W02,C02,2025-12-31,2025-12-31,2025-12-31,1,2
S005947,O006245,W01,C03,2025-04-09,2025-04-12,2025-04-12,1,1
S005948,O006246,W02,C01,2025-11-10,2025-11-13,2025-11-13,1,0
S005949,O006247,W01,C02,2025-09-17,2025-09-20,2025-09-20,1,1
S005950,O006248,W01,C03,2025-10-18,2025-10-21,2025-10-25,0,1
S005951,O006249,W02,C01,2025-10-21,2025-10-22,2025-10-22,1,2
S005952,O006250,W03,C01,2025-03-03,2025-03-07,2025-03-07,1,1
S005953,O006251,W03,C01,2025-03-11,2025-03-13,2025-03-13,1,2
S005954,O006252,W02,C04,2025-07-03,2025-07-07,2025-07-09,0,1
S005955,O006253,W03,C03,2025-05-06,2025-05-09,2025-05-09,1,0
S005956,O006254,W02,C02,2025-02-06,2025-02-07,2025-02-07,1,1
S005957,O006255,W01,C02,2025-11-20,2025-11-23,2025-11-25,0,1
S005958,O006256,W03,C02,2025-05-09,2025-05-12,2025-05-13,0,1
S005959,O006257,W03,C01,2025-02-24,2025-02-27,2025-02-27,1,1
S005960,O006258,W03,C02,2025-03-31,2025-04-03,2025-04-04,0,1
S005961,O006259,W01,C03,2025-06-02,2025-06-06,2025-06-06,1,0
S005962,O006260,W01,C03,2025-06-21,2025-06-24,2025-06-23,1,2
S005963,O006261,W02,C01,2025-04-26,2025-04-29,2025-04-29,1,1
S005964,O006262,W03,C01,2025-11-26,2025-11-28,2025-11-27,1,1
S005965,O006263,W02,C01,2025-02-15,2025-02-16,2025-02-16,1,2
S005966,O006264,W01,C01,2025-01-25,2025-01-29,2025-02-02,0,1
S005967,O006265,W02,C04,2025-05-18,2025-05-22,2025-05-21,1,1
S005968,O006266,W02,C03,2025-11-21,2025-11-24,2025-11-24,1,2
S005969,O006267,W01,C02,2025-06-07,2025-06-09,2025-06-09,1,2
S005970,O006268,W01,C03,2025-09-28,2025-10-02,2025-10-02,1,1
S005971,O006269,W03,C01,2025-10-24,2025-10-26,2025-10-26,1,1
S005972,O006270,W03,C03,2025-01-18,2025-01-23,2025-01-24,0,0
S005973,O006271,W02,C03,2025-06-16,2025-06-17,2025-06-17,1,3
S005974,O006272,W02,C02,2025-08-12,2025-08-15,2025-08-15,1,1
S005975,O006273,W02,C02,2025-09-22,2025-09-24,2025-09-27,0,2
S005976,O006275,W02,C01,2025-12-28,2025-12-30,2025-12-30,1,1
S005977,O006276,W01,C02,2025-07-04,2025-07-06,2025-07-08,0,1
S005978,O006277,W03,C01,2025-01-16,2025-01-17,2025-01-17,1,1
S005979,O006278,W01,C04,2025-02-12,2025-02-16,2025-02-16,1,1
S005980,O006279,W03,C01,2025-04-17,2025-04-20,2025-04-20,1,0
S005981,O006280,W01,C02,2025-05-01,2025-05-04,2025-05-04,1,1
S005982,O006281,W03,C02,2025-03-27,2025-03-28,2025-03-28,1,1
S005983,O006282,W03,C02,2025-07-23,2025-07-24,2025-07-24,1,1
S005984,O006283,W02,C01,2025-03-25,2025-03-27,2025-03-27,1,2
S005985,O006284,W01,C02,2025-07-14,2025-07-17,2025-07-17,1,2
S005986,O006285,W01,C02,2025-06-02,2025-06-04,2025-06-05,0,2
S005987,O006286,W02,C02,2025-03-19,2025-03-22,2025-03-22,1,1
S005988,O006287,W03,C02,2025-10-09,2025-10-11,2025-10-11,1,2
S005989,O006288,W03,C04,2025-11-27,2025-11-28,2025-11-28,1,2
S005990,O006290,W03,C02,2025-02-12,2025-02-15,2025-02-15,1,2
S005991,O006291,W01,C02,2025-10-13,2025-10-16,2025-10-16,1,1
S005992,O006292,W01,C01,2025-11-21,2025-11-23,2025-11-23,1,2
S005993,O006293,W01,C01,2025-11-07,2025-11-10,2025-11-10,1,1
S005994,O006294,W02,C04,2025-05-12,2025-05-14,2025-05-15,0,1
S005995,O006295,W02,C01,2025-12-05,2025-12-08,2025-12-10,0,1
S005996,O006296,W02,C02,2025-04-04,2025-04-06,2025-04-05,1,2
S005997,O006298,W03,C02,2025-01-15,2025-01-20,2025-01-20,1,0
S005998,O006299,W03,C03,2025-05-01,2025-05-04,2025-05-04,1,0
S005999,O006300,W02,C04,2025-02-05,2025-02-06,2025-02-06,1,2
S006000,O006301,W02,C01,2025-09-08,2025-09-12,2025-09-12,1,0
S006001,O006302,W02,C04,2025-09-01,2025-09-03,2025-09-03,1,2
S006002,O006303,W01,C03,2025-06-09,2025-06-12,2025-06-12,1,2
S006003,O006304,W02,C04,2025-02-02,2025-02-02,2025-02-06,0,2
S006004,O006305,W02,C04,2025-07-30,2025-08-01,2025-08-01,1,1
S006005,O006306,W02,C01,2025-12-04,2025-12-06,2025-12-06,1,1
S006006,O006307,W01,C01,2025-07-11,2025-07-15,2025-07-15,1,1
S006007,O006308,W01,C03,2025-04-10,2025-04-11,2025-04-11,1,2
S006008,O006309,W01,C02,2025-03-02,2025-03-04,2025-03-04,1,1
S006009,O006310,W01,C02,2025-07-18,2025-07-19,2025-07-19,1,2
S006010,O006311,W02,C01,2025-05-14,2025-05-17,2025-05-17,1,1
S006011,O006312,W03,C01,2025-08-10,2025-08-13,2025-08-13,1,1
S006012,O006313,W01,C03,2025-05-21,2025-05-23,2025-05-23,1,2
S006013,O006314,W02,C01,2025-01-18,2025-01-21,2025-01-21,1,2
S006014,O006315,W01,C04,2025-04-27,2025-04-29,2025-04-29,1,1
S006015,O006317,W01,C01,2025-01-05,2025-01-06,2025-01-06,1,1
S006016,O006318,W03,C04,2025-11-24,2025-11-28,2025-11-29,0,0
S006017,O006319,W03,C03,2025-07-03,2025-07-06,2025-07-05,1,1
S006018,O006320,W01,C03,2025-07-17,2025-07-19,2025-07-20,0,1
S006019,O006321,W02,C01,2025-04-27,2025-04-27,2025-04-27,1,3
S006020,O006322,W01,C02,2025-10-17,2025-10-19,2025-10-21,0,1
S006021,O006323,W03,C02,2025-07-13,2025-07-14,2025-07-14,1,2
S006022,O006324,W01,C03,2025-05-07,2025-05-10,2025-05-10,1,0
S006023,O006325,W01,C03,2025-05-31,2025-05-31,2025-06-02,0,2
S006024,O006326,W01,C04,2025-07-31,2025-08-02,2025-08-01,1,0
S006025,O006327,W01,C02,2025-05-03,2025-05-06,2025-05-05,1,2
S006026,O006328,W01,C04,2025-02-15,2025-02-20,2025-02-20,1,0
S006027,O006329,W02,C03,2025-02-17,2025-02-19,2025-02-18,1,1
S006028,O006330,W03,C03,2025-09-07,2025-09-10,2025-09-10,1,1
S006029,O006331,W01,C03,2025-05-01,2025-05-04,2025-05-04,1,1
S006030,O006332,W01,C01,2025-07-07,2025-07-09,2025-07-09,1,2
S006031,O006333,W01,C01,2025-01-09,2025-01-11,2025-01-10,1,2
S006032,O006334,W02,C01,2025-03-22,2025-03-23,2025-03-23,1,2
S006033,O006335,W01,C02,2025-05-03,2025-05-07,2025-05-07,1,0
S006034,O006336,W03,C01,2025-02-28,2025-03-04,2025-03-04,1,0
S006035,O006337,W01,C03,2025-09-19,2025-09-23,2025-09-22,1,1
S006036,O006338,W01,C01,2025-11-22,2025-11-24,2025-11-28,0,0
S006037,O006340,W01,C02,2025-03-07,2025-03-09,2025-03-09,1,1
S006038,O006341,W03,C02,2025-10-05,2025-10-08,2025-10-07,1,2
S006039,O006342,W01,C02,2025-09-04,2025-09-06,2025-09-06,1,1
S006040,O006343,W03,C03,2025-11-14,2025-11-16,2025-11-16,1,2
S006041,O006344,W02,C03,2025-07-13,2025-07-15,2025-07-15,1,0
S006042,O006345,W02,C03,2025-04-08,2025-04-11,2025-04-11,1,1
S006043,O006347,W01,C04,2025-05-15,2025-05-15,2025-05-15,1,2
S006044,O006348,W03,C01,2025-06-09,2025-06-11,2025-06-13,0,1
S006045,O006349,W01,C01,2025-04-20,2025-04-22,2025-04-22,1,2
S006046,O006350,W02,C04,2025-07-03,2025-07-03,2025-07-03,1,2
S006047,O006351,W01,C03,2025-10-07,2025-10-10,2025-10-10,1,1
S006048,O006352,W01,C02,2025-11-29,2025-12-02,2025-12-02,1,1
S006049,O006353,W02,C03,2025-02-12,2025-02-12,2025-02-12,1,2
S006050,O006354,W02,C02,2025-03-05,2025-03-07,2025-03-06,1,1
S006051,O006355,W03,C04,2025-11-01,2025-11-02,2025-11-02,1,1
S006052,O006356,W03,C02,2025-02-05,2025-02-07,2025-02-07,1,0
S006053,O006357,W01,C02,2025-06-30,2025-07-04,2025-07-04,1,1
S006054,O006359,W01,C01,2025-09-29,2025-10-02,2025-10-01,1,0
S006055,O006360,W02,C03,2025-07-09,2025-07-10,2025-07-14,0,2
S006056,O006361,W01,C03,2025-11-10,2025-11-12,2025-11-12,1,0
S006057,O006362,W03,C01,2025-10-20,2025-10-20,2025-10-20,1,2
S006058,O006363,W01,C02,2025-08-30,2025-08-31,2025-08-31,1,1
S006059,O006364,W01,C01,2025-08-09,2025-08-12,2025-08-11,1,1
S006060,O006365,W01,C03,2025-04-13,2025-04-18,2025-04-17,1,0
S006061,O006366,W03,C04,2025-09-22,2025-09-24,2025-09-23,1,1
S006062,O006367,W03,C02,2025-10-18,2025-10-20,2025-10-20,1,1
S006063,O006368,W01,C01,2025-05-21,2025-05-22,2025-05-22,1,1
S006064,O006369,W01,C02,2025-05-20,2025-05-21,2025-05-21,1,1
S006065,O006370,W01,C01,2025-12-30,2026-01-01,2026-01-01,1,2
S006066,O006371,W03,C04,2025-12-04,2025-12-07,2025-12-07,1,1
S006067,O006373,W01,C02,2025-01-09,2025-01-10,2025-01-10,1,1
S006068,O006374,W01,C02,2025-03-07,2025-03-08,2025-03-08,1,1
S006069,O006375,W03,C01,2025-05-06,2025-05-08,2025-05-08,1,1
S006070,O006376,W01,C03,2025-03-15,2025-03-16,2025-03-16,1,1
S006071,O006377,W02,C03,2025-12-07,2025-12-07,2025-12-07,1,3
S006072,O006378,W03,C03,2025-02-21,2025-02-24,2025-02-23,1,1
S006073,O006379,W02,C02,2025-04-29,2025-05-01,2025-05-01,1,1
S006074,O006380,W01,C01,2025-11-25,2025-11-26,2025-11-29,0,2
S006075,O006381,W02,C01,2025-08-26,2025-08-29,2025-08-29,1,2
S006076,O006382,W02,C04,2025-02-27,2025-02-28,2025-02-28,1,2
S006077,O006383,W02,C04,2025-07-05,2025-07-05,2025-07-05,1,2
S006078,O006384,W03,C01,2025-01-08,2025-01-11,2025-01-10,1,1
S006079,O006385,W03,C01,2025-10-25,2025-10-28,2025-10-27,1,1
S006080,O006386,W03,C01,2025-06-18,2025-06-19,2025-06-19,1,1
S006081,O006387,W02,C01,2025-11-12,2025-11-14,2025-11-14,1,1
S006082,O006388,W02,C03,2025-07-09,2025-07-12,2025-07-11,1,1
S006083,O006389,W02,C04,2025-09-01,2025-09-01,2025-09-01,1,2
S006084,O006390,W01,C02,2025-09-14,2025-09-18,2025-09-18,1,1
S006085,O006391,W02,C02,2025-04-27,2025-04-29,2025-04-29,1,2
S006086,O006392,W01,C01,2025-07-10,2025-07-13,2025-07-13,1,0
S006087,O006393,W02,C01,2025-01-24,2025-01-26,2025-01-26,1,2
S006088,O006394,W01,C01,2025-06-06,2025-06-07,2025-06-07,1,1
S006089,O006395,W01,C02,2025-08-08,2025-08-09,2025-08-09,1,2
S006090,O006396,W02,C04,2025-04-29,2025-04-29,2025-04-29,1,2
S006091,O006397,W02,C02,2025-12-01,2025-12-03,2025-12-02,1,2
S006092,O006398,W01,C02,2025-10-20,2025-10-22,2025-10-21,1,2
S006093,O006399,W03,C03,2025-12-15,2025-12-16,2025-12-16,1,2
S006094,O006400,W01,C01,2025-04-17,2025-04-19,2025-04-19,1,3
S006095,O006401,W02,C02,2025-12-20,2025-12-21,2025-12-21,1,1
S006096,O006402,W02,C03,2025-10-27,2025-10-27,2025-10-27,1,3
S006097,O006403,W02,C02,2025-08-21,2025-08-25,2025-08-25,1,1
S006098,O006404,W01,C02,2025-06-18,2025-06-18,2025-06-18,1,2
S006099,O006405,W03,C01,2025-08-25,2025-08-29,2025-08-29,1,0
S006100,O006406,W02,C03,2025-08-02,2025-08-04,2025-08-06,0,1
S006101,O006407,W03,C01,2025-07-22,2025-07-25,2025-07-25,1,1
S006102,O006408,W03,C03,2025-10-22,2025-10-27,2025-10-27,1,0
S006103,O006409,W03,C03,2025-09-25,2025-09-26,2025-09-26,1,1
S006104,O006410,W03,C02,2025-01-25,2025-01-27,2025-01-27,1,2
S006105,O006411,W02,C02,2025-08-27,2025-08-29,2025-08-31,0,2
S006106,O006412,W03,C03,2025-11-25,2025-11-27,2025-11-27,1,1
S006107,O006413,W03,C02,2025-10-15,2025-10-18,2025-10-19,0,0
S006108,O006415,W01,C01,2025-07-06,2025-07-08,2025-07-08,1,2
S006109,O006416,W03,C01,2025-02-04,2025-02-06,2025-02-06,1,2
S006110,O006417,W02,C04,2025-04-15,2025-04-18,2025-04-22,0,1
S006111,O006418,W01,C04,2025-04-17,2025-04-21,2025-04-20,1,1
S006112,O006419,W03,C02,2025-12-26,2025-12-30,2025-12-30,1,0
S006113,O006420,W01,C01,2025-07-03,2025-07-06,2025-07-06,1,1
S006114,O006421,W01,C02,2025-04-02,2025-04-05,2025-04-05,1,2
S006115,O006422,W02,C03,2025-07-14,2025-07-15,2025-07-15,1,2
S006116,O006423,W01,C01,2025-06-18,2025-06-20,2025-06-20,1,1
S006117,O006424,W01,C04,2025-05-10,2025-05-14,2025-05-14,1,0
S006118,O006425,W01,C01,2025-02-04,2025-02-06,2025-02-06,1,2
S006119,O006426,W02,C02,2025-02-19,2025-02-22,2025-02-22,1,1
S006120,O006427,W02,C04,2025-03-23,2025-03-26,2025-03-26,1,1
S006121,O006428,W03,C04,2025-10-23,2025-10-25,2025-10-27,0,1
S006122,O006429,W02,C03,2025-05-22,2025-05-24,2025-05-24,1,1
S006123,O006430,W01,C03,2025-06-03,2025-06-04,2025-06-06,0,2
S006124,O006431,W01,C02,2025-07-27,2025-07-29,2025-07-28,1,0
S006125,O006432,W03,C02,2025-08-03,2025-08-07,2025-08-07,1,1
S006126,O006434,W01,C01,2025-12-31,2026-01-02,2026-01-02,1,1
S006127,O006435,W03,C01,2025-01-02,2025-01-03,2025-01-03,1,1
S006128,O006436,W03,C03,2025-03-26,2025-03-27,2025-03-27,1,1
S006129,O006437,W03,C03,2025-08-23,2025-08-26,2025-08-30,0,0
S006130,O006438,W03,C01,2025-11-30,2025-12-01,2025-12-01,1,2
S006131,O006439,W01,C03,2025-08-13,2025-08-15,2025-08-15,1,2
S006132,O006440,W01,C03,2025-10-19,2025-10-22,2025-10-22,1,1
S006133,O006441,W01,C03,2025-04-07,2025-04-10,2025-04-11,0,1
S006134,O006442,W01,C03,2025-02-27,2025-02-27,2025-02-27,1,2
S006135,O006443,W01,C03,2025-07-14,2025-07-18,2025-07-18,1,1
S006136,O006444,W03,C03,2025-07-24,2025-07-25,2025-07-28,0,1
S006137,O006445,W03,C01,2025-12-08,2025-12-13,2025-12-13,1,0
S006138,O006446,W01,C02,2025-10-20,2025-10-22,2025-10-22,1,2
S006139,O006447,W01,C04,2025-10-24,2025-10-27,2025-10-27,1,0
S006140,O006448,W01,C02,2025-07-23,2025-07-25,2025-07-25,1,0
S006141,O006449,W03,C02,2025-02-07,2025-02-08,2025-02-10,0,1
S006142,O006450,W02,C01,2025-08-25,2025-08-26,2025-08-26,1,2
S006143,O006451,W01,C03,2025-07-29,2025-07-31,2025-07-30,1,1
S006144,O006452,W01,C02,2025-04-06,2025-04-09,2025-04-08,1,1
S006145,O006453,W01,C01,2025-02-13,2025-02-17,2025-02-17,1,1
S006146,O006454,W03,C01,2025-05-22,2025-05-23,2025-05-23,1,2
S006147,O006455,W01,C03,2025-09-05,2025-09-07,2025-09-06,1,0
S006148,O006456,W02,C03,2025-03-15,2025-03-17,2025-03-17,1,1
S006149,O006457,W01,C03,2025-05-06,2025-05-07,2025-05-07,1,1
S006150,O006458,W01,C03,2025-11-30,2025-11-30,2025-11-30,1,2
S006151,O006459,W01,C04,2025-11-11,2025-11-11,2025-11-13,0,2
S006152,O006460,W02,C02,2025-06-03,2025-06-05,2025-06-05,1,2
S006153,O006461,W03,C03,2025-11-15,2025-11-17,2025-11-16,1,1
S006154,O006463,W02,C02,2025-05-15,2025-05-18,2025-05-17,1,1
S006155,O006464,W01,C03,2025-01-18,2025-01-22,2025-01-21,1,1
S006156,O006465,W01,C01,2025-10-03,2025-10-07,2025-10-06,1,0
S006157,O006466,W03,C01,2025-08-23,2025-08-26,2025-08-25,1,1
S006158,O006467,W01,C03,2025-04-02,2025-04-02,2025-04-02,1,2
S006159,O006468,W03,C02,2025-07-12,2025-07-16,2025-07-16,1,0
S006160,O006469,W01,C02,2025-07-20,2025-07-22,2025-07-22,1,0
S006161,O006470,W02,C03,2025-01-24,2025-01-26,2025-01-26,1,1
S006162,O006471,W03,C02,2025-07-29,2025-08-01,2025-08-01,1,1
S006163,O006472,W01,C02,2025-07-25,2025-07-29,2025-07-29,1,1
S006164,O006473,W03,C03,2025-03-24,2025-03-26,2025-03-26,1,1
S006165,O006474,W02,C02,2025-12-23,2025-12-26,2025-12-25,1,1
S006166,O006475,W01,C01,2025-03-01,2025-03-04,2025-03-04,1,2
S006167,O006476,W02,C02,2025-07-14,2025-07-17,2025-07-17,1,0
S006168,O006477,W03,C01,2025-08-20,2025-08-21,2025-08-21,1,2
S006169,O006478,W03,C01,2025-06-22,2025-06-25,2025-06-25,1,0
S006170,O006479,W01,C04,2025-08-17,2025-08-19,2025-08-19,1,2
S006171,O006481,W03,C02,2025-04-12,2025-04-14,2025-04-14,1,1
S006172,O006482,W02,C02,2025-12-31,2026-01-03,2026-01-03,1,2
S006173,O006483,W02,C03,2025-05-06,2025-05-07,2025-05-07,1,2
S006174,O006485,W01,C02,2025-04-01,2025-04-04,2025-04-04,1,0
S006175,O006486,W01,C01,2025-12-09,2025-12-11,2025-12-11,1,2
S006176,O006487,W01,C03,2025-10-14,2025-10-18,2025-10-18,1,0
S006177,O006488,W01,C01,2025-11-10,2025-11-12,2025-11-11,1,2
S006178,O006489,W02,C01,2025-07-27,2025-07-30,2025-07-30,1,0
S006179,O006490,W01,C02,2025-02-05,2025-02-08,2025-02-08,1,1
S006180,O006491,W03,C01,2025-02-08,2025-02-11,2025-02-11,1,1
S006181,O006492,W02,C04,2025-03-13,2025-03-13,2025-03-13,1,3
S006182,O006493,W03,C02,2025-12-22,2025-12-26,2025-12-26,1,1
S006183,O006494,W03,C04,2025-12-11,2025-12-15,2025-12-15,1,0
S006184,O006495,W03,C03,2025-05-23,2025-05-27,2025-05-27,1,1
S006185,O006496,W03,C01,2025-04-24,2025-04-27,2025-04-27,1,2
S006186,O006497,W01,C02,2025-01-08,2025-01-09,2025-01-09,1,2
S006187,O006498,W03,C03,2025-12-01,2025-12-05,2025-12-04,1,0
S006188,O006499,W01,C03,2025-09-03,2025-09-06,2025-09-06,1,1
S006189,O006500,W01,C01,2025-01-23,2025-01-25,2025-01-25,1,1
S006190,O006501,W03,C02,2025-10-11,2025-10-14,2025-10-13,1,2
S006191,O006502,W02,C03,2025-03-07,2025-03-10,2025-03-10,1,1
S006192,O006503,W03,C01,2025-11-19,2025-11-21,2025-11-20,1,1
S006193,O006504,W01,C01,2025-10-14,2025-10-17,2025-10-20,0,1
S006194,O006505,W02,C02,2025-11-20,2025-11-21,2025-11-21,1,2
S006195,O006506,W01,C03,2025-07-25,2025-07-29,2025-07-29,1,0
S006196,O006507,W02,C02,2025-05-16,2025-05-17,2025-05-17,1,1
S006197,O006508,W02,C04,2025-04-11,2025-04-13,2025-04-13,1,1
S006198,O006509,W03,C01,2025-11-05,2025-11-08,2025-11-08,1,0
S006199,O006510,W01,C02,2025-10-28,2025-10-30,2025-10-30,1,0
S006200,O006511,W02,C01,2025-02-08,2025-02-09,2025-02-09,1,2
S006201,O006512,W01,C01,2025-01-08,2025-01-10,2025-01-10,1,1
S006202,O006513,W02,C03,2025-11-18,2025-11-21,2025-11-20,1,1
S006203,O006514,W01,C01,2025-05-28,2025-05-30,2025-05-30,1,1
S006204,O006515,W02,C01,2025-08-01,2025-08-04,2025-08-03,1,1
S006205,O006516,W02,C02,2025-06-01,2025-06-03,2025-06-04,0,1
S006206,O006517,W03,C01,2025-08-04,2025-08-08,2025-08-08,1,1
S006207,O006518,W01,C01,2025-08-09,2025-08-11,2025-08-10,1,1
S006208,O006519,W01,C04,2025-07-16,2025-07-18,2025-07-19,0,2
S006209,O006520,W02,C04,2025-08-03,2025-08-05,2025-08-05,1,2
S006210,O006521,W02,C02,2025-12-16,2025-12-16,2025-12-16,1,2
S006211,O006522,W01,C01,2025-04-19,2025-04-22,2025-04-21,1,1
S006212,O006523,W02,C04,2025-11-15,2025-11-18,2025-11-18,1,1
S006213,O006524,W03,C02,2025-11-08,2025-11-10,2025-11-10,1,2
S006214,O006525,W01,C01,2025-02-10,2025-02-11,2025-02-11,1,2
S006215,O006526,W03,C03,2025-12-07,2025-12-09,2025-12-09,1,2
S006216,O006527,W01,C03,2025-05-11,2025-05-11,2025-05-11,1,2
S006217,O006528,W03,C04,2025-02-23,2025-02-26,2025-02-25,1,1
S006218,O006529,W03,C04,2025-05-26,2025-05-28,2025-05-30,0,1
S006219,O006530,W03,C04,2025-11-22,2025-11-25,2025-11-25,1,1
S006220,O006531,W03,C04,2025-08-19,2025-08-22,2025-08-22,1,2
S006221,O006532,W01,C02,2025-12-27,2025-12-28,2025-12-31,0,1
S006222,O006533,W01,C03,2025-04-13,2025-04-14,2025-04-14,1,2
S006223,O006534,W01,C01,2025-01-14,2025-01-18,2025-01-18,1,0
S006224,O006536,W01,C04,2025-04-29,2025-04-30,2025-04-30,1,1
S006225,O006537,W01,C03,2025-09-10,2025-09-12,2025-09-12,1,0
S006226,O006538,W01,C01,2025-06-13,2025-06-16,2025-06-16,1,0
S006227,O006539,W02,C03,2025-05-02,2025-05-04,2025-05-04,1,1
S006228,O006540,W01,C02,2025-10-16,2025-10-18,2025-10-18,1,1
S006229,O006541,W02,C02,2025-05-25,2025-05-26,2025-05-26,1,1
S006230,O006542,W01,C02,2025-12-08,2025-12-10,2025-12-10,1,1
S006231,O006543,W02,C01,2025-07-30,2025-08-01,2025-08-04,0,1
S006232,O006544,W03,C03,2025-10-17,2025-10-21,2025-10-21,1,1
S006233,O006545,W02,C01,2025-09-30,2025-10-01,2025-10-01,1,1
S006234,O006546,W02,C02,2025-02-01,2025-02-02,2025-02-02,1,1
S006235,O006547,W01,C04,2025-05-16,2025-05-19,2025-05-19,1,0
S006236,O006548,W02,C04,2025-07-03,2025-07-06,2025-07-07,0,1
S006237,O006549,W01,C03,2025-09-09,2025-09-11,2025-09-11,1,1
S006238,O006550,W01,C01,2025-02-01,2025-02-03,2025-02-03,1,0
S006239,O006552,W01,C01,2025-09-01,2025-09-02,2025-09-02,1,3
S006240,O006553,W01,C03,2025-08-28,2025-08-31,2025-08-31,1,1
S006241,O006554,W01,C03,2025-02-17,2025-02-19,2025-02-19,1,0
S006242,O006555,W01,C01,2025-07-01,2025-07-02,2025-07-02,1,2
S006243,O006556,W02,C04,2025-12-11,2025-12-11,2025-12-15,0,3
S006244,O006557,W02,C01,2025-11-15,2025-11-16,2025-11-16,1,2
S006245,O006558,W02,C01,2025-01-05,2025-01-07,2025-01-06,1,1
S006246,O006559,W01,C04,2025-02-19,2025-02-21,2025-02-21,1,2
S006247,O006560,W03,C02,2025-05-17,2025-05-21,2025-05-20,1,0
S006248,O006561,W03,C03,2025-01-12,2025-01-15,2025-01-15,1,2
S006249,O006562,W02,C03,2025-08-25,2025-08-27,2025-08-30,0,0
S006250,O006563,W01,C04,2025-03-16,2025-03-18,2025-03-18,1,2
S006251,O006564,W01,C01,2025-10-07,2025-10-09,2025-10-09,1,2
S006252,O006565,W01,C03,2025-07-03,2025-07-05,2025-07-04,1,2
S006253,O006566,W03,C03,2025-08-15,2025-08-17,2025-08-16,1,1
S006254,O006567,W01,C01,2025-04-29,2025-04-29,2025-04-29,1,2
S006255,O006568,W01,C04,2025-01-07,2025-01-08,2025-01-08,1,2
S006256,O006569,W01,C03,2025-07-14,2025-07-18,2025-07-20,0,0
S006257,O006570,W01,C01,2025-10-16,2025-10-17,2025-10-17,1,2
S006258,O006571,W01,C01,2025-02-25,2025-02-26,2025-02-26,1,3
S006259,O006572,W01,C01,2025-05-16,2025-05-17,2025-05-21,0,1
S006260,O006573,W03,C04,2025-03-15,2025-03-16,2025-03-16,1,1
S006261,O006574,W02,C02,2025-02-09,2025-02-11,2025-02-11,1,2
S006262,O006575,W02,C01,2025-02-25,2025-02-27,2025-02-27,1,2
S006263,O006576,W01,C01,2025-09-19,2025-09-21,2025-09-20,1,2
S006264,O006577,W01,C01,2025-01-15,2025-01-18,2025-01-18,1,1
S006265,O006578,W03,C01,2025-08-05,2025-08-07,2025-08-07,1,1
S006266,O006579,W03,C03,2025-04-20,2025-04-21,2025-04-21,1,1
S006267,O006580,W02,C04,2025-02-25,2025-02-27,2025-02-27,1,0
S006268,O006581,W02,C01,2025-11-24,2025-11-26,2025-11-26,1,2
S006269,O006582,W03,C02,2025-08-16,2025-08-16,2025-08-16,1,2
S006270,O006583,W02,C01,2025-10-18,2025-10-22,2025-10-22,1,1
S006271,O006584,W03,C01,2025-01-21,2025-01-24,2025-01-24,1,0
S006272,O006585,W01,C02,2025-02-28,2025-03-01,2025-03-01,1,1
S006273,O006586,W02,C03,2025-02-18,2025-02-19,2025-02-23,0,2
S006274,O006587,W02,C02,2025-08-03,2025-08-06,2025-08-05,1,1
S006275,O006588,W03,C02,2025-09-15,2025-09-17,2025-09-17,1,1
S006276,O006589,W01,C04,2026-01-01,2026-01-05,2026-01-09,0,1
S006277,O006590,W02,C02,2025-11-13,2025-11-15,2025-11-14,1,2
S006278,O006591,W02,C02,2025-12-24,2025-12-26,2025-12-26,1,2
S006279,O006592,W03,C04,2025-09-25,2025-09-28,2025-09-27,1,1
S006280,O006593,W03,C03,2025-06-26,2025-06-28,2025-07-02,0,2
S006281,O006594,W03,C02,2025-07-11,2025-07-15,2025-07-15,1,1
S006282,O006595,W03,C01,2025-10-24,2025-10-28,2025-10-27,1,0
S006283,O006596,W02,C03,2025-02-01,2025-02-03,2025-02-05,0,1
S006284,O006597,W01,C01,2025-04-24,2025-04-28,2025-04-28,1,0
S006285,O006599,W02,C04,2025-04-25,2025-04-26,2025-04-26,1,1
S006286,O006600,W03,C03,2025-01-19,2025-01-21,2025-01-21,1,1
S006287,O006601,W01,C02,2025-06-01,2025-06-02,2025-06-02,1,1
S006288,O006602,W03,C01,2025-08-03,2025-08-03,2025-08-03,1,2
S006289,O006603,W03,C02,2025-10-07,2025-10-09,2025-10-09,1,0
S006290,O006604,W03,C03,2025-05-10,2025-05-12,2025-05-12,1,2
S006291,O006605,W01,C03,2025-03-19,2025-03-19,2025-03-20,0,2
S006292,O006607,W02,C01,2025-12-29,2025-12-30,2025-12-30,1,1
S006293,O006608,W02,C01,2025-05-02,2025-05-05,2025-05-05,1,2
S006294,O006609,W01,C01,2025-12-09,2025-12-10,2025-12-10,1,2
S006295,O006610,W02,C02,2025-03-18,2025-03-19,2025-03-19,1,1
S006296,O006611,W02,C04,2025-06-01,2025-06-03,2025-06-03,1,2
S006297,O006613,W02,C04,2025-07-25,2025-07-28,2025-07-27,1,1
S006298,O006614,W03,C02,2025-04-15,2025-04-18,2025-04-18,1,1
S006299,O006615,W01,C04,2025-03-29,2025-03-29,2025-03-29,1,2
S006300,O006617,W02,C04,2025-03-21,2025-03-24,2025-03-23,1,2
S006301,O006618,W02,C02,2025-02-07,2025-02-08,2025-02-08,1,1
S006302,O006619,W01,C02,2025-09-29,2025-09-29,2025-09-29,1,3
S006303,O006620,W03,C01,2025-03-27,2025-03-29,2025-03-28,1,1
S006304,O006621,W01,C01,2025-04-05,2025-04-08,2025-04-09,0,1
S006305,O006622,W02,C03,2025-10-10,2025-10-12,2025-10-15,0,1
S006306,O006623,W01,C02,2025-02-23,2025-02-24,2025-02-24,1,1
S006307,O006624,W03,C03,2025-10-04,2025-10-07,2025-10-07,1,2
S006308,O006625,W01,C01,2025-04-28,2025-04-30,2025-04-30,1,2
S006309,O006626,W01,C03,2025-04-28,2025-04-29,2025-04-29,1,1
S006310,O006627,W01,C01,2025-04-25,2025-04-27,2025-04-27,1,1
S006311,O006628,W01,C02,2025-10-11,2025-10-16,2025-10-19,0,0
S006312,O006629,W02,C01,2025-11-21,2025-11-22,2025-11-22,1,3
S006313,O006630,W01,C02,2025-12-26,2025-12-28,2025-12-28,1,1
S006314,O006631,W02,C02,2025-03-08,2025-03-12,2025-03-16,0,1
S006315,O006632,W03,C02,2025-08-28,2025-08-27,2025-08-27,1,3
S006316,O006633,W02,C01,2025-01-07,2025-01-08,2025-01-08,1,2
S006317,O006634,W01,C03,2025-06-05,2025-06-08,2025-06-08,1,1
S006318,O006635,W03,C01,2025-06-05,2025-06-07,2025-06-07,1,2
S006319,O006636,W01,C04,2025-06-21,2025-06-26,2025-06-29,0,0
S006320,O006637,W02,C02,2025-03-08,2025-03-10,2025-03-10,1,1
S006321,O006638,W03,C02,2025-02-15,2025-02-15,2025-02-16,0,2
S006322,O006639,W03,C02,2025-08-14,2025-08-15,2025-08-15,1,2
S006323,O006640,W03,C02,2025-06-15,2025-06-17,2025-06-17,1,1
S006324,O006641,W01,C04,2025-07-02,2025-07-05,2025-07-05,1,1
S006325,O006642,W01,C01,2025-11-09,2025-11-11,2025-11-11,1,2
S006326,O006643,W03,C02,2025-01-01,2025-01-06,2025-01-08,0,0
S006327,O006644,W02,C04,2025-10-17,2025-10-22,2025-10-22,1,0
S006328,O006645,W01,C03,2025-06-07,2025-06-10,2025-06-10,1,2
S006329,O006646,W01,C02,2025-03-07,2025-03-09,2025-03-09,1,2
S006330,O006647,W01,C03,2025-09-24,2025-09-27,2025-09-27,1,0
S006331,O006648,W03,C04,2025-06-12,2025-06-14,2025-06-13,1,1
S006332,O006649,W03,C01,2025-08-05,2025-08-09,2025-08-10,0,1
S006333,O006651,W01,C03,2025-12-25,2025-12-25,2025-12-25,1,2
S006334,O006652,W01,C04,2025-12-24,2025-12-26,2025-12-26,1,2
S006335,O006653,W03,C02,2025-06-18,2025-06-21,2025-06-20,1,0
S006336,O006654,W02,C01,2025-05-31,2025-05-31,2025-05-31,1,2
S006337,O006655,W01,C01,2025-04-16,2025-04-18,2025-04-18,1,2
S006338,O006656,W01,C01,2025-10-09,2025-10-10,2025-10-10,1,2
S006339,O006657,W03,C01,2025-05-20,2025-05-24,2025-05-24,1,1
S006340,O006658,W01,C02,2025-04-07,2025-04-09,2025-04-09,1,1
S006341,O006659,W02,C04,2025-09-11,2025-09-13,2025-09-13,1,1
S006342,O006660,W01,C03,2025-05-13,2025-05-16,2025-05-16,1,1
S006343,O006661,W02,C01,2025-07-17,2025-07-16,2025-07-16,1,3
S006344,O006662,W02,C02,2025-08-14,2025-08-14,2025-08-15,0,2
S006345,O006663,W01,C02,2025-08-31,2025-09-03,2025-09-03,1,0
S006346,O006664,W03,C04,2025-04-10,2025-04-13,2025-04-13,1,1
S006347,O006665,W02,C03,2025-04-08,2025-04-09,2025-04-09,1,2
S006348,O006666,W01,C02,2025-12-01,2025-12-02,2025-12-02,1,2
S006349,O006667,W02,C03,2025-06-10,2025-06-13,2025-06-13,1,1
S006350,O006668,W03,C01,2025-05-09,2025-05-12,2025-05-12,1,1
S006351,O006669,W03,C04,2025-02-13,2025-02-16,2025-02-16,1,1
S006352,O006670,W02,C01,2025-01-21,2025-01-26,2025-01-25,1,0
S006353,O006671,W03,C02,2025-07-02,2025-07-06,2025-07-06,1,1
S006354,O006672,W02,C01,2025-02-18,2025-02-21,2025-02-20,1,2
S006355,O006673,W01,C01,2025-07-08,2025-07-10,2025-07-10,1,2
S006356,O006674,W02,C04,2025-09-16,2025-09-21,2025-09-24,0,0
S006357,O006675,W02,C01,2025-06-07,2025-06-09,2025-06-09,1,1
S006358,O006676,W02,C03,2025-04-22,2025-04-24,2025-04-24,1,1
S006359,O006677,W02,C04,2025-10-13,2025-10-15,2025-10-15,1,2
S006360,O006680,W01,C03,2025-10-24,2025-10-27,2025-10-27,1,0
S006361,O006681,W01,C03,2025-08-08,2025-08-10,2025-08-14,0,1
S006362,O006682,W03,C01,2025-05-01,2025-05-02,2025-05-02,1,1
S006363,O006683,W01,C01,2025-06-26,2025-06-30,2025-06-30,1,0
S006364,O006684,W01,C01,2025-09-29,2025-10-01,2025-10-01,1,2
S006365,O006685,W01,C04,2025-06-27,2025-06-30,2025-06-30,1,1
S006366,O006686,W03,C04,2025-04-09,2025-04-12,2025-04-14,0,1
S006367,O006687,W01,C02,2025-01-09,2025-01-10,2025-01-10,1,3
S006368,O006688,W01,C03,2025-03-31,2025-03-31,2025-03-31,1,3
S006369,O006689,W02,C02,2025-04-28,2025-04-29,2025-04-29,1,2
S006370,O006690,W01,C03,2025-11-27,2025-11-30,2025-11-30,1,1
S006371,O006691,W03,C01,2025-11-02,2025-11-05,2025-11-05,1,1
S006372,O006692,W02,C03,2025-10-02,2025-10-03,2025-10-03,1,2
S006373,O006693,W01,C01,2025-04-09,2025-04-11,2025-04-13,0,0
S006374,O006694,W01,C04,2025-08-28,2025-08-30,2025-08-29,1,2
S006375,O006695,W01,C03,2025-07-31,2025-08-02,2025-08-06,0,1
S006376,O006696,W03,C03,2025-06-29,2025-06-30,2025-06-30,1,3
S006377,O006697,W01,C04,2025-02-03,2025-02-06,2025-02-06,1,1
S006378,O006699,W01,C01,2025-09-12,2025-09-13,2025-09-13,1,1
S006379,O006700,W01,C02,2025-10-26,2025-10-31,2025-10-31,1,0
S006380,O006701,W02,C03,2025-11-22,2025-11-23,2025-11-23,1,1
S006381,O006702,W02,C04,2025-06-26,2025-06-27,2025-06-27,1,3
S006382,O006703,W02,C02,2025-10-03,2025-10-06,2025-10-06,1,1
S006383,O006704,W01,C01,2025-09-02,2025-09-02,2025-09-02,1,2
S006384,O006705,W01,C01,2025-06-05,2025-06-06,2025-06-06,1,3
S006385,O006706,W01,C03,2025-06-11,2025-06-14,2025-06-14,1,1
S006386,O006707,W03,C01,2025-10-01,2025-10-04,2025-10-03,1,0
S006387,O006708,W01,C03,2025-03-23,2025-03-26,2025-03-26,1,1
S006388,O006709,W02,C02,2025-12-15,2025-12-16,2025-12-16,1,2
S006389,O006710,W01,C02,2025-06-13,2025-06-13,2025-06-13,1,2
S006390,O006711,W03,C03,2025-07-15,2025-07-18,2025-07-22,0,2
S006391,O006712,W01,C01,2025-06-22,2025-06-23,2025-06-23,1,2
S006392,O006713,W01,C02,2025-11-02,2025-11-04,2025-11-04,1,2
S006393,O006714,W03,C01,2025-04-09,2025-04-13,2025-04-13,1,1
S006394,O006715,W03,C02,2025-05-14,2025-05-15,2025-05-17,0,1
S006395,O006716,W03,C01,2025-07-05,2025-07-08,2025-07-08,1,1
S006396,O006717,W03,C03,2025-09-07,2025-09-08,2025-09-08,1,2
S006397,O006718,W03,C01,2025-01-14,2025-01-18,2025-01-18,1,1
S006398,O006719,W01,C03,2025-04-06,2025-04-08,2025-04-08,1,1
S006399,O006720,W03,C03,2025-01-20,2025-01-23,2025-01-25,0,0
S006400,O006721,W01,C02,2025-08-17,2025-08-20,2025-08-19,1,1
S006401,O006722,W02,C01,2025-09-09,2025-09-12,2025-09-11,1,2
S006402,O006723,W01,C01,2025-12-12,2025-12-13,2025-12-13,1,1
S006403,O006724,W03,C03,2025-10-26,2025-10-28,2025-10-28,1,2
S006404,O006725,W02,C02,2025-06-14,2025-06-15,2025-06-15,1,1
S006405,O006726,W01,C03,2025-12-24,2025-12-25,2025-12-25,1,2
S006406,O006727,W02,C02,2025-03-28,2025-03-29,2025-03-31,0,1
S006407,O006728,W02,C01,2025-04-23,2025-04-24,2025-04-24,1,2
S006408,O006729,W03,C04,2025-07-10,2025-07-12,2025-07-11,1,3
S006409,O006730,W03,C03,2025-02-19,2025-02-21,2025-02-21,1,1
S006410,O006731,W02,C01,2025-09-27,2025-09-27,2025-09-27,1,2
S006411,O006732,W01,C02,2025-04-16,2025-04-17,2025-04-17,1,2
S006412,O006733,W03,C02,2025-07-21,2025-07-23,2025-07-23,1,0
S006413,O006734,W02,C01,2025-08-11,2025-08-14,2025-08-13,1,1
S006414,O006735,W01,C03,2025-03-02,2025-03-04,2025-03-04,1,2
S006415,O006736,W02,C02,2025-12-25,2025-12-25,2025-12-25,1,2
S006416,O006738,W01,C03,2025-04-07,2025-04-10,2025-04-10,1,1
S006417,O006739,W02,C02,2025-04-09,2025-04-10,2025-04-10,1,2
S006418,O006740,W01,C03,2025-05-29,2025-06-01,2025-06-01,1,1
S006419,O006741,W02,C03,2025-01-28,2025-01-30,2025-01-29,1,2
S006420,O006742,W03,C01,2025-03-26,2025-03-29,2025-03-30,0,2
S006421,O006743,W01,C03,2025-06-24,2025-06-27,2025-06-29,0,2
S006422,O006744,W01,C03,2025-01-15,2025-01-16,2025-01-16,1,1
S006423,O006745,W02,C02,2025-09-29,2025-10-03,2025-10-03,1,1
S006424,O006746,W03,C03,2025-12-21,2025-12-23,2025-12-22,1,2
S006425,O006747,W01,C02,2025-03-31,2025-04-03,2025-04-03,1,1
S006426,O006748,W01,C03,2025-08-02,2025-08-06,2025-08-06,1,1
S006427,O006749,W01,C03,2025-03-21,2025-03-24,2025-03-24,1,1
S006428,O006750,W03,C02,2025-08-10,2025-08-14,2025-08-13,1,1
S006429,O006751,W01,C03,2025-08-22,2025-08-23,2025-08-23,1,1
S006430,O006752,W03,C04,2025-06-07,2025-06-08,2025-06-09,0,1
S006431,O006753,W02,C01,2025-01-09,2025-01-12,2025-01-12,1,1
S006432,O006754,W03,C02,2025-04-18,2025-04-22,2025-04-22,1,1
S006433,O006755,W01,C02,2025-05-15,2025-05-17,2025-05-17,1,0
S006434,O006757,W02,C01,2025-01-29,2025-01-29,2025-01-29,1,2
S006435,O006758,W03,C01,2025-10-06,2025-10-10,2025-10-11,0,0
S006436,O006759,W02,C01,2025-08-31,2025-09-04,2025-09-04,1,1
S006437,O006760,W02,C02,2025-12-06,2025-12-08,2025-12-08,1,0
S006438,O006761,W03,C01,2025-01-16,2025-01-18,2025-01-18,1,1
S006439,O006762,W01,C03,2025-03-18,2025-03-19,2025-03-19,1,2
S006440,O006764,W02,C01,2025-05-06,2025-05-07,2025-05-07,1,2
S006441,O006765,W01,C02,2025-01-16,2025-01-20,2025-01-19,1,0
S006442,O006767,W01,C02,2025-02-13,2025-02-14,2025-02-14,1,1
S006443,O006769,W01,C04,2025-07-05,2025-07-08,2025-07-10,0,0
S006444,O006770,W01,C02,2025-03-13,2025-03-15,2025-03-14,1,1
S006445,O006771,W01,C01,2025-03-27,2025-03-29,2025-03-28,1,0
S006446,O006772,W02,C02,2025-01-29,2025-01-30,2025-01-30,1,1
S006447,O006773,W01,C02,2025-10-26,2025-10-30,2025-10-29,1,0
S006448,O006774,W01,C01,2025-04-06,2025-04-10,2025-04-09,1,0
S006449,O006775,W01,C02,2025-12-15,2025-12-18,2025-12-18,1,1
S006450,O006776,W03,C04,2025-08-04,2025-08-06,2025-08-05,1,1
S006451,O006777,W02,C01,2025-01-14,2025-01-17,2025-01-16,1,1
S006452,O006778,W02,C03,2025-01-22,2025-01-24,2025-01-24,1,2
S006453,O006780,W02,C01,2025-06-04,2025-06-07,2025-06-07,1,2
S006454,O006782,W02,C03,2025-09-08,2025-09-10,2025-09-13,0,1
S006455,O006783,W01,C03,2025-04-09,2025-04-10,2025-04-10,1,2
S006456,O006784,W02,C02,2025-06-07,2025-06-09,2025-06-09,1,2
S006457,O006785,W01,C02,2025-05-06,2025-05-07,2025-05-07,1,1
S006458,O006786,W02,C04,2025-10-04,2025-10-07,2025-10-07,1,1
S006459,O006787,W02,C03,2025-07-11,2025-07-14,2025-07-17,0,1
S006460,O006788,W02,C02,2025-02-03,2025-02-04,2025-02-06,0,1
S006461,O006789,W03,C04,2025-01-29,2025-01-31,2025-02-02,0,1
S006462,O006790,W02,C01,2025-01-05,2025-01-09,2025-01-08,1,0
S006463,O006791,W01,C01,2025-04-25,2025-04-26,2025-04-26,1,1
S006464,O006792,W01,C02,2025-06-01,2025-06-04,2025-06-04,1,1
S006465,O006793,W02,C01,2025-06-15,2025-06-19,2025-06-21,0,1
S006466,O006794,W02,C03,2025-02-20,2025-02-22,2025-02-24,0,3
S006467,O006795,W03,C02,2025-08-12,2025-08-13,2025-08-13,1,2
S006468,O006796,W01,C01,2025-12-21,2025-12-24,2025-12-24,1,1
S006469,O006797,W03,C03,2025-03-04,2025-03-07,2025-03-07,1,1
S006470,O006798,W02,C03,2025-03-16,2025-03-19,2025-03-18,1,1
S006471,O006799,W03,C01,2025-08-06,2025-08-09,2025-08-08,1,1
S006472,O006800,W02,C04,2025-12-23,2025-12-26,2025-12-29,0,1
S006473,O006801,W03,C02,2025-06-09,2025-06-14,2025-06-18,0,0
S006474,O006802,W02,C02,2025-11-25,2025-11-26,2025-11-26,1,1
S006475,O006803,W01,C04,2025-09-04,2025-09-08,2025-09-07,1,1
S006476,O006804,W01,C04,2025-08-28,2025-08-30,2025-08-30,1,1
S006477,O006805,W01,C04,2025-11-06,2025-11-08,2025-11-08,1,2
S006478,O006806,W01,C03,2025-07-30,2025-08-03,2025-08-03,1,1
S006479,O006807,W02,C02,2025-07-06,2025-07-07,2025-07-07,1,3
S006480,O006808,W01,C02,2025-11-03,2025-11-07,2025-11-07,1,1
S006481,O006809,W03,C01,2025-12-28,2025-12-31,2025-12-30,1,0
S006482,O006810,W03,C01,2025-07-23,2025-07-24,2025-07-24,1,2
S006483,O006812,W01,C04,2025-09-08,2025-09-12,2025-09-12,1,1
S006484,O006813,W03,C03,2025-07-27,2025-07-28,2025-07-28,1,2
S006485,O006814,W03,C03,2025-04-18,2025-04-22,2025-04-21,1,1
S006486,O006815,W01,C02,2025-03-24,2025-03-25,2025-03-25,1,2
S006487,O006816,W01,C01,2025-10-21,2025-10-24,2025-10-23,1,0
S006488,O006817,W01,C02,2025-07-14,2025-07-16,2025-07-15,1,2
S006489,O006818,W01,C01,2025-08-21,2025-08-23,2025-08-23,1,2
S006490,O006819,W02,C02,2025-03-12,2025-03-13,2025-03-13,1,1
S006491,O006820,W01,C03,2025-09-14,2025-09-15,2025-09-15,1,1
S006492,O006821,W01,C03,2025-01-15,2025-01-17,2025-01-17,1,2
S006493,O006822,W01,C02,2025-12-04,2025-12-06,2025-12-06,1,1
S006494,O006823,W03,C02,2025-11-08,2025-11-10,2025-11-10,1,1
S006495,O006824,W01,C01,2025-04-11,2025-04-14,2025-04-14,1,0
S006496,O006825,W01,C03,2025-05-24,2025-05-27,2025-05-26,1,2
S006497,O006826,W01,C02,2025-05-31,2025-06-02,2025-06-02,1,1
S006498,O006827,W03,C02,2025-01-08,2025-01-12,2025-01-12,1,1
S006499,O006828,W01,C01,2025-09-09,2025-09-10,2025-09-10,1,2
S006500,O006829,W01,C01,2025-06-13,2025-06-14,2025-06-14,1,1
S006501,O006830,W02,C02,2025-12-01,2025-12-03,2025-12-03,1,1
S006502,O006831,W03,C02,2025-09-06,2025-09-08,2025-09-08,1,1
S006503,O006832,W02,C02,2025-02-11,2025-02-11,2025-02-11,1,2
S006504,O006833,W03,C04,2025-09-14,2025-09-15,2025-09-16,0,1
S006505,O006834,W03,C02,2025-12-23,2025-12-25,2025-12-26,0,1
S006506,O006835,W01,C04,2025-03-03,2025-03-06,2025-03-06,1,1
S006507,O006836,W01,C01,2025-12-11,2025-12-14,2025-12-14,1,1
S006508,O006837,W01,C03,2025-04-28,2025-05-01,2025-04-30,1,0
S006509,O006838,W01,C03,2025-02-01,2025-02-02,2025-02-02,1,1
S006510,O006839,W03,C03,2025-03-06,2025-03-08,2025-03-08,1,1
S006511,O006840,W02,C01,2025-10-31,2025-11-01,2025-11-01,1,2
S006512,O006841,W03,C01,2025-06-19,2025-06-21,2025-06-21,1,2
S006513,O006843,W01,C02,2025-09-25,2025-09-28,2025-10-02,0,2
S006514,O006844,W01,C03,2025-05-09,2025-05-09,2025-05-09,1,2
S006515,O006845,W01,C03,2025-03-25,2025-03-27,2025-03-27,1,1
S006516,O006846,W03,C02,2025-04-23,2025-04-25,2025-04-25,1,2
S006517,O006847,W01,C04,2025-02-25,2025-03-01,2025-03-04,0,1
S006518,O006848,W03,C01,2025-09-28,2025-09-30,2025-09-30,1,1
S006519,O006849,W01,C03,2025-11-04,2025-11-04,2025-11-07,0,2
S006520,O006850,W02,C03,2025-06-17,2025-06-20,2025-06-20,1,1
S006521,O006851,W03,C02,2025-06-10,2025-06-13,2025-06-14,0,1
S006522,O006852,W03,C01,2025-10-15,2025-10-18,2025-10-20,0,0
S006523,O006853,W02,C04,2025-11-19,2025-11-22,2025-11-22,1,1
S006524,O006854,W02,C01,2025-07-26,2025-07-28,2025-07-28,1,1
S006525,O006855,W02,C01,2025-03-09,2025-03-10,2025-03-10,1,1
S006526,O006856,W02,C01,2025-07-18,2025-07-19,2025-07-19,1,1
S006527,O006857,W02,C03,2025-02-12,2025-02-14,2025-02-15,0,3
S006528,O006858,W01,C02,2025-10-19,2025-10-22,2025-10-22,1,1
S006529,O006859,W01,C03,2025-01-21,2025-01-24,2025-01-24,1,1
S006530,O006860,W01,C03,2025-04-05,2025-04-07,2025-04-07,1,2
S006531,O006861,W03,C03,2025-03-06,2025-03-09,2025-03-09,1,2
S006532,O006862,W02,C03,2025-04-02,2025-04-05,2025-04-08,0,1
S006533,O006863,W01,C04,2025-07-19,2025-07-21,2025-07-20,1,1
S006534,O006864,W01,C01,2025-05-04,2025-05-07,2025-05-07,1,0
S006535,O006865,W01,C03,2025-03-25,2025-03-26,2025-03-26,1,1
S006536,O006866,W02,C02,2025-02-14,2025-02-17,2025-02-17,1,2
S006537,O006867,W03,C03,2025-08-07,2025-08-09,2025-08-10,0,1
S006538,O006869,W01,C04,2025-03-28,2025-03-29,2025-03-29,1,3
S006539,O006870,W01,C02,2025-09-04,2025-09-05,2025-09-06,0,2
S006540,O006872,W03,C03,2025-08-05,2025-08-08,2025-08-08,1,2
S006541,O006873,W01,C02,2025-03-14,2025-03-18,2025-03-17,1,0
S006542,O006874,W01,C03,2025-11-09,2025-11-12,2025-11-12,1,1
S006543,O006876,W02,C04,2025-10-05,2025-10-07,2025-10-06,1,1
S006544,O006877,W02,C03,2025-11-27,2025-11-30,2025-11-30,1,1
S006545,O006878,W03,C01,2025-02-11,2025-02-15,2025-02-14,1,0
S006546,O006879,W02,C04,2025-10-12,2025-10-15,2025-10-17,0,1
S006547,O006880,W02,C02,2025-01-05,2025-01-07,2025-01-07,1,1
S006548,O006881,W03,C01,2025-08-24,2025-08-27,2025-08-27,1,2
S006549,O006882,W01,C02,2025-01-24,2025-01-27,2025-01-26,1,1
S006550,O006883,W01,C02,2025-10-20,2025-10-22,2025-10-21,1,2
S006551,O006884,W02,C02,2025-05-26,2025-05-26,2025-05-26,1,2
S006552,O006885,W01,C02,2025-04-26,2025-04-28,2025-04-28,1,1
S006553,O006886,W01,C02,2025-12-07,2025-12-07,2025-12-08,0,2
S006554,O006887,W02,C04,2025-04-12,2025-04-14,2025-04-13,1,1
S006555,O006888,W03,C01,2025-06-05,2025-06-08,2025-06-08,1,1
S006556,O006889,W01,C03,2025-05-15,2025-05-17,2025-05-16,1,2
S006557,O006890,W01,C01,2025-05-27,2025-05-30,2025-05-30,1,0
S006558,O006891,W02,C03,2025-04-02,2025-04-04,2025-04-04,1,2
S006559,O006892,W01,C02,2025-04-12,2025-04-12,2025-04-12,1,2
S006560,O006893,W03,C01,2025-11-20,2025-11-24,2025-11-23,1,1
S006561,O006894,W03,C04,2025-12-03,2025-12-05,2025-12-05,1,1
S006562,O006895,W03,C03,2025-12-01,2025-12-02,2025-12-03,0,2
S006563,O006896,W01,C02,2025-10-01,2025-10-04,2025-10-04,1,1
S006564,O006897,W02,C04,2025-11-18,2025-11-21,2025-11-20,1,1
S006565,O006898,W02,C02,2025-11-07,2025-11-08,2025-11-08,1,1
S006566,O006899,W01,C04,2025-07-25,2025-07-27,2025-07-27,1,2
S006567,O006900,W01,C01,2025-05-21,2025-05-24,2025-05-24,1,1
S006568,O006901,W02,C01,2025-04-07,2025-04-10,2025-04-13,0,1
S006569,O006902,W02,C04,2025-02-04,2025-02-07,2025-02-07,1,2
S006570,O006903,W02,C03,2025-08-26,2025-08-29,2025-08-29,1,1
S006571,O006904,W01,C04,2025-03-24,2025-03-27,2025-03-27,1,2
S006572,O006905,W02,C01,2025-08-09,2025-08-10,2025-08-10,1,3
S006573,O006906,W01,C02,2025-09-02,2025-09-04,2025-09-04,1,1
S006574,O006907,W01,C02,2025-02-02,2025-02-04,2025-02-04,1,1
S006575,O006908,W01,C03,2025-12-18,2025-12-20,2025-12-20,1,1
S006576,O006909,W02,C01,2025-01-12,2025-01-14,2025-01-13,1,1
S006577,O006910,W02,C03,2025-10-04,2025-10-05,2025-10-09,0,1
S006578,O006911,W01,C02,2025-10-24,2025-10-28,2025-10-27,1,1
S006579,O006912,W02,C01,2025-03-15,2025-03-18,2025-03-17,1,1
S006580,O006913,W01,C03,2025-05-24,2025-05-26,2025-05-26,1,0
S006581,O006914,W03,C01,2025-07-03,2025-07-05,2025-07-07,0,2
S006582,O006915,W02,C02,2025-04-22,2025-04-24,2025-04-23,1,1
S006583,O006916,W01,C03,2025-06-10,2025-06-10,2025-06-10,1,2
S006584,O006917,W01,C02,2025-03-13,2025-03-16,2025-03-16,1,0
S006585,O006918,W01,C02,2025-04-19,2025-04-20,2025-04-20,1,1
S006586,O006919,W02,C03,2025-01-27,2025-01-29,2025-01-29,1,2
S006587,O006920,W03,C04,2025-01-19,2025-01-21,2025-01-21,1,0
S006588,O006921,W02,C02,2025-06-03,2025-06-04,2025-06-04,1,2
S006589,O006922,W01,C03,2025-10-06,2025-10-08,2025-10-07,1,1
S006590,O006923,W01,C02,2025-06-18,2025-06-20,2025-06-20,1,2
S006591,O006924,W01,C02,2025-08-02,2025-08-05,2025-08-09,0,1
S006592,O006925,W02,C01,2025-08-15,2025-08-15,2025-08-15,1,3
S006593,O006926,W02,C04,2025-07-01,2025-07-03,2025-07-04,0,1
S006594,O006927,W03,C02,2025-03-11,2025-03-15,2025-03-14,1,1
S006595,O006928,W03,C03,2025-04-12,2025-04-14,2025-04-14,1,1
S006596,O006929,W01,C01,2025-12-31,2026-01-03,2026-01-03,1,1
S006597,O006930,W02,C02,2025-02-01,2025-02-01,2025-02-01,1,2
S006598,O006931,W01,C03,2025-09-11,2025-09-12,2025-09-12,1,1
S006599,O006932,W01,C01,2025-08-29,2025-08-31,2025-08-31,1,1
S006600,O006933,W02,C03,2025-09-28,2025-09-30,2025-10-02,0,1
S006601,O006934,W03,C02,2025-10-15,2025-10-18,2025-10-18,1,1
S006602,O006935,W01,C02,2025-11-22,2025-11-24,2025-11-24,1,2
S006603,O006936,W01,C03,2025-10-06,2025-10-09,2025-10-08,1,2
S006604,O006937,W01,C01,2025-11-11,2025-11-12,2025-11-12,1,1
S006605,O006938,W03,C02,2025-09-28,2025-09-30,2025-09-30,1,1
S006606,O006939,W01,C03,2025-01-18,2025-01-19,2025-01-19,1,3
S006607,O006940,W02,C03,2025-06-17,2025-06-18,2025-06-18,1,2
S006608,O006941,W02,C03,2025-10-25,2025-10-29,2025-10-29,1,0
S006609,O006942,W02,C03,2025-09-08,2025-09-09,2025-09-09,1,2
S006610,O006943,W02,C01,2025-06-14,2025-06-15,2025-06-15,1,2
S006611,O006944,W03,C01,2025-10-04,2025-10-04,2025-10-04,1,2
S006612,O006945,W01,C03,2025-07-11,2025-07-13,2025-07-13,1,0
S006613,O006946,W02,C02,2025-04-28,2025-04-29,2025-04-29,1,2
S006614,O006947,W03,C01,2025-12-22,2025-12-24,2025-12-24,1,1
S006615,O006948,W01,C01,2025-11-01,2025-11-02,2025-11-02,1,2
S006616,O006949,W03,C03,2025-01-06,2025-01-07,2025-01-07,1,1
S006617,O006950,W03,C01,2025-09-22,2025-09-24,2025-09-24,1,2
S006618,O006951,W03,C04,2025-10-08,2025-10-10,2025-10-10,1,1
S006619,O006953,W01,C04,2025-05-07,2025-05-10,2025-05-10,1,1
S006620,O006954,W03,C01,2025-08-02,2025-08-06,2025-08-05,1,0
S006621,O006956,W01,C01,2025-04-14,2025-04-16,2025-04-16,1,1
S006622,O006957,W02,C01,2025-04-14,2025-04-15,2025-04-15,1,2
S006623,O006958,W03,C01,2025-08-14,2025-08-16,2025-08-16,1,2
S006624,O006959,W03,C02,2025-02-12,2025-02-12,2025-02-12,1,2
S006625,O006960,W02,C03,2025-09-13,2025-09-16,2025-09-16,1,2
S006626,O006961,W03,C01,2025-01-02,2025-01-04,2025-01-04,1,1
S006627,O006962,W03,C03,2025-02-28,2025-03-04,2025-03-04,1,1
S006628,O006963,W02,C02,2025-04-18,2025-04-21,2025-04-20,1,1
S006629,O006964,W02,C03,2025-02-06,2025-02-08,2025-02-07,1,1
S006630,O006965,W01,C04,2025-05-29,2025-05-31,2025-05-31,1,1
S006631,O006966,W01,C03,2025-09-01,2025-09-04,2025-09-04,1,1
S006632,O006967,W03,C02,2025-11-23,2025-11-25,2025-11-25,1,1
S006633,O006968,W01,C04,2025-12-31,2026-01-03,2026-01-03,1,1
S006634,O006969,W02,C01,2025-07-01,2025-07-04,2025-07-04,1,1
S006635,O006970,W02,C03,2025-04-28,2025-04-28,2025-05-02,0,2
S006636,O006971,W02,C02,2025-04-30,2025-05-01,2025-05-02,0,2
S006637,O006972,W01,C02,2025-07-14,2025-07-18,2025-07-17,1,1
S006638,O006974,W02,C03,2025-01-16,2025-01-19,2025-01-19,1,2
S006639,O006975,W01,C03,2025-06-11,2025-06-13,2025-06-12,1,1
S006640,O006976,W03,C03,2025-06-13,2025-06-15,2025-06-15,1,1
S006641,O006977,W03,C01,2025-04-28,2025-04-29,2025-04-29,1,2
S006642,O006978,W01,C03,2025-04-18,2025-04-20,2025-04-20,1,1
S006643,O006979,W01,C01,2025-12-30,2026-01-01,2025-12-31,1,2
S006644,O006980,W01,C03,2025-01-13,2025-01-18,2025-01-18,1,0
S006645,O006981,W01,C03,2025-05-05,2025-05-10,2025-05-10,1,0
S006646,O006982,W02,C04,2025-05-06,2025-05-07,2025-05-07,1,1
S006647,O006983,W01,C03,2025-05-30,2025-06-02,2025-06-02,1,2
S006648,O006984,W03,C04,2025-04-29,2025-05-01,2025-05-01,1,1
S006649,O006985,W01,C04,2025-07-27,2025-07-29,2025-07-29,1,0
S006650,O006986,W02,C02,2025-03-13,2025-03-16,2025-03-16,1,1
S006651,O006987,W01,C04,2025-01-29,2025-01-29,2025-01-29,1,2
S006652,O006988,W02,C03,2025-02-27,2025-03-01,2025-03-05,0,1
S006653,O006989,W02,C01,2025-04-11,2025-04-13,2025-04-13,1,1
S006654,O006990,W02,C02,2025-12-03,2025-12-04,2025-12-04,1,2
S006655,O006991,W03,C04,2025-02-11,2025-02-13,2025-02-16,0,1
S006656,O006992,W01,C01,2025-07-29,2025-07-31,2025-07-31,1,1
S006657,O006993,W02,C03,2025-09-02,2025-09-05,2025-09-04,1,0
S006658,O006994,W03,C01,2025-11-24,2025-11-26,2025-11-26,1,1
S006659,O006995,W01,C04,2025-01-30,2025-02-01,2025-02-05,0,2
S006660,O006996,W02,C02,2025-05-01,2025-05-04,2025-05-04,1,1
S006661,O006997,W01,C02,2025-06-11,2025-06-13,2025-06-13,1,1
S006662,O006998,W03,C02,2025-09-17,2025-09-21,2025-09-25,0,0
S006663,O006999,W01,C01,2025-06-01,2025-06-04,2025-06-04,1,2
S006664,O007000,W01,C01,2025-10-25,2025-10-29,2025-10-29,1,0
S006665,O007001,W03,C01,2025-04-25,2025-04-28,2025-04-28,1,2
S006666,O007002,W01,C01,2025-10-03,2025-10-05,2025-10-05,1,0
S006667,O007004,W03,C02,2025-08-20,2025-08-22,2025-08-21,1,2
S006668,O007005,W01,C02,2025-11-22,2025-11-25,2025-11-25,1,1
S006669,O007006,W02,C02,2025-08-21,2025-08-23,2025-08-23,1,1
S006670,O007008,W01,C03,2025-03-25,2025-03-27,2025-03-27,1,1
S006671,O007009,W01,C03,2025-03-08,2025-03-11,2025-03-10,1,0
S006672,O007010,W02,C02,2025-05-25,2025-05-28,2025-05-28,1,0
S006673,O007011,W01,C03,2025-12-06,2025-12-09,2025-12-09,1,0
S006674,O007012,W02,C02,2025-08-12,2025-08-16,2025-08-17,0,0
S006675,O007014,W03,C03,2025-06-08,2025-06-11,2025-06-14,0,2
S006676,O007015,W03,C03,2025-02-18,2025-02-21,2025-02-20,1,1
S006677,O007016,W02,C03,2025-02-07,2025-02-08,2025-02-08,1,1
S006678,O007018,W03,C01,2025-11-08,2025-11-11,2025-11-10,1,0
S006679,O007019,W02,C01,2025-06-10,2025-06-12,2025-06-12,1,1
S006680,O007020,W02,C01,2025-11-13,2025-11-15,2025-11-17,0,1
S006681,O007021,W02,C02,2025-09-28,2025-09-28,2025-09-28,1,2
S006682,O007022,W01,C03,2025-03-14,2025-03-16,2025-03-16,1,2
S006683,O007023,W01,C04,2025-09-30,2025-10-03,2025-10-02,1,0
S006684,O007024,W01,C03,2025-03-07,2025-03-10,2025-03-09,1,0
S006685,O007025,W01,C03,2025-05-16,2025-05-17,2025-05-17,1,2
S006686,O007026,W03,C03,2025-12-28,2026-01-01,2026-01-01,1,1
S006687,O007027,W01,C02,2025-02-24,2025-02-26,2025-02-26,1,1
S006688,O007028,W03,C01,2025-07-19,2025-07-19,2025-07-19,1,2
S006689,O007029,W02,C02,2025-11-29,2025-11-30,2025-11-30,1,2
S006690,O007031,W03,C01,2025-09-22,2025-09-22,2025-09-22,1,2
S006691,O007032,W03,C02,2025-06-29,2025-07-01,2025-07-01,1,2
S006692,O007033,W02,C03,2025-11-22,2025-11-22,2025-11-22,1,2
S006693,O007034,W02,C04,2025-11-10,2025-11-13,2025-11-13,1,2
S006694,O007035,W01,C03,2025-08-16,2025-08-17,2025-08-20,0,1
S006695,O007036,W01,C03,2025-06-24,2025-06-26,2025-06-26,1,1
S006696,O007037,W01,C03,2025-10-01,2025-10-02,2025-10-02,1,2
S006697,O007038,W03,C02,2025-10-30,2025-10-31,2025-10-31,1,2
S006698,O007039,W01,C02,2025-10-18,2025-10-19,2025-10-22,0,2
S006699,O007040,W03,C01,2025-06-14,2025-06-15,2025-06-15,1,1
S006700,O007041,W02,C02,2025-08-18,2025-08-20,2025-08-20,1,1
S006701,O007042,W03,C04,2025-05-10,2025-05-14,2025-05-14,1,1
S006702,O007043,W01,C02,2025-07-21,2025-07-22,2025-07-22,1,1
S006703,O007044,W01,C01,2025-02-25,2025-03-01,2025-03-01,1,0
S006704,O007045,W02,C02,2025-07-05,2025-07-05,2025-07-05,1,2
S006705,O007046,W02,C01,2025-02-10,2025-02-12,2025-02-12,1,1
S006706,O007048,W03,C03,2025-10-25,2025-10-27,2025-10-27,1,1
S006707,O007049,W03,C01,2025-02-21,2025-02-21,2025-02-21,1,2
S006708,O007050,W01,C02,2025-10-26,2025-10-30,2025-10-30,1,1
S006709,O007051,W03,C01,2025-08-10,2025-08-12,2025-08-12,1,2
S006710,O007052,W01,C04,2025-09-22,2025-09-23,2025-09-23,1,1
S006711,O007053,W01,C01,2025-11-12,2025-11-16,2025-11-16,1,0
S006712,O007054,W01,C01,2025-02-07,2025-02-07,2025-02-07,1,2
S006713,O007055,W03,C02,2025-03-24,2025-03-25,2025-03-25,1,2
S006714,O007056,W02,C01,2025-01-03,2025-01-04,2025-01-05,0,1
S006715,O007057,W03,C02,2025-02-24,2025-02-26,2025-02-26,1,0
S006716,O007058,W01,C03,2025-09-09,2025-09-13,2025-09-13,1,1
S006717,O007059,W01,C03,2025-07-09,2025-07-10,2025-07-10,1,1
S006718,O007060,W03,C01,2025-02-16,2025-02-18,2025-02-18,1,1
S006719,O007061,W01,C01,2025-12-15,2025-12-17,2025-12-17,1,2
S006720,O007062,W03,C03,2025-08-23,2025-08-25,2025-08-25,1,0
S006721,O007063,W01,C02,2025-11-01,2025-11-03,2025-11-02,1,1
S006722,O007064,W02,C04,2025-07-02,2025-07-02,2025-07-05,0,2
S006723,O007065,W01,C01,2025-12-05,2025-12-08,2025-12-08,1,1
S006724,O007067,W02,C03,2025-07-30,2025-07-31,2025-07-31,1,3
S006725,O007068,W02,C02,2025-08-23,2025-08-24,2025-08-24,1,3
S006726,O007069,W02,C03,2025-08-29,2025-08-31,2025-08-31,1,1
S006727,O007070,W01,C02,2025-01-15,2025-01-17,2025-01-17,1,1
S006728,O007071,W02,C01,2025-02-05,2025-02-07,2025-02-07,1,1
S006729,O007072,W01,C01,2025-11-13,2025-11-14,2025-11-14,1,1
S006730,O007073,W03,C02,2025-12-21,2025-12-25,2025-12-25,1,0
S006731,O007074,W03,C01,2025-10-31,2025-11-03,2025-11-03,1,1
S006732,O007075,W01,C01,2025-10-16,2025-10-19,2025-10-19,1,0
S006733,O007077,W01,C01,2025-05-03,2025-05-04,2025-05-04,1,1
S006734,O007078,W02,C02,2025-04-15,2025-04-16,2025-04-16,1,1
S006735,O007079,W02,C02,2025-10-31,2025-11-01,2025-11-01,1,1
S006736,O007080,W02,C02,2025-07-10,2025-07-12,2025-07-12,1,1
S006737,O007081,W01,C01,2025-11-29,2025-12-02,2025-12-02,1,1
S006738,O007082,W02,C02,2025-07-14,2025-07-16,2025-07-16,1,2
S006739,O007083,W01,C02,2025-03-09,2025-03-14,2025-03-14,1,0
S006740,O007084,W03,C01,2025-10-27,2025-10-30,2025-10-30,1,1
S006741,O007085,W01,C03,2025-01-27,2025-01-29,2025-01-28,1,1
S006742,O007086,W02,C01,2025-04-30,2025-05-01,2025-05-01,1,1
S006743,O007087,W01,C04,2025-04-28,2025-05-01,2025-05-01,1,2
S006744,O007088,W01,C03,2025-10-18,2025-10-21,2025-10-20,1,0
S006745,O007089,W03,C02,2025-12-30,2026-01-02,2026-01-04,0,2
S006746,O007090,W02,C01,2025-06-12,2025-06-14,2025-06-14,1,1
S006747,O007093,W03,C03,2025-08-11,2025-08-11,2025-08-11,1,2
S006748,O007094,W01,C03,2025-02-24,2025-02-27,2025-02-27,1,0
S006749,O007095,W03,C01,2025-06-30,2025-07-01,2025-07-01,1,2
S006750,O007096,W01,C01,2025-02-11,2025-02-13,2025-02-12,1,2
S006751,O007097,W02,C03,2025-03-18,2025-03-20,2025-03-20,1,1
S006752,O007098,W01,C01,2025-02-02,2025-02-04,2025-02-04,1,2
S006753,O007099,W02,C02,2025-03-26,2025-03-27,2025-03-27,1,2
S006754,O007100,W02,C03,2025-04-27,2025-04-30,2025-04-30,1,1
S006755,O007101,W02,C01,2025-03-19,2025-03-22,2025-03-22,1,0
S006756,O007102,W01,C01,2025-12-29,2026-01-02,2026-01-01,1,1
S006757,O007103,W01,C04,2025-12-30,2026-01-01,2026-01-02,0,1
S006758,O007104,W02,C02,2025-12-15,2025-12-18,2025-12-18,1,0
S006759,O007105,W01,C01,2025-12-12,2025-12-15,2025-12-15,1,0
S006760,O007106,W02,C04,2025-11-10,2025-11-14,2025-11-14,1,1
S006761,O007107,W02,C03,2025-03-21,2025-03-25,2025-03-24,1,1
S006762,O007108,W03,C03,2025-11-08,2025-11-11,2025-11-11,1,1
S006763,O007109,W01,C03,2025-04-12,2025-04-15,2025-04-18,0,1
S006764,O007110,W01,C03,2025-01-06,2025-01-08,2025-01-07,1,1
S006765,O007111,W03,C01,2025-03-03,2025-03-04,2025-03-04,1,2
S006766,O007112,W03,C03,2025-05-19,2025-05-21,2025-05-21,1,1
S006767,O007113,W02,C03,2025-12-31,2026-01-01,2026-01-01,1,2
S006768,O007114,W01,C02,2025-07-03,2025-07-06,2025-07-06,1,1
S006769,O007115,W03,C02,2025-12-08,2025-12-09,2025-12-09,1,2
S006770,O007116,W03,C02,2025-10-06,2025-10-08,2025-10-07,1,1
S006771,O007117,W03,C01,2025-10-05,2025-10-07,2025-10-06,1,1
S006772,O007118,W01,C01,2025-01-10,2025-01-13,2025-01-13,1,2
S006773,O007119,W01,C02,2025-03-03,2025-03-05,2025-03-06,0,1
S006774,O007120,W01,C01,2025-07-21,2025-07-24,2025-07-24,1,1
S006775,O007121,W03,C01,2025-04-24,2025-04-24,2025-04-24,1,2
S006776,O007122,W01,C04,2025-07-27,2025-07-29,2025-07-28,1,1
S006777,O007123,W02,C02,2025-09-01,2025-09-04,2025-09-04,1,1
S006778,O007124,W03,C01,2025-06-24,2025-06-27,2025-06-27,1,0
S006779,O007125,W02,C02,2025-09-09,2025-09-12,2025-09-12,1,1
S006780,O007126,W02,C01,2025-09-29,2025-10-01,2025-10-01,1,2
S006781,O007128,W01,C04,2025-03-05,2025-03-09,2025-03-09,1,1
S006782,O007129,W02,C04,2025-07-01,2025-07-02,2025-07-04,0,2
S006783,O007130,W02,C01,2025-03-21,2025-03-22,2025-03-22,1,2
S006784,O007131,W02,C02,2025-11-30,2025-12-01,2025-12-01,1,1
S006785,O007132,W02,C01,2025-06-12,2025-06-13,2025-06-13,1,1
S006786,O007133,W01,C03,2025-09-17,2025-09-20,2025-09-20,1,1
S006787,O007134,W02,C01,2025-08-19,2025-08-20,2025-08-20,1,2
S006788,O007135,W01,C03,2025-10-14,2025-10-17,2025-10-16,1,2
S006789,O007136,W01,C01,2025-06-01,2025-06-04,2025-06-03,1,1
S006790,O007137,W03,C02,2025-03-10,2025-03-12,2025-03-11,1,1
S006791,O007138,W03,C02,2025-12-04,2025-12-05,2025-12-05,1,1
S006792,O007139,W03,C02,2025-10-11,2025-10-15,2025-10-14,1,1
S006793,O007140,W01,C04,2025-08-11,2025-08-12,2025-08-13,0,2
S006794,O007141,W03,C03,2025-02-14,2025-02-16,2025-02-16,1,1
S006795,O007142,W01,C03,2025-12-20,2025-12-23,2025-12-22,1,1
S006796,O007143,W01,C01,2025-08-26,2025-08-27,2025-08-27,1,2
S006797,O007144,W01,C04,2025-08-17,2025-08-19,2025-08-23,0,2
S006798,O007145,W01,C03,2025-08-15,2025-08-16,2025-08-16,1,2
S006799,O007146,W02,C02,2025-10-12,2025-10-14,2025-10-16,0,1
S006800,O007147,W02,C01,2025-08-14,2025-08-16,2025-08-15,1,0
S006801,O007148,W02,C02,2025-02-01,2025-02-04,2025-02-04,1,2
S006802,O007149,W01,C03,2025-01-15,2025-01-16,2025-01-16,1,2
S006803,O007150,W03,C01,2025-10-27,2025-10-28,2025-10-28,1,1
S006804,O007151,W02,C01,2025-08-06,2025-08-07,2025-08-07,1,2
S006805,O007152,W02,C01,2025-03-29,2025-04-01,2025-04-01,1,1
S006806,O007153,W01,C01,2025-11-04,2025-11-06,2025-11-06,1,1
S006807,O007154,W02,C04,2025-09-25,2025-09-28,2025-10-01,0,1
S006808,O007155,W01,C03,2025-08-03,2025-08-05,2025-08-08,0,2
S006809,O007156,W03,C03,2025-03-06,2025-03-06,2025-03-06,1,2
S006810,O007157,W03,C02,2025-06-09,2025-06-11,2025-06-15,0,1
S006811,O007158,W02,C03,2025-05-12,2025-05-14,2025-05-14,1,1
S006812,O007159,W03,C03,2025-03-11,2025-03-15,2025-03-19,0,1
S006813,O007160,W01,C03,2025-11-05,2025-11-05,2025-11-05,1,3
S006814,O007161,W03,C03,2025-10-17,2025-10-20,2025-10-20,1,0
S006815,O007162,W01,C04,2025-11-20,2025-11-20,2025-11-21,0,3
S006816,O007163,W02,C01,2025-02-01,2025-02-03,2025-02-03,1,2
S006817,O007164,W03,C01,2025-06-22,2025-06-23,2025-06-23,1,1
S006818,O007165,W02,C01,2025-07-17,2025-07-20,2025-07-23,0,1
S006819,O007166,W01,C01,2025-05-03,2025-05-03,2025-05-04,0,3
S006820,O007167,W02,C01,2025-08-15,2025-08-18,2025-08-18,1,1
S006821,O007168,W02,C02,2025-10-04,2025-10-07,2025-10-07,1,1
S006822,O007169,W03,C01,2026-01-02,2026-01-02,2026-01-02,1,2
S006823,O007170,W02,C01,2025-10-24,2025-10-26,2025-10-25,1,0
S006824,O007171,W02,C02,2025-06-06,2025-06-08,2025-06-08,1,2
S006825,O007172,W01,C01,2025-09-02,2025-09-04,2025-09-03,1,3
S006826,O007173,W02,C02,2025-11-21,2025-11-24,2025-11-24,1,1
S006827,O007174,W03,C04,2025-03-13,2025-03-16,2025-03-16,1,1
S006828,O007175,W03,C04,2025-08-27,2025-08-29,2025-08-29,1,1
S006829,O007176,W02,C03,2025-06-28,2025-06-30,2025-06-30,1,1
S006830,O007177,W01,C01,2025-08-06,2025-08-07,2025-08-07,1,2
S006831,O007178,W01,C01,2025-12-17,2025-12-20,2025-12-20,1,1
S006832,O007179,W01,C04,2025-03-22,2025-03-24,2025-03-24,1,0
S006833,O007180,W01,C01,2025-07-20,2025-07-23,2025-07-23,1,1
S006834,O007181,W02,C03,2025-01-31,2025-02-01,2025-02-01,1,1
S006835,O007182,W02,C02,2025-04-13,2025-04-17,2025-04-17,1,0
S006836,O007183,W02,C03,2025-07-11,2025-07-13,2025-07-13,1,0
S006837,O007184,W01,C01,2025-02-17,2025-02-20,2025-02-20,1,1
S006838,O007185,W01,C03,2025-08-01,2025-08-04,2025-08-04,1,2
S006839,O007187,W01,C04,2025-02-28,2025-03-03,2025-03-03,1,1
S006840,O007188,W01,C03,2025-07-30,2025-07-30,2025-08-03,0,2
S006841,O007189,W02,C04,2025-07-30,2025-07-31,2025-07-31,1,2
S006842,O007190,W01,C01,2025-04-24,2025-04-26,2025-04-26,1,1
S006843,O007192,W02,C02,2025-05-19,2025-05-20,2025-05-23,0,1
S006844,O007194,W03,C01,2025-03-07,2025-03-09,2025-03-13,0,1
S006845,O007195,W03,C01,2025-05-14,2025-05-17,2025-05-17,1,2
S006846,O007196,W02,C01,2025-05-22,2025-05-23,2025-05-23,1,2
S006847,O007197,W03,C01,2025-07-02,2025-07-03,2025-07-03,1,1
S006848,O007198,W01,C02,2025-11-09,2025-11-11,2025-11-11,1,1
S006849,O007199,W01,C01,2025-06-07,2025-06-09,2025-06-09,1,1
S006850,O007200,W02,C03,2025-09-05,2025-09-07,2025-09-07,1,2
S006851,O007201,W03,C04,2025-11-28,2025-12-01,2025-12-01,1,1
S006852,O007202,W03,C02,2025-07-25,2025-07-26,2025-07-26,1,2
S006853,O007203,W01,C02,2025-11-27,2025-11-29,2025-11-29,1,1
S006854,O007204,W01,C03,2025-06-02,2025-06-04,2025-06-04,1,0
S006855,O007205,W02,C03,2025-08-09,2025-08-11,2025-08-10,1,1
S006856,O007206,W03,C02,2025-10-18,2025-10-18,2025-10-18,1,3
S006857,O007207,W02,C01,2025-12-12,2025-12-15,2025-12-15,1,1
S006858,O007208,W03,C02,2025-11-22,2025-11-25,2025-11-25,1,1
S006859,O007209,W02,C01,2025-02-23,2025-02-26,2025-02-26,1,2
S006860,O007210,W01,C03,2025-03-02,2025-03-04,2025-03-04,1,1
S006861,O007211,W03,C02,2025-09-23,2025-09-23,2025-09-23,1,3
S006862,O007212,W03,C04,2025-04-02,2025-04-04,2025-04-04,1,1
S006863,O007213,W02,C04,2025-03-20,2025-03-21,2025-03-21,1,2
S006864,O007214,W03,C01,2025-02-23,2025-02-25,2025-02-25,1,1
S006865,O007215,W02,C03,2025-06-06,2025-06-09,2025-06-09,1,1
S006866,O007216,W03,C01,2025-02-06,2025-02-08,2025-02-08,1,2
S006867,O007217,W03,C04,2025-04-01,2025-04-05,2025-04-05,1,0
S006868,O007218,W01,C04,2025-02-08,2025-02-11,2025-02-10,1,1
S006869,O007219,W01,C02,2025-03-25,2025-03-29,2025-03-29,1,1
S006870,O007220,W03,C01,2025-02-23,2025-02-24,2025-02-28,0,1
S006871,O007221,W02,C01,2025-06-09,2025-06-11,2025-06-10,1,1
S006872,O007222,W03,C01,2025-08-06,2025-08-07,2025-08-07,1,1
S006873,O007223,W01,C03,2025-02-19,2025-02-20,2025-02-20,1,2
S006874,O007225,W01,C01,2025-02-03,2025-02-04,2025-02-07,0,2
S006875,O007229,W03,C02,2025-03-21,2025-03-21,2025-03-21,1,3
S006876,O007230,W01,C04,2025-05-11,2025-05-14,2025-05-14,1,1
S006877,O007231,W01,C04,2025-08-18,2025-08-20,2025-08-19,1,1
S006878,O007232,W01,C03,2025-06-16,2025-06-20,2025-06-20,1,0
S006879,O007233,W01,C01,2025-11-25,2025-11-27,2025-11-27,1,1
S006880,O007234,W03,C01,2025-11-07,2025-11-11,2025-11-11,1,1
S006881,O007235,W03,C01,2025-08-26,2025-08-28,2025-08-27,1,1
S006882,O007236,W01,C03,2025-12-21,2025-12-22,2025-12-22,1,2
S006883,O007237,W01,C04,2025-07-03,2025-07-03,2025-07-05,0,2
S006884,O007238,W01,C01,2025-01-16,2025-01-18,2025-01-17,1,1
S006885,O007239,W03,C02,2025-05-04,2025-05-07,2025-05-06,1,1
S006886,O007240,W01,C02,2025-04-10,2025-04-11,2025-04-11,1,2
S006887,O007241,W02,C01,2025-04-13,2025-04-14,2025-04-14,1,1
S006888,O007243,W02,C01,2025-07-17,2025-07-18,2025-07-18,1,1
S006889,O007244,W03,C02,2025-06-29,2025-07-01,2025-07-01,1,2
S006890,O007245,W02,C02,2025-02-02,2025-02-04,2025-02-04,1,2
S006891,O007246,W03,C01,2025-05-02,2025-05-02,2025-05-02,1,2
S006892,O007247,W03,C01,2025-03-29,2025-03-31,2025-03-30,1,2
S006893,O007248,W01,C01,2025-03-25,2025-03-27,2025-03-26,1,2
S006894,O007249,W01,C03,2025-05-22,2025-05-23,2025-05-23,1,1
S006895,O007250,W02,C02,2025-01-02,2025-01-04,2025-01-04,1,1
S006896,O007251,W01,C01,2025-11-13,2025-11-15,2025-11-15,1,1
S006897,O007252,W01,C03,2025-05-07,2025-05-10,2025-05-10,1,1
S006898,O007253,W02,C01,2025-02-17,2025-02-20,2025-02-23,0,1
S006899,O007254,W01,C02,2025-12-09,2025-12-09,2025-12-09,1,2
S006900,O007255,W01,C03,2025-06-02,2025-06-05,2025-06-05,1,2
S006901,O007256,W01,C01,2025-09-09,2025-09-11,2025-09-11,1,2
S006902,O007257,W03,C02,2025-09-14,2025-09-15,2025-09-15,1,1
S006903,O007258,W03,C04,2025-03-27,2025-03-28,2025-03-31,0,2
S006904,O007259,W03,C04,2025-08-10,2025-08-13,2025-08-12,1,0
S006905,O007260,W02,C01,2025-10-02,2025-10-03,2025-10-03,1,2
S006906,O007261,W01,C01,2025-01-06,2025-01-08,2025-01-09,0,2
S006907,O007262,W02,C03,2025-01-25,2025-01-29,2025-01-29,1,1
S006908,O007263,W02,C02,2025-09-30,2025-10-01,2025-10-01,1,2
S006909,O007264,W01,C04,2025-02-20,2025-02-21,2025-02-21,1,1
S006910,O007265,W01,C02,2025-03-04,2025-03-07,2025-03-07,1,1
S006911,O007266,W02,C02,2025-04-03,2025-04-06,2025-04-06,1,1
S006912,O007267,W02,C02,2025-05-19,2025-05-20,2025-05-20,1,3
S006913,O007268,W01,C04,2025-12-07,2025-12-10,2025-12-10,1,2
S006914,O007269,W03,C02,2025-06-24,2025-06-27,2025-06-27,1,1
S006915,O007270,W01,C02,2025-11-25,2025-11-27,2025-11-27,1,1
S006916,O007271,W03,C01,2025-05-17,2025-05-21,2025-05-20,1,0
S006917,O007272,W01,C03,2025-07-15,2025-07-18,2025-07-19,0,0
S006918,O007273,W01,C01,2025-10-26,2025-10-29,2025-10-29,1,2
S006919,O007274,W01,C03,2025-09-10,2025-09-12,2025-09-12,1,1
S006920,O007275,W01,C01,2025-08-29,2025-08-30,2025-09-03,0,3
S006921,O007276,W01,C02,2025-07-14,2025-07-16,2025-07-16,1,1
S006922,O007277,W01,C03,2025-04-23,2025-04-25,2025-04-25,1,1
S006923,O007278,W02,C01,2025-07-28,2025-07-31,2025-07-31,1,1
S006924,O007279,W01,C01,2025-07-11,2025-07-14,2025-07-13,1,1
S006925,O007280,W01,C02,2025-07-02,2025-07-04,2025-07-05,0,1
S006926,O007281,W02,C03,2025-03-09,2025-03-11,2025-03-11,1,1
S006927,O007282,W01,C02,2025-03-08,2025-03-10,2025-03-10,1,1
S006928,O007283,W01,C04,2025-03-16,2025-03-17,2025-03-18,0,1
S006929,O007284,W01,C03,2025-03-15,2025-03-17,2025-03-17,1,0
S006930,O007285,W03,C01,2025-02-16,2025-02-18,2025-02-18,1,0
S006931,O007286,W03,C04,2025-02-23,2025-02-25,2025-02-24,1,1
S006932,O007287,W01,C03,2025-12-16,2025-12-18,2025-12-21,0,2
S006933,O007288,W03,C01,2025-05-13,2025-05-15,2025-05-15,1,1
S006934,O007289,W01,C01,2025-12-26,2025-12-29,2025-12-29,1,2
S006935,O007290,W01,C02,2025-09-17,2025-09-19,2025-09-19,1,2
S006936,O007291,W02,C03,2025-10-18,2025-10-23,2025-10-22,1,0
S006937,O007293,W02,C01,2025-05-20,2025-05-24,2025-05-24,1,1
S006938,O007294,W02,C03,2025-07-09,2025-07-13,2025-07-13,1,1
S006939,O007295,W02,C02,2025-11-30,2025-12-02,2025-12-02,1,1
S006940,O007296,W01,C01,2025-10-13,2025-10-14,2025-10-14,1,1
S006941,O007297,W02,C03,2025-04-19,2025-04-21,2025-04-21,1,2
S006942,O007298,W01,C01,2025-09-27,2025-09-30,2025-10-04,0,1
S006943,O007299,W02,C03,2025-05-09,2025-05-12,2025-05-11,1,1
S006944,O007300,W01,C02,2025-01-04,2025-01-06,2025-01-06,1,2
S006945,O007301,W03,C03,2025-12-31,2026-01-02,2026-01-01,1,2
S006946,O007302,W02,C01,2025-06-29,2025-06-30,2025-06-30,1,2
S006947,O007303,W01,C01,2025-06-21,2025-06-22,2025-06-22,1,2
S006948,O007305,W03,C04,2025-01-23,2025-01-23,2025-01-27,0,2
S006949,O007306,W02,C03,2025-08-25,2025-08-26,2025-08-27,0,2
S006950,O007307,W03,C03,2025-01-30,2025-01-30,2025-01-31,0,2
S006951,O007308,W02,C01,2025-04-09,2025-04-10,2025-04-10,1,2
S006952,O007309,W03,C01,2025-05-02,2025-05-04,2025-05-04,1,1
S006953,O007310,W02,C03,2025-10-30,2025-11-02,2025-11-02,1,0
S006954,O007311,W03,C03,2025-11-04,2025-11-06,2025-11-08,0,0
S006955,O007312,W03,C02,2025-02-02,2025-02-02,2025-02-05,0,2
S006956,O007313,W01,C02,2025-06-09,2025-06-11,2025-06-11,1,1
S006957,O007314,W02,C01,2025-05-22,2025-05-25,2025-05-25,1,1
S006958,O007315,W03,C02,2025-08-11,2025-08-12,2025-08-12,1,1
S006959,O007316,W02,C03,2025-08-02,2025-08-06,2025-08-06,1,1
S006960,O007317,W02,C01,2025-05-24,2025-05-25,2025-05-25,1,2
S006961,O007319,W03,C01,2025-02-13,2025-02-15,2025-02-19,0,1
S006962,O007320,W03,C01,2025-01-07,2025-01-10,2025-01-10,1,1
S006963,O007321,W02,C01,2025-09-26,2025-09-27,2025-09-27,1,2
S006964,O007322,W01,C01,2025-08-09,2025-08-11,2025-08-11,1,1
S006965,O007323,W03,C03,2025-12-28,2025-12-31,2025-12-31,1,1
S006966,O007324,W01,C01,2025-04-18,2025-04-19,2025-04-19,1,2
S006967,O007325,W03,C01,2025-07-17,2025-07-17,2025-07-17,1,2
S006968,O007327,W01,C03,2025-05-22,2025-05-23,2025-05-23,1,2
S006969,O007328,W01,C02,2025-08-08,2025-08-08,2025-08-08,1,2
S006970,O007329,W02,C03,2025-06-01,2025-06-03,2025-06-03,1,2
S006971,O007330,W01,C01,2025-01-20,2025-01-22,2025-01-22,1,1
S006972,O007331,W02,C01,2025-10-10,2025-10-11,2025-10-11,1,2
S006973,O007332,W01,C02,2025-12-25,2025-12-28,2025-12-28,1,1
S006974,O007333,W03,C02,2025-03-03,2025-03-07,2025-03-06,1,0
S006975,O007334,W01,C01,2025-03-08,2025-03-08,2025-03-12,0,2
S006976,O007335,W01,C02,2025-11-18,2025-11-17,2025-11-21,0,3
S006977,O007336,W02,C03,2025-07-18,2025-07-21,2025-07-21,1,1
S006978,O007337,W01,C01,2025-12-21,2025-12-22,2025-12-22,1,1
S006979,O007338,W01,C01,2025-06-26,2025-06-30,2025-06-29,1,1
S006980,O007339,W02,C02,2025-08-01,2025-08-02,2025-08-02,1,1
S006981,O007340,W02,C01,2025-10-27,2025-10-28,2025-10-28,1,1
S006982,O007341,W01,C03,2025-10-13,2025-10-15,2025-10-15,1,1
S006983,O007342,W01,C02,2025-12-25,2025-12-28,2025-12-28,1,1
S006984,O007343,W01,C02,2025-02-05,2025-02-08,2025-02-08,1,1
S006985,O007345,W01,C01,2025-06-29,2025-07-02,2025-07-02,1,1
S006986,O007346,W01,C01,2025-02-10,2025-02-11,2025-02-11,1,2
S006987,O007347,W01,C03,2025-07-20,2025-07-22,2025-07-22,1,1
S006988,O007348,W03,C02,2025-11-27,2025-11-30,2025-11-30,1,1
S006989,O007349,W01,C03,2025-01-06,2025-01-10,2025-01-10,1,0
S006990,O007350,W01,C01,2025-12-05,2025-12-06,2025-12-06,1,3
S006991,O007351,W02,C03,2025-12-03,2025-12-05,2025-12-04,1,2
S006992,O007352,W02,C04,2025-06-20,2025-06-22,2025-06-25,0,1
S006993,O007353,W01,C02,2025-07-22,2025-07-25,2025-07-25,1,1
S006994,O007354,W03,C02,2025-08-13,2025-08-14,2025-08-14,1,2
S006995,O007355,W01,C01,2025-05-05,2025-05-07,2025-05-07,1,2
S006996,O007356,W01,C01,2025-09-24,2025-09-27,2025-09-26,1,0
S006997,O007357,W03,C01,2025-11-08,2025-11-11,2025-11-11,1,1
S006998,O007358,W03,C03,2025-12-24,2025-12-26,2025-12-25,1,2
S006999,O007359,W02,C03,2025-06-28,2025-06-29,2025-06-29,1,2
S007000,O007360,W01,C02,2025-04-25,2025-04-27,2025-04-26,1,1
S007001,O007363,W03,C04,2025-05-07,2025-05-11,2025-05-13,0,0
S007002,O007364,W02,C04,2025-02-06,2025-02-09,2025-02-10,0,1
S007003,O007365,W01,C03,2025-10-27,2025-10-30,2025-10-29,1,1
S007004,O007366,W03,C04,2025-12-21,2025-12-22,2025-12-24,0,2
S007005,O007367,W02,C02,2025-10-26,2025-10-29,2025-10-29,1,2
S007006,O007368,W02,C01,2025-05-21,2025-05-22,2025-05-22,1,2
S007007,O007369,W02,C01,2025-09-27,2025-09-28,2025-09-28,1,1
S007008,O007370,W03,C02,2025-10-29,2025-10-31,2025-10-31,1,2
S007009,O007371,W03,C03,2025-05-16,2025-05-18,2025-05-18,1,1
S007010,O007372,W01,C04,2025-10-21,2025-10-22,2025-10-22,1,2
S007011,O007373,W01,C01,2025-06-23,2025-06-26,2025-06-25,1,1
S007012,O007374,W02,C03,2025-06-22,2025-06-24,2025-06-26,0,1
S007013,O007375,W01,C02,2025-03-18,2025-03-23,2025-03-23,1,0
S007014,O007376,W01,C02,2025-04-23,2025-04-23,2025-04-23,1,2
S007015,O007377,W01,C03,2025-05-13,2025-05-17,2025-05-17,1,1
S007016,O007378,W01,C01,2025-12-13,2025-12-13,2025-12-13,1,2
S007017,O007379,W01,C02,2025-09-29,2025-10-02,2025-10-02,1,1
S007018,O007380,W02,C02,2025-08-09,2025-08-12,2025-08-11,1,0
S007019,O007381,W01,C03,2025-01-31,2025-02-02,2025-02-02,1,1
S007020,O007382,W03,C01,2025-10-20,2025-10-23,2025-10-23,1,1
S007021,O007383,W02,C04,2025-09-23,2025-09-25,2025-09-28,0,1
S007022,O007384,W01,C03,2025-06-17,2025-06-20,2025-06-19,1,2
S007023,O007385,W01,C02,2025-07-05,2025-07-07,2025-07-07,1,0
S007024,O007386,W02,C01,2025-06-06,2025-06-08,2025-06-08,1,1
S007025,O007387,W02,C02,2025-08-10,2025-08-13,2025-08-17,0,1
S007026,O007388,W01,C03,2025-01-08,2025-01-10,2025-01-09,1,1
S007027,O007389,W02,C03,2025-06-25,2025-06-27,2025-06-28,0,2
S007028,O007390,W03,C02,2025-08-02,2025-08-07,2025-08-07,1,0
S007029,O007391,W01,C03,2025-05-11,2025-05-13,2025-05-12,1,1
S007030,O007392,W02,C01,2025-10-23,2025-10-25,2025-10-24,1,1
S007031,O007393,W02,C01,2025-11-02,2025-11-04,2025-11-04,1,1
S007032,O007394,W01,C01,2025-03-20,2025-03-24,2025-03-24,1,1
S007033,O007395,W02,C02,2025-04-29,2025-05-03,2025-05-03,1,0
S007034,O007396,W03,C04,2025-11-02,2025-11-05,2025-11-07,0,0
S007035,O007397,W02,C02,2025-05-24,2025-05-26,2025-05-25,1,2
S007036,O007398,W01,C02,2025-04-17,2025-04-18,2025-04-18,1,2
S007037,O007399,W03,C01,2025-04-02,2025-04-05,2025-04-05,1,0
S007038,O007400,W02,C04,2025-07-20,2025-07-22,2025-07-22,1,1
S007039,O007401,W03,C04,2025-03-06,2025-03-08,2025-03-09,0,1
S007040,O007402,W01,C04,2025-01-10,2025-01-11,2025-01-11,1,1
S007041,O007403,W02,C01,2025-04-18,2025-04-18,2025-04-18,1,3
S007042,O007404,W01,C02,2025-12-30,2026-01-01,2026-01-01,1,1
S007043,O007405,W01,C03,2025-03-07,2025-03-09,2025-03-08,1,3
S007044,O007406,W01,C02,2025-08-15,2025-08-17,2025-08-17,1,1
S007045,O007407,W01,C03,2025-12-01,2025-12-03,2025-12-04,0,2
S007046,O007408,W03,C04,2025-08-04,2025-08-08,2025-08-08,1,1
S007047,O007409,W01,C03,2025-08-15,2025-08-19,2025-08-19,1,1
S007048,O007410,W02,C02,2025-12-31,2026-01-03,2026-01-03,1,1
S007049,O007411,W01,C02,2025-10-17,2025-10-20,2025-10-20,1,1
S007050,O007412,W02,C03,2025-05-16,2025-05-17,2025-05-18,0,2
S007051,O007413,W01,C04,2025-01-21,2025-01-24,2025-01-24,1,2
S007052,O007414,W03,C03,2025-03-17,2025-03-18,2025-03-22,0,2
S007053,O007415,W02,C02,2025-11-03,2025-11-07,2025-11-07,1,1
S007054,O007416,W02,C02,2025-07-24,2025-07-24,2025-07-24,1,3
S007055,O007417,W02,C04,2025-10-29,2025-11-01,2025-11-01,1,1
S007056,O007418,W01,C01,2025-08-16,2025-08-18,2025-08-21,0,1
S007057,O007419,W02,C02,2025-12-13,2025-12-16,2025-12-15,1,1
S007058,O007420,W01,C01,2025-05-17,2025-05-21,2025-05-21,1,1
S007059,O007421,W02,C03,2025-05-13,2025-05-17,2025-05-20,0,0
S007060,O007422,W02,C01,2025-01-04,2025-01-06,2025-01-05,1,2
S007061,O007423,W03,C03,2025-08-25,2025-08-28,2025-08-28,1,1
S007062,O007424,W03,C02,2025-02-05,2025-02-07,2025-02-07,1,1
S007063,O007425,W03,C02,2025-08-08,2025-08-10,2025-08-13,0,1
S007064,O007426,W01,C01,2025-07-03,2025-07-05,2025-07-04,1,2
S007065,O007427,W01,C03,2025-11-08,2025-11-11,2025-11-11,1,1
S007066,O007428,W01,C02,2025-02-07,2025-02-11,2025-02-11,1,1
S007067,O007429,W01,C02,2025-12-21,2025-12-22,2025-12-24,0,2
S007068,O007430,W03,C01,2025-10-21,2025-10-23,2025-10-22,1,2
S007069,O007431,W03,C02,2025-06-19,2025-06-20,2025-06-20,1,1
S007070,O007432,W02,C02,2025-09-12,2025-09-12,2025-09-12,1,2
S007071,O007433,W01,C01,2025-12-27,2025-12-27,2025-12-27,1,3
S007072,O007434,W01,C02,2025-06-30,2025-07-03,2025-07-02,1,0
S007073,O007435,W02,C03,2025-09-13,2025-09-13,2025-09-13,1,2
S007074,O007436,W01,C03,2025-01-06,2025-01-08,2025-01-08,1,3
S007075,O007437,W03,C04,2025-01-25,2025-01-26,2025-01-27,0,2
S007076,O007438,W03,C02,2025-10-21,2025-10-21,2025-10-21,1,2
S007077,O007439,W01,C02,2025-11-04,2025-11-06,2025-11-06,1,1
S007078,O007440,W02,C02,2025-05-16,2025-05-18,2025-05-18,1,3
S007079,O007441,W02,C01,2025-02-04,2025-02-07,2025-02-07,1,1
S007080,O007442,W02,C02,2025-04-06,2025-04-09,2025-04-08,1,2
S007081,O007443,W03,C03,2025-04-01,2025-04-04,2025-04-04,1,1
S007082,O007444,W03,C02,2025-09-12,2025-09-14,2025-09-18,0,2
S007083,O007445,W01,C01,2025-01-17,2025-01-19,2025-01-21,0,1
S007084,O007446,W03,C02,2025-02-12,2025-02-14,2025-02-14,1,1
S007085,O007447,W02,C03,2025-04-24,2025-04-25,2025-04-27,0,1
S007086,O007449,W02,C04,2025-04-08,2025-04-11,2025-04-11,1,1
S007087,O007450,W02,C03,2025-07-09,2025-07-12,2025-07-12,1,2
S007088,O007451,W03,C03,2025-06-26,2025-06-27,2025-06-30,0,2
S007089,O007452,W02,C01,2025-10-25,2025-10-29,2025-10-28,1,1
S007090,O007453,W01,C03,2025-05-24,2025-05-25,2025-05-25,1,1
S007091,O007454,W03,C04,2025-04-20,2025-04-22,2025-04-22,1,2
S007092,O007455,W02,C04,2025-08-18,2025-08-21,2025-08-21,1,2
S007093,O007456,W01,C01,2025-12-06,2025-12-10,2025-12-10,1,0
S007094,O007457,W02,C02,2025-05-20,2025-05-22,2025-05-22,1,1
S007095,O007458,W03,C02,2025-05-19,2025-05-21,2025-05-21,1,2
S007096,O007459,W03,C02,2025-11-27,2025-11-28,2025-11-28,1,2
S007097,O007460,W01,C02,2025-07-11,2025-07-13,2025-07-13,1,1
S007098,O007461,W03,C01,2025-06-11,2025-06-15,2025-06-15,1,1
S007099,O007462,W03,C01,2025-10-19,2025-10-22,2025-10-22,1,2
S007100,O007463,W02,C04,2025-11-24,2025-11-26,2025-11-27,0,1
S007101,O007464,W02,C02,2025-06-02,2025-06-05,2025-06-04,1,2
S007102,O007465,W01,C01,2025-01-04,2025-01-05,2025-01-05,1,1
S007103,O007467,W03,C03,2025-07-17,2025-07-17,2025-07-17,1,2
S007104,O007468,W03,C02,2025-01-26,2025-01-28,2025-01-28,1,1
S007105,O007469,W01,C02,2025-09-02,2025-09-03,2025-09-03,1,2
S007106,O007470,W03,C01,2025-05-01,2025-05-05,2025-05-05,1,1
S007107,O007472,W02,C01,2025-08-30,2025-09-02,2025-09-01,1,2
S007108,O007473,W02,C03,2025-01-19,2025-01-21,2025-01-20,1,1
S007109,O007474,W01,C03,2025-10-24,2025-10-27,2025-10-26,1,1
S007110,O007475,W01,C04,2025-11-23,2025-11-26,2025-11-25,1,1
S007111,O007476,W01,C02,2025-05-14,2025-05-17,2025-05-16,1,1
S007112,O007477,W01,C02,2025-05-30,2025-06-01,2025-06-01,1,2
S007113,O007478,W02,C03,2025-10-29,2025-10-30,2025-10-30,1,2
S007114,O007479,W02,C01,2025-07-13,2025-07-14,2025-07-14,1,1
S007115,O007480,W01,C03,2025-12-09,2025-12-11,2025-12-11,1,2
S007116,O007481,W02,C01,2025-06-14,2025-06-18,2025-06-18,1,0
S007117,O007482,W01,C02,2025-04-02,2025-04-03,2025-04-03,1,1
S007118,O007483,W03,C03,2025-11-29,2025-11-29,2025-11-29,1,2
S007119,O007484,W03,C01,2025-01-04,2025-01-07,2025-01-07,1,0
S007120,O007485,W02,C04,2025-10-15,2025-10-18,2025-10-22,0,1
S007121,O007486,W02,C03,2025-09-07,2025-09-10,2025-09-10,1,1
S007122,O007487,W02,C03,2025-04-20,2025-04-22,2025-04-21,1,1
S007123,O007488,W02,C03,2025-12-01,2025-12-03,2025-12-03,1,2
S007124,O007489,W03,C03,2025-06-08,2025-06-09,2025-06-09,1,1
S007125,O007490,W03,C01,2025-05-24,2025-05-28,2025-05-31,0,1
S007126,O007491,W02,C01,2025-12-15,2025-12-18,2025-12-18,1,1
S007127,O007492,W01,C02,2025-12-06,2025-12-08,2025-12-08,1,1
S007128,O007493,W02,C01,2025-07-31,2025-08-01,2025-08-01,1,2
S007129,O007495,W02,C02,2025-09-05,2025-09-06,2025-09-06,1,3
S007130,O007496,W02,C01,2025-10-09,2025-10-10,2025-10-10,1,2
S007131,O007497,W02,C03,2025-04-14,2025-04-16,2025-04-15,1,2
S007132,O007498,W02,C03,2025-10-31,2025-11-03,2025-11-03,1,1
S007133,O007499,W03,C01,2025-08-29,2025-08-31,2025-08-31,1,2
S007134,O007500,W02,C01,2025-11-12,2025-11-15,2025-11-14,1,1
S007135,O007501,W02,C03,2025-06-29,2025-06-30,2025-06-30,1,1
S007136,O007502,W02,C01,2025-10-13,2025-10-15,2025-10-15,1,2
S007137,O007503,W01,C03,2026-01-01,2026-01-05,2026-01-05,1,1
S007138,O007504,W01,C03,2025-05-18,2025-05-20,2025-05-20,1,1
S007139,O007505,W02,C03,2025-07-25,2025-07-26,2025-07-26,1,1
S007140,O007506,W03,C01,2025-11-18,2025-11-19,2025-11-19,1,2
S007141,O007508,W02,C04,2025-08-12,2025-08-15,2025-08-16,0,1
S007142,O007509,W03,C02,2025-10-18,2025-10-18,2025-10-18,1,2
S007143,O007510,W02,C02,2025-01-08,2025-01-09,2025-01-09,1,2
S007144,O007511,W01,C01,2025-02-18,2025-02-20,2025-02-20,1,1
S007145,O007512,W03,C01,2025-05-06,2025-05-09,2025-05-09,1,1
S007146,O007513,W02,C02,2025-05-04,2025-05-06,2025-05-05,1,2
S007147,O007514,W01,C01,2025-09-12,2025-09-14,2025-09-14,1,2
S007148,O007515,W01,C01,2025-10-31,2025-11-05,2025-11-05,1,0
S007149,O007516,W02,C03,2025-01-03,2025-01-04,2025-01-06,0,2
S007150,O007517,W03,C03,2025-11-29,2025-12-01,2025-11-30,1,1
S007151,O007518,W01,C04,2025-02-02,2025-02-04,2025-02-03,1,2
S007152,O007519,W01,C03,2025-02-22,2025-02-23,2025-02-23,1,2
S007153,O007520,W01,C03,2025-11-21,2025-11-25,2025-11-25,1,0
S007154,O007521,W01,C01,2025-08-05,2025-08-07,2025-08-06,1,1
S007155,O007522,W02,C03,2025-09-30,2025-10-01,2025-10-01,1,2
S007156,O007524,W02,C01,2025-07-08,2025-07-09,2025-07-09,1,1
S007157,O007525,W01,C01,2025-10-11,2025-10-14,2025-10-14,1,2
S007158,O007526,W02,C01,2025-07-04,2025-07-07,2025-07-06,1,1
S007159,O007529,W03,C01,2025-12-16,2025-12-19,2025-12-19,1,1
S007160,O007530,W02,C03,2025-07-28,2025-07-30,2025-07-30,1,2
S007161,O007531,W01,C01,2025-05-16,2025-05-16,2025-05-16,1,2
S007162,O007532,W03,C01,2025-09-22,2025-09-25,2025-09-28,0,1
S007163,O007533,W01,C01,2025-01-07,2025-01-08,2025-01-08,1,2
S007164,O007534,W01,C02,2025-08-13,2025-08-16,2025-08-15,1,1
S007165,O007535,W03,C04,2025-11-26,2025-11-28,2025-11-28,1,1
S007166,O007536,W02,C02,2025-12-10,2025-12-12,2025-12-12,1,1
S007167,O007537,W03,C02,2025-06-07,2025-06-09,2025-06-08,1,1
S007168,O007538,W03,C01,2025-08-04,2025-08-06,2025-08-06,1,2
S007169,O007539,W01,C04,2025-03-17,2025-03-17,2025-03-17,1,3
S007170,O007540,W01,C02,2025-08-07,2025-08-10,2025-08-12,0,0
S007171,O007541,W01,C01,2025-07-10,2025-07-12,2025-07-12,1,1
S007172,O007542,W03,C02,2025-03-18,2025-03-21,2025-03-20,1,0
S007173,O007543,W01,C02,2025-05-05,2025-05-08,2025-05-08,1,1
S007174,O007544,W01,C02,2025-10-22,2025-10-24,2025-10-24,1,2
S007175,O007545,W01,C01,2025-09-17,2025-09-20,2025-09-20,1,0
S007176,O007546,W03,C03,2025-10-13,2025-10-15,2025-10-16,0,2
S007177,O007547,W01,C03,2025-10-06,2025-10-08,2025-10-08,1,0
S007178,O007548,W02,C04,2025-04-26,2025-04-30,2025-04-30,1,1
S007179,O007549,W02,C03,2025-01-25,2025-01-26,2025-01-26,1,1
S007180,O007550,W02,C03,2025-02-03,2025-02-07,2025-02-07,1,0
S007181,O007551,W02,C01,2025-03-28,2025-03-31,2025-04-03,0,0
S007182,O007552,W02,C04,2025-07-21,2025-07-23,2025-07-23,1,0
S007183,O007553,W02,C01,2025-08-21,2025-08-23,2025-08-23,1,2
S007184,O007554,W03,C01,2025-08-06,2025-08-09,2025-08-09,1,1
S007185,O007555,W01,C01,2025-06-04,2025-06-06,2025-06-06,1,1
S007186,O007556,W01,C03,2025-10-01,2025-10-04,2025-10-04,1,1
S007187,O007557,W01,C03,2025-05-08,2025-05-11,2025-05-11,1,1
S007188,O007558,W02,C04,2025-05-30,2025-05-31,2025-05-31,1,2
S007189,O007559,W01,C01,2025-01-18,2025-01-20,2025-01-20,1,1
S007190,O007560,W01,C02,2025-02-18,2025-02-21,2025-02-21,1,1
S007191,O007561,W01,C02,2025-11-16,2025-11-18,2025-11-18,1,1
S007192,O007562,W01,C01,2025-10-31,2025-11-02,2025-11-02,1,2
S007193,O007563,W02,C01,2025-01-12,2025-01-16,2025-01-15,1,1
S007194,O007564,W01,C03,2025-09-15,2025-09-18,2025-09-22,0,1
S007195,O007565,W02,C01,2025-10-09,2025-10-11,2025-10-10,1,2
S007196,O007567,W03,C04,2025-07-20,2025-07-23,2025-07-23,1,0
S007197,O007568,W03,C02,2025-07-11,2025-07-12,2025-07-12,1,1
S007198,O007569,W02,C01,2025-11-27,2025-11-28,2025-11-28,1,2
S007199,O007571,W01,C03,2025-08-24,2025-08-26,2025-08-26,1,1
S007200,O007572,W01,C02,2025-01-03,2025-01-06,2025-01-06,1,1
S007201,O007573,W02,C01,2025-12-24,2025-12-26,2025-12-26,1,1
S007202,O007574,W01,C01,2025-02-19,2025-02-22,2025-02-22,1,1
S007203,O007575,W02,C02,2025-06-19,2025-06-20,2025-06-20,1,1
S007204,O007576,W02,C02,2025-02-22,2025-02-24,2025-02-24,1,1
S007205,O007577,W03,C03,2025-02-10,2025-02-12,2025-02-11,1,2
S007206,O007578,W02,C02,2025-10-10,2025-10-13,2025-10-13,1,1
S007207,O007579,W01,C04,2025-06-12,2025-06-15,2025-06-17,0,1
S007208,O007580,W01,C04,2025-12-10,2025-12-13,2025-12-12,1,0
S007209,O007581,W03,C03,2025-03-26,2025-03-29,2025-03-29,1,0
S007210,O007582,W01,C01,2025-04-07,2025-04-09,2025-04-09,1,2
S007211,O007583,W01,C03,2025-05-16,2025-05-18,2025-05-18,1,1
S007212,O007584,W01,C02,2025-03-30,2025-04-02,2025-04-06,0,1
S007213,O007585,W02,C03,2025-01-30,2025-02-03,2025-02-02,1,1
S007214,O007586,W02,C01,2025-07-18,2025-07-18,2025-07-18,1,2
S007215,O007587,W03,C04,2025-06-12,2025-06-15,2025-06-17,0,1
S007216,O007588,W03,C03,2025-05-23,2025-05-24,2025-05-24,1,1
S007217,O007589,W01,C01,2025-10-12,2025-10-14,2025-10-13,1,0
S007218,O007590,W02,C03,2025-03-06,2025-03-06,2025-03-06,1,2
S007219,O007591,W03,C02,2025-05-20,2025-05-23,2025-05-22,1,1
S007220,O007592,W02,C01,2025-01-07,2025-01-09,2025-01-08,1,1
S007221,O007593,W02,C03,2025-01-31,2025-02-03,2025-02-02,1,0
S007222,O007594,W02,C01,2025-01-09,2025-01-11,2025-01-11,1,1
S007223,O007595,W02,C01,2025-01-03,2025-01-05,2025-01-04,1,1
S007224,O007596,W01,C03,2025-08-11,2025-08-12,2025-08-12,1,2
S007225,O007597,W01,C03,2025-06-20,2025-06-23,2025-06-23,1,1
S007226,O007598,W02,C01,2025-09-26,2025-09-28,2025-09-27,1,1
S007227,O007599,W02,C03,2025-01-09,2025-01-10,2025-01-10,1,1
S007228,O007600,W01,C02,2025-07-22,2025-07-25,2025-07-25,1,1
S007229,O007601,W01,C01,2025-03-01,2025-03-04,2025-03-04,1,1
S007230,O007602,W01,C01,2025-08-31,2025-09-02,2025-09-02,1,2
S007231,O007604,W01,C04,2025-10-16,2025-10-18,2025-10-18,1,1
S007232,O007605,W01,C01,2025-08-15,2025-08-18,2025-08-18,1,1
S007233,O007606,W01,C02,2025-10-03,2025-10-04,2025-10-04,1,1
S007234,O007607,W01,C01,2025-11-09,2025-11-12,2025-11-14,0,2
S007235,O007610,W01,C02,2025-09-20,2025-09-22,2025-09-23,0,1
S007236,O007611,W03,C01,2025-08-08,2025-08-10,2025-08-10,1,1
S007237,O007612,W02,C01,2025-12-16,2025-12-18,2025-12-18,1,1
S007238,O007613,W01,C03,2025-05-17,2025-05-20,2025-05-20,1,1
S007239,O007614,W01,C01,2025-06-09,2025-06-10,2025-06-10,1,1
S007240,O007615,W01,C02,2025-03-08,2025-03-08,2025-03-08,1,2
S007241,O007616,W01,C01,2025-04-17,2025-04-18,2025-04-18,1,1
S007242,O007617,W02,C03,2025-09-04,2025-09-06,2025-09-06,1,2
S007243,O007618,W01,C03,2025-08-21,2025-08-23,2025-08-23,1,1
S007244,O007619,W02,C03,2025-06-13,2025-06-13,2025-06-14,0,2
S007245,O007620,W02,C03,2025-04-20,2025-04-24,2025-04-24,1,0
S007246,O007621,W03,C03,2025-05-30,2025-06-02,2025-06-02,1,0
S007247,O007622,W03,C02,2025-04-10,2025-04-11,2025-04-11,1,2
S007248,O007623,W01,C04,2025-12-15,2025-12-18,2025-12-18,1,1
S007249,O007624,W03,C01,2025-02-18,2025-02-20,2025-02-20,1,1
S007250,O007625,W03,C02,2025-07-27,2025-07-29,2025-07-28,1,1
S007251,O007626,W01,C04,2025-02-25,2025-02-28,2025-03-03,0,0
S007252,O007627,W01,C04,2025-12-01,2025-12-03,2025-12-02,1,2
S007253,O007628,W02,C02,2025-10-10,2025-10-13,2025-10-13,1,2
S007254,O007629,W02,C02,2025-10-13,2025-10-15,2025-10-15,1,1
S007255,O007630,W01,C01,2025-01-04,2025-01-08,2025-01-07,1,1
S007256,O007631,W01,C01,2025-01-07,2025-01-09,2025-01-09,1,1
S007257,O007632,W03,C01,2025-07-20,2025-07-23,2025-07-23,1,1
S007258,O007633,W02,C04,2025-02-18,2025-02-18,2025-02-22,0,2
S007259,O007634,W02,C03,2025-06-09,2025-06-12,2025-06-12,1,1
S007260,O007635,W01,C04,2025-05-08,2025-05-10,2025-05-10,1,2
S007261,O007637,W01,C03,2025-06-21,2025-06-23,2025-06-27,0,1
S007262,O007638,W01,C03,2025-09-02,2025-09-04,2025-09-04,1,2
S007263,O007639,W01,C03,2025-07-12,2025-07-15,2025-07-17,0,1
S007264,O007640,W03,C02,2025-03-09,2025-03-13,2025-03-13,1,1
S007265,O007641,W02,C01,2025-12-10,2025-12-11,2025-12-11,1,1
S007266,O007642,W03,C03,2025-11-02,2025-11-04,2025-11-06,0,2
S007267,O007643,W03,C03,2025-11-21,2025-11-25,2025-11-27,0,0
S007268,O007644,W01,C04,2025-08-08,2025-08-10,2025-08-10,1,2
S007269,O007645,W02,C02,2025-08-28,2025-08-31,2025-08-31,1,1
S007270,O007646,W03,C03,2025-08-08,2025-08-10,2025-08-09,1,2
S007271,O007647,W02,C01,2025-05-27,2025-05-29,2025-05-30,0,2
S007272,O007648,W02,C04,2025-08-31,2025-09-01,2025-09-01,1,2
S007273,O007649,W01,C03,2025-01-26,2025-01-30,2025-01-30,1,1
S007274,O007650,W03,C02,2025-08-29,2025-08-31,2025-08-31,1,1
S007275,O007651,W02,C01,2025-03-18,2025-03-19,2025-03-19,1,2
S007276,O007652,W01,C03,2025-05-19,2025-05-23,2025-05-23,1,1
S007277,O007653,W01,C02,2025-11-17,2025-11-19,2025-11-18,1,1
S007278,O007654,W03,C03,2025-11-27,2025-11-30,2025-12-01,0,0
S007279,O007655,W02,C03,2025-08-21,2025-08-24,2025-08-24,1,2
S007280,O007656,W01,C02,2025-04-06,2025-04-09,2025-04-09,1,1
S007281,O007657,W01,C03,2025-01-22,2025-01-24,2025-01-24,1,1
S007282,O007658,W02,C01,2025-10-16,2025-10-16,2025-10-16,1,2
S007283,O007659,W01,C04,2025-04-06,2025-04-09,2025-04-09,1,2
S007284,O007660,W02,C01,2025-07-06,2025-07-09,2025-07-09,1,2
S007285,O007661,W01,C02,2025-11-30,2025-12-01,2025-12-04,0,1
S007286,O007662,W03,C03,2025-02-08,2025-02-10,2025-02-10,1,1
S007287,O007663,W01,C04,2025-08-26,2025-08-27,2025-08-27,1,2
S007288,O007664,W03,C03,2025-08-13,2025-08-16,2025-08-16,1,0
S007289,O007665,W01,C03,2025-11-17,2025-11-18,2025-11-18,1,3
S007290,O007666,W03,C01,2025-08-23,2025-08-25,2025-08-25,1,1
S007291,O007667,W03,C03,2025-04-04,2025-04-05,2025-04-05,1,1
S007292,O007668,W02,C02,2025-06-19,2025-06-21,2025-06-22,0,1
S007293,O007669,W03,C03,2025-12-20,2025-12-24,2025-12-23,1,1
S007294,O007670,W02,C02,2025-02-03,2025-02-06,2025-02-05,1,1
S007295,O007671,W02,C01,2025-04-30,2025-05-01,2025-05-01,1,2
S007296,O007672,W01,C04,2025-11-20,2025-11-22,2025-11-26,0,1
S007297,O007673,W02,C04,2025-03-17,2025-03-20,2025-03-19,1,2
S007298,O007674,W02,C02,2025-11-16,2025-11-18,2025-11-17,1,2
S007299,O007675,W02,C01,2025-06-01,2025-06-02,2025-06-02,1,2
S007300,O007676,W01,C02,2025-03-11,2025-03-14,2025-03-18,0,0
S007301,O007677,W01,C03,2025-09-15,2025-09-16,2025-09-17,0,2
S007302,O007678,W03,C02,2025-05-10,2025-05-13,2025-05-12,1,2
S007303,O007679,W01,C03,2025-07-29,2025-08-02,2025-08-02,1,1
S007304,O007680,W01,C02,2025-04-30,2025-04-30,2025-04-30,1,2
S007305,O007681,W01,C04,2025-12-19,2025-12-19,2025-12-19,1,2
S007306,O007682,W03,C04,2025-08-26,2025-08-30,2025-08-30,1,0
S007307,O007683,W01,C02,2025-05-22,2025-05-26,2025-05-26,1,1
S007308,O007684,W03,C02,2025-04-13,2025-04-16,2025-04-15,1,1
S007309,O007685,W03,C01,2025-08-01,2025-08-03,2025-08-03,1,1
S007310,O007686,W03,C03,2025-02-09,2025-02-09,2025-02-10,0,2
S007311,O007687,W02,C01,2025-12-07,2025-12-08,2025-12-08,1,2
S007312,O007688,W01,C04,2025-01-02,2025-01-07,2025-01-09,0,0
S007313,O007689,W01,C01,2025-06-12,2025-06-13,2025-06-13,1,1
S007314,O007690,W03,C02,2025-02-19,2025-02-23,2025-02-22,1,1
S007315,O007691,W01,C02,2025-02-03,2025-02-08,2025-02-08,1,0
S007316,O007692,W02,C03,2025-10-24,2025-10-25,2025-10-25,1,2
S007317,O007693,W03,C02,2025-11-22,2025-11-25,2025-11-25,1,1
S007318,O007694,W02,C03,2025-11-23,2025-11-25,2025-11-25,1,1
S007319,O007695,W02,C04,2025-05-06,2025-05-07,2025-05-07,1,2
S007320,O007696,W02,C02,2025-03-27,2025-03-29,2025-04-01,0,2
S007321,O007697,W02,C03,2025-01-03,2025-01-04,2025-01-04,1,2
S007322,O007698,W03,C02,2025-04-27,2025-04-28,2025-04-28,1,2
S007323,O007699,W01,C02,2025-12-29,2025-12-29,2025-12-30,0,2
S007324,O007701,W01,C01,2025-10-19,2025-10-20,2025-10-20,1,2
S007325,O007702,W02,C04,2025-06-24,2025-06-27,2025-06-28,0,1
S007326,O007703,W01,C03,2025-05-03,2025-05-03,2025-05-03,1,2
S007327,O007704,W01,C01,2025-07-16,2025-07-17,2025-07-17,1,1
S007328,O007705,W01,C01,2025-02-05,2025-02-08,2025-02-08,1,0
S007329,O007706,W03,C03,2025-08-09,2025-08-09,2025-08-09,1,2
S007330,O007707,W02,C02,2025-09-24,2025-09-25,2025-09-26,0,1
S007331,O007708,W01,C01,2025-12-08,2025-12-09,2025-12-09,1,1
S007332,O007709,W01,C03,2025-10-04,2025-10-07,2025-10-07,1,1
S007333,O007710,W02,C01,2025-04-19,2025-04-23,2025-04-23,1,1
S007334,O007711,W01,C02,2025-09-19,2025-09-21,2025-09-20,1,1
S007335,O007712,W02,C03,2025-10-26,2025-10-27,2025-10-27,1,1
S007336,O007713,W02,C01,2025-11-10,2025-11-11,2025-11-11,1,1
S007337,O007715,W03,C02,2025-11-24,2025-11-26,2025-11-26,1,1
S007338,O007716,W03,C03,2025-09-23,2025-09-22,2025-09-22,1,3
S007339,O007717,W01,C02,2025-12-20,2025-12-21,2025-12-21,1,2
S007340,O007718,W01,C02,2025-01-29,2025-01-30,2025-01-30,1,2
S007341,O007720,W01,C03,2025-04-15,2025-04-18,2025-04-17,1,1
S007342,O007721,W02,C04,2025-04-17,2025-04-17,2025-04-17,1,2
S007343,O007722,W02,C01,2025-08-25,2025-08-25,2025-08-25,1,3
S007344,O007723,W01,C03,2025-08-27,2025-08-31,2025-08-31,1,1
S007345,O007724,W03,C01,2025-06-07,2025-06-08,2025-06-08,1,2
S007346,O007725,W01,C02,2025-12-10,2025-12-12,2025-12-12,1,1
S007347,O007726,W01,C03,2025-02-13,2025-02-18,2025-02-18,1,0
S007348,O007727,W02,C01,2025-12-04,2025-12-07,2025-12-06,1,1
S007349,O007728,W01,C04,2025-10-20,2025-10-20,2025-10-20,1,2
S007350,O007729,W01,C03,2025-05-26,2025-05-28,2025-05-27,1,2
S007351,O007730,W01,C03,2025-07-17,2025-07-18,2025-07-20,0,1
S007352,O007731,W03,C03,2025-10-30,2025-11-01,2025-11-02,0,1
S007353,O007732,W02,C04,2025-01-04,2025-01-05,2025-01-07,0,2
S007354,O007733,W02,C04,2025-05-11,2025-05-14,2025-05-14,1,1
S007355,O007734,W03,C03,2025-08-14,2025-08-16,2025-08-16,1,1
S007356,O007735,W01,C01,2025-11-21,2025-11-25,2025-11-24,1,0
S007357,O007736,W02,C02,2025-01-25,2025-01-25,2025-01-25,1,2
S007358,O007738,W01,C01,2025-11-15,2025-11-17,2025-11-17,1,1
S007359,O007739,W01,C04,2025-07-25,2025-07-29,2025-07-29,1,1
S007360,O007740,W01,C02,2025-05-27,2025-05-28,2025-05-28,1,1
S007361,O007741,W01,C03,2025-03-15,2025-03-18,2025-03-18,1,1
S007362,O007742,W01,C04,2025-04-26,2025-04-29,2025-04-29,1,1
S007363,O007743,W03,C03,2025-08-09,2025-08-12,2025-08-11,1,0
S007364,O007744,W01,C03,2025-09-07,2025-09-08,2025-09-08,1,2
S007365,O007745,W01,C02,2025-11-13,2025-11-16,2025-11-16,1,1
S007366,O007746,W01,C02,2025-05-11,2025-05-12,2025-05-12,1,1
S007367,O007747,W02,C02,2025-09-06,2025-09-07,2025-09-07,1,2
S007368,O007748,W01,C03,2025-01-29,2025-01-31,2025-01-31,1,2
S007369,O007749,W03,C01,2025-05-13,2025-05-14,2025-05-14,1,1
S007370,O007750,W01,C03,2025-01-28,2025-01-31,2025-01-31,1,2
S007371,O007751,W01,C01,2025-08-05,2025-08-06,2025-08-06,1,1
S007372,O007752,W02,C01,2025-08-11,2025-08-13,2025-08-13,1,2
S007373,O007753,W01,C01,2025-01-13,2025-01-17,2025-01-17,1,0
S007374,O007754,W01,C01,2025-01-25,2025-01-29,2025-01-29,1,1
S007375,O007755,W01,C03,2025-03-23,2025-03-26,2025-03-26,1,1
S007376,O007756,W01,C04,2025-05-29,2025-05-30,2025-05-30,1,2
S007377,O007757,W01,C01,2025-06-26,2025-06-28,2025-06-29,0,1
S007378,O007758,W01,C04,2025-04-07,2025-04-08,2025-04-08,1,2
S007379,O007759,W02,C02,2025-08-07,2025-08-10,2025-08-10,1,2
S007380,O007761,W01,C02,2025-05-06,2025-05-07,2025-05-07,1,2
S007381,O007762,W01,C03,2025-03-23,2025-03-25,2025-03-29,0,1
S007382,O007763,W01,C01,2025-05-15,2025-05-16,2025-05-16,1,2
S007383,O007764,W01,C04,2025-04-15,2025-04-17,2025-04-17,1,1
S007384,O007765,W02,C01,2025-10-08,2025-10-11,2025-10-11,1,1
S007385,O007766,W01,C04,2025-11-26,2025-11-28,2025-12-02,0,1
S007386,O007767,W02,C02,2025-03-07,2025-03-08,2025-03-08,1,1
S007387,O007768,W03,C03,2025-10-03,2025-10-04,2025-10-04,1,2
S007388,O007769,W02,C03,2025-02-27,2025-03-01,2025-03-01,1,2
S007389,O007770,W01,C04,2025-07-07,2025-07-08,2025-07-12,0,3
S007390,O007771,W01,C02,2025-03-25,2025-03-26,2025-03-26,1,2
S007391,O007772,W03,C02,2025-06-01,2025-06-03,2025-06-03,1,2
S007392,O007773,W01,C01,2025-12-18,2025-12-20,2025-12-20,1,1
S007393,O007774,W01,C02,2025-03-12,2025-03-14,2025-03-14,1,2
S007394,O007775,W01,C03,2025-07-28,2025-07-28,2025-07-28,1,2
S007395,O007776,W01,C02,2025-07-14,2025-07-15,2025-07-15,1,1
S007396,O007777,W03,C02,2025-03-31,2025-04-02,2025-04-01,1,2
S007397,O007778,W02,C02,2025-07-20,2025-07-21,2025-07-21,1,2
S007398,O007779,W01,C03,2025-06-13,2025-06-16,2025-06-16,1,1
S007399,O007780,W02,C04,2025-01-27,2025-01-28,2025-01-28,1,2
S007400,O007781,W03,C03,2025-05-21,2025-05-25,2025-05-25,1,0
S007401,O007782,W01,C03,2025-09-17,2025-09-19,2025-09-19,1,2
S007402,O007783,W01,C01,2025-12-02,2025-12-05,2025-12-05,1,0
S007403,O007784,W01,C01,2025-07-03,2025-07-06,2025-07-06,1,1
S007404,O007785,W02,C04,2025-04-28,2025-04-29,2025-05-02,0,1
S007405,O007786,W01,C03,2025-11-05,2025-11-06,2025-11-06,1,1
S007406,O007787,W03,C02,2025-09-05,2025-09-07,2025-09-07,1,2
S007407,O007788,W02,C04,2025-05-29,2025-05-29,2025-05-30,0,2
S007408,O007789,W02,C01,2025-01-16,2025-01-16,2025-01-16,1,2
S007409,O007790,W01,C04,2025-02-15,2025-02-19,2025-02-19,1,1
S007410,O007791,W01,C02,2025-03-16,2025-03-18,2025-03-18,1,2
S007411,O007793,W03,C04,2025-03-25,2025-03-25,2025-03-27,0,2
S007412,O007794,W02,C04,2025-05-13,2025-05-15,2025-05-15,1,1
S007413,O007795,W02,C03,2025-11-02,2025-11-03,2025-11-03,1,2
S007414,O007796,W01,C03,2025-09-25,2025-09-28,2025-09-28,1,1
S007415,O007797,W01,C01,2025-11-24,2025-11-25,2025-11-25,1,2
S007416,O007798,W03,C04,2025-04-20,2025-04-22,2025-04-25,0,1
S007417,O007799,W03,C01,2025-01-14,2025-01-15,2025-01-15,1,2
S007418,O007800,W02,C03,2025-12-04,2025-12-07,2025-12-07,1,1
S007419,O007801,W03,C01,2025-08-26,2025-08-29,2025-08-28,1,2
S007420,O007802,W02,C03,2025-04-24,2025-04-28,2025-04-28,1,0
S007421,O007803,W02,C03,2025-02-22,2025-02-22,2025-02-24,0,2
S007422,O007804,W02,C02,2025-01-10,2025-01-13,2025-01-12,1,1
S007423,O007805,W03,C02,2025-06-14,2025-06-15,2025-06-15,1,2
S007424,O007806,W01,C03,2025-05-06,2025-05-10,2025-05-10,1,0
S007425,O007807,W03,C01,2025-01-27,2025-01-30,2025-01-30,1,0
S007426,O007808,W01,C02,2025-02-10,2025-02-13,2025-02-12,1,1
S007427,O007809,W02,C04,2025-05-30,2025-06-02,2025-06-06,0,2
S007428,O007810,W01,C01,2025-05-05,2025-05-09,2025-05-09,1,0
S007429,O007811,W01,C01,2025-01-29,2025-01-31,2025-01-30,1,1
S007430,O007812,W03,C02,2025-10-29,2025-11-01,2025-11-03,0,1
S007431,O007813,W02,C01,2025-12-28,2025-12-30,2025-12-30,1,2
S007432,O007814,W03,C03,2025-12-23,2025-12-26,2025-12-26,1,1
S007433,O007815,W01,C02,2025-02-15,2025-02-18,2025-02-17,1,1
S007434,O007816,W01,C04,2025-03-03,2025-03-05,2025-03-07,0,2
S007435,O007818,W01,C01,2025-10-07,2025-10-10,2025-10-10,1,0
S007436,O007819,W03,C02,2025-09-13,2025-09-14,2025-09-14,1,2
S007437,O007820,W02,C02,2025-12-03,2025-12-04,2025-12-04,1,1
S007438,O007821,W03,C03,2025-03-30,2025-03-31,2025-03-31,1,2
S007439,O007822,W02,C03,2025-11-12,2025-11-13,2025-11-17,0,2
S007440,O007823,W01,C04,2025-12-08,2025-12-11,2025-12-11,1,1
S007441,O007824,W01,C02,2025-10-29,2025-10-30,2025-10-30,1,1
S007442,O007825,W02,C02,2025-08-12,2025-08-14,2025-08-13,1,1
S007443,O007826,W03,C02,2025-06-13,2025-06-16,2025-06-16,1,0
S007444,O007827,W01,C04,2025-05-06,2025-05-09,2025-05-09,1,1
S007445,O007828,W01,C03,2025-01-10,2025-01-11,2025-01-11,1,2
S007446,O007829,W02,C01,2025-10-03,2025-10-06,2025-10-06,1,1
S007447,O007830,W01,C01,2025-02-02,2025-02-04,2025-02-07,0,0
S007448,O007831,W02,C01,2025-05-03,2025-05-06,2025-05-06,1,1
S007449,O007832,W03,C02,2025-07-30,2025-08-01,2025-08-01,1,2
S007450,O007833,W01,C03,2025-08-03,2025-08-05,2025-08-05,1,2
S007451,O007834,W02,C01,2025-05-02,2025-05-03,2025-05-03,1,2
S007452,O007835,W02,C03,2025-02-05,2025-02-07,2025-02-07,1,2
S007453,O007836,W01,C03,2025-03-01,2025-03-05,2025-03-05,1,1
S007454,O007837,W01,C03,2025-07-05,2025-07-07,2025-07-07,1,1
S007455,O007838,W01,C04,2025-09-20,2025-09-23,2025-09-27,0,2
S007456,O007839,W01,C04,2025-09-20,2025-09-21,2025-09-21,1,2
S007457,O007840,W02,C01,2025-01-11,2025-01-14,2025-01-14,1,1
S007458,O007841,W01,C03,2025-12-21,2025-12-23,2025-12-23,1,1
S007459,O007842,W01,C02,2025-08-13,2025-08-16,2025-08-16,1,1
S007460,O007843,W03,C01,2025-04-22,2025-04-25,2025-04-25,1,1
S007461,O007844,W01,C04,2025-09-16,2025-09-17,2025-09-17,1,1
S007462,O007845,W01,C01,2025-09-14,2025-09-13,2025-09-15,0,3
S007463,O007847,W01,C02,2025-04-04,2025-04-05,2025-04-07,0,2
S007464,O007848,W01,C03,2025-07-02,2025-07-03,2025-07-03,1,1
S007465,O007849,W03,C02,2025-05-01,2025-05-03,2025-05-03,1,1
S007466,O007850,W03,C02,2025-08-02,2025-08-05,2025-08-05,1,1
S007467,O007851,W01,C01,2025-04-07,2025-04-09,2025-04-09,1,2
S007468,O007852,W01,C02,2025-10-30,2025-11-01,2025-10-31,1,1
S007469,O007853,W03,C04,2025-07-12,2025-07-15,2025-07-15,1,0
S007470,O007854,W02,C02,2025-10-25,2025-10-28,2025-10-28,1,1
S007471,O007855,W01,C02,2025-04-15,2025-04-17,2025-04-17,1,1
S007472,O007856,W01,C01,2025-03-16,2025-03-16,2025-03-16,1,2
S007473,O007857,W01,C03,2025-11-17,2025-11-19,2025-11-19,1,0
S007474,O007858,W02,C01,2025-09-13,2025-09-16,2025-09-16,1,1
S007475,O007859,W01,C04,2025-10-11,2025-10-12,2025-10-12,1,2
S007476,O007860,W01,C01,2025-03-31,2025-03-31,2025-03-31,1,2
S007477,O007861,W02,C01,2025-09-24,2025-09-28,2025-09-28,1,0
S007478,O007862,W01,C01,2025-04-19,2025-04-20,2025-04-20,1,1
S007479,O007863,W03,C04,2025-11-27,2025-11-29,2025-11-29,1,1
S007480,O007864,W01,C02,2025-04-29,2025-05-02,2025-05-02,1,1
S007481,O007865,W01,C02,2025-11-21,2025-11-24,2025-11-24,1,1
S007482,O007866,W03,C01,2025-01-02,2025-01-04,2025-01-03,1,0
S007483,O007867,W01,C03,2025-03-24,2025-03-27,2025-03-30,0,1
S007484,O007868,W03,C02,2025-09-24,2025-09-25,2025-09-25,1,1
S007485,O007869,W03,C01,2025-11-01,2025-11-04,2025-11-04,1,1
S007486,O007870,W02,C01,2025-09-25,2025-09-28,2025-09-28,1,1
S007487,O007871,W01,C01,2025-06-29,2025-06-30,2025-06-30,1,2
S007488,O007872,W01,C01,2025-02-15,2025-02-13,2025-02-13,1,4
S007489,O007873,W03,C02,2025-03-13,2025-03-14,2025-03-16,0,1
S007490,O007874,W01,C01,2025-07-08,2025-07-11,2025-07-10,1,1
S007491,O007875,W01,C01,2025-12-15,2025-12-18,2025-12-18,1,1
S007492,O007876,W03,C02,2025-08-20,2025-08-22,2025-08-21,1,1
S007493,O007877,W01,C02,2025-02-21,2025-02-23,2025-02-23,1,0
S007494,O007878,W02,C02,2025-01-27,2025-01-28,2025-01-28,1,2
S007495,O007879,W03,C01,2025-02-28,2025-03-03,2025-03-03,1,1
S007496,O007880,W01,C01,2025-06-02,2025-06-03,2025-06-03,1,1
S007497,O007881,W01,C01,2025-12-03,2025-12-05,2025-12-05,1,1
S007498,O007882,W02,C03,2025-08-08,2025-08-10,2025-08-10,1,1
S007499,O007883,W01,C03,2025-02-06,2025-02-10,2025-02-09,1,0
S007500,O007884,W01,C03,2025-10-06,2025-10-06,2025-10-09,0,2
S007501,O007885,W03,C03,2025-10-21,2025-10-24,2025-10-27,0,1
S007502,O007886,W01,C03,2025-03-15,2025-03-17,2025-03-16,1,2
S007503,O007887,W03,C01,2025-10-24,2025-10-25,2025-10-25,1,1
S007504,O007888,W01,C01,2025-08-26,2025-08-29,2025-08-31,0,0
S007505,O007889,W01,C02,2025-01-15,2025-01-19,2025-01-22,0,0
S007506,O007890,W03,C01,2025-06-23,2025-06-26,2025-06-26,1,1
S007507,O007891,W02,C03,2025-05-10,2025-05-12,2025-05-12,1,3
S007508,O007892,W02,C02,2025-05-28,2025-05-30,2025-05-30,1,2
S007509,O007893,W01,C03,2025-12-02,2025-12-02,2025-12-03,0,2
S007510,O007894,W02,C03,2025-10-03,2025-10-06,2025-10-06,1,1
S007511,O007895,W02,C03,2025-06-18,2025-06-20,2025-06-20,1,1
S007512,O007896,W01,C01,2025-12-24,2025-12-27,2025-12-27,1,1
S007513,O007897,W01,C02,2025-11-06,2025-11-07,2025-11-07,1,2
S007514,O007898,W03,C03,2025-07-01,2025-07-05,2025-07-05,1,1
S007515,O007899,W02,C02,2025-03-01,2025-03-03,2025-03-03,1,1
S007516,O007900,W02,C03,2025-04-27,2025-04-28,2025-04-28,1,2
S007517,O007901,W02,C02,2025-05-21,2025-05-24,2025-05-24,1,1
S007518,O007902,W02,C03,2025-02-18,2025-02-19,2025-02-19,1,1
S007519,O007903,W02,C03,2025-05-12,2025-05-13,2025-05-13,1,2
S007520,O007904,W01,C03,2025-06-21,2025-06-25,2025-06-25,1,0
S007521,O007905,W02,C03,2025-08-06,2025-08-07,2025-08-07,1,1
S007522,O007907,W01,C02,2025-07-28,2025-07-31,2025-07-31,1,2
S007523,O007908,W01,C04,2025-10-06,2025-10-09,2025-10-10,0,1
S007524,O007909,W02,C02,2025-05-07,2025-05-12,2025-05-12,1,0
S007525,O007910,W02,C03,2025-08-16,2025-08-18,2025-08-18,1,1
S007526,O007911,W02,C03,2025-11-11,2025-11-13,2025-11-12,1,1
S007527,O007912,W02,C04,2025-01-03,2025-01-07,2025-01-07,1,1
S007528,O007914,W02,C01,2025-02-02,2025-02-02,2025-02-02,1,3
S007529,O007915,W02,C03,2025-08-11,2025-08-13,2025-08-12,1,2
S007530,O007916,W01,C02,2025-06-27,2025-06-29,2025-06-28,1,1
S007531,O007917,W01,C03,2025-10-20,2025-10-22,2025-10-22,1,1
S007532,O007918,W02,C03,2025-07-31,2025-08-01,2025-08-01,1,2
S007533,O007919,W01,C02,2025-05-23,2025-05-24,2025-05-24,1,1
S007534,O007920,W01,C02,2025-03-24,2025-03-26,2025-03-29,0,1
S007535,O007921,W01,C01,2025-10-18,2025-10-20,2025-10-20,1,1
S007536,O007922,W01,C01,2025-06-11,2025-06-12,2025-06-12,1,1
S007537,O007923,W01,C03,2025-10-21,2025-10-25,2025-10-25,1,1
S007538,O007924,W03,C02,2025-07-17,2025-07-19,2025-07-19,1,1
S007539,O007925,W01,C01,2025-06-25,2025-06-26,2025-06-26,1,2
S007540,O007926,W03,C01,2025-08-20,2025-08-23,2025-08-23,1,2
S007541,O007927,W03,C02,2025-10-21,2025-10-23,2025-10-23,1,1
S007542,O007928,W03,C01,2025-03-17,2025-03-21,2025-03-21,1,1
S007543,O007929,W03,C01,2025-06-14,2025-06-16,2025-06-16,1,1
S007544,O007930,W01,C01,2025-10-08,2025-10-12,2025-10-12,1,1
S007545,O007931,W01,C02,2025-07-22,2025-07-24,2025-07-24,1,2
S007546,O007932,W03,C03,2025-01-09,2025-01-11,2025-01-11,1,1
S007547,O007933,W02,C02,2025-10-23,2025-10-23,2025-10-23,1,2
S007548,O007934,W01,C03,2025-10-28,2025-10-30,2025-10-30,1,0
S007549,O007935,W02,C03,2025-03-14,2025-03-14,2025-03-15,0,3
S007550,O007936,W01,C03,2025-09-09,2025-09-11,2025-09-13,0,1
S007551,O007937,W03,C01,2025-04-29,2025-05-02,2025-05-02,1,1
S007552,O007938,W02,C04,2025-06-20,2025-06-21,2025-06-21,1,2
S007553,O007939,W02,C04,2025-04-19,2025-04-21,2025-04-21,1,2
S007554,O007941,W01,C02,2025-08-12,2025-08-15,2025-08-18,0,1
S007555,O007942,W01,C02,2025-12-06,2025-12-10,2025-12-10,1,0
S007556,O007943,W01,C02,2025-06-04,2025-06-07,2025-06-06,1,1
S007557,O007944,W02,C03,2025-03-02,2025-03-04,2025-03-04,1,2
S007558,O007945,W01,C03,2025-12-18,2025-12-19,2025-12-19,1,2
S007559,O007946,W01,C03,2025-07-20,2025-07-24,2025-07-24,1,1
S007560,O007947,W01,C01,2025-06-19,2025-06-22,2025-06-22,1,0
S007561,O007948,W03,C03,2025-05-28,2025-05-30,2025-05-30,1,1
S007562,O007949,W02,C04,2025-02-25,2025-02-26,2025-03-02,0,2
S007563,O007950,W03,C01,2025-09-17,2025-09-18,2025-09-18,1,2
S007564,O007951,W03,C01,2025-01-31,2025-02-01,2025-02-01,1,1
S007565,O007952,W01,C04,2025-12-04,2025-12-06,2025-12-09,0,0
S007566,O007953,W03,C01,2025-06-24,2025-06-27,2025-06-26,1,1
S007567,O007954,W03,C03,2025-06-28,2025-07-03,2025-07-02,1,0
S007568,O007955,W02,C01,2025-12-22,2025-12-27,2025-12-27,1,0
S007569,O007956,W02,C03,2025-04-12,2025-04-15,2025-04-15,1,2
S007570,O007957,W02,C02,2025-10-20,2025-10-22,2025-10-22,1,1
S007571,O007958,W02,C01,2025-07-30,2025-08-03,2025-08-03,1,1
S007572,O007959,W02,C01,2025-10-25,2025-10-28,2025-10-27,1,1
S007573,O007960,W03,C03,2025-08-25,2025-08-26,2025-08-26,1,2
S007574,O007961,W01,C03,2025-03-28,2025-04-01,2025-04-02,0,1
S007575,O007963,W03,C03,2025-03-21,2025-03-24,2025-03-23,1,1
S007576,O007964,W02,C02,2025-05-09,2025-05-11,2025-05-11,1,1
S007577,O007965,W02,C03,2025-07-30,2025-08-02,2025-08-01,1,2
S007578,O007966,W02,C01,2025-06-23,2025-06-24,2025-06-24,1,2
S007579,O007967,W01,C03,2025-11-26,2025-11-29,2025-11-29,1,1
S007580,O007968,W02,C03,2025-11-05,2025-11-06,2025-11-09,0,1
S007581,O007969,W03,C02,2025-07-03,2025-07-04,2025-07-04,1,2
S007582,O007970,W01,C01,2025-10-07,2025-10-10,2025-10-13,0,1
S007583,O007971,W01,C02,2025-10-04,2025-10-06,2025-10-06,1,1
S007584,O007972,W01,C02,2025-10-06,2025-10-06,2025-10-06,1,2
S007585,O007974,W03,C02,2025-10-16,2025-10-19,2025-10-19,1,0
S007586,O007975,W01,C02,2025-03-18,2025-03-21,2025-03-21,1,1
S007587,O007976,W01,C03,2025-11-03,2025-11-03,2025-11-03,1,2
S007588,O007978,W01,C03,2025-12-30,2025-12-31,2026-01-04,0,1
S007589,O007979,W02,C02,2025-08-23,2025-08-25,2025-08-25,1,1
S007590,O007980,W02,C01,2025-11-28,2025-11-30,2025-11-30,1,2
S007591,O007981,W01,C02,2025-06-09,2025-06-14,2025-06-15,0,0
S007592,O007982,W01,C01,2025-11-21,2025-11-24,2025-11-24,1,1
S007593,O007983,W03,C01,2025-11-17,2025-11-20,2025-11-20,1,1
S007594,O007984,W03,C04,2025-01-19,2025-01-20,2025-01-20,1,2
S007595,O007985,W03,C02,2025-03-26,2025-03-30,2025-03-30,1,0
S007596,O007987,W01,C03,2025-02-27,2025-03-01,2025-02-28,1,2
S007597,O007988,W03,C01,2025-12-30,2026-01-02,2026-01-02,1,1
S007598,O007989,W01,C02,2025-05-06,2025-05-07,2025-05-07,1,2
S007599,O007990,W01,C04,2025-11-14,2025-11-17,2025-11-19,0,0
S007600,O007991,W02,C02,2025-08-07,2025-08-09,2025-08-12,0,1
S007601,O007992,W01,C04,2025-10-27,2025-10-30,2025-10-30,1,0
S007602,O007993,W03,C02,2025-03-29,2025-03-31,2025-03-31,1,2
S007603,O007994,W03,C02,2025-03-12,2025-03-16,2025-03-16,1,1
S007604,O007995,W01,C02,2025-08-27,2025-08-29,2025-08-28,1,1
S007605,O007996,W03,C01,2025-07-02,2025-07-07,2025-07-07,1,0
S007606,O007997,W03,C02,2025-06-17,2025-06-21,2025-06-20,1,1
S007607,O007998,W03,C01,2025-09-30,2025-10-02,2025-10-02,1,2
S007608,O007999,W01,C01,2025-06-03,2025-06-07,2025-06-07,1,0
S007609,O008001,W01,C01,2025-08-05,2025-08-06,2025-08-06,1,2
S007610,O008002,W01,C02,2025-07-12,2025-07-15,2025-07-15,1,1
S007611,O008003,W02,C02,2025-04-06,2025-04-08,2025-04-07,1,2
S007612,O008004,W01,C02,2025-06-24,2025-06-27,2025-06-27,1,1
S007613,O008005,W01,C02,2025-11-24,2025-11-26,2025-11-28,0,1
S007614,O008006,W02,C01,2025-09-07,2025-09-10,2025-09-10,1,1
S007615,O008007,W02,C02,2025-08-21,2025-08-23,2025-08-23,1,3
S007616,O008008,W02,C03,2025-10-12,2025-10-13,2025-10-13,1,2
S007617,O008009,W01,C04,2025-04-19,2025-04-21,2025-04-21,1,1
S007618,O008010,W01,C01,2025-12-06,2025-12-08,2025-12-08,1,2
S007619,O008012,W02,C01,2025-04-23,2025-04-25,2025-04-25,1,1
S007620,O008013,W02,C03,2025-10-18,2025-10-18,2025-10-18,1,2
S007621,O008014,W01,C01,2025-02-05,2025-02-06,2025-02-06,1,2
S007622,O008015,W02,C02,2025-10-29,2025-11-02,2025-11-03,0,1
S007623,O008016,W01,C04,2025-02-01,2025-02-02,2025-02-03,0,1
S007624,O008017,W01,C01,2025-03-11,2025-03-14,2025-03-14,1,1
S007625,O008018,W02,C04,2025-05-13,2025-05-16,2025-05-16,1,1
S007626,O008019,W02,C03,2025-09-21,2025-09-22,2025-09-22,1,1
S007627,O008020,W01,C01,2025-05-26,2025-05-25,2025-05-25,1,3
S007628,O008021,W03,C02,2025-06-26,2025-06-29,2025-06-29,1,2
S007629,O008022,W02,C02,2025-11-24,2025-11-26,2025-11-25,1,1
S007630,O008023,W01,C01,2025-02-25,2025-02-25,2025-02-25,1,2
S007631,O008024,W03,C03,2025-03-11,2025-03-14,2025-03-17,0,2
S007632,O008025,W01,C02,2025-02-22,2025-02-22,2025-02-22,1,2
S007633,O008026,W01,C03,2025-12-17,2025-12-19,2025-12-19,1,2
S007634,O008027,W01,C01,2025-11-06,2025-11-07,2025-11-07,1,2
S007635,O008028,W03,C03,2025-04-17,2025-04-19,2025-04-23,0,1
S007636,O008029,W01,C02,2025-06-10,2025-06-14,2025-06-14,1,0
S007637,O008030,W01,C02,2025-12-18,2025-12-21,2025-12-21,1,0
S007638,O008031,W01,C02,2025-04-02,2025-04-06,2025-04-05,1,1
S007639,O008032,W01,C03,2025-12-06,2025-12-06,2025-12-06,1,2
S007640,O008033,W02,C03,2025-07-24,2025-07-25,2025-07-25,1,2
S007641,O008034,W01,C02,2025-03-20,2025-03-22,2025-03-22,1,1
S007642,O008035,W01,C03,2025-06-15,2025-06-18,2025-06-20,0,2
S007643,O008036,W03,C01,2025-09-24,2025-09-27,2025-09-27,1,1
S007644,O008037,W01,C03,2025-10-29,2025-11-01,2025-11-01,1,1
S007645,O008038,W01,C01,2025-07-05,2025-07-09,2025-07-09,1,0
S007646,O008039,W03,C01,2025-01-08,2025-01-11,2025-01-11,1,1
S007647,O008040,W02,C02,2025-08-10,2025-08-13,2025-08-13,1,1
S007648,O008041,W03,C02,2025-07-12,2025-07-14,2025-07-14,1,1
S007649,O008042,W01,C02,2025-03-07,2025-03-09,2025-03-09,1,1
S007650,O008043,W01,C03,2025-05-07,2025-05-10,2025-05-12,0,1
S007651,O008044,W02,C01,2025-03-31,2025-04-03,2025-04-03,1,1
S007652,O008045,W01,C01,2025-04-28,2025-05-01,2025-05-01,1,1
S007653,O008046,W03,C02,2025-03-30,2025-04-01,2025-03-31,1,1
S007654,O008047,W03,C03,2025-08-16,2025-08-18,2025-08-20,0,1
S007655,O008048,W03,C02,2025-06-03,2025-06-06,2025-06-06,1,0
S007656,O008049,W03,C03,2025-07-19,2025-07-21,2025-07-21,1,2
S007657,O008051,W01,C03,2025-04-26,2025-04-27,2025-04-27,1,2
S007658,O008052,W02,C03,2025-02-12,2025-02-13,2025-02-13,1,2
S007659,O008053,W01,C03,2025-09-14,2025-09-17,2025-09-17,1,0
S007660,O008054,W03,C02,2025-07-23,2025-07-26,2025-07-26,1,1
S007661,O008055,W02,C02,2025-02-20,2025-02-22,2025-02-22,1,1
S007662,O008056,W02,C02,2025-11-04,2025-11-06,2025-11-06,1,0
S007663,O008057,W03,C02,2025-11-12,2025-11-14,2025-11-14,1,1
S007664,O008058,W03,C03,2025-10-07,2025-10-08,2025-10-12,0,2
S007665,O008059,W03,C01,2025-09-21,2025-09-21,2025-09-21,1,2
S007666,O008060,W01,C02,2025-08-19,2025-08-21,2025-08-21,1,1
S007667,O008061,W03,C03,2025-03-19,2025-03-21,2025-03-21,1,1
S007668,O008062,W03,C03,2025-09-01,2025-09-03,2025-09-03,1,2
S007669,O008063,W02,C01,2025-02-08,2025-02-10,2025-02-13,0,1
S007670,O008064,W01,C03,2025-03-23,2025-03-28,2025-03-28,1,0
S007671,O008065,W03,C01,2025-09-22,2025-09-24,2025-09-24,1,1
S007672,O008066,W03,C02,2025-05-11,2025-05-11,2025-05-13,0,2
S007673,O008067,W03,C01,2025-07-10,2025-07-11,2025-07-11,1,1
S007674,O008068,W01,C02,2025-10-02,2025-10-03,2025-10-03,1,1
S007675,O008069,W01,C03,2025-06-03,2025-06-06,2025-06-05,1,0
S007676,O008070,W03,C03,2025-03-03,2025-03-03,2025-03-03,1,2
S007677,O008071,W01,C03,2025-12-06,2025-12-09,2025-12-09,1,1
S007678,O008072,W03,C03,2025-10-23,2025-10-25,2025-10-29,0,1
S007679,O008073,W01,C02,2025-11-19,2025-11-20,2025-11-22,0,1
S007680,O008074,W01,C01,2025-02-06,2025-02-11,2025-02-10,1,0
S007681,O008075,W01,C01,2025-09-27,2025-09-30,2025-09-30,1,1
S007682,O008076,W03,C01,2025-10-24,2025-10-27,2025-10-27,1,1
S007683,O008077,W02,C02,2025-12-08,2025-12-11,2025-12-10,1,2
S007684,O008079,W02,C03,2025-10-08,2025-10-10,2025-10-10,1,2
S007685,O008081,W01,C03,2025-03-08,2025-03-12,2025-03-12,1,0
S007686,O008082,W03,C03,2025-06-07,2025-06-09,2025-06-09,1,2
S007687,O008083,W02,C01,2025-07-06,2025-07-07,2025-07-07,1,1
S007688,O008084,W01,C01,2025-09-16,2025-09-18,2025-09-17,1,1
S007689,O008085,W02,C01,2025-11-11,2025-11-12,2025-11-12,1,2
S007690,O008086,W02,C03,2025-04-28,2025-05-01,2025-05-01,1,1
S007691,O008087,W01,C01,2025-11-21,2025-11-23,2025-11-22,1,1
S007692,O008088,W03,C04,2025-08-27,2025-08-30,2025-08-30,1,1
S007693,O008090,W02,C03,2025-10-21,2025-10-22,2025-10-26,0,1
S007694,O008091,W01,C01,2025-04-05,2025-04-06,2025-04-06,1,1
S007695,O008092,W03,C03,2025-05-24,2025-05-26,2025-05-26,1,1
S007696,O008093,W03,C01,2025-08-23,2025-08-25,2025-08-25,1,1
S007697,O008094,W02,C03,2025-09-25,2025-09-27,2025-09-27,1,2
S007698,O008095,W03,C01,2025-11-19,2025-11-21,2025-11-20,1,0
S007699,O008096,W01,C03,2025-12-10,2025-12-11,2025-12-11,1,1
S007700,O008098,W02,C03,2025-06-20,2025-06-22,2025-06-22,1,1
S007701,O008099,W02,C01,2025-02-16,2025-02-19,2025-02-19,1,1
S007702,O008100,W02,C02,2025-07-03,2025-07-05,2025-07-06,0,1
S007703,O008101,W02,C02,2025-07-22,2025-07-23,2025-07-23,1,2
S007704,O008102,W03,C01,2025-01-09,2025-01-10,2025-01-14,0,2
S007705,O008103,W02,C01,2025-08-11,2025-08-15,2025-08-15,1,1
S007706,O008105,W02,C01,2025-11-10,2025-11-11,2025-11-11,1,1
S007707,O008106,W01,C04,2025-10-27,2025-10-28,2025-11-01,0,3
S007708,O008107,W01,C03,2025-01-26,2025-01-30,2025-01-30,1,1
S007709,O008108,W02,C01,2025-09-18,2025-09-21,2025-09-20,1,2
S007710,O008109,W02,C01,2025-11-27,2025-11-29,2025-11-29,1,0
S007711,O008110,W02,C01,2025-11-19,2025-11-20,2025-11-20,1,2
S007712,O008111,W01,C02,2025-12-18,2025-12-19,2025-12-21,0,1
S007713,O008112,W02,C01,2025-01-12,2025-01-14,2025-01-15,0,1
S007714,O008113,W01,C01,2025-04-09,2025-04-13,2025-04-13,1,1
S007715,O008114,W03,C01,2025-05-22,2025-05-24,2025-05-23,1,2
S007716,O008116,W01,C01,2025-04-19,2025-04-22,2025-04-22,1,1
S007717,O008117,W02,C01,2025-10-02,2025-10-05,2025-10-05,1,0
S007718,O008118,W02,C04,2025-12-22,2025-12-23,2025-12-23,1,2
S007719,O008119,W02,C02,2026-01-02,2026-01-02,2026-01-02,1,2
S007720,O008120,W03,C01,2025-06-28,2025-06-29,2025-06-29,1,2
S007721,O008121,W03,C02,2025-09-12,2025-09-15,2025-09-15,1,1
S007722,O008122,W03,C03,2025-01-09,2025-01-11,2025-01-11,1,2
S007723,O008123,W02,C04,2025-05-12,2025-05-14,2025-05-14,1,1
S007724,O008124,W01,C01,2025-08-05,2025-08-08,2025-08-11,0,0
S007725,O008125,W03,C02,2025-04-04,2025-04-06,2025-04-07,0,1
S007726,O008126,W02,C01,2025-03-09,2025-03-10,2025-03-10,1,2
S007727,O008127,W01,C01,2025-12-30,2026-01-04,2026-01-04,1,0
S007728,O008128,W02,C04,2025-03-21,2025-03-23,2025-03-23,1,1
S007729,O008129,W01,C02,2025-09-27,2025-09-29,2025-09-29,1,1
S007730,O008130,W01,C04,2025-12-02,2025-12-06,2025-12-06,1,1
S007731,O008131,W02,C03,2025-05-22,2025-05-22,2025-05-22,1,2
S007732,O008132,W02,C03,2025-05-06,2025-05-07,2025-05-07,1,1
S007733,O008133,W01,C02,2025-07-24,2025-07-25,2025-07-25,1,1
S007734,O008134,W03,C02,2025-10-15,2025-10-16,2025-10-16,1,3
S007735,O008135,W01,C03,2025-01-30,2025-02-02,2025-02-02,1,0
S007736,O008136,W03,C01,2025-12-20,2025-12-22,2025-12-21,1,1
S007737,O008137,W01,C01,2025-03-25,2025-03-28,2025-03-28,1,0
S007738,O008138,W01,C03,2025-12-29,2025-12-29,2025-12-31,0,2
S007739,O008139,W03,C02,2025-12-29,2025-12-29,2025-12-29,1,2
S007740,O008140,W01,C01,2025-12-08,2025-12-10,2025-12-10,1,1
S007741,O008141,W01,C04,2025-10-06,2025-10-07,2025-10-07,1,1
S007742,O008142,W01,C03,2025-07-29,2025-08-01,2025-08-01,1,1
S007743,O008143,W03,C01,2025-02-21,2025-02-22,2025-02-22,1,2
S007744,O008144,W01,C03,2025-09-11,2025-09-13,2025-09-13,1,1
S007745,O008145,W02,C03,2025-07-08,2025-07-09,2025-07-09,1,1
S007746,O008146,W02,C01,2025-07-28,2025-07-30,2025-07-30,1,2
S007747,O008147,W01,C04,2025-10-11,2025-10-13,2025-10-13,1,1
S007748,O008148,W01,C03,2025-01-03,2025-01-05,2025-01-04,1,1
S007749,O008149,W02,C01,2025-11-19,2025-11-22,2025-11-22,1,0
S007750,O008150,W03,C04,2025-06-26,2025-06-28,2025-06-28,1,2
S007751,O008151,W02,C02,2025-04-07,2025-04-10,2025-04-09,1,1
S007752,O008152,W03,C02,2025-11-23,2025-11-25,2025-11-25,1,1
S007753,O008153,W01,C03,2025-03-17,2025-03-19,2025-03-19,1,1
S007754,O008154,W02,C03,2025-08-02,2025-08-04,2025-08-04,1,2
S007755,O008155,W01,C01,2025-02-06,2025-02-09,2025-02-08,1,2
S007756,O008156,W03,C02,2025-02-19,2025-02-21,2025-02-21,1,0
S007757,O008157,W02,C03,2025-01-20,2025-01-23,2025-01-22,1,1
S007758,O008158,W01,C02,2025-09-13,2025-09-16,2025-09-15,1,1
S007759,O008159,W03,C02,2025-04-19,2025-04-21,2025-04-23,0,1
S007760,O008160,W01,C02,2025-04-07,2025-04-08,2025-04-08,1,2
S007761,O008161,W01,C03,2025-05-11,2025-05-12,2025-05-12,1,1
S007762,O008162,W02,C03,2025-07-03,2025-07-06,2025-07-06,1,2
S007763,O008163,W01,C03,2025-03-29,2025-03-29,2025-03-29,1,2
S007764,O008164,W01,C04,2025-02-11,2025-02-15,2025-02-15,1,0
S007765,O008165,W03,C01,2025-05-21,2025-05-24,2025-05-24,1,1
S007766,O008166,W02,C02,2025-02-25,2025-02-27,2025-02-27,1,0
S007767,O008167,W02,C02,2025-10-16,2025-10-19,2025-10-19,1,1
S007768,O008168,W03,C03,2025-07-23,2025-07-27,2025-07-27,1,0
S007769,O008169,W03,C03,2025-05-22,2025-05-25,2025-05-27,0,0
S007770,O008170,W01,C02,2025-09-06,2025-09-09,2025-09-09,1,2
S007771,O008171,W03,C04,2025-12-02,2025-12-05,2025-12-05,1,2
S007772,O008172,W01,C04,2025-05-04,2025-05-07,2025-05-07,1,1
S007773,O008173,W01,C03,2025-06-07,2025-06-10,2025-06-10,1,1
S007774,O008174,W02,C02,2025-02-15,2025-02-18,2025-02-17,1,2
S007775,O008175,W02,C01,2025-12-30,2025-12-31,2025-12-31,1,1
S007776,O008176,W02,C03,2025-12-15,2025-12-17,2025-12-16,1,1
S007777,O008177,W01,C02,2025-01-29,2025-02-03,2025-02-02,1,0
S007778,O008178,W02,C02,2025-07-17,2025-07-19,2025-07-18,1,2
S007779,O008179,W02,C01,2025-05-07,2025-05-07,2025-05-07,1,3
S007780,O008180,W02,C03,2025-04-07,2025-04-09,2025-04-08,1,2
S007781,O008181,W01,C01,2025-08-22,2025-08-25,2025-08-24,1,0
S007782,O008182,W02,C01,2025-11-14,2025-11-14,2025-11-14,1,3
S007783,O008183,W02,C02,2025-03-07,2025-03-09,2025-03-09,1,2
S007784,O008184,W01,C01,2025-05-03,2025-05-04,2025-05-04,1,1
S007785,O008185,W01,C03,2025-05-10,2025-05-13,2025-05-15,0,1
S007786,O008186,W02,C01,2025-08-11,2025-08-15,2025-08-15,1,1
S007787,O008187,W01,C01,2025-12-25,2025-12-27,2025-12-27,1,1
S007788,O008189,W01,C02,2025-12-20,2025-12-20,2025-12-20,1,2
S007789,O008190,W03,C03,2025-08-04,2025-08-05,2025-08-05,1,1
S007790,O008191,W01,C04,2025-03-11,2025-03-11,2025-03-11,1,2
S007791,O008192,W01,C03,2025-12-22,2025-12-24,2025-12-24,1,2
S007792,O008193,W02,C02,2025-11-28,2025-12-01,2025-12-01,1,0
S007793,O008194,W02,C01,2025-01-13,2025-01-15,2025-01-15,1,2
S007794,O008195,W01,C03,2025-05-13,2025-05-14,2025-05-15,0,1
S007795,O008196,W01,C02,2025-03-05,2025-03-08,2025-03-08,1,1
S007796,O008197,W01,C03,2025-05-11,2025-05-12,2025-05-12,1,2
S007797,O008198,W01,C03,2025-01-08,2025-01-13,2025-01-13,1,0
S007798,O008199,W01,C02,2025-05-19,2025-05-22,2025-05-22,1,0
S007799,O008200,W01,C01,2025-08-24,2025-08-26,2025-08-26,1,1
S007800,O008201,W02,C03,2025-11-22,2025-11-22,2025-11-22,1,2
S007801,O008203,W02,C03,2025-06-25,2025-06-26,2025-06-26,1,2
S007802,O008204,W02,C03,2025-09-17,2025-09-19,2025-09-23,0,2
S007803,O008205,W03,C01,2025-09-08,2025-09-09,2025-09-09,1,1
S007804,O008206,W02,C01,2025-03-10,2025-03-11,2025-03-11,1,2
S007805,O008207,W01,C03,2025-07-20,2025-07-23,2025-07-25,0,2
S007806,O008209,W02,C02,2025-10-05,2025-10-06,2025-10-06,1,2
S007807,O008210,W02,C03,2025-09-19,2025-09-21,2025-09-22,0,0
S007808,O008211,W01,C01,2025-10-24,2025-10-27,2025-10-27,1,1
S007809,O008212,W02,C03,2025-08-14,2025-08-16,2025-08-15,1,1
S007810,O008213,W03,C03,2025-09-14,2025-09-17,2025-09-16,1,2
S007811,O008214,W02,C02,2025-10-07,2025-10-10,2025-10-09,1,1
S007812,O008215,W03,C03,2025-03-22,2025-03-23,2025-03-23,1,2
S007813,O008216,W02,C02,2025-01-20,2025-01-23,2025-01-23,1,1
S007814,O008217,W03,C02,2025-11-21,2025-11-24,2025-11-24,1,1
S007815,O008218,W01,C02,2025-07-03,2025-07-04,2025-07-04,1,2
S007816,O008219,W02,C03,2025-07-04,2025-07-08,2025-07-08,1,1
S007817,O008220,W02,C02,2025-06-06,2025-06-07,2025-06-07,1,1
S007818,O008221,W02,C01,2025-06-28,2025-07-01,2025-06-30,1,1
S007819,O008222,W02,C02,2025-11-14,2025-11-15,2025-11-15,1,2
S007820,O008223,W02,C01,2025-08-01,2025-08-03,2025-08-03,1,1
S007821,O008224,W03,C03,2025-07-08,2025-07-10,2025-07-10,1,1
S007822,O008225,W02,C04,2025-04-26,2025-04-28,2025-04-30,0,1
S007823,O008226,W01,C02,2025-06-29,2025-06-30,2025-06-30,1,2
S007824,O008227,W02,C01,2025-11-24,2025-11-27,2025-11-27,1,0
S007825,O008228,W02,C02,2025-07-15,2025-07-17,2025-07-17,1,2
S007826,O008229,W01,C03,2025-10-03,2025-10-05,2025-10-04,1,1
S007827,O008230,W01,C03,2025-01-28,2025-01-29,2025-01-29,1,2
S007828,O008231,W02,C02,2025-02-02,2025-02-04,2025-02-03,1,1
S007829,O008232,W02,C01,2025-05-19,2025-05-20,2025-05-20,1,2
S007830,O008233,W03,C01,2025-06-02,2025-06-05,2025-06-08,0,1
S007831,O008234,W03,C02,2025-08-29,2025-09-01,2025-09-01,1,1
S007832,O008235,W02,C04,2025-11-01,2025-11-02,2025-11-04,0,2
S007833,O008236,W02,C03,2025-03-17,2025-03-19,2025-03-19,1,2
S007834,O008237,W01,C03,2025-08-21,2025-08-21,2025-08-25,0,2
S007835,O008238,W02,C03,2025-07-23,2025-07-25,2025-07-25,1,1
S007836,O008239,W01,C03,2025-06-17,2025-06-18,2025-06-18,1,1
S007837,O008240,W02,C02,2025-09-18,2025-09-21,2025-09-21,1,2
S007838,O008241,W02,C01,2025-05-10,2025-05-10,2025-05-10,1,2
S007839,O008242,W01,C01,2025-10-19,2025-10-20,2025-10-20,1,2
S007840,O008243,W02,C03,2025-11-07,2025-11-10,2025-11-10,1,1
S007841,O008244,W01,C02,2025-05-13,2025-05-14,2025-05-14,1,1
S007842,O008245,W02,C01,2025-11-24,2025-11-27,2025-11-26,1,0
S007843,O008246,W03,C02,2025-11-18,2025-11-19,2025-11-19,1,2
S007844,O008247,W02,C03,2025-07-28,2025-08-01,2025-08-01,1,1
S007845,O008248,W01,C04,2025-08-24,2025-08-26,2025-08-29,0,1
S007846,O008249,W03,C01,2025-09-28,2025-10-01,2025-09-30,1,1
S007847,O008251,W03,C03,2025-02-09,2025-02-12,2025-02-12,1,0
S007848,O008252,W03,C04,2025-03-14,2025-03-16,2025-03-15,1,1
S007849,O008253,W01,C03,2025-01-22,2025-01-23,2025-01-23,1,2
S007850,O008254,W01,C03,2025-08-06,2025-08-08,2025-08-08,1,2
S007851,O008255,W01,C02,2025-07-10,2025-07-11,2025-07-11,1,2
S007852,O008256,W03,C03,2025-08-06,2025-08-07,2025-08-07,1,1
S007853,O008257,W01,C02,2025-07-13,2025-07-14,2025-07-14,1,2
S007854,O008258,W01,C01,2025-11-09,2025-11-10,2025-11-10,1,1
S007855,O008259,W03,C02,2025-11-24,2025-11-27,2025-11-27,1,1
S007856,O008260,W02,C02,2025-02-26,2025-03-01,2025-03-01,1,0
S007857,O008261,W01,C03,2025-03-02,2025-03-04,2025-03-04,1,2
S007858,O008262,W02,C04,2025-06-22,2025-06-24,2025-06-24,1,2
S007859,O008263,W02,C01,2025-06-08,2025-06-08,2025-06-08,1,2
S007860,O008264,W02,C03,2025-06-05,2025-06-07,2025-06-07,1,2
S007861,O008265,W01,C03,2025-09-19,2025-09-23,2025-09-25,0,1
S007862,O008266,W01,C02,2025-06-13,2025-06-17,2025-06-17,1,1
S007863,O008267,W02,C03,2025-12-10,2025-12-12,2025-12-12,1,1
S007864,O008268,W03,C01,2025-04-25,2025-04-26,2025-04-26,1,2
S007865,O008269,W03,C03,2025-08-14,2025-08-15,2025-08-15,1,1
S007866,O008270,W01,C03,2025-12-31,2026-01-03,2026-01-03,1,0
S007867,O008271,W01,C03,2025-07-20,2025-07-22,2025-07-22,1,1
S007868,O008272,W02,C03,2025-03-02,2025-03-05,2025-03-04,1,1
S007869,O008273,W02,C04,2025-08-30,2025-09-02,2025-09-02,1,1
S007870,O008274,W01,C01,2025-01-11,2025-01-13,2025-01-12,1,1
S007871,O008275,W01,C02,2025-04-18,2025-04-22,2025-04-22,1,0
S007872,O008276,W03,C04,2025-08-31,2025-09-01,2025-09-01,1,1
S007873,O008277,W01,C03,2025-02-27,2025-03-02,2025-03-02,1,0
S007874,O008278,W01,C02,2025-06-23,2025-06-25,2025-06-24,1,2
S007875,O008279,W01,C01,2025-03-29,2025-04-02,2025-04-01,1,1
S007876,O008280,W02,C01,2025-01-05,2025-01-08,2025-01-08,1,1
S007877,O008281,W01,C03,2025-03-20,2025-03-20,2025-03-20,1,2
S007878,O008282,W02,C03,2025-04-08,2025-04-11,2025-04-11,1,1
S007879,O008283,W01,C03,2025-12-25,2025-12-27,2025-12-26,1,1
S007880,O008284,W02,C02,2025-02-14,2025-02-16,2025-02-16,1,0
S007881,O008286,W01,C03,2025-09-27,2025-09-29,2025-10-03,0,2
S007882,O008287,W03,C04,2025-10-02,2025-10-04,2025-10-04,1,1
S007883,O008288,W03,C04,2025-10-11,2025-10-13,2025-10-13,1,1
S007884,O008289,W03,C02,2025-08-16,2025-08-19,2025-08-18,1,1
S007885,O008290,W03,C03,2025-12-24,2025-12-25,2025-12-26,0,1
S007886,O008291,W02,C03,2025-12-28,2025-12-30,2025-12-30,1,2
S007887,O008292,W01,C02,2025-01-16,2025-01-20,2025-01-20,1,1
S007888,O008293,W02,C02,2025-06-10,2025-06-12,2025-06-11,1,2
S007889,O008294,W01,C03,2025-01-13,2025-01-14,2025-01-14,1,2
S007890,O008296,W01,C03,2025-09-27,2025-09-30,2025-09-29,1,1
S007891,O008297,W02,C03,2025-01-11,2025-01-12,2025-01-12,1,2
S007892,O008298,W03,C01,2025-01-18,2025-01-18,2025-01-18,1,2
S007893,O008299,W02,C02,2025-11-23,2025-11-24,2025-11-24,1,2
S007894,O008300,W03,C02,2025-12-13,2025-12-15,2025-12-15,1,1
S007895,O008301,W03,C04,2025-09-25,2025-09-27,2025-09-26,1,1
S007896,O008302,W02,C02,2025-08-21,2025-08-21,2025-08-21,1,3
S007897,O008303,W02,C02,2025-02-15,2025-02-18,2025-02-19,0,1
S007898,O008304,W02,C03,2025-07-26,2025-07-29,2025-07-29,1,1
S007899,O008305,W02,C02,2025-06-11,2025-06-12,2025-06-15,0,1
S007900,O008306,W02,C01,2025-06-20,2025-06-24,2025-06-28,0,0
S007901,O008307,W02,C03,2025-08-26,2025-08-29,2025-08-29,1,1
S007902,O008308,W01,C04,2025-11-26,2025-11-26,2025-11-27,0,2
S007903,O008309,W02,C01,2025-10-06,2025-10-07,2025-10-07,1,2
S007904,O008310,W03,C01,2025-09-15,2025-09-19,2025-09-19,1,0
S007905,O008311,W02,C01,2025-08-01,2025-08-03,2025-08-03,1,2
S007906,O008312,W02,C01,2025-04-03,2025-04-05,2025-04-04,1,1
S007907,O008313,W01,C03,2025-01-09,2025-01-11,2025-01-11,1,0
S007908,O008314,W01,C02,2025-04-02,2025-04-05,2025-04-06,0,1
S007909,O008315,W02,C03,2025-02-20,2025-02-23,2025-02-22,1,1
S007910,O008316,W01,C02,2025-11-26,2025-11-26,2025-11-26,1,3
S007911,O008317,W01,C02,2025-11-26,2025-11-27,2025-11-27,1,2
S007912,O008318,W03,C01,2025-10-02,2025-10-05,2025-10-08,0,1
S007913,O008319,W02,C03,2025-04-23,2025-04-27,2025-04-27,1,0
S007914,O008321,W03,C04,2025-12-31,2025-12-31,2025-12-31,1,2
S007915,O008322,W01,C02,2025-03-06,2025-03-09,2025-03-09,1,0
S007916,O008323,W02,C02,2025-10-14,2025-10-16,2025-10-15,1,2
S007917,O008324,W03,C01,2025-05-18,2025-05-19,2025-05-19,1,2
S007918,O008325,W03,C03,2025-09-19,2025-09-21,2025-09-21,1,2
S007919,O008326,W03,C01,2025-09-25,2025-09-28,2025-09-27,1,1
S007920,O008327,W01,C04,2025-05-01,2025-05-02,2025-05-02,1,2
S007921,O008328,W02,C04,2025-04-20,2025-04-24,2025-04-24,1,1
S007922,O008329,W02,C03,2025-11-03,2025-11-06,2025-11-05,1,2
S007923,O008330,W01,C02,2025-04-20,2025-04-23,2025-04-23,1,1
S007924,O008331,W01,C01,2025-05-04,2025-05-06,2025-05-06,1,2
S007925,O008332,W03,C01,2025-03-24,2025-03-29,2025-03-29,1,0
S007926,O008333,W01,C01,2025-08-11,2025-08-14,2025-08-14,1,2
S007927,O008334,W01,C02,2025-07-29,2025-08-01,2025-08-01,1,1
S007928,O008335,W01,C02,2025-06-06,2025-06-09,2025-06-09,1,1
S007929,O008336,W01,C03,2025-05-26,2025-05-29,2025-05-29,1,1
S007930,O008337,W01,C03,2025-10-06,2025-10-07,2025-10-09,0,2
S007931,O008338,W01,C02,2025-01-16,2025-01-18,2025-01-18,1,1
S007932,O008339,W01,C01,2025-11-12,2025-11-12,2025-11-14,0,3
S007933,O008340,W03,C03,2025-11-05,2025-11-07,2025-11-07,1,1
S007934,O008341,W02,C03,2025-05-25,2025-05-26,2025-05-26,1,2
S007935,O008342,W01,C01,2025-05-15,2025-05-17,2025-05-21,0,1
S007936,O008343,W02,C03,2025-03-22,2025-03-24,2025-03-23,1,1
S007937,O008344,W01,C02,2025-08-21,2025-08-24,2025-08-24,1,2
S007938,O008345,W01,C01,2025-11-01,2025-11-02,2025-11-02,1,2
S007939,O008346,W02,C04,2025-11-03,2025-11-04,2025-11-07,0,1
S007940,O008347,W02,C03,2025-07-29,2025-08-01,2025-08-01,1,0
S007941,O008348,W03,C01,2025-05-08,2025-05-12,2025-05-12,1,1
S007942,O008349,W02,C02,2025-05-01,2025-05-03,2025-05-03,1,2
S007943,O008350,W02,C01,2025-12-04,2025-12-07,2025-12-07,1,1
S007944,O008351,W03,C02,2025-06-13,2025-06-13,2025-06-13,1,2
S007945,O008352,W01,C03,2025-07-10,2025-07-10,2025-07-10,1,2
S007946,O008353,W03,C02,2025-03-19,2025-03-21,2025-03-21,1,1
S007947,O008354,W02,C03,2025-04-20,2025-04-22,2025-04-21,1,2
S007948,O008355,W03,C02,2025-03-11,2025-03-13,2025-03-13,1,1
S007949,O008356,W02,C02,2025-01-04,2025-01-05,2025-01-05,1,2
S007950,O008357,W03,C03,2025-06-18,2025-06-22,2025-06-22,1,0
S007951,O008358,W02,C02,2025-06-11,2025-06-12,2025-06-12,1,3
S007952,O008359,W01,C01,2025-12-16,2025-12-19,2025-12-19,1,1
S007953,O008360,W01,C04,2025-06-08,2025-06-08,2025-06-09,0,2
S007954,O008361,W01,C02,2025-05-16,2025-05-17,2025-05-19,0,2
S007955,O008362,W02,C04,2025-10-23,2025-10-23,2025-10-23,1,2
S007956,O008363,W03,C04,2025-04-06,2025-04-10,2025-04-10,1,1
S007957,O008364,W03,C03,2025-07-05,2025-07-05,2025-07-05,1,2
S007958,O008365,W01,C01,2025-02-18,2025-02-21,2025-02-21,1,1
S007959,O008366,W02,C02,2025-08-22,2025-08-23,2025-08-23,1,2
S007960,O008367,W03,C03,2025-01-17,2025-01-19,2025-01-19,1,2
S007961,O008368,W03,C01,2025-08-12,2025-08-17,2025-08-16,1,0
S007962,O008369,W01,C04,2025-03-18,2025-03-21,2025-03-21,1,0
S007963,O008370,W01,C01,2025-05-20,2025-05-22,2025-05-22,1,1
S007964,O008371,W01,C01,2025-11-30,2025-11-30,2025-11-30,1,2
S007965,O008372,W02,C02,2025-07-15,2025-07-17,2025-07-16,1,1
S007966,O008373,W01,C03,2025-02-07,2025-02-11,2025-02-11,1,0
S007967,O008375,W03,C01,2025-08-01,2025-08-05,2025-08-05,1,0
S007968,O008376,W01,C01,2025-09-03,2025-09-07,2025-09-11,0,0
S007969,O008377,W02,C03,2025-04-29,2025-05-01,2025-05-01,1,1
S007970,O008378,W02,C03,2025-07-09,2025-07-12,2025-07-12,1,1
S007971,O008379,W01,C02,2025-10-03,2025-10-04,2025-10-04,1,1
S007972,O008380,W02,C03,2025-03-09,2025-03-12,2025-03-12,1,1
S007973,O008381,W01,C04,2025-10-17,2025-10-20,2025-10-21,0,1
S007974,O008382,W03,C03,2025-09-29,2025-10-01,2025-10-01,1,2
S007975,O008383,W02,C03,2025-06-29,2025-06-30,2025-06-30,1,2
S007976,O008384,W01,C02,2025-01-23,2025-01-25,2025-01-27,0,1
S007977,O008385,W02,C01,2025-01-14,2025-01-15,2025-01-15,1,2
S007978,O008386,W01,C03,2025-03-07,2025-03-09,2025-03-12,0,1
S007979,O008387,W01,C01,2025-04-27,2025-04-28,2025-04-28,1,2
S007980,O008388,W02,C02,2025-04-30,2025-05-03,2025-05-02,1,1
S007981,O008390,W02,C03,2025-09-13,2025-09-14,2025-09-16,0,1
S007982,O008391,W03,C01,2025-06-19,2025-06-21,2025-06-22,0,2
S007983,O008392,W02,C01,2025-11-25,2025-11-27,2025-11-26,1,2
S007984,O008393,W03,C03,2025-05-08,2025-05-10,2025-05-10,1,1
S007985,O008394,W01,C01,2025-05-31,2025-06-03,2025-06-03,1,2
S007986,O008395,W01,C02,2025-08-23,2025-08-23,2025-08-23,1,2
S007987,O008396,W01,C03,2025-06-09,2025-06-13,2025-06-13,1,0
S007988,O008397,W01,C01,2025-06-18,2025-06-20,2025-06-20,1,1
S007989,O008398,W03,C03,2025-07-05,2025-07-08,2025-07-08,1,0
S007990,O008399,W01,C02,2025-12-21,2025-12-21,2025-12-21,1,2
S007991,O008400,W01,C04,2025-01-12,2025-01-13,2025-01-13,1,1
S007992,O008401,W03,C01,2025-04-28,2025-04-30,2025-04-30,1,0
S007993,O008402,W03,C02,2025-06-08,2025-06-09,2025-06-09,1,2
S007994,O008403,W02,C01,2025-12-17,2025-12-19,2025-12-19,1,1
S007995,O008404,W01,C01,2025-02-01,2025-02-06,2025-02-05,1,0
S007996,O008405,W02,C01,2025-05-16,2025-05-19,2025-05-19,1,1
S007997,O008406,W03,C03,2025-09-14,2025-09-15,2025-09-17,0,2
S007998,O008407,W01,C02,2025-04-21,2025-04-24,2025-04-26,0,0
S007999,O008408,W01,C03,2025-12-22,2025-12-24,2025-12-23,1,1
S008000,O008409,W01,C01,2025-07-31,2025-08-03,2025-08-02,1,1
S008001,O008410,W02,C02,2025-12-13,2025-12-16,2025-12-19,0,1
S008002,O008411,W02,C03,2025-11-26,2025-11-30,2025-12-04,0,0
S008003,O008412,W03,C04,2025-03-27,2025-03-30,2025-03-29,1,1
S008004,O008413,W02,C03,2025-12-19,2025-12-22,2025-12-24,0,2
S008005,O008414,W03,C03,2025-12-18,2025-12-19,2025-12-19,1,2
S008006,O008415,W03,C02,2025-11-09,2025-11-10,2025-11-10,1,2
S008007,O008416,W01,C03,2025-08-26,2025-08-27,2025-08-27,1,2
S008008,O008417,W02,C02,2025-05-13,2025-05-16,2025-05-16,1,1
S008009,O008418,W01,C01,2025-03-14,2025-03-15,2025-03-15,1,1
S008010,O008419,W03,C01,2025-11-09,2025-11-10,2025-11-10,1,2
S008011,O008420,W01,C02,2025-07-13,2025-07-14,2025-07-14,1,2
S008012,O008421,W02,C04,2025-07-14,2025-07-16,2025-07-19,0,2
S008013,O008422,W03,C01,2025-03-25,2025-03-29,2025-03-29,1,0
S008014,O008423,W03,C03,2025-10-16,2025-10-19,2025-10-18,1,1
S008015,O008424,W01,C04,2025-05-26,2025-05-29,2025-05-29,1,2
S008016,O008425,W01,C03,2025-07-08,2025-07-09,2025-07-11,0,2
S008017,O008426,W02,C01,2025-04-13,2025-04-16,2025-04-16,1,0
S008018,O008428,W03,C02,2025-02-15,2025-02-18,2025-02-18,1,1
S008019,O008429,W02,C04,2025-03-15,2025-03-18,2025-03-22,0,1
S008020,O008430,W01,C03,2025-09-24,2025-09-26,2025-09-25,1,1
S008021,O008431,W01,C02,2025-02-25,2025-02-27,2025-02-27,1,2
S008022,O008432,W03,C02,2025-09-16,2025-09-18,2025-09-18,1,0
S008023,O008433,W01,C04,2025-08-02,2025-08-04,2025-08-03,1,2
S008024,O008434,W02,C03,2025-02-12,2025-02-14,2025-02-13,1,1
S008025,O008435,W01,C02,2025-07-17,2025-07-18,2025-07-18,1,1
S008026,O008436,W01,C01,2025-01-10,2025-01-13,2025-01-12,1,1
S008027,O008437,W02,C02,2025-06-21,2025-06-22,2025-06-22,1,2
S008028,O008438,W02,C03,2025-11-06,2025-11-08,2025-11-08,1,0
S008029,O008439,W01,C01,2025-10-27,2025-10-28,2025-10-28,1,2
S008030,O008440,W01,C03,2025-08-07,2025-08-10,2025-08-12,0,1
S008031,O008441,W02,C01,2025-02-09,2025-02-12,2025-02-12,1,1
S008032,O008442,W03,C02,2025-06-10,2025-06-13,2025-06-17,0,1
S008033,O008443,W01,C03,2025-06-10,2025-06-12,2025-06-11,1,2
S008034,O008444,W02,C03,2025-02-17,2025-02-20,2025-02-20,1,1
S008035,O008445,W02,C03,2025-04-27,2025-04-28,2025-04-28,1,2
S008036,O008446,W01,C02,2025-02-13,2025-02-16,2025-02-16,1,1
S008037,O008447,W02,C01,2025-03-27,2025-03-29,2025-03-29,1,1
S008038,O008448,W03,C02,2025-05-22,2025-05-23,2025-05-23,1,1
S008039,O008449,W03,C02,2025-05-31,2025-06-02,2025-06-02,1,1
S008040,O008450,W01,C02,2025-11-18,2025-11-19,2025-11-19,1,1
S008041,O008451,W01,C01,2025-07-19,2025-07-23,2025-07-22,1,1
S008042,O008452,W02,C04,2025-12-27,2025-12-30,2025-12-30,1,1
S008043,O008453,W01,C03,2025-12-03,2025-12-07,2025-12-07,1,0
S008044,O008455,W02,C03,2025-08-05,2025-08-08,2025-08-08,1,1
S008045,O008456,W03,C01,2025-06-01,2025-06-05,2025-06-05,1,1
S008046,O008457,W01,C02,2025-09-06,2025-09-07,2025-09-07,1,2
S008047,O008458,W02,C01,2025-02-27,2025-03-03,2025-03-02,1,0
S008048,O008459,W03,C02,2025-02-10,2025-02-11,2025-02-11,1,1
S008049,O008460,W01,C02,2025-01-04,2025-01-05,2025-01-06,0,2
S008050,O008461,W01,C03,2025-10-06,2025-10-09,2025-10-09,1,1
S008051,O008462,W03,C03,2025-07-17,2025-07-20,2025-07-20,1,0
S008052,O008463,W01,C03,2025-12-29,2025-12-30,2025-12-30,1,1
S008053,O008464,W01,C03,2025-10-16,2025-10-18,2025-10-18,1,2
S008054,O008465,W03,C01,2025-01-18,2025-01-21,2025-01-21,1,1
S008055,O008466,W02,C03,2025-03-24,2025-03-26,2025-03-25,1,1
S008056,O008467,W01,C01,2025-07-09,2025-07-12,2025-07-12,1,1
S008057,O008468,W01,C04,2025-07-20,2025-07-22,2025-07-22,1,1
S008058,O008469,W03,C03,2025-11-29,2025-12-01,2025-12-01,1,2
S008059,O008470,W02,C01,2025-01-26,2025-01-28,2025-01-28,1,2
S008060,O008472,W02,C01,2025-10-11,2025-10-13,2025-10-13,1,2
S008061,O008473,W03,C02,2025-10-19,2025-10-24,2025-10-24,1,0
S008062,O008474,W02,C04,2025-07-06,2025-07-09,2025-07-09,1,1
S008063,O008475,W01,C02,2025-09-16,2025-09-19,2025-09-19,1,0
S008064,O008476,W03,C01,2025-08-28,2025-08-29,2025-08-29,1,2
S008065,O008477,W02,C03,2025-02-21,2025-02-24,2025-02-24,1,0
S008066,O008478,W03,C02,2025-12-29,2025-12-30,2025-12-31,0,1
S008067,O008479,W03,C01,2025-06-10,2025-06-12,2025-06-12,1,2
S008068,O008480,W01,C02,2025-12-16,2025-12-18,2025-12-17,1,2
S008069,O008481,W02,C02,2025-05-15,2025-05-16,2025-05-16,1,2
S008070,O008482,W02,C03,2025-06-19,2025-06-22,2025-06-22,1,1
S008071,O008483,W03,C02,2025-02-14,2025-02-17,2025-02-17,1,1
S008072,O008485,W01,C03,2025-11-06,2025-11-09,2025-11-09,1,0
S008073,O008486,W02,C02,2025-05-04,2025-05-07,2025-05-07,1,1
S008074,O008487,W03,C01,2025-03-15,2025-03-16,2025-03-16,1,2
S008075,O008488,W02,C01,2025-08-29,2025-08-31,2025-08-31,1,1
S008076,O008489,W01,C01,2025-09-13,2025-09-15,2025-09-14,1,1
S008077,O008490,W02,C04,2025-08-21,2025-08-22,2025-08-22,1,1
S008078,O008491,W01,C02,2025-04-11,2025-04-14,2025-04-13,1,1
S008079,O008492,W03,C01,2025-01-27,2025-01-28,2025-01-28,1,2
S008080,O008493,W01,C02,2025-07-15,2025-07-18,2025-07-18,1,0
S008081,O008494,W01,C01,2025-12-08,2025-12-11,2025-12-11,1,1
S008082,O008495,W02,C01,2025-04-05,2025-04-07,2025-04-07,1,2
S008083,O008496,W01,C04,2025-03-04,2025-03-05,2025-03-05,1,2
S008084,O008497,W01,C02,2025-08-17,2025-08-21,2025-08-20,1,1
S008085,O008498,W01,C03,2025-11-30,2025-12-02,2025-12-01,1,1
S008086,O008499,W02,C01,2025-11-20,2025-11-19,2025-11-19,1,3
S008087,O008500,W02,C03,2025-07-27,2025-07-29,2025-07-29,1,1
S008088,O008501,W03,C03,2025-03-26,2025-03-30,2025-03-30,1,0
S008089,O008502,W02,C01,2025-08-18,2025-08-21,2025-08-21,1,1
S008090,O008503,W03,C02,2025-08-20,2025-08-25,2025-08-28,0,0
S008091,O008504,W01,C03,2025-10-27,2025-10-29,2025-11-01,0,1
S008092,O008505,W01,C04,2025-03-08,2025-03-10,2025-03-10,1,1
S008093,O008506,W03,C03,2025-07-06,2025-07-09,2025-07-09,1,1
S008094,O008507,W03,C03,2025-02-14,2025-02-16,2025-02-15,1,2
S008095,O008508,W02,C01,2025-07-23,2025-07-24,2025-07-24,1,1
S008096,O008509,W02,C03,2025-10-19,2025-10-19,2025-10-19,1,2
S008097,O008510,W02,C03,2025-02-03,2025-02-06,2025-02-08,0,1
S008098,O008511,W02,C01,2025-08-16,2025-08-16,2025-08-16,1,3
S008099,O008512,W03,C03,2025-12-09,2025-12-12,2025-12-12,1,1
S008100,O008513,W01,C01,2025-05-04,2025-05-05,2025-05-07,0,2
S008101,O008515,W01,C02,2025-06-02,2025-06-03,2025-06-03,1,1
S008102,O008516,W01,C02,2025-09-05,2025-09-09,2025-09-08,1,1
S008103,O008517,W01,C04,2025-07-30,2025-08-02,2025-08-02,1,0
S008104,O008518,W02,C04,2025-09-23,2025-09-25,2025-09-24,1,2
S008105,O008519,W02,C01,2025-07-22,2025-07-25,2025-07-24,1,1
S008106,O008520,W01,C02,2025-12-25,2025-12-27,2025-12-27,1,1
S008107,O008521,W02,C01,2025-10-25,2025-10-28,2025-10-28,1,1
S008108,O008522,W02,C03,2025-07-24,2025-07-26,2025-07-25,1,1
S008109,O008523,W02,C02,2025-01-29,2025-02-01,2025-02-01,1,0
S008110,O008524,W03,C03,2025-02-24,2025-02-28,2025-03-04,0,0
S008111,O008525,W01,C03,2025-12-25,2025-12-27,2025-12-27,1,1
S008112,O008526,W01,C03,2025-07-16,2025-07-18,2025-07-18,1,1
S008113,O008527,W01,C01,2025-08-01,2025-08-04,2025-08-04,1,1
S008114,O008528,W01,C02,2025-04-16,2025-04-18,2025-04-18,1,2
S008115,O008529,W03,C01,2025-07-31,2025-08-05,2025-08-05,1,0
S008116,O008530,W03,C01,2025-11-06,2025-11-07,2025-11-07,1,2
S008117,O008531,W02,C01,2025-05-11,2025-05-14,2025-05-13,1,1
S008118,O008532,W02,C01,2025-06-05,2025-06-06,2025-06-06,1,2
S008119,O008533,W01,C01,2025-02-05,2025-02-06,2025-02-06,1,2
S008120,O008534,W03,C03,2025-10-26,2025-10-28,2025-10-28,1,1
S008121,O008535,W01,C03,2025-12-16,2025-12-17,2025-12-17,1,1
S008122,O008536,W02,C01,2025-11-10,2025-11-12,2025-11-12,1,0
S008123,O008537,W03,C03,2025-05-04,2025-05-06,2025-05-06,1,2
S008124,O008538,W01,C03,2025-01-29,2025-02-01,2025-01-31,1,1
S008125,O008540,W01,C03,2025-12-21,2025-12-22,2025-12-22,1,2
S008126,O008541,W01,C02,2025-03-09,2025-03-10,2025-03-10,1,2
S008127,O008542,W02,C03,2025-11-24,2025-11-24,2025-11-24,1,2
S008128,O008543,W02,C01,2025-11-19,2025-11-21,2025-11-21,1,2
S008129,O008544,W02,C03,2025-12-26,2025-12-27,2025-12-27,1,2
S008130,O008547,W01,C03,2025-11-07,2025-11-09,2025-11-09,1,1
S008131,O008548,W01,C02,2025-12-26,2025-12-28,2025-12-28,1,0
S008132,O008549,W01,C02,2025-04-12,2025-04-14,2025-04-13,1,1
S008133,O008550,W03,C03,2025-06-08,2025-06-10,2025-06-10,1,0
S008134,O008551,W01,C02,2025-02-16,2025-02-19,2025-02-19,1,0
S008135,O008552,W02,C02,2025-06-14,2025-06-16,2025-06-15,1,1
S008136,O008553,W01,C01,2025-07-07,2025-07-07,2025-07-07,1,2
S008137,O008554,W01,C02,2025-11-02,2025-11-03,2025-11-03,1,2
S008138,O008555,W02,C02,2025-12-11,2025-12-14,2025-12-14,1,1
S008139,O008556,W02,C04,2025-12-05,2025-12-08,2025-12-08,1,2
S008140,O008557,W02,C04,2025-03-09,2025-03-08,2025-03-08,1,3
S008141,O008558,W01,C02,2025-05-07,2025-05-09,2025-05-09,1,2
S008142,O008559,W02,C03,2025-05-13,2025-05-14,2025-05-14,1,1
S008143,O008560,W02,C01,2025-07-04,2025-07-07,2025-07-07,1,2
S008144,O008561,W02,C04,2025-10-22,2025-10-25,2025-10-27,0,1
S008145,O008563,W01,C03,2025-02-02,2025-02-05,2025-02-04,1,1
S008146,O008564,W03,C01,2025-10-01,2025-10-01,2025-10-01,1,2
S008147,O008565,W01,C02,2025-05-17,2025-05-19,2025-05-19,1,1
S008148,O008566,W03,C01,2025-02-22,2025-02-25,2025-03-01,0,1
S008149,O008568,W03,C03,2025-05-20,2025-05-23,2025-05-22,1,0
S008150,O008569,W03,C01,2025-05-02,2025-05-03,2025-05-06,0,1
S008151,O008570,W03,C03,2025-05-28,2025-05-31,2025-05-30,1,2
S008152,O008571,W02,C03,2025-10-03,2025-10-05,2025-10-05,1,2
S008153,O008572,W01,C01,2025-07-24,2025-07-27,2025-07-26,1,1
S008154,O008573,W02,C04,2025-04-02,2025-04-04,2025-04-04,1,2
S008155,O008574,W01,C02,2025-10-12,2025-10-15,2025-10-15,1,1
S008156,O008575,W01,C02,2025-01-24,2025-01-27,2025-01-27,1,0
S008157,O008576,W01,C04,2025-12-03,2025-12-04,2025-12-05,0,1
S008158,O008577,W01,C03,2025-07-10,2025-07-13,2025-07-14,0,1
S008159,O008578,W02,C03,2025-03-04,2025-03-08,2025-03-08,1,1
S008160,O008579,W02,C03,2025-03-01,2025-03-02,2025-03-02,1,2
S008161,O008580,W01,C01,2025-01-25,2025-01-29,2025-01-29,1,0
S008162,O008582,W02,C01,2025-10-15,2025-10-17,2025-10-17,1,0
S008163,O008583,W01,C02,2025-07-02,2025-07-06,2025-07-05,1,0
S008164,O008584,W02,C02,2025-03-29,2025-03-31,2025-03-31,1,1
S008165,O008585,W02,C03,2025-09-17,2025-09-19,2025-09-21,0,1
S008166,O008586,W02,C02,2025-04-09,2025-04-12,2025-04-12,1,1
S008167,O008587,W03,C03,2025-12-08,2025-12-10,2025-12-09,1,1
S008168,O008588,W01,C01,2025-08-29,2025-08-31,2025-08-31,1,1
S008169,O008589,W01,C01,2025-07-04,2025-07-06,2025-07-06,1,1
S008170,O008590,W03,C04,2025-09-16,2025-09-16,2025-09-16,1,2
S008171,O008591,W03,C02,2025-03-04,2025-03-06,2025-03-05,1,0
S008172,O008592,W03,C01,2026-01-01,2026-01-04,2026-01-03,1,2
S008173,O008593,W01,C01,2025-03-30,2025-04-02,2025-04-01,1,1
S008174,O008594,W01,C03,2025-06-11,2025-06-13,2025-06-14,0,1
S008175,O008595,W02,C03,2025-04-10,2025-04-12,2025-04-14,0,2
S008176,O008596,W01,C01,2025-03-15,2025-03-17,2025-03-16,1,1
S008177,O008597,W02,C04,2025-10-15,2025-10-18,2025-10-18,1,0
S008178,O008598,W02,C01,2025-08-12,2025-08-14,2025-08-13,1,1
S008179,O008599,W02,C03,2025-10-14,2025-10-17,2025-10-18,0,1
S008180,O008600,W01,C02,2025-05-03,2025-05-06,2025-05-06,1,1
S008181,O008601,W02,C01,2025-09-24,2025-09-25,2025-09-25,1,2
S008182,O008602,W01,C01,2025-01-23,2025-01-26,2025-01-26,1,0
S008183,O008603,W01,C02,2025-11-23,2025-11-26,2025-11-26,1,1
S008184,O008604,W01,C01,2025-10-27,2025-10-28,2025-10-28,1,2
S008185,O008605,W03,C03,2025-11-06,2025-11-09,2025-11-08,1,0
S008186,O008606,W01,C01,2025-09-12,2025-09-14,2025-09-14,1,1
S008187,O008607,W01,C03,2025-10-11,2025-10-15,2025-10-15,1,1
S008188,O008608,W01,C04,2025-09-14,2025-09-19,2025-09-20,0,0
S008189,O008609,W02,C01,2025-08-11,2025-08-12,2025-08-12,1,2
S008190,O008611,W01,C01,2025-10-12,2025-10-14,2025-10-14,1,2
S008191,O008612,W03,C02,2025-09-14,2025-09-17,2025-09-17,1,2
S008192,O008613,W03,C01,2025-05-31,2025-06-02,2025-06-02,1,1
S008193,O008614,W01,C02,2025-11-04,2025-11-07,2025-11-07,1,0
S008194,O008615,W01,C04,2025-06-15,2025-06-17,2025-06-16,1,1
S008195,O008616,W01,C03,2025-03-17,2025-03-19,2025-03-19,1,1
S008196,O008617,W01,C01,2025-09-03,2025-09-05,2025-09-04,1,2
S008197,O008618,W02,C01,2025-12-31,2026-01-03,2026-01-02,1,1
S008198,O008620,W02,C03,2025-12-08,2025-12-09,2025-12-12,0,2
S008199,O008621,W01,C02,2025-08-14,2025-08-16,2025-08-16,1,1
S008200,O008622,W03,C01,2025-08-31,2025-09-02,2025-09-02,1,2
S008201,O008623,W01,C03,2025-03-04,2025-03-05,2025-03-05,1,1
S008202,O008624,W01,C02,2025-04-05,2025-04-09,2025-04-09,1,1
S008203,O008626,W03,C01,2025-02-19,2025-02-22,2025-02-21,1,1
S008204,O008627,W02,C03,2025-03-21,2025-03-24,2025-03-24,1,1
S008205,O008628,W01,C01,2025-10-13,2025-10-15,2025-10-14,1,0
S008206,O008629,W01,C02,2025-08-30,2025-09-01,2025-09-01,1,1
S008207,O008630,W01,C02,2025-08-01,2025-08-04,2025-08-04,1,0
S008208,O008631,W03,C02,2025-06-11,2025-06-13,2025-06-13,1,1
S008209,O008632,W01,C01,2025-09-22,2025-09-23,2025-09-23,1,1
S008210,O008633,W01,C03,2025-04-06,2025-04-06,2025-04-06,1,3
S008211,O008634,W02,C02,2025-06-04,2025-06-06,2025-06-06,1,1
S008212,O008636,W01,C03,2025-02-28,2025-03-01,2025-03-01,1,1
S008213,O008637,W01,C02,2025-04-04,2025-04-05,2025-04-05,1,2
S008214,O008638,W01,C01,2025-06-06,2025-06-07,2025-06-07,1,1
S008215,O008639,W02,C02,2025-02-26,2025-02-26,2025-02-26,1,2
S008216,O008640,W01,C04,2025-02-05,2025-02-08,2025-02-08,1,1
S008217,O008641,W02,C03,2025-02-10,2025-02-12,2025-02-12,1,2
S008218,O008642,W03,C01,2025-09-14,2025-09-17,2025-09-17,1,2
S008219,O008644,W01,C03,2025-11-22,2025-11-25,2025-11-24,1,1
S008220,O008645,W01,C02,2025-09-07,2025-09-10,2025-09-13,0,1
S008221,O008647,W03,C03,2025-01-12,2025-01-12,2025-01-12,1,2
S008222,O008648,W03,C02,2025-04-12,2025-04-16,2025-04-15,1,1
S008223,O008649,W03,C02,2025-11-07,2025-11-09,2025-11-12,0,1
S008224,O008650,W01,C02,2025-04-06,2025-04-07,2025-04-07,1,1
S008225,O008651,W02,C01,2025-06-27,2025-06-29,2025-06-29,1,2
S008226,O008652,W02,C01,2025-01-06,2025-01-08,2025-01-08,1,1
S008227,O008653,W01,C02,2025-09-10,2025-09-11,2025-09-11,1,1
S008228,O008654,W01,C02,2025-02-11,2025-02-14,2025-02-14,1,2
S008229,O008655,W02,C02,2025-04-15,2025-04-18,2025-04-19,0,2
S008230,O008656,W03,C03,2025-08-13,2025-08-17,2025-08-21,0,1
S008231,O008657,W03,C01,2025-07-19,2025-07-24,2025-07-24,1,0
S008232,O008658,W01,C03,2025-04-23,2025-04-25,2025-04-24,1,2
S008233,O008659,W02,C03,2025-10-14,2025-10-16,2025-10-17,0,1
S008234,O008660,W02,C02,2025-01-19,2025-01-21,2025-01-21,1,1
S008235,O008661,W03,C04,2025-04-27,2025-04-30,2025-04-30,1,1
S008236,O008662,W01,C01,2025-11-30,2025-12-03,2025-12-03,1,1
S008237,O008663,W02,C02,2025-05-07,2025-05-11,2025-05-11,1,0
S008238,O008664,W01,C02,2025-07-05,2025-07-06,2025-07-06,1,2
S008239,O008665,W02,C03,2025-05-05,2025-05-06,2025-05-06,1,1
S008240,O008666,W03,C01,2025-10-02,2025-10-03,2025-10-03,1,2
S008241,O008667,W02,C01,2025-11-19,2025-11-22,2025-11-22,1,1
S008242,O008668,W02,C03,2025-04-22,2025-04-24,2025-04-23,1,2
S008243,O008669,W02,C02,2025-08-20,2025-08-25,2025-08-25,1,0
S008244,O008670,W03,C04,2025-07-19,2025-07-22,2025-07-21,1,1
S008245,O008671,W01,C03,2025-10-16,2025-10-16,2025-10-16,1,3
S008246,O008672,W01,C03,2025-11-09,2025-11-10,2025-11-10,1,2
S008247,O008673,W03,C01,2025-04-24,2025-04-26,2025-04-25,1,1
S008248,O008674,W02,C02,2025-05-19,2025-05-22,2025-05-22,1,1
S008249,O008675,W01,C01,2025-01-18,2025-01-20,2025-01-20,1,1
S008250,O008676,W01,C04,2025-05-29,2025-05-31,2025-05-31,1,2
S008251,O008677,W01,C03,2025-05-18,2025-05-22,2025-05-21,1,1
S008252,O008678,W01,C04,2025-02-18,2025-02-20,2025-02-19,1,1
S008253,O008679,W02,C02,2025-08-15,2025-08-17,2025-08-17,1,1
S008254,O008680,W01,C02,2025-07-14,2025-07-15,2025-07-15,1,2
S008255,O008681,W03,C01,2025-11-16,2025-11-18,2025-11-18,1,2
S008256,O008682,W01,C03,2025-03-08,2025-03-12,2025-03-13,0,0
S008257,O008683,W02,C04,2025-09-11,2025-09-12,2025-09-12,1,2
S008258,O008684,W02,C01,2025-10-21,2025-10-23,2025-10-23,1,1
S008259,O008685,W02,C04,2025-07-27,2025-07-27,2025-07-27,1,2
S008260,O008686,W01,C01,2025-12-05,2025-12-08,2025-12-08,1,0
S008261,O008687,W01,C01,2025-12-18,2025-12-22,2025-12-22,1,0
S008262,O008688,W02,C01,2025-11-17,2025-11-20,2025-11-20,1,1
S008263,O008689,W03,C03,2025-07-25,2025-07-26,2025-07-26,1,2
S008264,O008690,W01,C02,2025-03-29,2025-03-31,2025-04-01,0,2
S008265,O008691,W01,C03,2025-12-13,2025-12-15,2025-12-15,1,1
S008266,O008692,W02,C03,2025-04-30,2025-05-04,2025-05-04,1,1
S008267,O008693,W02,C02,2025-12-21,2025-12-23,2025-12-22,1,2
S008268,O008694,W02,C03,2025-05-07,2025-05-07,2025-05-07,1,2
S008269,O008695,W01,C04,2025-11-13,2025-11-15,2025-11-17,0,1
S008270,O008696,W03,C03,2025-07-28,2025-08-02,2025-08-01,1,0
S008271,O008697,W01,C02,2025-04-03,2025-04-07,2025-04-07,1,1
S008272,O008698,W02,C03,2025-08-01,2025-08-01,2025-08-01,1,3
S008273,O008699,W02,C01,2025-08-21,2025-08-22,2025-08-22,1,2
S008274,O008700,W01,C04,2025-03-28,2025-04-01,2025-04-05,0,0
S008275,O008701,W01,C01,2025-10-23,2025-10-26,2025-10-26,1,1
S008276,O008702,W01,C04,2025-03-25,2025-03-25,2025-03-26,0,3
S008277,O008703,W01,C01,2025-02-28,2025-03-01,2025-03-01,1,1
S008278,O008704,W03,C03,2025-07-25,2025-07-29,2025-07-29,1,1
S008279,O008705,W01,C01,2025-08-19,2025-08-19,2025-08-19,1,2
S008280,O008706,W01,C02,2025-03-26,2025-03-28,2025-03-27,1,1
S008281,O008707,W02,C04,2025-10-14,2025-10-18,2025-10-21,0,1
S008282,O008708,W01,C01,2025-02-23,2025-02-25,2025-02-24,1,1
S008283,O008709,W03,C03,2025-03-14,2025-03-16,2025-03-16,1,2
S008284,O008710,W01,C01,2025-01-19,2025-01-19,2025-01-19,1,2
S008285,O008711,W03,C01,2025-05-21,2025-05-21,2025-05-21,1,2
S008286,O008712,W03,C01,2025-03-07,2025-03-08,2025-03-08,1,1
S008287,O008713,W01,C03,2025-01-02,2025-01-04,2025-01-04,1,1
S008288,O008714,W02,C01,2025-04-16,2025-04-18,2025-04-18,1,1
S008289,O008715,W02,C04,2025-09-12,2025-09-11,2025-09-11,1,3
S008290,O008716,W02,C03,2025-01-25,2025-01-26,2025-01-26,1,1
S008291,O008717,W01,C03,2025-02-20,2025-02-22,2025-02-22,1,1
S008292,O008718,W03,C02,2025-01-30,2025-02-02,2025-02-06,0,0
S008293,O008719,W02,C01,2025-11-10,2025-11-10,2025-11-10,1,3
S008294,O008720,W01,C01,2025-11-26,2025-11-29,2025-11-29,1,2
S008295,O008721,W02,C03,2025-06-08,2025-06-11,2025-06-11,1,0
S008296,O008722,W01,C02,2025-07-25,2025-07-26,2025-07-26,1,1
S008297,O008723,W01,C04,2025-09-17,2025-09-20,2025-09-20,1,1
S008298,O008724,W01,C03,2025-01-15,2025-01-20,2025-01-20,1,0
S008299,O008725,W02,C03,2025-11-01,2025-11-04,2025-11-04,1,1
S008300,O008726,W03,C03,2025-11-07,2025-11-10,2025-11-10,1,2
S008301,O008727,W01,C03,2025-04-30,2025-05-04,2025-05-08,0,1
S008302,O008728,W01,C03,2025-03-10,2025-03-15,2025-03-15,1,0
S008303,O008729,W01,C02,2025-11-15,2025-11-18,2025-11-18,1,1
S008304,O008730,W02,C01,2025-08-17,2025-08-20,2025-08-20,1,2
S008305,O008731,W02,C01,2025-08-17,2025-08-18,2025-08-18,1,1
S008306,O008732,W02,C02,2025-06-13,2025-06-15,2025-06-15,1,1
S008307,O008733,W02,C01,2025-12-14,2025-12-17,2025-12-17,1,0
S008308,O008734,W03,C02,2025-09-15,2025-09-17,2025-09-16,1,2
S008309,O008735,W02,C02,2025-08-29,2025-08-31,2025-08-30,1,0
S008310,O008736,W03,C02,2025-02-02,2025-02-02,2025-02-04,0,2
S008311,O008737,W03,C03,2025-11-04,2025-11-06,2025-11-09,0,0
S008312,O008738,W02,C01,2025-03-14,2025-03-15,2025-03-15,1,2
S008313,O008739,W02,C03,2025-06-25,2025-06-26,2025-06-26,1,1
S008314,O008740,W03,C03,2025-11-16,2025-11-20,2025-11-20,1,0
S008315,O008741,W03,C03,2025-09-03,2025-09-05,2025-09-05,1,1
S008316,O008742,W01,C01,2025-08-04,2025-08-08,2025-08-10,0,0
S008317,O008743,W02,C04,2025-06-18,2025-06-22,2025-06-22,1,1
S008318,O008744,W01,C01,2025-11-18,2025-11-22,2025-11-22,1,1
S008319,O008745,W03,C02,2025-04-26,2025-04-28,2025-05-02,0,1
S008320,O008746,W02,C01,2025-03-15,2025-03-17,2025-03-17,1,1
S008321,O008747,W01,C04,2025-10-11,2025-10-12,2025-10-12,1,2
S008322,O008748,W01,C01,2025-12-04,2025-12-05,2025-12-05,1,2
S008323,O008749,W03,C01,2025-04-27,2025-04-30,2025-04-30,1,2
S008324,O008750,W01,C03,2025-12-16,2025-12-19,2025-12-19,1,1
S008325,O008752,W02,C03,2025-03-08,2025-03-10,2025-03-09,1,1
S008326,O008753,W02,C02,2025-12-01,2025-12-01,2025-12-01,1,4
S008327,O008754,W02,C04,2025-12-09,2025-12-11,2025-12-15,0,2
S008328,O008755,W01,C02,2025-09-25,2025-09-29,2025-09-29,1,0
S008329,O008756,W01,C03,2025-05-30,2025-06-01,2025-06-04,0,2
S008330,O008757,W02,C04,2025-09-03,2025-09-04,2025-09-04,1,2
S008331,O008758,W01,C02,2025-03-15,2025-03-19,2025-03-19,1,1
S008332,O008759,W01,C04,2025-08-22,2025-08-25,2025-08-25,1,1
S008333,O008760,W03,C03,2025-06-12,2025-06-14,2025-06-15,0,1
S008334,O008761,W02,C01,2025-04-29,2025-05-01,2025-04-30,1,2
S008335,O008762,W02,C02,2025-01-15,2025-01-17,2025-01-17,1,2
S008336,O008763,W01,C03,2025-12-28,2025-12-30,2025-12-30,1,1
S008337,O008764,W02,C01,2025-09-13,2025-09-14,2025-09-14,1,2
S008338,O008765,W02,C04,2025-09-13,2025-09-16,2025-09-15,1,2
S008339,O008766,W01,C04,2025-10-06,2025-10-09,2025-10-10,0,1
S008340,O008767,W02,C01,2025-11-19,2025-11-21,2025-11-21,1,1
S008341,O008769,W01,C02,2025-01-25,2025-01-27,2025-01-27,1,1
S008342,O008770,W03,C03,2025-03-16,2025-03-19,2025-03-18,1,0
S008343,O008771,W01,C02,2025-02-08,2025-02-11,2025-02-11,1,1
S008344,O008772,W01,C03,2025-08-05,2025-08-05,2025-08-05,1,2
S008345,O008773,W01,C01,2025-10-04,2025-10-06,2025-10-06,1,1
S008346,O008774,W01,C03,2025-05-28,2025-05-31,2025-06-02,0,1
S008347,O008775,W02,C02,2025-02-18,2025-02-20,2025-02-19,1,2
S008348,O008776,W01,C03,2025-04-09,2025-04-12,2025-04-12,1,2
S008349,O008777,W01,C04,2025-09-23,2025-09-25,2025-09-25,1,1
S008350,O008778,W03,C01,2025-09-30,2025-10-03,2025-10-03,1,0
S008351,O008779,W01,C02,2025-09-06,2025-09-08,2025-09-08,1,1
S008352,O008781,W02,C01,2025-09-03,2025-09-06,2025-09-05,1,1
S008353,O008782,W02,C02,2025-10-24,2025-10-26,2025-10-26,1,1
S008354,O008783,W02,C01,2025-03-11,2025-03-12,2025-03-12,1,2
S008355,O008784,W02,C01,2025-11-25,2025-11-28,2025-11-27,1,2
S008356,O008785,W02,C02,2025-07-17,2025-07-19,2025-07-21,0,2
S008357,O008787,W02,C02,2025-03-29,2025-04-01,2025-04-01,1,2
S008358,O008788,W01,C02,2025-09-26,2025-09-27,2025-09-27,1,3
S008359,O008789,W02,C02,2025-01-07,2025-01-09,2025-01-09,1,1
S008360,O008790,W02,C01,2025-03-30,2025-04-02,2025-04-02,1,1
S008361,O008791,W01,C03,2025-10-20,2025-10-23,2025-10-24,0,2
S008362,O008792,W01,C03,2025-05-27,2025-05-27,2025-05-30,0,2
S008363,O008793,W02,C03,2025-08-11,2025-08-13,2025-08-13,1,1
S008364,O008794,W02,C01,2025-05-09,2025-05-11,2025-05-10,1,1
S008365,O008795,W01,C03,2025-12-07,2025-12-09,2025-12-09,1,2
S008366,O008796,W01,C04,2025-01-05,2025-01-08,2025-01-08,1,2
S008367,O008797,W02,C01,2025-10-31,2025-11-02,2025-11-02,1,2
S008368,O008798,W02,C03,2025-07-04,2025-07-05,2025-07-05,1,2
S008369,O008799,W02,C02,2025-10-14,2025-10-16,2025-10-16,1,1
S008370,O008801,W03,C03,2025-02-25,2025-02-27,2025-02-27,1,1
S008371,O008802,W01,C02,2025-08-01,2025-08-03,2025-08-03,1,2
S008372,O008803,W02,C01,2025-04-10,2025-04-13,2025-04-12,1,1
S008373,O008804,W01,C01,2025-05-01,2025-05-02,2025-05-02,1,1
S008374,O008806,W01,C02,2025-01-02,2025-01-06,2025-01-06,1,1
S008375,O008807,W01,C01,2025-08-14,2025-08-17,2025-08-17,1,1
S008376,O008808,W02,C02,2025-03-03,2025-03-05,2025-03-05,1,2
S008377,O008809,W01,C02,2025-09-05,2025-09-06,2025-09-06,1,1
S008378,O008810,W03,C02,2025-10-07,2025-10-07,2025-10-07,1,2
S008379,O008811,W02,C02,2025-04-13,2025-04-15,2025-04-15,1,2
S008380,O008812,W01,C04,2025-03-01,2025-03-02,2025-03-02,1,1
S008381,O008813,W02,C04,2025-09-19,2025-09-21,2025-09-21,1,1
S008382,O008814,W01,C03,2025-12-20,2025-12-19,2025-12-19,1,3
S008383,O008815,W01,C03,2025-10-08,2025-10-11,2025-10-12,0,1
S008384,O008816,W02,C03,2025-11-02,2025-11-03,2025-11-03,1,3
S008385,O008817,W02,C02,2025-10-24,2025-10-25,2025-10-25,1,1
S008386,O008818,W02,C03,2025-12-22,2025-12-24,2025-12-25,0,1
S008387,O008819,W03,C03,2025-12-05,2025-12-09,2025-12-09,1,0
S008388,O008820,W02,C01,2025-03-16,2025-03-19,2025-03-18,1,2
S008389,O008821,W03,C02,2025-06-26,2025-06-29,2025-06-29,1,1
S008390,O008822,W01,C01,2025-02-07,2025-02-10,2025-02-13,0,0
S008391,O008823,W01,C01,2025-09-18,2025-09-22,2025-09-26,0,0
S008392,O008824,W01,C02,2025-05-28,2025-05-29,2025-05-29,1,2
S008393,O008825,W03,C01,2025-11-10,2025-11-13,2025-11-13,1,1
S008394,O008826,W01,C01,2025-07-07,2025-07-09,2025-07-09,1,1
S008395,O008827,W01,C01,2025-01-15,2025-01-17,2025-01-17,1,0
S008396,O008828,W02,C01,2025-01-06,2025-01-09,2025-01-09,1,1
S008397,O008829,W03,C02,2025-02-16,2025-02-20,2025-02-19,1,1
S008398,O008830,W02,C01,2025-09-01,2025-09-03,2025-09-03,1,2
S008399,O008831,W02,C01,2025-12-26,2025-12-29,2025-12-28,1,2
S008400,O008832,W02,C01,2025-09-08,2025-09-11,2025-09-11,1,2
S008401,O008833,W01,C01,2025-05-22,2025-05-23,2025-05-23,1,1
S008402,O008834,W03,C01,2025-10-08,2025-10-11,2025-10-11,1,1
S008403,O008835,W01,C03,2025-07-10,2025-07-13,2025-07-13,1,1
S008404,O008836,W02,C02,2025-08-03,2025-08-06,2025-08-05,1,1
S008405,O008837,W02,C02,2025-12-02,2025-12-04,2025-12-03,1,1
S008406,O008838,W02,C03,2025-04-12,2025-04-12,2025-04-12,1,2
S008407,O008839,W01,C01,2025-06-05,2025-06-07,2025-06-07,1,1
S008408,O008840,W02,C03,2025-03-31,2025-04-03,2025-04-03,1,2
S008409,O008841,W01,C01,2025-11-16,2025-11-20,2025-11-20,1,0
S008410,O008842,W02,C03,2025-07-02,2025-07-05,2025-07-05,1,1
S008411,O008843,W03,C01,2025-03-20,2025-03-23,2025-03-23,1,1
S008412,O008844,W01,C02,2025-05-10,2025-05-13,2025-05-13,1,0
S008413,O008845,W01,C04,2025-03-22,2025-03-22,2025-03-22,1,2
S008414,O008846,W03,C02,2025-05-28,2025-06-01,2025-06-02,0,1
S008415,O008847,W01,C02,2025-11-23,2025-11-23,2025-11-23,1,2
S008416,O008848,W02,C02,2025-04-04,2025-04-07,2025-04-07,1,1
S008417,O008849,W03,C01,2025-11-25,2025-11-26,2025-11-26,1,1
S008418,O008850,W01,C02,2025-06-28,2025-06-29,2025-06-29,1,2
S008419,O008851,W01,C03,2025-02-06,2025-02-08,2025-02-08,1,1
S008420,O008852,W03,C01,2025-03-02,2025-03-06,2025-03-06,1,1
S008421,O008853,W01,C01,2025-02-18,2025-02-20,2025-02-20,1,2
S008422,O008854,W01,C02,2025-07-18,2025-07-21,2025-07-21,1,1
S008423,O008855,W01,C03,2025-01-12,2025-01-12,2025-01-12,1,3
S008424,O008856,W01,C01,2025-07-13,2025-07-17,2025-07-16,1,1
S008425,O008857,W01,C02,2025-06-13,2025-06-15,2025-06-15,1,1
S008426,O008858,W03,C01,2025-04-17,2025-04-18,2025-04-18,1,1
S008427,O008859,W01,C03,2025-05-11,2025-05-13,2025-05-13,1,1
S008428,O008860,W02,C02,2025-12-21,2025-12-23,2025-12-23,1,1
S008429,O008861,W01,C04,2025-02-17,2025-02-20,2025-02-20,1,0
S008430,O008862,W01,C04,2025-06-20,2025-06-24,2025-06-27,0,1
S008431,O008863,W02,C02,2025-07-30,2025-08-01,2025-08-01,1,1
S008432,O008864,W01,C02,2025-01-03,2025-01-05,2025-01-05,1,1
S008433,O008866,W03,C04,2025-02-20,2025-02-21,2025-02-21,1,1
S008434,O008867,W01,C01,2025-07-07,2025-07-09,2025-07-09,1,1
S008435,O008868,W01,C03,2025-01-06,2025-01-10,2025-01-09,1,1
S008436,O008869,W03,C02,2025-09-01,2025-09-03,2025-09-02,1,2
S008437,O008870,W01,C02,2025-01-04,2025-01-07,2025-01-07,1,2
S008438,O008871,W02,C02,2025-02-25,2025-02-28,2025-02-28,1,1
S008439,O008872,W01,C03,2025-04-04,2025-04-05,2025-04-05,1,1
S008440,O008873,W01,C01,2025-03-10,2025-03-12,2025-03-11,1,2
S008441,O008874,W01,C02,2025-07-09,2025-07-12,2025-07-12,1,0
S008442,O008875,W03,C02,2025-10-06,2025-10-08,2025-10-08,1,1
S008443,O008877,W01,C01,2025-11-12,2025-11-13,2025-11-13,1,1
S008444,O008878,W01,C04,2025-03-27,2025-03-29,2025-03-28,1,0
S008445,O008879,W01,C04,2025-06-07,2025-06-09,2025-06-09,1,1
S008446,O008881,W01,C01,2025-05-23,2025-05-26,2025-05-26,1,1
S008447,O008882,W02,C03,2025-08-15,2025-08-18,2025-08-18,1,1
S008448,O008883,W02,C03,2025-12-05,2025-12-07,2025-12-10,0,2
S008449,O008884,W02,C03,2025-05-02,2025-05-02,2025-05-02,1,2
S008450,O008885,W03,C02,2025-02-16,2025-02-18,2025-02-17,1,0
S008451,O008886,W02,C02,2025-05-08,2025-05-10,2025-05-09,1,2
S008452,O008887,W01,C03,2025-07-03,2025-07-04,2025-07-06,0,2
S008453,O008889,W02,C02,2025-10-17,2025-10-19,2025-10-19,1,0
S008454,O008890,W03,C03,2025-09-27,2025-09-30,2025-10-02,0,1
S008455,O008891,W02,C02,2025-08-27,2025-08-29,2025-08-29,1,1
S008456,O008892,W02,C02,2025-03-08,2025-03-09,2025-03-09,1,3
S008457,O008893,W03,C03,2025-03-29,2025-03-30,2025-03-30,1,2
S008458,O008894,W01,C03,2025-02-01,2025-02-04,2025-02-06,0,1
S008459,O008895,W01,C01,2025-02-17,2025-02-18,2025-02-18,1,1
S008460,O008896,W01,C01,2025-04-01,2025-04-01,2025-04-01,1,3
S008461,O008897,W02,C03,2025-08-04,2025-08-05,2025-08-05,1,2
S008462,O008898,W01,C03,2025-09-28,2025-09-29,2025-09-29,1,1
S008463,O008899,W01,C03,2025-08-24,2025-08-29,2025-08-28,1,0
S008464,O008900,W01,C02,2025-08-19,2025-08-20,2025-08-23,0,1
S008465,O008901,W02,C03,2025-11-15,2025-11-16,2025-11-16,1,2
S008466,O008902,W03,C01,2025-08-16,2025-08-17,2025-08-17,1,1
S008467,O008903,W03,C03,2025-01-15,2025-01-20,2025-01-22,0,0
S008468,O008904,W01,C04,2025-12-08,2025-12-10,2025-12-09,1,1
S008469,O008905,W03,C01,2025-08-05,2025-08-06,2025-08-10,0,1
S008470,O008906,W03,C02,2025-08-21,2025-08-22,2025-08-22,1,3
S008471,O008907,W01,C04,2025-04-12,2025-04-15,2025-04-19,0,1
S008472,O008908,W03,C02,2025-03-19,2025-03-21,2025-03-20,1,2
S008473,O008909,W01,C04,2025-07-17,2025-07-18,2025-07-18,1,2
S008474,O008910,W01,C02,2025-08-30,2025-09-02,2025-09-02,1,1
S008475,O008911,W01,C02,2025-12-15,2025-12-17,2025-12-17,1,0
S008476,O008912,W01,C04,2025-08-26,2025-08-28,2025-08-30,0,2
S008477,O008914,W01,C01,2025-06-23,2025-06-25,2025-06-25,1,2
S008478,O008915,W02,C03,2025-11-03,2025-11-05,2025-11-05,1,1
S008479,O008916,W03,C01,2025-05-11,2025-05-15,2025-05-15,1,1
S008480,O008917,W03,C01,2025-12-30,2026-01-01,2026-01-01,1,2
S008481,O008918,W01,C03,2025-03-24,2025-03-25,2025-03-25,1,1
S008482,O008919,W01,C04,2025-07-03,2025-07-06,2025-07-06,1,0
S008483,O008920,W01,C02,2025-09-09,2025-09-12,2025-09-12,1,1
S008484,O008921,W02,C02,2025-04-23,2025-04-25,2025-04-25,1,1
S008485,O008922,W02,C01,2025-06-14,2025-06-16,2025-06-16,1,1
S008486,O008923,W01,C03,2025-07-03,2025-07-06,2025-07-06,1,0
S008487,O008924,W01,C04,2025-06-05,2025-06-06,2025-06-06,1,1
S008488,O008925,W01,C02,2025-06-04,2025-06-07,2025-06-07,1,2
S008489,O008926,W01,C02,2025-05-06,2025-05-07,2025-05-07,1,2
S008490,O008927,W01,C04,2025-05-06,2025-05-09,2025-05-09,1,1
S008491,O008928,W01,C02,2025-12-09,2025-12-11,2025-12-14,0,1
S008492,O008929,W01,C02,2025-06-07,2025-06-08,2025-06-08,1,2
S008493,O008930,W01,C03,2025-12-13,2025-12-14,2025-12-14,1,1
S008494,O008931,W01,C02,2025-12-16,2025-12-18,2025-12-18,1,0
S008495,O008932,W02,C02,2025-08-17,2025-08-20,2025-08-21,0,0
S008496,O008933,W01,C04,2025-12-13,2025-12-13,2025-12-13,1,3
S008497,O008934,W03,C02,2025-03-26,2025-03-28,2025-03-28,1,1
S008498,O008935,W03,C03,2025-03-30,2025-04-02,2025-04-03,0,1
S008499,O008937,W03,C02,2025-05-26,2025-05-28,2025-05-28,1,0
S008500,O008938,W02,C02,2025-12-08,2025-12-10,2025-12-10,1,1
S008501,O008939,W02,C03,2025-10-19,2025-10-20,2025-10-20,1,2
S008502,O008940,W01,C03,2025-11-15,2025-11-15,2025-11-15,1,2
S008503,O008941,W03,C01,2025-07-13,2025-07-15,2025-07-17,0,1
S008504,O008942,W03,C02,2025-05-21,2025-05-25,2025-05-25,1,0
S008505,O008943,W03,C02,2025-03-18,2025-03-20,2025-03-20,1,0
S008506,O008944,W01,C01,2025-12-23,2025-12-24,2025-12-24,1,1
S008507,O008946,W03,C01,2025-02-27,2025-03-01,2025-03-02,0,1
S008508,O008947,W03,C03,2026-01-01,2026-01-04,2026-01-06,0,2
S008509,O008948,W03,C03,2025-06-07,2025-06-08,2025-06-08,1,2
S008510,O008949,W02,C02,2025-12-30,2026-01-01,2026-01-01,1,2
S008511,O008950,W03,C03,2025-10-12,2025-10-15,2025-10-15,1,1
S008512,O008951,W01,C01,2025-03-10,2025-03-13,2025-03-13,1,1
S008513,O008952,W03,C01,2025-04-10,2025-04-13,2025-04-13,1,0
S008514,O008953,W03,C01,2025-11-20,2025-11-22,2025-11-22,1,0
S008515,O008954,W02,C01,2025-03-23,2025-03-24,2025-03-24,1,1
S008516,O008955,W03,C01,2025-06-16,2025-06-19,2025-06-19,1,1
S008517,O008956,W03,C01,2025-08-01,2025-08-03,2025-08-03,1,1
S008518,O008957,W02,C04,2025-09-27,2025-09-29,2025-09-29,1,1
S008519,O008958,W03,C02,2025-09-16,2025-09-18,2025-09-18,1,2
S008520,O008959,W03,C02,2025-07-31,2025-08-01,2025-08-01,1,2
S008521,O008960,W03,C03,2025-01-11,2025-01-12,2025-01-16,0,2
S008522,O008961,W02,C01,2025-01-07,2025-01-09,2025-01-09,1,1
S008523,O008962,W01,C02,2025-11-25,2025-11-28,2025-11-27,1,1
S008524,O008964,W02,C01,2025-03-28,2025-03-29,2025-03-29,1,1
S008525,O008965,W01,C03,2025-10-28,2025-10-30,2025-11-03,0,2
S008526,O008966,W02,C03,2025-05-21,2025-05-23,2025-05-23,1,2
S008527,O008967,W02,C02,2025-02-23,2025-02-25,2025-02-25,1,2
S008528,O008968,W02,C02,2025-04-28,2025-04-30,2025-04-30,1,2
S008529,O008969,W02,C01,2025-05-03,2025-05-06,2025-05-06,1,1
S008530,O008970,W02,C04,2025-08-07,2025-08-09,2025-08-09,1,2
S008531,O008971,W01,C04,2025-05-20,2025-05-23,2025-05-22,1,1
S008532,O008972,W02,C01,2025-04-26,2025-04-27,2025-04-27,1,1
S008533,O008973,W03,C02,2025-07-26,2025-07-31,2025-07-31,1,0
S008534,O008974,W03,C02,2025-01-31,2025-02-01,2025-02-01,1,2
S008535,O008975,W01,C01,2025-10-07,2025-10-09,2025-10-09,1,1
S008536,O008976,W01,C02,2025-04-26,2025-04-29,2025-04-29,1,0
S008537,O008977,W02,C01,2025-11-06,2025-11-08,2025-11-08,1,2
S008538,O008978,W01,C02,2025-11-18,2025-11-18,2025-11-18,1,2
S008539,O008979,W03,C01,2025-11-09,2025-11-13,2025-11-13,1,1
S008540,O008980,W01,C03,2025-04-16,2025-04-18,2025-04-18,1,2
S008541,O008981,W01,C02,2025-08-29,2025-08-31,2025-08-31,1,1
S008542,O008982,W03,C02,2025-07-31,2025-08-03,2025-08-03,1,1
S008543,O008983,W02,C03,2025-08-02,2025-08-05,2025-08-08,0,1
S008544,O008984,W01,C04,2025-01-17,2025-01-19,2025-01-19,1,1
S008545,O008985,W01,C03,2025-10-26,2025-10-29,2025-11-01,0,0
S008546,O008986,W03,C03,2025-08-14,2025-08-16,2025-08-16,1,1
S008547,O008987,W02,C01,2025-08-08,2025-08-10,2025-08-10,1,0
S008548,O008989,W02,C02,2025-08-11,2025-08-14,2025-08-14,1,1
S008549,O008990,W02,C02,2025-07-05,2025-07-06,2025-07-06,1,2
S008550,O008992,W03,C01,2025-08-26,2025-08-26,2025-08-26,1,2
S008551,O008993,W01,C03,2025-06-11,2025-06-13,2025-06-14,0,1
S008552,O008994,W03,C01,2025-11-25,2025-11-27,2025-11-27,1,1
S008553,O008995,W01,C03,2025-09-12,2025-09-15,2025-09-14,1,1
S008554,O008996,W03,C02,2025-03-15,2025-03-16,2025-03-16,1,2
S008555,O008997,W01,C03,2025-12-18,2025-12-18,2025-12-18,1,2
S008556,O008998,W02,C03,2025-12-04,2025-12-05,2025-12-05,1,2
S008557,O008999,W02,C01,2025-10-28,2025-10-29,2025-10-29,1,2
S008558,O009000,W03,C03,2025-02-06,2025-02-07,2025-02-07,1,2
S008559,O009002,W01,C01,2025-04-16,2025-04-18,2025-04-18,1,1
S008560,O009003,W03,C01,2025-05-07,2025-05-09,2025-05-10,0,2
S008561,O009004,W02,C03,2025-07-18,2025-07-21,2025-07-21,1,1
S008562,O009005,W02,C03,2025-07-08,2025-07-11,2025-07-10,1,1
S008563,O009006,W02,C02,2025-07-09,2025-07-12,2025-07-12,1,1
S008564,O009007,W02,C02,2025-06-23,2025-06-24,2025-06-24,1,1
S008565,O009008,W03,C04,2025-09-07,2025-09-10,2025-09-13,0,1
S008566,O009009,W01,C01,2025-10-30,2025-11-01,2025-10-31,1,1
S008567,O009010,W01,C01,2025-06-01,2025-06-05,2025-06-05,1,0
S008568,O009011,W01,C01,2025-02-17,2025-02-20,2025-02-19,1,1
S008569,O009012,W02,C01,2025-10-13,2025-10-16,2025-10-15,1,1
S008570,O009013,W02,C04,2025-10-12,2025-10-12,2025-10-12,1,2
S008571,O009014,W01,C03,2025-07-08,2025-07-09,2025-07-12,0,2
S008572,O009015,W03,C02,2025-11-16,2025-11-17,2025-11-17,1,2
S008573,O009016,W03,C02,2025-06-29,2025-07-02,2025-07-02,1,1
S008574,O009017,W02,C01,2025-03-09,2025-03-10,2025-03-10,1,1
S008575,O009018,W01,C01,2025-09-20,2025-09-23,2025-09-27,0,1
S008576,O009019,W01,C02,2025-10-13,2025-10-14,2025-10-14,1,1
S008577,O009020,W03,C01,2025-06-15,2025-06-17,2025-06-16,1,1
S008578,O009021,W01,C04,2025-10-29,2025-11-01,2025-11-03,0,1
S008579,O009022,W03,C04,2025-08-20,2025-08-23,2025-08-23,1,1
S008580,O009023,W01,C04,2025-04-30,2025-05-02,2025-05-02,1,0
S008581,O009024,W03,C01,2025-01-24,2025-01-24,2025-01-24,1,2
S008582,O009025,W03,C03,2025-03-25,2025-03-27,2025-03-28,0,1
S008583,O009026,W01,C02,2025-07-18,2025-07-20,2025-07-19,1,1
S008584,O009027,W02,C03,2025-07-20,2025-07-21,2025-07-21,1,2
S008585,O009028,W02,C01,2025-12-10,2025-12-13,2025-12-13,1,1
S008586,O009029,W01,C01,2025-06-25,2025-06-28,2025-06-28,1,2
S008587,O009030,W03,C04,2025-08-18,2025-08-21,2025-08-23,0,1
S008588,O009031,W03,C02,2025-08-23,2025-08-25,2025-08-24,1,2
S008589,O009032,W01,C03,2025-08-29,2025-08-30,2025-08-30,1,1
S008590,O009033,W02,C01,2025-07-05,2025-07-07,2025-07-09,0,2
S008591,O009034,W02,C03,2025-03-05,2025-03-08,2025-03-08,1,0
S008592,O009036,W02,C01,2025-10-29,2025-11-01,2025-11-03,0,1
S008593,O009037,W01,C02,2025-08-11,2025-08-14,2025-08-14,1,0
S008594,O009038,W02,C02,2025-07-28,2025-07-30,2025-07-30,1,1
S008595,O009039,W01,C03,2025-12-21,2025-12-23,2025-12-23,1,1
S008596,O009040,W03,C04,2025-06-26,2025-06-29,2025-07-02,0,0
S008597,O009041,W02,C02,2025-02-09,2025-02-11,2025-02-11,1,1
S008598,O009042,W01,C04,2025-02-10,2025-02-14,2025-02-18,0,0
S008599,O009043,W02,C04,2025-05-23,2025-05-26,2025-05-28,0,1
S008600,O009044,W02,C01,2025-03-22,2025-03-25,2025-03-25,1,1
S008601,O009045,W01,C01,2025-09-10,2025-09-13,2025-09-13,1,2
S008602,O009046,W01,C03,2025-10-07,2025-10-10,2025-10-10,1,1
S008603,O009047,W02,C01,2025-03-24,2025-03-25,2025-03-25,1,3
S008604,O009048,W01,C01,2025-03-27,2025-03-28,2025-03-28,1,2
S008605,O009049,W02,C03,2025-07-05,2025-07-05,2025-07-05,1,2
S008606,O009050,W03,C02,2025-08-25,2025-08-29,2025-08-28,1,0
S008607,O009051,W01,C04,2025-11-02,2025-11-03,2025-11-03,1,2
S008608,O009052,W01,C01,2025-06-19,2025-06-22,2025-06-26,0,1
S008609,O009053,W01,C03,2025-11-13,2025-11-15,2025-11-15,1,1
S008610,O009054,W01,C03,2025-06-16,2025-06-16,2025-06-19,0,2
S008611,O009055,W03,C02,2025-04-30,2025-05-02,2025-05-01,1,1
S008612,O009056,W02,C04,2025-03-17,2025-03-18,2025-03-18,1,3
S008613,O009057,W01,C02,2025-01-12,2025-01-15,2025-01-15,1,0
S008614,O009058,W03,C04,2025-01-23,2025-01-27,2025-01-26,1,0
S008615,O009059,W02,C03,2025-05-11,2025-05-13,2025-05-13,1,1
S008616,O009060,W02,C01,2025-04-02,2025-04-05,2025-04-05,1,2
S008617,O009061,W02,C01,2025-08-07,2025-08-09,2025-08-09,1,2
S008618,O009062,W03,C03,2025-07-03,2025-07-06,2025-07-05,1,1
S008619,O009063,W02,C04,2025-07-10,2025-07-12,2025-07-12,1,1
S008620,O009064,W03,C03,2025-03-11,2025-03-13,2025-03-17,0,2
S008621,O009065,W01,C01,2025-06-01,2025-06-03,2025-06-03,1,1
S008622,O009066,W03,C03,2025-10-01,2025-10-05,2025-10-04,1,1
S008623,O009068,W01,C03,2025-08-10,2025-08-13,2025-08-13,1,1
S008624,O009069,W03,C02,2025-09-07,2025-09-09,2025-09-09,1,2
S008625,O009070,W02,C03,2025-10-25,2025-10-28,2025-10-31,0,2
S008626,O009071,W02,C01,2025-11-21,2025-11-22,2025-11-22,1,2
S008627,O009072,W01,C02,2025-04-08,2025-04-09,2025-04-09,1,1
S008628,O009073,W02,C01,2025-12-24,2025-12-27,2025-12-27,1,1
S008629,O009074,W01,C04,2025-08-20,2025-08-23,2025-08-23,1,1
S008630,O009076,W01,C01,2025-06-09,2025-06-11,2025-06-10,1,2
S008631,O009077,W03,C01,2025-02-25,2025-02-26,2025-02-27,0,1
S008632,O009078,W03,C03,2025-06-26,2025-06-27,2025-06-27,1,1
S008633,O009079,W02,C03,2025-07-06,2025-07-09,2025-07-09,1,1
S008634,O009080,W01,C01,2025-05-22,2025-05-24,2025-05-26,0,2
S008635,O009081,W01,C01,2025-12-06,2025-12-09,2025-12-09,1,1
S008636,O009082,W03,C03,2025-04-03,2025-04-03,2025-04-03,1,2
S008637,O009083,W01,C02,2025-10-26,2025-10-27,2025-10-27,1,2
S008638,O009084,W02,C04,2025-08-20,2025-08-24,2025-08-24,1,0
S008639,O009085,W01,C01,2025-06-09,2025-06-10,2025-06-10,1,1
S008640,O009086,W01,C03,2025-06-07,2025-06-09,2025-06-09,1,1
S008641,O009087,W02,C02,2025-11-29,2025-12-01,2025-11-30,1,1
S008642,O009088,W03,C02,2025-08-30,2025-08-31,2025-08-31,1,2
S008643,O009089,W01,C04,2025-03-14,2025-03-16,2025-03-15,1,2
S008644,O009090,W02,C03,2025-02-01,2025-02-02,2025-02-02,1,2
S008645,O009091,W01,C01,2025-12-20,2025-12-21,2025-12-21,1,2
S008646,O009092,W03,C03,2025-11-15,2025-11-17,2025-11-17,1,1
S008647,O009093,W03,C03,2025-06-20,2025-06-20,2025-06-20,1,2
S008648,O009094,W03,C01,2025-08-31,2025-09-01,2025-09-01,1,2
S008649,O009095,W02,C01,2025-08-04,2025-08-06,2025-08-06,1,1
S008650,O009096,W02,C03,2025-08-12,2025-08-15,2025-08-15,1,1
S008651,O009097,W01,C03,2025-10-28,2025-11-01,2025-11-01,1,1
S008652,O009098,W01,C04,2025-07-24,2025-07-27,2025-07-29,0,1
S008653,O009099,W03,C03,2025-06-11,2025-06-14,2025-06-14,1,1
S008654,O009100,W03,C01,2025-10-03,2025-10-05,2025-10-07,0,2
S008655,O009101,W02,C03,2025-08-30,2025-09-03,2025-09-03,1,1
S008656,O009102,W02,C02,2025-02-17,2025-02-18,2025-02-18,1,2
S008657,O009103,W01,C01,2025-10-06,2025-10-10,2025-10-10,1,1
S008658,O009104,W02,C02,2025-07-01,2025-07-01,2025-07-04,0,2
S008659,O009106,W01,C02,2025-10-08,2025-10-11,2025-10-11,1,0
S008660,O009107,W03,C02,2025-08-24,2025-08-26,2025-08-26,1,1
S008661,O009108,W03,C03,2025-08-20,2025-08-22,2025-08-22,1,1
S008662,O009109,W01,C01,2025-08-19,2025-08-21,2025-08-20,1,1
S008663,O009110,W01,C01,2025-10-31,2025-11-02,2025-11-01,1,1
S008664,O009111,W03,C02,2025-04-15,2025-04-17,2025-04-17,1,2
S008665,O009112,W02,C03,2025-03-27,2025-03-29,2025-04-01,0,1
S008666,O009113,W01,C03,2025-11-08,2025-11-11,2025-11-12,0,1
S008667,O009114,W01,C01,2025-09-29,2025-10-01,2025-09-30,1,1
S008668,O009115,W02,C01,2025-01-05,2025-01-06,2025-01-06,1,2
S008669,O009116,W01,C01,2025-10-03,2025-10-05,2025-10-04,1,2
S008670,O009117,W02,C04,2025-07-29,2025-08-01,2025-07-31,1,1
S008671,O009118,W02,C02,2025-06-19,2025-06-22,2025-06-22,1,0
S008672,O009119,W01,C03,2025-12-14,2025-12-15,2025-12-15,1,1
S008673,O009120,W02,C01,2025-10-09,2025-10-12,2025-10-12,1,0
S008674,O009121,W02,C01,2025-01-28,2025-01-31,2025-01-31,1,1
S008675,O009122,W03,C03,2025-10-04,2025-10-05,2025-10-07,0,1
S008676,O009123,W01,C01,2025-02-02,2025-02-06,2025-02-06,1,1
S008677,O009124,W01,C01,2025-10-16,2025-10-19,2025-10-20,0,0
S008678,O009125,W01,C03,2025-08-08,2025-08-10,2025-08-13,0,1
S008679,O009126,W03,C03,2025-04-22,2025-04-25,2025-04-25,1,1
S008680,O009127,W03,C03,2025-12-19,2025-12-20,2025-12-20,1,3
S008681,O009128,W03,C02,2025-02-22,2025-02-23,2025-02-23,1,2
S008682,O009129,W03,C04,2025-11-26,2025-11-30,2025-11-30,1,0
S008683,O009130,W01,C03,2025-08-06,2025-08-09,2025-08-08,1,1
S008684,O009131,W03,C01,2025-12-12,2025-12-13,2025-12-13,1,2
S008685,O009132,W03,C03,2025-09-13,2025-09-14,2025-09-14,1,2
S008686,O009133,W03,C02,2025-08-19,2025-08-20,2025-08-23,0,2
S008687,O009134,W01,C03,2025-01-28,2025-01-30,2025-01-29,1,0
S008688,O009135,W02,C02,2025-05-24,2025-05-25,2025-05-25,1,2
S008689,O009136,W01,C02,2025-09-25,2025-09-27,2025-09-27,1,2
S008690,O009137,W02,C02,2025-02-03,2025-02-08,2025-02-08,1,0
S008691,O009138,W03,C02,2025-09-24,2025-09-27,2025-09-27,1,1
S008692,O009139,W01,C04,2025-12-09,2025-12-11,2025-12-10,1,1
S008693,O009140,W02,C03,2025-07-03,2025-07-04,2025-07-04,1,1
S008694,O009142,W03,C01,2025-12-01,2025-12-05,2025-12-05,1,1
S008695,O009143,W03,C02,2025-11-16,2025-11-19,2025-11-22,0,1
S008696,O009144,W01,C03,2025-05-30,2025-06-01,2025-06-01,1,0
S008697,O009145,W03,C02,2025-10-14,2025-10-17,2025-10-16,1,2
S008698,O009146,W01,C03,2025-07-01,2025-07-02,2025-07-02,1,2
S008699,O009147,W03,C03,2025-04-03,2025-04-06,2025-04-06,1,1
S008700,O009148,W01,C01,2025-08-27,2025-08-28,2025-08-31,0,1
S008701,O009149,W01,C03,2025-06-08,2025-06-11,2025-06-11,1,2
S008702,O009150,W03,C02,2025-04-06,2025-04-10,2025-04-10,1,1
S008703,O009151,W01,C03,2025-10-12,2025-10-15,2025-10-14,1,1
S008704,O009152,W02,C01,2025-08-03,2025-08-05,2025-08-05,1,2
S008705,O009153,W01,C02,2025-12-30,2026-01-03,2026-01-03,1,0
S008706,O009155,W02,C04,2025-08-24,2025-08-26,2025-08-26,1,2
S008707,O009156,W01,C01,2025-12-19,2025-12-21,2025-12-21,1,1
S008708,O009157,W03,C03,2025-10-22,2025-10-25,2025-10-27,0,1
S008709,O009158,W01,C02,2025-12-05,2025-12-08,2025-12-08,1,0
S008710,O009159,W01,C03,2025-10-07,2025-10-10,2025-10-14,0,1
S008711,O009160,W03,C01,2025-05-07,2025-05-10,2025-05-10,1,1
S008712,O009161,W02,C01,2025-11-02,2025-11-03,2025-11-05,0,2
S008713,O009162,W03,C01,2025-07-03,2025-07-07,2025-07-07,1,0
S008714,O009163,W03,C03,2025-04-24,2025-04-26,2025-04-25,1,1
S008715,O009164,W02,C01,2025-02-26,2025-02-26,2025-02-26,1,3
S008716,O009166,W01,C01,2025-06-30,2025-07-03,2025-07-03,1,0
S008717,O009167,W01,C01,2025-06-27,2025-06-28,2025-06-28,1,2
S008718,O009168,W01,C03,2025-04-06,2025-04-07,2025-04-07,1,2
S008719,O009169,W01,C04,2025-06-12,2025-06-15,2025-06-15,1,1
S008720,O009170,W03,C03,2025-02-13,2025-02-16,2025-02-15,1,1
S008721,O009171,W02,C03,2025-10-07,2025-10-09,2025-10-09,1,1
S008722,O009172,W01,C01,2025-09-02,2025-09-04,2025-09-04,1,1
S008723,O009173,W03,C03,2025-09-09,2025-09-12,2025-09-12,1,1
S008724,O009174,W01,C02,2025-03-18,2025-03-19,2025-03-19,1,2
S008725,O009175,W03,C01,2025-07-08,2025-07-11,2025-07-11,1,1
S008726,O009176,W03,C01,2025-02-18,2025-02-19,2025-02-19,1,1
S008727,O009177,W01,C02,2025-02-15,2025-02-17,2025-02-17,1,2
S008728,O009178,W02,C01,2025-08-12,2025-08-15,2025-08-14,1,2
S008729,O009179,W02,C03,2025-08-06,2025-08-11,2025-08-14,0,0
S008730,O009180,W01,C02,2025-11-17,2025-11-20,2025-11-20,1,1
S008731,O009181,W03,C01,2025-07-04,2025-07-05,2025-07-05,1,1
S008732,O009183,W01,C02,2025-12-24,2025-12-27,2025-12-26,1,1
S008733,O009184,W02,C04,2025-02-07,2025-02-09,2025-02-09,1,1
S008734,O009185,W01,C02,2025-06-13,2025-06-17,2025-06-17,1,0
S008735,O009186,W01,C02,2025-01-20,2025-01-22,2025-01-22,1,0
S008736,O009187,W01,C03,2025-07-09,2025-07-14,2025-07-14,1,0
S008737,O009188,W01,C03,2025-04-11,2025-04-14,2025-04-14,1,2
S008738,O009189,W02,C04,2025-05-18,2025-05-18,2025-05-18,1,2
S008739,O009190,W02,C01,2025-12-02,2025-12-02,2025-12-04,0,2
S008740,O009191,W01,C02,2025-05-21,2025-05-25,2025-05-25,1,0
S008741,O009192,W01,C01,2025-08-19,2025-08-19,2025-08-20,0,2
S008742,O009194,W03,C03,2025-09-16,2025-09-19,2025-09-18,1,1
S008743,O009195,W02,C03,2025-07-12,2025-07-16,2025-07-18,0,1
S008744,O009196,W02,C03,2025-01-05,2025-01-09,2025-01-08,1,0
S008745,O009197,W03,C01,2025-02-12,2025-02-15,2025-02-15,1,2
S008746,O009198,W01,C04,2025-04-06,2025-04-07,2025-04-07,1,2
S008747,O009199,W03,C02,2025-09-26,2025-09-28,2025-09-28,1,1
S008748,O009201,W03,C02,2025-12-01,2025-12-02,2025-12-02,1,2
S008749,O009202,W01,C04,2025-06-26,2025-06-27,2025-06-27,1,2
S008750,O009203,W01,C03,2025-08-17,2025-08-19,2025-08-19,1,0
S008751,O009204,W01,C01,2025-12-10,2025-12-14,2025-12-13,1,0
S008752,O009205,W01,C02,2025-04-10,2025-04-14,2025-04-13,1,0
S008753,O009207,W01,C03,2025-10-07,2025-10-09,2025-10-09,1,1
S008754,O009208,W02,C04,2025-09-16,2025-09-17,2025-09-18,0,1
S008755,O009209,W01,C02,2025-05-29,2025-06-01,2025-06-01,1,1
S008756,O009210,W02,C04,2025-01-18,2025-01-20,2025-01-20,1,1
S008757,O009212,W01,C03,2025-11-16,2025-11-19,2025-11-19,1,1
S008758,O009213,W02,C02,2025-03-16,2025-03-18,2025-03-17,1,1
S008759,O009214,W01,C01,2025-12-04,2025-12-07,2025-12-09,0,0
S008760,O009215,W01,C01,2025-07-12,2025-07-12,2025-07-12,1,3
S008761,O009216,W02,C01,2025-04-08,2025-04-10,2025-04-10,1,2
S008762,O009217,W03,C03,2025-01-26,2025-01-29,2025-01-30,0,2
S008763,O009218,W01,C03,2025-06-28,2025-06-30,2025-06-30,1,1
S008764,O009219,W03,C02,2025-06-13,2025-06-15,2025-06-15,1,2
S008765,O009220,W02,C02,2025-09-03,2025-09-05,2025-09-05,1,1
S008766,O009221,W01,C03,2025-04-07,2025-04-08,2025-04-08,1,1
S008767,O009223,W01,C02,2025-05-18,2025-05-21,2025-05-21,1,0
S008768,O009224,W01,C01,2025-05-07,2025-05-09,2025-05-08,1,2
S008769,O009225,W03,C01,2025-03-29,2025-04-02,2025-04-02,1,1
S008770,O009226,W01,C03,2025-05-26,2025-05-27,2025-05-27,1,2
S008771,O009227,W03,C02,2025-07-17,2025-07-19,2025-07-19,1,1
S008772,O009228,W01,C04,2025-04-04,2025-04-07,2025-04-07,1,1
S008773,O009229,W02,C02,2025-02-23,2025-02-25,2025-02-25,1,0
S008774,O009230,W01,C02,2025-09-30,2025-10-02,2025-10-02,1,1
S008775,O009231,W02,C01,2025-12-12,2025-12-14,2025-12-14,1,1
S008776,O009232,W01,C02,2025-12-27,2025-12-31,2025-12-31,1,0
S008777,O009233,W01,C04,2025-06-08,2025-06-12,2025-06-11,1,0
S008778,O009234,W03,C02,2025-04-26,2025-04-30,2025-04-30,1,1
S008779,O009235,W01,C02,2025-10-26,2025-10-29,2025-10-29,1,0
S008780,O009238,W02,C04,2025-11-26,2025-12-01,2025-11-30,1,0
S008781,O009239,W01,C03,2025-07-31,2025-08-02,2025-08-05,0,1
S008782,O009240,W02,C01,2025-04-02,2025-04-03,2025-04-03,1,1
S008783,O009241,W01,C01,2025-08-29,2025-08-30,2025-08-30,1,2
S008784,O009242,W01,C01,2025-04-15,2025-04-15,2025-04-15,1,3
S008785,O009243,W03,C02,2025-07-19,2025-07-21,2025-07-23,0,1
S008786,O009244,W01,C01,2025-03-26,2025-03-28,2025-03-28,1,1
S008787,O009245,W03,C01,2025-02-09,2025-02-08,2025-02-08,1,3
S008788,O009246,W01,C02,2025-10-11,2025-10-13,2025-10-12,1,1
S008789,O009247,W01,C01,2025-07-13,2025-07-15,2025-07-15,1,1
S008790,O009248,W01,C02,2025-05-23,2025-05-26,2025-05-25,1,1
S008791,O009249,W01,C04,2025-12-29,2026-01-02,2026-01-02,1,1
S008792,O009250,W01,C04,2025-08-22,2025-08-25,2025-08-25,1,1
S008793,O009251,W02,C01,2025-11-07,2025-11-10,2025-11-10,1,1
S008794,O009253,W01,C02,2025-01-07,2025-01-11,2025-01-11,1,0
S008795,O009254,W02,C03,2025-09-28,2025-09-30,2025-09-30,1,1
S008796,O009255,W01,C01,2025-06-06,2025-06-08,2025-06-08,1,2
S008797,O009256,W02,C01,2025-04-20,2025-04-22,2025-04-22,1,2
S008798,O009257,W01,C04,2025-11-05,2025-11-09,2025-11-09,1,1
S008799,O009258,W02,C03,2025-01-08,2025-01-10,2025-01-10,1,1
S008800,O009259,W03,C02,2025-08-24,2025-08-24,2025-08-25,0,3
S008801,O009260,W03,C02,2025-09-27,2025-09-30,2025-09-30,1,0
S008802,O009261,W01,C02,2025-12-02,2025-12-04,2025-12-04,1,2
S008803,O009263,W02,C01,2025-10-18,2025-10-19,2025-10-19,1,2
S008804,O009264,W01,C02,2025-04-08,2025-04-13,2025-04-12,1,0
S008805,O009266,W02,C03,2025-04-21,2025-04-24,2025-04-24,1,1
S008806,O009267,W03,C03,2025-08-03,2025-08-05,2025-08-05,1,2
S008807,O009268,W03,C01,2025-08-27,2025-08-28,2025-08-28,1,1
S008808,O009269,W02,C02,2025-10-11,2025-10-14,2025-10-14,1,1
S008809,O009270,W01,C03,2025-06-23,2025-06-26,2025-06-29,0,2
S008810,O009271,W02,C02,2025-02-21,2025-02-23,2025-02-26,0,2
S008811,O009272,W01,C01,2026-01-01,2026-01-03,2026-01-03,1,2
S008812,O009273,W01,C03,2025-11-01,2025-11-03,2025-11-03,1,1
S008813,O009275,W02,C01,2025-03-19,2025-03-18,2025-03-18,1,3
S008814,O009276,W02,C02,2025-06-15,2025-06-18,2025-06-18,1,1
S008815,O009277,W03,C01,2025-04-10,2025-04-12,2025-04-12,1,1
S008816,O009278,W02,C02,2025-10-30,2025-11-02,2025-11-01,1,1
S008817,O009279,W01,C02,2025-03-20,2025-03-22,2025-03-22,1,1
S008818,O009280,W03,C02,2025-06-14,2025-06-18,2025-06-18,1,1
S008819,O009281,W01,C03,2025-06-05,2025-06-06,2025-06-09,0,1
S008820,O009282,W02,C02,2025-03-12,2025-03-14,2025-03-13,1,1
S008821,O009283,W01,C04,2025-05-04,2025-05-06,2025-05-06,1,2
S008822,O009284,W03,C03,2025-09-07,2025-09-10,2025-09-10,1,1
S008823,O009285,W01,C01,2025-06-24,2025-06-26,2025-06-26,1,2
S008824,O009286,W02,C01,2025-02-16,2025-02-18,2025-02-18,1,2
S008825,O009287,W01,C04,2025-06-19,2025-06-22,2025-06-26,0,1
S008826,O009288,W01,C03,2025-12-16,2025-12-18,2025-12-19,0,2
S008827,O009289,W03,C03,2025-06-15,2025-06-17,2025-06-17,1,0
S008828,O009290,W03,C01,2025-12-29,2025-12-31,2025-12-31,1,1
S008829,O009291,W02,C01,2025-12-20,2025-12-20,2025-12-20,1,2
S008830,O009292,W01,C04,2025-04-29,2025-04-30,2025-04-30,1,2
S008831,O009293,W03,C03,2025-12-03,2025-12-07,2025-12-07,1,1
S008832,O009294,W02,C03,2025-12-19,2025-12-21,2025-12-21,1,1
S008833,O009295,W01,C02,2025-10-25,2025-10-29,2025-10-29,1,1
S008834,O009296,W02,C03,2025-09-22,2025-09-24,2025-09-24,1,1
S008835,O009297,W02,C03,2025-03-20,2025-03-20,2025-03-20,1,2
S008836,O009298,W01,C01,2025-12-09,2025-12-10,2025-12-10,1,1
S008837,O009299,W03,C01,2025-03-06,2025-03-11,2025-03-10,1,0
S008838,O009300,W02,C01,2025-05-10,2025-05-13,2025-05-13,1,0
S008839,O009301,W01,C01,2025-03-28,2025-03-30,2025-03-30,1,1
S008840,O009302,W01,C01,2025-06-24,2025-06-27,2025-06-27,1,1
S008841,O009303,W01,C02,2025-01-06,2025-01-09,2025-01-09,1,1
S008842,O009304,W02,C02,2025-11-22,2025-11-24,2025-11-24,1,2
S008843,O009305,W03,C02,2025-10-21,2025-10-24,2025-10-24,1,0
S008844,O009306,W01,C01,2025-09-07,2025-09-09,2025-09-09,1,0
S008845,O009307,W01,C02,2025-02-20,2025-02-22,2025-02-21,1,1
S008846,O009308,W01,C04,2025-06-27,2025-06-28,2025-06-28,1,2
S008847,O009309,W01,C02,2025-04-28,2025-04-30,2025-04-30,1,1
S008848,O009310,W01,C01,2025-06-01,2025-06-03,2025-06-02,1,2
S008849,O009311,W03,C01,2025-03-31,2025-04-02,2025-04-02,1,1
S008850,O009312,W01,C01,2025-07-26,2025-07-28,2025-07-28,1,2
S008851,O009313,W02,C01,2025-06-10,2025-06-12,2025-06-11,1,2
S008852,O009314,W01,C03,2025-04-26,2025-04-28,2025-04-27,1,0
S008853,O009315,W02,C03,2025-06-28,2025-06-29,2025-06-29,1,2
S008854,O009317,W03,C03,2025-07-19,2025-07-23,2025-07-23,1,1
S008855,O009318,W02,C02,2025-05-26,2025-05-28,2025-05-27,1,1
S008856,O009319,W02,C01,2025-01-18,2025-01-20,2025-01-20,1,1
S008857,O009320,W03,C02,2025-09-10,2025-09-11,2025-09-11,1,2
S008858,O009321,W02,C03,2025-09-21,2025-09-25,2025-09-25,1,0
S008859,O009322,W02,C01,2025-08-20,2025-08-22,2025-08-22,1,1
S008860,O009323,W01,C01,2025-11-25,2025-11-26,2025-11-26,1,2
S008861,O009324,W02,C02,2025-10-26,2025-10-30,2025-10-30,1,1
S008862,O009325,W02,C02,2025-01-27,2025-01-29,2025-01-29,1,1
S008863,O009326,W02,C01,2025-04-11,2025-04-13,2025-04-13,1,2
S008864,O009327,W02,C02,2026-01-01,2026-01-01,2026-01-01,1,2
S008865,O009328,W03,C04,2025-07-28,2025-07-28,2025-08-01,0,2
S008866,O009329,W03,C01,2025-12-07,2025-12-10,2025-12-09,1,1
S008867,O009330,W03,C02,2025-02-24,2025-02-26,2025-02-26,1,1
S008868,O009331,W02,C03,2025-02-09,2025-02-09,2025-02-11,0,2
S008869,O009332,W01,C01,2025-11-25,2025-11-26,2025-11-26,1,2
S008870,O009333,W01,C01,2025-01-24,2025-01-27,2025-01-28,0,2
S008871,O009334,W01,C03,2025-01-10,2025-01-14,2025-01-15,0,0
S008872,O009335,W01,C01,2025-05-04,2025-05-06,2025-05-10,0,0
S008873,O009336,W02,C02,2025-08-04,2025-08-07,2025-08-07,1,1
S008874,O009337,W01,C01,2025-05-21,2025-05-25,2025-05-25,1,1
S008875,O009338,W03,C02,2025-01-11,2025-01-12,2025-01-13,0,2
S008876,O009339,W03,C03,2025-12-12,2025-12-14,2025-12-14,1,0
S008877,O009340,W03,C02,2025-09-19,2025-09-19,2025-09-19,1,3
S008878,O009341,W01,C03,2025-06-03,2025-06-06,2025-06-06,1,1
S008879,O009342,W01,C03,2025-07-07,2025-07-08,2025-07-08,1,2
S008880,O009343,W02,C04,2025-10-22,2025-10-24,2025-10-24,1,1
S008881,O009344,W01,C03,2025-06-01,2025-06-04,2025-06-08,0,2
S008882,O009345,W02,C01,2025-04-23,2025-04-25,2025-04-25,1,2
S008883,O009346,W03,C03,2025-11-17,2025-11-21,2025-11-21,1,0
S008884,O009347,W01,C03,2025-12-19,2025-12-24,2025-12-24,1,0
S008885,O009348,W01,C02,2025-04-02,2025-04-05,2025-04-05,1,1
S008886,O009349,W03,C04,2025-01-12,2025-01-14,2025-01-14,1,1
S008887,O009350,W02,C03,2025-08-25,2025-08-26,2025-08-26,1,1
S008888,O009351,W02,C01,2025-08-07,2025-08-10,2025-08-10,1,0
S008889,O009352,W01,C04,2025-11-03,2025-11-04,2025-11-04,1,1
S008890,O009354,W01,C03,2025-01-02,2025-01-04,2025-01-08,0,0
S008891,O009355,W01,C01,2025-12-01,2025-12-04,2025-12-04,1,1
S008892,O009356,W02,C02,2025-01-17,2025-01-19,2025-01-19,1,2
S008893,O009357,W03,C03,2025-09-14,2025-09-16,2025-09-15,1,1
S008894,O009358,W02,C04,2025-11-24,2025-11-23,2025-11-24,0,3
S008895,O009359,W02,C01,2025-11-16,2025-11-19,2025-11-19,1,1
S008896,O009360,W02,C03,2025-06-09,2025-06-11,2025-06-11,1,2
S008897,O009361,W03,C01,2025-04-23,2025-04-24,2025-04-24,1,1
S008898,O009363,W01,C02,2025-06-18,2025-06-20,2025-06-20,1,1
S008899,O009364,W02,C02,2025-03-09,2025-03-09,2025-03-12,0,2
S008900,O009365,W03,C01,2025-01-09,2025-01-11,2025-01-11,1,1
S008901,O009366,W01,C04,2025-01-11,2025-01-14,2025-01-17,0,0
S008902,O009367,W02,C01,2025-02-01,2025-02-05,2025-02-09,0,1
S008903,O009368,W03,C02,2025-01-25,2025-01-28,2025-01-28,1,1
S008904,O009369,W01,C01,2025-11-07,2025-11-11,2025-11-11,1,0
S008905,O009370,W03,C01,2025-03-04,2025-03-06,2025-03-05,1,0
S008906,O009371,W01,C02,2025-08-20,2025-08-22,2025-08-22,1,1
S008907,O009372,W01,C02,2025-11-27,2025-11-30,2025-11-30,1,1
S008908,O009373,W02,C03,2025-05-25,2025-05-28,2025-05-31,0,1
S008909,O009374,W02,C02,2025-05-25,2025-05-29,2025-05-29,1,1
S008910,O009375,W02,C03,2025-01-17,2025-01-19,2025-01-21,0,1
S008911,O009376,W01,C01,2025-07-18,2025-07-21,2025-07-23,0,0
S008912,O009377,W02,C03,2025-12-30,2026-01-03,2026-01-02,1,1
S008913,O009378,W03,C03,2025-11-21,2025-11-23,2025-11-23,1,1
S008914,O009380,W03,C02,2025-01-04,2025-01-06,2025-01-06,1,0
S008915,O009381,W01,C01,2025-06-22,2025-06-23,2025-06-23,1,2
S008916,O009382,W02,C02,2025-11-10,2025-11-13,2025-11-12,1,2
S008917,O009383,W01,C04,2025-02-15,2025-02-16,2025-02-16,1,1
S008918,O009384,W01,C03,2025-07-01,2025-07-03,2025-07-03,1,1
S008919,O009385,W01,C03,2025-10-01,2025-10-02,2025-10-02,1,1
S008920,O009386,W02,C02,2025-09-19,2025-09-21,2025-09-21,1,2
S008921,O009387,W03,C03,2025-03-14,2025-03-17,2025-03-17,1,2
S008922,O009388,W02,C02,2025-11-23,2025-11-27,2025-11-27,1,1
S008923,O009389,W02,C01,2025-01-24,2025-01-27,2025-01-28,0,1
S008924,O009390,W03,C02,2025-02-15,2025-02-17,2025-02-17,1,2
S008925,O009391,W01,C01,2025-06-13,2025-06-16,2025-06-15,1,1
S008926,O009392,W02,C04,2025-07-02,2025-07-04,2025-07-04,1,1
S008927,O009393,W03,C03,2025-10-01,2025-10-06,2025-10-06,1,0
S008928,O009394,W01,C01,2025-01-30,2025-02-02,2025-02-02,1,1
S008929,O009396,W01,C01,2025-10-04,2025-10-07,2025-10-07,1,1
S008930,O009397,W03,C03,2025-04-21,2025-04-24,2025-04-24,1,0
S008931,O009398,W02,C04,2025-12-22,2025-12-25,2025-12-29,0,1
S008932,O009399,W02,C03,2025-04-24,2025-04-26,2025-04-28,0,2
S008933,O009400,W01,C02,2025-11-23,2025-11-22,2025-11-22,1,3
S008934,O009401,W01,C01,2025-07-05,2025-07-06,2025-07-06,1,2
S008935,O009402,W01,C02,2025-11-02,2025-11-02,2025-11-02,1,3
S008936,O009403,W01,C01,2025-03-18,2025-03-21,2025-03-24,0,1
S008937,O009404,W01,C02,2025-07-14,2025-07-17,2025-07-20,0,1
S008938,O009405,W01,C01,2025-12-20,2025-12-21,2025-12-21,1,2
S008939,O009406,W02,C04,2025-02-25,2025-02-27,2025-02-26,1,1
S008940,O009407,W01,C01,2025-10-16,2025-10-19,2025-10-19,1,0
S008941,O009408,W03,C03,2025-05-26,2025-05-30,2025-05-30,1,0
S008942,O009409,W03,C02,2025-10-24,2025-10-26,2025-10-26,1,1
S008943,O009410,W02,C01,2025-03-31,2025-03-31,2025-03-31,1,2
S008944,O009411,W02,C03,2025-04-01,2025-04-03,2025-04-06,0,2
S008945,O009412,W01,C02,2025-05-14,2025-05-17,2025-05-17,1,2
S008946,O009413,W03,C03,2025-06-12,2025-06-16,2025-06-15,1,0
S008947,O009414,W02,C03,2025-11-06,2025-11-10,2025-11-09,1,1
S008948,O009416,W01,C03,2025-01-23,2025-01-24,2025-01-27,0,1
S008949,O009417,W02,C01,2025-07-31,2025-08-05,2025-08-04,1,0
S008950,O009418,W03,C03,2025-12-06,2025-12-08,2025-12-08,1,1
S008951,O009419,W02,C02,2025-09-27,2025-10-01,2025-10-01,1,1
S008952,O009420,W03,C02,2025-01-01,2025-01-04,2025-01-04,1,0
S008953,O009421,W01,C01,2025-10-22,2025-10-26,2025-10-30,0,1
S008954,O009422,W02,C01,2025-02-20,2025-02-23,2025-02-23,1,1
S008955,O009423,W02,C03,2025-09-03,2025-09-06,2025-09-06,1,2
S008956,O009424,W02,C01,2025-03-27,2025-03-31,2025-03-31,1,1
S008957,O009425,W01,C01,2025-09-05,2025-09-08,2025-09-12,0,0
S008958,O009426,W02,C01,2025-10-01,2025-10-04,2025-10-04,1,1
S008959,O009427,W01,C01,2025-03-11,2025-03-13,2025-03-12,1,0
S008960,O009428,W02,C01,2025-04-20,2025-04-21,2025-04-21,1,2
S008961,O009429,W02,C04,2025-10-31,2025-11-04,2025-11-04,1,1
S008962,O009430,W02,C02,2025-05-19,2025-05-21,2025-05-21,1,1
S008963,O009431,W01,C03,2025-06-30,2025-07-02,2025-07-04,0,3
S008964,O009432,W01,C04,2025-10-06,2025-10-09,2025-10-09,1,1
S008965,O009433,W01,C02,2025-10-30,2025-10-30,2025-10-30,1,2
S008966,O009434,W02,C02,2025-09-28,2025-09-29,2025-09-29,1,1
S008967,O009435,W03,C03,2025-06-22,2025-06-25,2025-06-26,0,1
S008968,O009436,W01,C01,2025-08-08,2025-08-12,2025-08-12,1,1
S008969,O009437,W03,C01,2025-03-19,2025-03-23,2025-03-22,1,0
S008970,O009438,W01,C02,2025-07-07,2025-07-09,2025-07-08,1,1
S008971,O009439,W03,C01,2025-10-24,2025-10-26,2025-10-25,1,1
S008972,O009440,W02,C03,2025-11-18,2025-11-20,2025-11-20,1,1
S008973,O009441,W03,C02,2025-03-30,2025-03-31,2025-04-02,0,2
S008974,O009442,W02,C03,2025-11-22,2025-11-22,2025-11-22,1,2
S008975,O009443,W01,C01,2025-06-17,2025-06-20,2025-06-20,1,1
S008976,O009444,W01,C01,2025-11-13,2025-11-14,2025-11-14,1,2
S008977,O009445,W01,C01,2025-02-15,2025-02-15,2025-02-18,0,2
S008978,O009446,W02,C02,2025-06-10,2025-06-11,2025-06-11,1,2
S008979,O009447,W02,C01,2025-09-19,2025-09-21,2025-09-21,1,2
S008980,O009448,W03,C03,2025-12-04,2025-12-08,2025-12-08,1,0
S008981,O009449,W03,C01,2025-05-30,2025-06-01,2025-06-01,1,1
S008982,O009450,W01,C01,2025-06-13,2025-06-16,2025-06-15,1,0
S008983,O009451,W02,C03,2025-10-03,2025-10-04,2025-10-04,1,1
S008984,O009452,W03,C03,2025-02-04,2025-02-05,2025-02-07,0,2
S008985,O009453,W01,C03,2025-03-18,2025-03-20,2025-03-20,1,1
S008986,O009454,W03,C01,2025-04-26,2025-04-29,2025-04-29,1,2
S008987,O009455,W03,C01,2025-04-04,2025-04-08,2025-04-08,1,0
S008988,O009456,W03,C02,2025-05-15,2025-05-17,2025-05-21,0,1
S008989,O009457,W03,C02,2025-08-18,2025-08-19,2025-08-19,1,2
S008990,O009459,W02,C03,2025-04-19,2025-04-20,2025-04-20,1,1
S008991,O009461,W01,C04,2025-03-07,2025-03-08,2025-03-08,1,2
S008992,O009462,W03,C01,2025-01-24,2025-01-26,2025-01-25,1,0
S008993,O009463,W01,C01,2025-09-25,2025-09-28,2025-09-28,1,1
S008994,O009464,W03,C02,2025-04-24,2025-04-26,2025-04-26,1,1
S008995,O009465,W02,C04,2025-02-16,2025-02-20,2025-02-20,1,0
S008996,O009466,W03,C02,2025-01-14,2025-01-17,2025-01-17,1,1
S008997,O009467,W01,C02,2025-07-27,2025-07-30,2025-07-30,1,1
S008998,O009468,W03,C02,2025-01-31,2025-02-03,2025-02-03,1,1
S008999,O009469,W01,C03,2025-02-03,2025-02-05,2025-02-04,1,2
S009000,O009470,W02,C02,2025-04-04,2025-04-06,2025-04-06,1,2
S009001,O009471,W02,C01,2025-10-02,2025-10-03,2025-10-03,1,2
S009002,O009472,W03,C02,2025-01-30,2025-01-31,2025-02-02,0,2
S009003,O009473,W03,C02,2025-03-29,2025-03-31,2025-03-31,1,1
S009004,O009474,W01,C01,2025-09-14,2025-09-13,2025-09-13,1,3
S009005,O009476,W02,C04,2025-04-23,2025-04-27,2025-04-27,1,0
S009006,O009477,W03,C03,2025-09-08,2025-09-12,2025-09-12,1,1
S009007,O009478,W01,C03,2025-10-25,2025-10-29,2025-10-29,1,1
S009008,O009479,W01,C02,2025-06-16,2025-06-20,2025-06-23,0,0
S009009,O009480,W01,C03,2025-04-23,2025-04-25,2025-04-25,1,2
S009010,O009481,W03,C03,2025-04-01,2025-04-01,2025-04-01,1,2
S009011,O009482,W02,C03,2025-02-24,2025-02-27,2025-02-27,1,1
S009012,O009483,W03,C01,2025-07-16,2025-07-18,2025-07-18,1,1
S009013,O009484,W01,C02,2025-01-07,2025-01-10,2025-01-09,1,1
S009014,O009485,W02,C02,2025-02-02,2025-02-04,2025-02-03,1,2
S009015,O009486,W01,C01,2025-11-27,2025-11-30,2025-11-30,1,1
S009016,O009487,W01,C03,2025-05-02,2025-05-03,2025-05-03,1,1
S009017,O009490,W03,C01,2025-03-22,2025-03-23,2025-03-23,1,2
S009018,O009491,W02,C03,2025-03-30,2025-04-03,2025-04-03,1,1
S009019,O009492,W02,C03,2025-12-24,2025-12-24,2025-12-24,1,3
S009020,O009493,W02,C04,2025-11-14,2025-11-16,2025-11-16,1,1
S009021,O009494,W02,C01,2025-11-17,2025-11-19,2025-11-19,1,2
S009022,O009495,W03,C03,2025-10-08,2025-10-12,2025-10-12,1,1
S009023,O009496,W03,C01,2025-05-30,2025-06-01,2025-05-31,1,1
S009024,O009497,W01,C02,2025-05-04,2025-05-07,2025-05-07,1,1
S009025,O009498,W01,C01,2025-04-10,2025-04-11,2025-04-11,1,3
S009026,O009499,W03,C02,2025-11-08,2025-11-11,2025-11-11,1,1
S009027,O009500,W01,C02,2025-11-10,2025-11-14,2025-11-14,1,1
S009028,O009501,W01,C01,2025-05-04,2025-05-06,2025-05-05,1,1
S009029,O009502,W02,C02,2025-02-05,2025-02-07,2025-02-07,1,0
S009030,O009503,W02,C01,2025-01-05,2025-01-06,2025-01-06,1,1
S009031,O009504,W03,C03,2025-08-26,2025-08-27,2025-08-27,1,2
S009032,O009505,W02,C03,2025-03-30,2025-04-02,2025-04-02,1,2
S009033,O009506,W03,C01,2025-02-02,2025-02-04,2025-02-03,1,2
S009034,O009507,W02,C04,2025-12-28,2025-12-31,2025-12-31,1,1
S009035,O009508,W01,C03,2025-08-02,2025-08-05,2025-08-05,1,1
S009036,O009509,W03,C02,2025-12-22,2025-12-23,2025-12-23,1,1
S009037,O009510,W01,C02,2025-01-11,2025-01-12,2025-01-12,1,1
S009038,O009511,W01,C01,2025-04-23,2025-04-25,2025-04-25,1,1
S009039,O009512,W02,C02,2025-05-04,2025-05-07,2025-05-07,1,1
S009040,O009513,W01,C04,2025-12-28,2025-12-28,2025-12-28,1,2
S009041,O009514,W02,C01,2025-02-13,2025-02-14,2025-02-14,1,1
S009042,O009515,W02,C01,2025-02-19,2025-02-21,2025-02-21,1,1
S009043,O009516,W01,C01,2025-06-13,2025-06-17,2025-06-16,1,0
S009044,O009517,W01,C04,2025-09-28,2025-09-29,2025-09-29,1,1
S009045,O009518,W02,C02,2025-07-09,2025-07-12,2025-07-16,0,1
S009046,O009519,W02,C02,2025-07-23,2025-07-24,2025-07-24,1,1
S009047,O009520,W03,C03,2025-07-05,2025-07-05,2025-07-05,1,2
S009048,O009521,W02,C04,2025-11-21,2025-11-22,2025-11-22,1,2
S009049,O009522,W01,C01,2025-11-02,2025-11-05,2025-11-05,1,1
S009050,O009523,W03,C02,2025-03-15,2025-03-18,2025-03-18,1,1
S009051,O009525,W03,C03,2025-05-29,2025-05-29,2025-06-01,0,2
S009052,O009526,W01,C03,2025-06-24,2025-06-25,2025-06-26,0,1
S009053,O009527,W03,C02,2025-12-21,2025-12-23,2025-12-22,1,1
S009054,O009528,W01,C02,2025-09-16,2025-09-18,2025-09-17,1,1
S009055,O009529,W01,C01,2025-04-14,2025-04-16,2025-04-15,1,1
S009056,O009530,W01,C01,2025-11-05,2025-11-07,2025-11-07,1,1
S009057,O009531,W02,C02,2025-06-12,2025-06-13,2025-06-13,1,2
S009058,O009532,W01,C01,2025-03-27,2025-03-28,2025-03-28,1,2
S009059,O009533,W02,C01,2025-04-28,2025-04-28,2025-04-28,1,2
S009060,O009534,W03,C01,2025-01-30,2025-01-31,2025-01-31,1,2
S009061,O009535,W03,C04,2025-12-01,2025-12-02,2025-12-04,0,1
S009062,O009536,W01,C03,2025-12-25,2025-12-28,2025-12-27,1,1
S009063,O009537,W01,C02,2025-01-02,2025-01-06,2025-01-07,0,0
S009064,O009538,W01,C01,2025-09-30,2025-10-03,2025-10-03,1,2
S009065,O009539,W03,C02,2025-09-24,2025-09-26,2025-09-26,1,0
S009066,O009540,W02,C04,2025-11-19,2025-11-22,2025-11-23,0,1
S009067,O009541,W03,C02,2025-04-03,2025-04-05,2025-04-05,1,2
S009068,O009543,W02,C04,2025-11-13,2025-11-13,2025-11-13,1,2
S009069,O009544,W03,C02,2025-09-29,2025-10-01,2025-10-01,1,1
S009070,O009545,W01,C01,2025-02-16,2025-02-19,2025-02-19,1,2
S009071,O009546,W02,C03,2025-06-21,2025-06-24,2025-06-23,1,2
S009072,O009547,W01,C02,2025-01-05,2025-01-05,2025-01-05,1,2
S009073,O009548,W02,C02,2025-02-20,2025-02-22,2025-02-21,1,1
S009074,O009549,W02,C03,2025-07-02,2025-07-05,2025-07-05,1,0
S009075,O009550,W01,C01,2025-07-06,2025-07-10,2025-07-10,1,0
S009076,O009551,W02,C02,2025-09-03,2025-09-05,2025-09-05,1,1
S009077,O009552,W01,C02,2025-11-20,2025-11-23,2025-11-23,1,1
S009078,O009553,W02,C01,2025-01-17,2025-01-20,2025-01-20,1,1
S009079,O009554,W01,C02,2025-02-18,2025-02-21,2025-02-20,1,1
S009080,O009555,W01,C03,2025-07-29,2025-07-30,2025-07-30,1,2
S009081,O009556,W01,C02,2025-10-12,2025-10-14,2025-10-14,1,2
S009082,O009557,W02,C04,2025-01-15,2025-01-16,2025-01-16,1,2
S009083,O009558,W02,C02,2025-03-04,2025-03-06,2025-03-07,0,3
S009084,O009559,W01,C03,2025-08-13,2025-08-16,2025-08-16,1,1
S009085,O009560,W01,C03,2025-01-26,2025-01-29,2025-01-28,1,0
S009086,O009561,W01,C03,2025-09-12,2025-09-15,2025-09-15,1,1
S009087,O009562,W01,C03,2025-05-16,2025-05-18,2025-05-18,1,1
S009088,O009563,W01,C02,2025-07-06,2025-07-08,2025-07-08,1,1
S009089,O009564,W01,C03,2025-12-23,2025-12-23,2025-12-23,1,3
S009090,O009565,W02,C04,2025-02-06,2025-02-11,2025-02-11,1,0
S009091,O009566,W01,C02,2025-03-18,2025-03-22,2025-03-24,0,1
S009092,O009567,W03,C04,2025-11-18,2025-11-22,2025-11-22,1,0
S009093,O009568,W03,C02,2025-02-28,2025-03-02,2025-03-01,1,1
S009094,O009569,W02,C03,2025-12-27,2025-12-29,2025-12-28,1,2
S009095,O009570,W03,C02,2025-10-09,2025-10-11,2025-10-11,1,2
S009096,O009571,W01,C01,2025-01-07,2025-01-08,2025-01-08,1,1
S009097,O009572,W02,C04,2025-07-23,2025-07-27,2025-07-26,1,1
S009098,O009573,W02,C03,2025-06-01,2025-06-03,2025-06-05,0,1
S009099,O009574,W02,C02,2025-07-30,2025-08-01,2025-08-01,1,2
S009100,O009575,W02,C03,2025-12-17,2025-12-20,2025-12-20,1,1
S009101,O009576,W03,C01,2025-03-17,2025-03-19,2025-03-18,1,3
S009102,O009577,W03,C01,2025-10-28,2025-10-30,2025-10-30,1,2
S009103,O009578,W02,C01,2025-06-09,2025-06-13,2025-06-13,1,0
S009104,O009579,W02,C02,2025-08-12,2025-08-14,2025-08-13,1,2
S009105,O009580,W03,C03,2025-04-19,2025-04-22,2025-04-22,1,0
S009106,O009581,W01,C03,2025-11-03,2025-11-05,2025-11-04,1,2
S009107,O009582,W01,C02,2025-09-09,2025-09-12,2025-09-12,1,1
S009108,O009583,W01,C02,2025-02-28,2025-03-02,2025-03-02,1,0
S009109,O009584,W01,C01,2025-09-06,2025-09-10,2025-09-10,1,1
S009110,O009585,W01,C02,2025-01-20,2025-01-23,2025-01-23,1,1
S009111,O009586,W01,C02,2025-05-23,2025-05-26,2025-05-26,1,0
S009112,O009587,W01,C01,2025-03-04,2025-03-06,2025-03-06,1,1
S009113,O009588,W03,C03,2025-01-06,2025-01-08,2025-01-10,0,1
S009114,O009589,W02,C03,2025-03-28,2025-04-02,2025-04-02,1,0
S009115,O009590,W01,C01,2025-10-26,2025-10-28,2025-10-28,1,1
S009116,O009591,W03,C02,2026-01-01,2026-01-04,2026-01-05,0,1
S009117,O009592,W01,C02,2025-06-15,2025-06-18,2025-06-18,1,0
S009118,O009593,W02,C03,2025-07-15,2025-07-17,2025-07-17,1,2
S009119,O009595,W03,C02,2025-03-03,2025-03-05,2025-03-04,1,1
S009120,O009596,W01,C01,2025-04-25,2025-04-27,2025-04-27,1,1
S009121,O009597,W01,C01,2025-03-02,2025-03-05,2025-03-05,1,0
S009122,O009598,W03,C01,2025-03-19,2025-03-23,2025-03-22,1,1
S009123,O009599,W01,C01,2025-10-08,2025-10-12,2025-10-12,1,1
S009124,O009600,W03,C03,2025-05-30,2025-06-02,2025-06-02,1,1
S009125,O009601,W02,C01,2025-05-30,2025-06-02,2025-06-02,1,1
S009126,O009602,W02,C01,2025-04-22,2025-04-23,2025-04-23,1,1
S009127,O009603,W03,C01,2025-05-31,2025-06-04,2025-06-04,1,0
S009128,O009604,W03,C01,2025-12-09,2025-12-14,2025-12-13,1,0
S009129,O009605,W02,C03,2025-11-02,2025-11-05,2025-11-07,0,0
S009130,O009606,W03,C03,2025-12-29,2025-12-30,2026-01-03,0,1
S009131,O009607,W03,C03,2025-07-24,2025-07-25,2025-07-25,1,2
S009132,O009608,W01,C02,2025-08-13,2025-08-17,2025-08-17,1,1
S009133,O009609,W03,C03,2025-10-11,2025-10-14,2025-10-14,1,2
S009134,O009610,W02,C03,2025-06-21,2025-06-24,2025-06-24,1,1
S009135,O009611,W01,C02,2025-07-21,2025-07-23,2025-07-22,1,1
S009136,O009612,W01,C01,2025-07-24,2025-07-24,2025-07-24,1,2
S009137,O009613,W01,C02,2025-11-24,2025-11-26,2025-11-28,0,2
S009138,O009614,W01,C02,2025-12-03,2025-12-05,2025-12-05,1,2
S009139,O009615,W01,C04,2025-07-20,2025-07-23,2025-07-23,1,2
S009140,O009616,W03,C01,2025-01-04,2025-01-07,2025-01-10,0,1
S009141,O009617,W02,C02,2025-05-28,2025-05-30,2025-05-30,1,2
S009142,O009619,W02,C02,2025-04-28,2025-04-29,2025-04-29,1,2
S009143,O009620,W01,C02,2025-11-06,2025-11-09,2025-11-09,1,1
S009144,O009621,W03,C03,2025-01-18,2025-01-22,2025-01-22,1,0
S009145,O009622,W01,C03,2025-04-16,2025-04-18,2025-04-18,1,1
S009146,O009623,W02,C03,2025-07-31,2025-08-02,2025-08-04,0,3
S009147,O009624,W01,C01,2025-08-30,2025-08-31,2025-09-03,0,1
S009148,O009625,W03,C02,2025-04-20,2025-04-21,2025-04-21,1,1
S009149,O009626,W01,C02,2025-10-18,2025-10-23,2025-10-23,1,0
S009150,O009627,W01,C01,2025-05-17,2025-05-19,2025-05-19,1,1
S009151,O009628,W01,C03,2025-04-05,2025-04-08,2025-04-08,1,2
S009152,O009629,W03,C01,2025-08-13,2025-08-16,2025-08-16,1,2
S009153,O009630,W01,C01,2025-12-31,2025-12-31,2025-12-31,1,2
S009154,O009631,W03,C04,2025-07-02,2025-07-05,2025-07-05,1,1
S009155,O009632,W01,C03,2025-09-07,2025-09-07,2025-09-07,1,2
S009156,O009633,W02,C01,2025-10-13,2025-10-14,2025-10-14,1,3
S009157,O009634,W02,C01,2025-07-18,2025-07-19,2025-07-19,1,2
S009158,O009635,W02,C01,2025-09-13,2025-09-15,2025-09-15,1,1
S009159,O009636,W01,C03,2025-06-21,2025-06-24,2025-06-24,1,1
S009160,O009637,W03,C03,2025-05-05,2025-05-08,2025-05-07,1,0
S009161,O009638,W02,C03,2025-03-05,2025-03-08,2025-03-08,1,2
S009162,O009639,W03,C02,2025-05-15,2025-05-19,2025-05-19,1,0
S009163,O009640,W02,C02,2025-08-02,2025-08-04,2025-08-04,1,2
S009164,O009641,W02,C03,2025-01-17,2025-01-19,2025-01-19,1,1
S009165,O009642,W01,C02,2025-05-28,2025-05-30,2025-05-29,1,3
S009166,O009643,W02,C01,2025-05-09,2025-05-11,2025-05-10,1,1
S009167,O009644,W01,C03,2025-05-23,2025-05-23,2025-05-23,1,2
S009168,O009645,W02,C02,2025-03-21,2025-03-23,2025-03-23,1,1
S009169,O009646,W01,C04,2025-12-01,2025-12-05,2025-12-05,1,1
S009170,O009647,W03,C03,2025-07-15,2025-07-16,2025-07-16,1,1
S009171,O009648,W03,C01,2025-08-17,2025-08-20,2025-08-19,1,0
S009172,O009649,W03,C04,2025-10-21,2025-10-23,2025-10-22,1,1
S009173,O009650,W01,C01,2025-08-01,2025-08-03,2025-08-02,1,2
S009174,O009651,W01,C01,2025-09-25,2025-09-29,2025-09-29,1,0
S009175,O009652,W01,C02,2025-06-27,2025-06-30,2025-06-30,1,1
S009176,O009653,W03,C02,2025-04-05,2025-04-07,2025-04-07,1,2
S009177,O009654,W02,C03,2025-10-12,2025-10-13,2025-10-14,0,2
S009178,O009655,W01,C04,2025-07-30,2025-08-02,2025-08-02,1,1
S009179,O009656,W02,C02,2025-10-03,2025-10-05,2025-10-05,1,2
S009180,O009658,W03,C02,2025-10-14,2025-10-15,2025-10-17,0,2
S009181,O009659,W02,C01,2025-07-30,2025-08-01,2025-07-31,1,2
S009182,O009660,W02,C03,2025-03-20,2025-03-21,2025-03-21,1,2
S009183,O009661,W02,C03,2025-02-20,2025-02-24,2025-02-23,1,0
S009184,O009662,W02,C02,2025-06-15,2025-06-17,2025-06-17,1,0
S009185,O009663,W03,C03,2025-05-21,2025-05-22,2025-05-22,1,1
S009186,O009664,W01,C02,2025-06-03,2025-06-05,2025-06-04,1,2
S009187,O009665,W02,C01,2025-05-31,2025-06-04,2025-06-04,1,1
S009188,O009666,W03,C01,2025-07-13,2025-07-15,2025-07-14,1,1
S009189,O009667,W03,C02,2025-01-16,2025-01-19,2025-01-18,1,1
S009190,O009668,W02,C03,2025-07-14,2025-07-16,2025-07-16,1,1
S009191,O009669,W03,C02,2025-08-25,2025-08-26,2025-08-26,1,2
S009192,O009670,W02,C02,2025-05-12,2025-05-14,2025-05-16,0,2
S009193,O009671,W03,C01,2025-03-27,2025-03-30,2025-04-02,0,1
S009194,O009672,W02,C03,2025-08-09,2025-08-12,2025-08-11,1,1
S009195,O009673,W01,C02,2025-05-23,2025-05-26,2025-05-25,1,0
S009196,O009674,W01,C01,2025-11-06,2025-11-07,2025-11-07,1,2
S009197,O009675,W01,C03,2025-10-27,2025-10-29,2025-10-28,1,2
S009198,O009676,W03,C01,2025-01-25,2025-01-26,2025-01-26,1,1
S009199,O009677,W02,C02,2025-09-28,2025-10-01,2025-09-30,1,2
S009200,O009678,W02,C02,2025-03-10,2025-03-12,2025-03-12,1,3
S009201,O009679,W03,C03,2025-01-20,2025-01-23,2025-01-23,1,1
S009202,O009680,W01,C04,2025-02-25,2025-02-28,2025-02-28,1,2
S009203,O009681,W01,C02,2025-04-19,2025-04-20,2025-04-20,1,1
S009204,O009682,W01,C03,2025-12-31,2026-01-01,2026-01-01,1,1
S009205,O009683,W01,C03,2025-12-17,2025-12-20,2025-12-20,1,0
S009206,O009684,W02,C01,2025-08-09,2025-08-13,2025-08-13,1,0
S009207,O009685,W03,C01,2025-05-17,2025-05-18,2025-05-18,1,2
S009208,O009686,W02,C02,2025-06-06,2025-06-09,2025-06-10,0,1
S009209,O009687,W01,C03,2025-02-22,2025-02-25,2025-02-25,1,2
S009210,O009688,W02,C04,2025-09-19,2025-09-19,2025-09-23,0,2
S009211,O009689,W02,C03,2025-03-24,2025-03-25,2025-03-28,0,2
S009212,O009690,W03,C03,2025-08-16,2025-08-19,2025-08-22,0,0
S009213,O009691,W03,C01,2025-11-05,2025-11-08,2025-11-08,1,0
S009214,O009692,W03,C01,2025-07-16,2025-07-19,2025-07-18,1,1
S009215,O009693,W02,C02,2025-01-18,2025-01-21,2025-01-20,1,2
S009216,O009694,W01,C02,2025-02-28,2025-03-03,2025-03-03,1,2
S009217,O009695,W03,C01,2025-06-24,2025-06-28,2025-06-27,1,0
S009218,O009696,W02,C03,2025-10-17,2025-10-18,2025-10-18,1,2
S009219,O009697,W02,C02,2025-01-02,2025-01-05,2025-01-05,1,1
S009220,O009698,W01,C03,2025-10-29,2025-11-03,2025-11-03,1,0
S009221,O009699,W01,C01,2025-02-12,2025-02-13,2025-02-13,1,1
S009222,O009700,W01,C03,2025-05-09,2025-05-12,2025-05-11,1,2
S009223,O009701,W01,C03,2025-05-20,2025-05-21,2025-05-21,1,1
S009224,O009702,W02,C01,2025-01-22,2025-01-25,2025-01-25,1,1
S009225,O009703,W02,C02,2025-04-06,2025-04-10,2025-04-10,1,1
S009226,O009704,W03,C03,2025-09-11,2025-09-10,2025-09-10,1,3
S009227,O009705,W03,C03,2025-07-14,2025-07-13,2025-07-16,0,3
S009228,O009706,W01,C01,2025-09-14,2025-09-18,2025-09-18,1,1
S009229,O009707,W03,C03,2025-02-21,2025-02-22,2025-02-22,1,2
S009230,O009708,W01,C03,2025-07-09,2025-07-10,2025-07-10,1,2
S009231,O009709,W02,C02,2025-05-05,2025-05-05,2025-05-05,1,3
S009232,O009710,W03,C03,2025-06-18,2025-06-21,2025-06-20,1,1
S009233,O009711,W03,C04,2025-03-16,2025-03-17,2025-03-17,1,1
S009234,O009712,W02,C01,2025-07-25,2025-07-26,2025-07-26,1,1
S009235,O009713,W03,C04,2025-06-25,2025-06-28,2025-06-28,1,2
S009236,O009714,W03,C01,2025-01-27,2025-01-31,2025-01-31,1,0
S009237,O009715,W02,C02,2025-10-19,2025-10-21,2025-10-21,1,0
S009238,O009716,W02,C04,2025-08-04,2025-08-07,2025-08-07,1,1
S009239,O009717,W02,C03,2025-12-07,2025-12-11,2025-12-12,0,1
S009240,O009718,W01,C02,2025-07-21,2025-07-22,2025-07-22,1,3
S009241,O009719,W02,C01,2025-03-16,2025-03-19,2025-03-18,1,1
S009242,O009720,W02,C03,2025-12-11,2025-12-12,2025-12-12,1,2
S009243,O009721,W01,C02,2025-02-07,2025-02-11,2025-02-11,1,1
S009244,O009722,W01,C01,2025-06-14,2025-06-17,2025-06-17,1,1
S009245,O009723,W02,C03,2025-12-31,2026-01-02,2026-01-02,1,2
S009246,O009724,W03,C01,2025-03-21,2025-03-23,2025-03-23,1,1
S009247,O009725,W02,C01,2025-11-03,2025-11-05,2025-11-05,1,1
S009248,O009726,W01,C03,2025-02-19,2025-02-22,2025-02-22,1,2
S009249,O009727,W03,C02,2025-10-08,2025-10-11,2025-10-11,1,1
S009250,O009728,W01,C01,2025-07-02,2025-07-04,2025-07-03,1,1
S009251,O009729,W02,C04,2025-02-16,2025-02-18,2025-02-18,1,2
S009252,O009730,W01,C02,2025-07-28,2025-07-30,2025-07-30,1,2
S009253,O009731,W01,C03,2025-08-15,2025-08-18,2025-08-18,1,1
S009254,O009732,W03,C02,2025-01-18,2025-01-19,2025-01-22,0,3
S009255,O009733,W03,C03,2025-07-13,2025-07-16,2025-07-16,1,1
S009256,O009734,W02,C01,2025-11-24,2025-11-26,2025-11-26,1,2
S009257,O009735,W01,C01,2025-11-04,2025-11-08,2025-11-08,1,1
S009258,O009736,W01,C02,2025-09-29,2025-09-30,2025-09-30,1,2
S009259,O009737,W02,C03,2025-12-28,2025-12-29,2025-12-29,1,2
S009260,O009738,W02,C03,2025-11-02,2025-11-05,2025-11-05,1,0
S009261,O009739,W02,C02,2025-01-17,2025-01-18,2025-01-18,1,2
S009262,O009740,W01,C01,2025-11-28,2025-12-01,2025-11-30,1,0
S009263,O009741,W01,C02,2025-06-14,2025-06-17,2025-06-17,1,0
S009264,O009742,W01,C01,2025-05-04,2025-05-06,2025-05-06,1,0
S009265,O009743,W01,C01,2025-10-24,2025-10-25,2025-10-25,1,1
S009266,O009744,W02,C03,2025-09-13,2025-09-16,2025-09-16,1,1
S009267,O009745,W03,C01,2025-03-31,2025-04-01,2025-04-01,1,1
S009268,O009746,W03,C03,2025-06-11,2025-06-14,2025-06-13,1,1
S009269,O009747,W02,C03,2025-11-15,2025-11-16,2025-11-16,1,2
S009270,O009749,W02,C03,2025-03-21,2025-03-24,2025-03-26,0,1
S009271,O009750,W01,C02,2025-06-10,2025-06-11,2025-06-11,1,2
S009272,O009751,W02,C02,2025-02-01,2025-02-03,2025-02-03,1,0
S009273,O009752,W03,C04,2025-10-04,2025-10-04,2025-10-04,1,2
S009274,O009753,W02,C02,2025-01-31,2025-02-02,2025-02-02,1,1
S009275,O009754,W01,C03,2025-02-02,2025-02-05,2025-02-05,1,1
S009276,O009755,W02,C03,2025-11-03,2025-11-06,2025-11-06,1,1
S009277,O009756,W02,C02,2025-11-11,2025-11-12,2025-11-12,1,2
S009278,O009757,W03,C01,2025-07-10,2025-07-14,2025-07-14,1,0
S009279,O009758,W01,C02,2025-10-20,2025-10-24,2025-10-24,1,1
S009280,O009759,W02,C01,2025-02-24,2025-02-27,2025-02-27,1,1
S009281,O009760,W02,C04,2025-04-05,2025-04-06,2025-04-10,0,1
S009282,O009761,W01,C02,2025-04-07,2025-04-10,2025-04-10,1,1
S009283,O009762,W01,C02,2025-12-26,2025-12-27,2025-12-27,1,1
S009284,O009763,W03,C03,2025-02-20,2025-02-21,2025-02-25,0,2
S009285,O009764,W01,C01,2025-07-20,2025-07-20,2025-07-20,1,2
S009286,O009765,W03,C01,2025-05-25,2025-05-27,2025-05-27,1,1
S009287,O009766,W02,C04,2025-12-28,2025-12-29,2025-12-30,0,1
S009288,O009767,W03,C04,2025-09-15,2025-09-18,2025-09-18,1,1
S009289,O009768,W02,C04,2025-01-24,2025-01-27,2025-01-27,1,1
S009290,O009769,W02,C01,2025-04-17,2025-04-17,2025-04-17,1,2
S009291,O009770,W01,C01,2025-08-26,2025-08-30,2025-08-29,1,1
S009292,O009771,W03,C04,2025-06-19,2025-06-22,2025-06-22,1,0
S009293,O009772,W01,C04,2025-02-28,2025-03-02,2025-03-03,0,2
S009294,O009773,W03,C02,2025-11-15,2025-11-20,2025-11-21,0,0
S009295,O009774,W01,C04,2025-12-10,2025-12-12,2025-12-11,1,1
S009296,O009775,W03,C01,2025-06-15,2025-06-19,2025-06-23,0,0
S009297,O009776,W03,C01,2025-11-29,2025-11-30,2025-11-30,1,1
S009298,O009777,W02,C02,2025-03-24,2025-03-26,2025-03-25,1,1
S009299,O009778,W02,C03,2025-11-04,2025-11-07,2025-11-07,1,1
S009300,O009779,W02,C01,2025-03-08,2025-03-09,2025-03-09,1,2
S009301,O009780,W03,C01,2025-01-26,2025-01-26,2025-01-26,1,2
S009302,O009782,W03,C02,2025-06-22,2025-06-22,2025-06-25,0,2
S009303,O009784,W01,C03,2025-08-24,2025-08-27,2025-08-27,1,1
S009304,O009785,W01,C03,2025-06-10,2025-06-13,2025-06-13,1,1
S009305,O009786,W01,C04,2025-09-11,2025-09-13,2025-09-13,1,1
S009306,O009787,W01,C03,2025-01-12,2025-01-13,2025-01-13,1,1
S009307,O009788,W01,C04,2025-05-18,2025-05-23,2025-05-27,0,0
S009308,O009789,W02,C01,2025-03-09,2025-03-11,2025-03-11,1,2
S009309,O009790,W01,C01,2025-09-25,2025-09-26,2025-09-26,1,1
S009310,O009791,W01,C03,2025-08-18,2025-08-17,2025-08-17,1,3
S009311,O009792,W01,C03,2025-11-30,2025-12-01,2025-12-01,1,2
S009312,O009793,W02,C01,2025-07-01,2025-07-02,2025-07-02,1,1
S009313,O009794,W01,C01,2025-04-28,2025-05-02,2025-05-02,1,1
S009314,O009795,W01,C03,2025-02-06,2025-02-08,2025-02-10,0,1
S009315,O009796,W01,C02,2025-08-01,2025-08-03,2025-08-03,1,1
S009316,O009797,W01,C01,2025-06-09,2025-06-11,2025-06-11,1,1
S009317,O009798,W01,C03,2025-02-28,2025-03-03,2025-03-03,1,2
S009318,O009799,W02,C02,2025-01-09,2025-01-10,2025-01-14,0,1
S009319,O009800,W01,C02,2025-03-19,2025-03-22,2025-03-22,1,1
S009320,O009801,W01,C02,2025-05-20,2025-05-21,2025-05-21,1,1
S009321,O009802,W01,C02,2025-04-25,2025-04-26,2025-04-26,1,3
S009322,O009803,W01,C01,2025-07-17,2025-07-20,2025-07-20,1,0
S009323,O009804,W03,C02,2025-08-01,2025-08-02,2025-08-02,1,1
S009324,O009805,W01,C02,2025-04-05,2025-04-07,2025-04-07,1,0
S009325,O009806,W01,C01,2025-02-17,2025-02-19,2025-02-19,1,2
S009326,O009807,W03,C03,2025-10-06,2025-10-08,2025-10-07,1,1
S009327,O009808,W01,C04,2025-02-18,2025-02-22,2025-02-25,0,0
S009328,O009809,W01,C02,2025-11-17,2025-11-19,2025-11-18,1,1
S009329,O009810,W01,C01,2025-10-26,2025-10-26,2025-10-26,1,2
S009330,O009811,W01,C02,2025-09-29,2025-09-29,2025-09-29,1,2
S009331,O009812,W01,C04,2025-01-23,2025-01-24,2025-01-25,0,2
S009332,O009813,W01,C01,2025-12-22,2025-12-23,2025-12-23,1,2
S009333,O009814,W01,C01,2025-02-11,2025-02-14,2025-02-14,1,1
S009334,O009815,W03,C03,2025-04-12,2025-04-13,2025-04-13,1,2
S009335,O009816,W01,C03,2025-09-10,2025-09-11,2025-09-11,1,4
S009336,O009817,W02,C03,2025-02-28,2025-03-03,2025-03-03,1,1
S009337,O009818,W01,C01,2025-03-29,2025-03-31,2025-03-31,1,1
S009338,O009819,W03,C03,2025-05-28,2025-05-29,2025-05-29,1,1
S009339,O009820,W03,C01,2025-09-09,2025-09-10,2025-09-10,1,1
S009340,O009821,W01,C04,2025-07-01,2025-07-04,2025-07-04,1,1
S009341,O009822,W01,C01,2025-10-20,2025-10-24,2025-10-23,1,0
S009342,O009823,W01,C01,2025-01-26,2025-01-25,2025-01-25,1,3
S009343,O009824,W03,C03,2025-07-02,2025-07-02,2025-07-02,1,2
S009344,O009825,W01,C01,2025-11-25,2025-11-28,2025-11-28,1,2
S009345,O009826,W01,C02,2025-09-23,2025-09-25,2025-09-25,1,1
S009346,O009827,W01,C01,2025-07-16,2025-07-19,2025-07-19,1,1
S009347,O009828,W03,C04,2025-01-28,2025-01-29,2025-01-31,0,2
S009348,O009829,W01,C03,2025-06-22,2025-06-25,2025-06-29,0,1
S009349,O009830,W03,C02,2025-06-10,2025-06-12,2025-06-12,1,2
S009350,O009831,W01,C03,2025-04-06,2025-04-09,2025-04-09,1,1
S009351,O009832,W03,C03,2025-03-03,2025-03-05,2025-03-05,1,1
S009352,O009833,W02,C03,2025-07-08,2025-07-10,2025-07-10,1,1
S009353,O009834,W02,C03,2025-07-24,2025-07-24,2025-07-24,1,2
S009354,O009835,W03,C01,2025-11-23,2025-11-25,2025-11-25,1,1
S009355,O009836,W02,C04,2025-12-26,2025-12-27,2025-12-27,1,3
S009356,O009837,W01,C03,2025-09-21,2025-09-22,2025-09-22,1,1
S009357,O009838,W01,C02,2025-02-22,2025-02-25,2025-02-25,1,1
S009358,O009839,W01,C03,2025-02-10,2025-02-12,2025-02-15,0,1
S009359,O009840,W01,C01,2025-10-23,2025-10-26,2025-10-25,1,2
S009360,O009842,W01,C03,2025-11-16,2025-11-20,2025-11-20,1,0
S009361,O009843,W02,C01,2025-04-07,2025-04-09,2025-04-08,1,2
S009362,O009844,W01,C03,2025-07-07,2025-07-07,2025-07-11,0,2
S009363,O009845,W02,C03,2025-02-05,2025-02-07,2025-02-09,0,1
S009364,O009846,W02,C03,2025-09-23,2025-09-25,2025-09-25,1,1
S009365,O009847,W01,C02,2025-05-16,2025-05-19,2025-05-19,1,1
S009366,O009848,W02,C04,2025-09-13,2025-09-14,2025-09-14,1,1
S009367,O009849,W02,C03,2025-08-24,2025-08-26,2025-08-27,0,1
S009368,O009850,W03,C03,2025-10-24,2025-10-28,2025-10-31,0,0
S009369,O009851,W01,C03,2025-06-22,2025-06-26,2025-06-26,1,0
S009370,O009852,W01,C02,2025-07-24,2025-07-25,2025-07-25,1,2
S009371,O009853,W02,C02,2025-10-09,2025-10-09,2025-10-12,0,2
S009372,O009854,W03,C01,2025-03-03,2025-03-05,2025-03-05,1,0
S009373,O009855,W01,C01,2025-05-23,2025-05-27,2025-05-26,1,0
S009374,O009856,W02,C04,2025-05-12,2025-05-13,2025-05-15,0,1
S009375,O009857,W03,C01,2025-06-20,2025-06-25,2025-06-25,1,0
S009376,O009858,W02,C03,2025-09-15,2025-09-16,2025-09-16,1,2
S009377,O009859,W01,C03,2025-08-31,2025-09-01,2025-09-01,1,2
S009378,O009860,W01,C02,2025-12-05,2025-12-06,2025-12-06,1,2
S009379,O009861,W02,C02,2025-01-05,2025-01-06,2025-01-06,1,1
S009380,O009862,W02,C01,2025-12-21,2025-12-23,2025-12-22,1,1
S009381,O009863,W02,C01,2025-01-01,2025-01-04,2025-01-04,1,0
S009382,O009864,W01,C03,2025-07-28,2025-07-30,2025-07-30,1,2
S009383,O009865,W01,C01,2025-08-29,2025-09-01,2025-09-01,1,1
S009384,O009866,W01,C02,2025-12-13,2025-12-18,2025-12-17,1,0
S009385,O009867,W02,C03,2025-05-17,2025-05-17,2025-05-17,1,2
S009386,O009868,W03,C02,2025-03-18,2025-03-18,2025-03-18,1,2
S009387,O009869,W01,C03,2025-04-05,2025-04-06,2025-04-06,1,1
S009388,O009870,W01,C02,2025-04-23,2025-04-25,2025-04-25,1,1
S009389,O009871,W01,C01,2025-06-05,2025-06-07,2025-06-07,1,1
S009390,O009872,W03,C04,2025-01-27,2025-01-30,2025-01-30,1,1
S009391,O009873,W02,C01,2025-10-27,2025-10-29,2025-10-29,1,2
S009392,O009874,W03,C03,2025-05-09,2025-05-11,2025-05-11,1,1
S009393,O009875,W03,C03,2025-08-07,2025-08-12,2025-08-12,1,0
S009394,O009876,W01,C03,2025-04-09,2025-04-11,2025-04-12,0,1
S009395,O009877,W01,C03,2025-12-30,2026-01-03,2026-01-07,0,1
S009396,O009878,W03,C03,2025-10-15,2025-10-16,2025-10-16,1,1
S009397,O009879,W03,C03,2025-08-22,2025-08-24,2025-08-24,1,1
S009398,O009880,W01,C02,2025-02-05,2025-02-07,2025-02-07,1,1
S009399,O009881,W01,C04,2025-09-06,2025-09-11,2025-09-11,1,0
S009400,O009882,W02,C01,2025-09-10,2025-09-12,2025-09-12,1,1
S009401,O009883,W01,C02,2025-05-03,2025-05-05,2025-05-04,1,2
S009402,O009884,W02,C02,2025-08-20,2025-08-23,2025-08-23,1,1
S009403,O009885,W03,C03,2025-04-19,2025-04-19,2025-04-19,1,3
S009404,O009886,W02,C02,2025-05-21,2025-05-21,2025-05-23,0,2
S009405,O009887,W01,C01,2025-02-21,2025-02-23,2025-02-23,1,1
S009406,O009888,W02,C01,2025-09-07,2025-09-08,2025-09-08,1,2
S009407,O009889,W03,C03,2025-06-09,2025-06-11,2025-06-11,1,1
S009408,O009890,W03,C01,2025-02-22,2025-02-25,2025-02-25,1,2
S009409,O009891,W01,C01,2025-08-06,2025-08-06,2025-08-06,1,2
S009410,O009892,W01,C04,2025-06-14,2025-06-16,2025-06-15,1,1
S009411,O009893,W02,C03,2025-09-11,2025-09-15,2025-09-14,1,1
S009412,O009894,W02,C02,2025-07-12,2025-07-14,2025-07-14,1,1
S009413,O009895,W01,C03,2025-04-27,2025-04-27,2025-04-30,0,2
S009414,O009896,W01,C03,2025-12-04,2025-12-06,2025-12-06,1,1
S009415,O009897,W01,C02,2025-02-19,2025-02-23,2025-02-22,1,0
S009416,O009898,W01,C04,2025-04-12,2025-04-14,2025-04-14,1,0
S009417,O009899,W01,C03,2025-01-11,2025-01-14,2025-01-13,1,0
S009418,O009900,W01,C01,2025-03-01,2025-03-02,2025-03-02,1,2
S009419,O009901,W01,C01,2025-03-24,2025-03-26,2025-03-26,1,2
S009420,O009902,W01,C04,2025-09-13,2025-09-15,2025-09-14,1,1
S009421,O009903,W03,C03,2025-08-09,2025-08-10,2025-08-10,1,2
S009422,O009904,W02,C02,2025-06-07,2025-06-11,2025-06-10,1,0
S009423,O009905,W01,C02,2025-02-17,2025-02-20,2025-02-20,1,1
S009424,O009906,W02,C02,2025-08-12,2025-08-13,2025-08-13,1,2
S009425,O009907,W02,C03,2025-08-13,2025-08-14,2025-08-14,1,1
S009426,O009908,W01,C01,2025-03-02,2025-03-04,2025-03-03,1,2
S009427,O009909,W03,C04,2025-07-31,2025-08-02,2025-08-01,1,1
S009428,O009910,W02,C04,2025-02-27,2025-03-02,2025-03-01,1,1
S009429,O009911,W02,C01,2025-05-29,2025-05-28,2025-05-28,1,3
S009430,O009912,W01,C01,2025-03-04,2025-03-05,2025-03-05,1,1
S009431,O009913,W01,C01,2025-12-05,2025-12-07,2025-12-07,1,2
S009432,O009914,W01,C03,2025-12-23,2025-12-24,2025-12-24,1,1
S009433,O009915,W02,C03,2025-09-24,2025-09-27,2025-09-26,1,0
S009434,O009916,W02,C02,2025-11-26,2025-11-27,2025-11-27,1,1
S009435,O009917,W02,C02,2025-03-28,2025-03-30,2025-03-29,1,1
S009436,O009918,W01,C01,2025-04-12,2025-04-14,2025-04-14,1,1
S009437,O009919,W03,C03,2025-09-21,2025-09-23,2025-09-22,1,1
S009438,O009920,W01,C03,2025-09-14,2025-09-18,2025-09-18,1,1
S009439,O009921,W02,C04,2025-05-15,2025-05-17,2025-05-17,1,2
S009440,O009922,W01,C04,2025-06-23,2025-06-27,2025-06-27,1,1
S009441,O009923,W01,C01,2025-10-08,2025-10-13,2025-10-12,1,0
S009442,O009924,W01,C03,2025-11-20,2025-11-22,2025-11-21,1,1
S009443,O009925,W01,C01,2025-03-17,2025-03-17,2025-03-17,1,2
S009444,O009926,W03,C02,2025-01-06,2025-01-11,2025-01-11,1,0
S009445,O009927,W02,C02,2025-12-26,2025-12-29,2025-12-29,1,1
S009446,O009928,W03,C01,2025-10-21,2025-10-23,2025-10-27,0,2
S009447,O009929,W01,C01,2025-11-03,2025-11-05,2025-11-05,1,1
S009448,O009930,W01,C02,2025-06-01,2025-06-05,2025-06-05,1,1
S009449,O009931,W02,C03,2025-09-25,2025-09-29,2025-09-29,1,1
S009450,O009932,W01,C01,2025-01-31,2025-02-01,2025-02-01,1,1
S009451,O009933,W03,C01,2025-08-06,2025-08-07,2025-08-07,1,2
S009452,O009934,W03,C03,2025-04-05,2025-04-06,2025-04-06,1,2
S009453,O009935,W02,C02,2025-01-02,2025-01-05,2025-01-09,0,1
S009454,O009936,W03,C01,2025-03-23,2025-03-25,2025-03-25,1,0
S009455,O009937,W01,C03,2025-08-14,2025-08-16,2025-08-17,0,0
S009456,O009938,W01,C01,2025-07-16,2025-07-18,2025-07-17,1,2
S009457,O009939,W03,C03,2025-10-13,2025-10-14,2025-10-14,1,1
S009458,O009940,W01,C03,2025-09-10,2025-09-11,2025-09-11,1,2
S009459,O009941,W01,C01,2025-04-16,2025-04-17,2025-04-17,1,2
S009460,O009942,W02,C02,2025-02-08,2025-02-09,2025-02-12,0,1
S009461,O009943,W01,C01,2025-02-13,2025-02-16,2025-02-16,1,1
S009462,O009944,W03,C02,2025-06-01,2025-06-04,2025-06-03,1,1
S009463,O009945,W03,C01,2025-08-09,2025-08-12,2025-08-12,1,2
S009464,O009946,W02,C01,2025-05-18,2025-05-21,2025-05-20,1,1
S009465,O009948,W01,C02,2025-01-08,2025-01-10,2025-01-09,1,2
S009466,O009949,W03,C03,2025-12-26,2025-12-30,2025-12-30,1,0
S009467,O009950,W01,C01,2025-04-26,2025-04-27,2025-04-27,1,1
S009468,O009951,W01,C02,2025-11-12,2025-11-15,2025-11-15,1,1
S009469,O009952,W01,C02,2025-11-27,2025-11-29,2025-11-29,1,2
S009470,O009953,W01,C04,2025-01-21,2025-01-21,2025-01-21,1,2
S009471,O009954,W03,C03,2025-09-25,2025-09-25,2025-09-28,0,2
S009472,O009955,W01,C03,2025-05-30,2025-06-02,2025-06-02,1,0
S009473,O009956,W03,C02,2025-02-11,2025-02-15,2025-02-15,1,0
S009474,O009957,W01,C02,2025-03-11,2025-03-11,2025-03-11,1,2
S009475,O009958,W01,C01,2025-12-29,2025-12-30,2025-12-30,1,1
S009476,O009959,W02,C01,2025-04-15,2025-04-16,2025-04-16,1,2
S009477,O009960,W03,C01,2025-04-27,2025-04-30,2025-04-30,1,0
S009478,O009961,W02,C03,2025-12-27,2025-12-29,2025-12-29,1,2
S009479,O009962,W03,C02,2025-12-17,2025-12-20,2025-12-20,1,1
S009480,O009963,W01,C01,2025-01-12,2025-01-13,2025-01-13,1,1
S009481,O009964,W01,C01,2025-07-09,2025-07-11,2025-07-11,1,1
S009482,O009965,W03,C03,2025-05-21,2025-05-24,2025-05-26,0,2
S009483,O009966,W02,C02,2025-04-29,2025-04-29,2025-04-29,1,2
S009484,O009967,W02,C03,2025-01-04,2025-01-08,2025-01-09,0,0
S009485,O009968,W02,C03,2025-01-18,2025-01-21,2025-01-21,1,0
S009486,O009969,W02,C03,2025-02-01,2025-02-03,2025-02-03,1,1
S009487,O009970,W03,C01,2025-05-25,2025-05-26,2025-05-26,1,2
S009488,O009971,W01,C04,2025-06-13,2025-06-14,2025-06-14,1,2
S009489,O009972,W01,C02,2025-06-24,2025-06-27,2025-06-26,1,1
S009490,O009973,W03,C02,2025-04-18,2025-04-20,2025-04-20,1,1
S009491,O009974,W03,C03,2025-06-27,2025-07-01,2025-06-30,1,1
S009492,O009975,W01,C03,2025-03-30,2025-03-31,2025-04-03,0,2
S009493,O009976,W02,C04,2025-06-19,2025-06-23,2025-06-23,1,1
S009494,O009977,W03,C01,2025-01-28,2025-01-31,2025-01-31,1,0
S009495,O009978,W01,C03,2025-10-20,2025-10-22,2025-10-22,1,2
S009496,O009979,W01,C03,2025-08-25,2025-08-28,2025-08-27,1,1
S009497,O009980,W01,C04,2025-02-26,2025-02-27,2025-02-27,1,2
S009498,O009981,W01,C04,2025-02-02,2025-02-03,2025-02-03,1,1
S009499,O009982,W01,C03,2025-07-12,2025-07-15,2025-07-14,1,1
S009500,O009983,W02,C01,2025-10-10,2025-10-10,2025-10-10,1,2
S009501,O009985,W01,C01,2025-11-25,2025-11-26,2025-11-26,1,2
S009502,O009986,W01,C03,2025-08-27,2025-08-31,2025-08-31,1,0
S009503,O009987,W02,C02,2025-10-10,2025-10-12,2025-10-11,1,1
S009504,O009988,W02,C01,2025-01-19,2025-01-20,2025-01-20,1,2
S009505,O009989,W03,C04,2025-04-27,2025-05-01,2025-05-01,1,0
S009506,O009990,W01,C01,2025-05-29,2025-06-01,2025-06-01,1,1
S009507,O009991,W03,C03,2025-07-11,2025-07-13,2025-07-17,0,0
S009508,O009992,W02,C01,2025-06-14,2025-06-16,2025-06-20,0,1
S009509,O009993,W01,C03,2025-08-11,2025-08-13,2025-08-13,1,1
S009510,O009994,W02,C01,2025-01-25,2025-01-29,2025-01-29,1,1
S009511,O009995,W01,C01,2025-04-14,2025-04-16,2025-04-16,1,1
S009512,O009996,W02,C01,2025-01-16,2025-01-19,2025-01-19,1,1
S009513,O009997,W01,C03,2025-11-28,2025-11-30,2025-11-30,1,1
S009514,O009998,W01,C04,2025-09-18,2025-09-18,2025-09-22,0,2
S009515,O009999,W01,C01,2025-12-18,2025-12-21,2025-12-21,1,1
S009516,O010000,W01,C01,2025-06-14,2025-06-16,2025-06-16,1,2
